ISO-10303-21;
HEADER;
FILE_DESCRIPTION(('Open CASCADE Model'),'2;1');
FILE_NAME('Open CASCADE Shape Model','2026-09-13T11:26:20',('Author'),(
    'Open CASCADE'),'Open CASCADE STEP processor 7.9','Open CASCADE 7.9'
  ,'Unknown');
FILE_SCHEMA(('AUTOMOTIVE_DESIGN { 1 0 10303 214 1 1 1 1 }'));
ENDSEC;
DATA;
#1 = APPLICATION_PROTOCOL_DEFINITION('international standard',
  'automotive_design',2000,#2);
#2 = APPLICATION_CONTEXT(
  'core data for automotive mechanical design processes');
#3 = SHAPE_DEFINITION_REPRESENTATION(#4,#10);
#4 = PRODUCT_DEFINITION_SHAPE('','',#5);
#5 = PRODUCT_DEFINITION('design','',#6,#9);
#6 = PRODUCT_DEFINITION_FORMATION('','',#7);
#7 = PRODUCT('=>[0:1:1:2]','=>[0:1:1:2]','',(#8));
#8 = PRODUCT_CONTEXT('',#2,'mechanical');
#9 = PRODUCT_DEFINITION_CONTEXT('part definition',#2,'design');
#10 = SHAPE_REPRESENTATION('',(#11,#15),#19);
#11 = AXIS2_PLACEMENT_3D('',#12,#13,#14);
#12 = CARTESIAN_POINT('',(0.,0.,0.));
#13 = DIRECTION('',(0.,0.,1.));
#14 = DIRECTION('',(1.,0.,-0.));
#15 = AXIS2_PLACEMENT_3D('',#16,#17,#18);
#16 = CARTESIAN_POINT('',(0.,0.,44.));
#17 = DIRECTION('',(0.,-1.224646799147E-16,-1.));
#18 = DIRECTION('',(1.,0.,0.));
#19 = ( GEOMETRIC_REPRESENTATION_CONTEXT(3) 
GLOBAL_UNCERTAINTY_ASSIGNED_CONTEXT((#23)) GLOBAL_UNIT_ASSIGNED_CONTEXT(
(#20,#21,#22)) REPRESENTATION_CONTEXT('Context #1',
  '3D Context with UNIT and UNCERTAINTY') );
#20 = ( LENGTH_UNIT() NAMED_UNIT(*) SI_UNIT(.MILLI.,.METRE.) );
#21 = ( NAMED_UNIT(*) PLANE_ANGLE_UNIT() SI_UNIT($,.RADIAN.) );
#22 = ( NAMED_UNIT(*) SI_UNIT($,.STERADIAN.) SOLID_ANGLE_UNIT() );
#23 = UNCERTAINTY_MEASURE_WITH_UNIT(LENGTH_MEASURE(1.E-06),#20,
  'distance_accuracy_value','confusion accuracy');
#24 = PRODUCT_RELATED_PRODUCT_CATEGORY('part',$,(#7));
#25 = SHAPE_DEFINITION_REPRESENTATION(#26,#32);
#26 = PRODUCT_DEFINITION_SHAPE('','',#27);
#27 = PRODUCT_DEFINITION('design','',#28,#31);
#28 = PRODUCT_DEFINITION_FORMATION('','',#29);
#29 = PRODUCT('Piku_otter_back','Piku_otter_back','',(#30));
#30 = PRODUCT_CONTEXT('',#2,'mechanical');
#31 = PRODUCT_DEFINITION_CONTEXT('part definition',#2,'design');
#32 = ADVANCED_BREP_SHAPE_REPRESENTATION('',(#11,#33),#9683);
#33 = MANIFOLD_SOLID_BREP('',#34);
#34 = CLOSED_SHELL('',(#35,#155,#233,#311,#3718,#5055,#5082,#5109,#5136,
    #5163,#5214,#5241,#5973,#6000,#6048,#6075,#6123,#6150,#6182,#6189,
    #6241,#6289,#6317,#6344,#6420,#6469,#6518,#6545,#6592,#6619,#6646,
    #6673,#6700,#6727,#6754,#6761,#6840,#6888,#6937,#6987,#7041,#7090,
    #7140,#7190,#7237,#7291,#7339,#7388,#7420,#7496,#7545,#7594,#7621,
    #7648,#7723,#7772,#7820,#7870,#7924,#7978,#8027,#8076,#8130,#8182,
    #8232,#8280,#8307,#8354,#8381,#8408,#8435,#8462,#8489,#8516,#8523,
    #8550,#8629,#8678,#8726,#8778,#8828,#8876,#8925,#8953,#9029,#9078,
    #9127,#9154,#9201,#9228,#9255,#9282,#9309,#9336,#9363,#9370,#9397,
    #9473,#9522,#9571,#9598,#9605,#9612,#9619,#9635,#9642,#9658,#9669,
    #9676));
#35 = ADVANCED_FACE('',(#36),#50,.T.);
#36 = FACE_BOUND('',#37,.T.);
#37 = EDGE_LOOP('',(#38,#73,#101,#129));
#38 = ORIENTED_EDGE('',*,*,#39,.T.);
#39 = EDGE_CURVE('',#40,#42,#44,.T.);
#40 = VERTEX_POINT('',#41);
#41 = CARTESIAN_POINT('',(-32.,58.999999990235,42.));
#42 = VERTEX_POINT('',#43);
#43 = CARTESIAN_POINT('',(-32.,58.999999990235,44.));
#44 = SURFACE_CURVE('',#45,(#49,#61),.PCURVE_S1.);
#45 = LINE('',#46,#47);
#46 = CARTESIAN_POINT('',(-32.,58.999999990235,42.));
#47 = VECTOR('',#48,1.);
#48 = DIRECTION('',(0.,0.,1.));
#49 = PCURVE('',#50,#55);
#50 = PLANE('',#51);
#51 = AXIS2_PLACEMENT_3D('',#52,#53,#54);
#52 = CARTESIAN_POINT('',(-32.,58.999999990235,42.));
#53 = DIRECTION('',(-1.,0.,0.));
#54 = DIRECTION('',(0.,1.,0.));
#55 = DEFINITIONAL_REPRESENTATION('',(#56),#60);
#56 = LINE('',#57,#58);
#57 = CARTESIAN_POINT('',(0.,0.));
#58 = VECTOR('',#59,1.);
#59 = DIRECTION('',(0.,-1.));
#60 = ( GEOMETRIC_REPRESENTATION_CONTEXT(2) 
PARAMETRIC_REPRESENTATION_CONTEXT() REPRESENTATION_CONTEXT('2D SPACE',''
  ) );
#61 = PCURVE('',#62,#67);
#62 = CYLINDRICAL_SURFACE('',#63,24.);
#63 = AXIS2_PLACEMENT_3D('',#64,#65,#66);
#64 = CARTESIAN_POINT('',(-8.,58.999999990235,42.));
#65 = DIRECTION('',(-0.,-0.,-1.));
#66 = DIRECTION('',(1.,0.,0.));
#67 = DEFINITIONAL_REPRESENTATION('',(#68),#72);
#68 = LINE('',#69,#70);
#69 = CARTESIAN_POINT('',(-3.14159265359,0.));
#70 = VECTOR('',#71,1.);
#71 = DIRECTION('',(-0.,-1.));
#72 = ( GEOMETRIC_REPRESENTATION_CONTEXT(2) 
PARAMETRIC_REPRESENTATION_CONTEXT() REPRESENTATION_CONTEXT('2D SPACE',''
  ) );
#73 = ORIENTED_EDGE('',*,*,#74,.T.);
#74 = EDGE_CURVE('',#42,#75,#77,.T.);
#75 = VERTEX_POINT('',#76);
#76 = CARTESIAN_POINT('',(-32.,61.000000007345,44.));
#77 = SURFACE_CURVE('',#78,(#82,#89),.PCURVE_S1.);
#78 = LINE('',#79,#80);
#79 = CARTESIAN_POINT('',(-32.,60.000000009765,44.));
#80 = VECTOR('',#81,1.);
#81 = DIRECTION('',(0.,1.,0.));
#82 = PCURVE('',#50,#83);
#83 = DEFINITIONAL_REPRESENTATION('',(#84),#88);
#84 = LINE('',#85,#86);
#85 = CARTESIAN_POINT('',(1.00000001953,-2.));
#86 = VECTOR('',#87,1.);
#87 = DIRECTION('',(1.,0.));
#88 = ( GEOMETRIC_REPRESENTATION_CONTEXT(2) 
PARAMETRIC_REPRESENTATION_CONTEXT() REPRESENTATION_CONTEXT('2D SPACE',''
  ) );
#89 = PCURVE('',#90,#95);
#90 = PLANE('',#91);
#91 = AXIS2_PLACEMENT_3D('',#92,#93,#94);
#92 = CARTESIAN_POINT('',(-4.541314921844E-09,60.000000005369,44.));
#93 = DIRECTION('',(0.,0.,1.));
#94 = DIRECTION('',(1.,0.,-0.));
#95 = DEFINITIONAL_REPRESENTATION('',(#96),#100);
#96 = LINE('',#97,#98);
#97 = CARTESIAN_POINT('',(-31.99999999545,4.3959076379E-09));
#98 = VECTOR('',#99,1.);
#99 = DIRECTION('',(0.,1.));
#100 = ( GEOMETRIC_REPRESENTATION_CONTEXT(2) 
PARAMETRIC_REPRESENTATION_CONTEXT() REPRESENTATION_CONTEXT('2D SPACE',''
  ) );
#101 = ORIENTED_EDGE('',*,*,#102,.F.);
#102 = EDGE_CURVE('',#103,#75,#105,.T.);
#103 = VERTEX_POINT('',#104);
#104 = CARTESIAN_POINT('',(-32.,61.000000007345,42.));
#105 = SURFACE_CURVE('',#106,(#110,#117),.PCURVE_S1.);
#106 = LINE('',#107,#108);
#107 = CARTESIAN_POINT('',(-32.,61.000000007345,42.));
#108 = VECTOR('',#109,1.);
#109 = DIRECTION('',(0.,0.,1.));
#110 = PCURVE('',#50,#111);
#111 = DEFINITIONAL_REPRESENTATION('',(#112),#116);
#112 = LINE('',#113,#114);
#113 = CARTESIAN_POINT('',(2.00000001711,0.));
#114 = VECTOR('',#115,1.);
#115 = DIRECTION('',(0.,-1.));
#116 = ( GEOMETRIC_REPRESENTATION_CONTEXT(2) 
PARAMETRIC_REPRESENTATION_CONTEXT() REPRESENTATION_CONTEXT('2D SPACE',''
  ) );
#117 = PCURVE('',#118,#123);
#118 = CYLINDRICAL_SURFACE('',#119,24.);
#119 = AXIS2_PLACEMENT_3D('',#120,#121,#122);
#120 = CARTESIAN_POINT('',(-8.,61.000000007345,42.));
#121 = DIRECTION('',(-0.,-0.,-1.));
#122 = DIRECTION('',(1.,0.,0.));
#123 = DEFINITIONAL_REPRESENTATION('',(#124),#128);
#124 = LINE('',#125,#126);
#125 = CARTESIAN_POINT('',(-3.14159265359,0.));
#126 = VECTOR('',#127,1.);
#127 = DIRECTION('',(-0.,-1.));
#128 = ( GEOMETRIC_REPRESENTATION_CONTEXT(2) 
PARAMETRIC_REPRESENTATION_CONTEXT() REPRESENTATION_CONTEXT('2D SPACE',''
  ) );
#129 = ORIENTED_EDGE('',*,*,#130,.F.);
#130 = EDGE_CURVE('',#40,#103,#131,.T.);
#131 = SURFACE_CURVE('',#132,(#136,#143),.PCURVE_S1.);
#132 = LINE('',#133,#134);
#133 = CARTESIAN_POINT('',(-32.,60.000000009765,42.));
#134 = VECTOR('',#135,1.);
#135 = DIRECTION('',(0.,1.,0.));
#136 = PCURVE('',#50,#137);
#137 = DEFINITIONAL_REPRESENTATION('',(#138),#142);
#138 = LINE('',#139,#140);
#139 = CARTESIAN_POINT('',(1.00000001953,0.));
#140 = VECTOR('',#141,1.);
#141 = DIRECTION('',(1.,0.));
#142 = ( GEOMETRIC_REPRESENTATION_CONTEXT(2) 
PARAMETRIC_REPRESENTATION_CONTEXT() REPRESENTATION_CONTEXT('2D SPACE',''
  ) );
#143 = PCURVE('',#144,#149);
#144 = PLANE('',#145);
#145 = AXIS2_PLACEMENT_3D('',#146,#147,#148);
#146 = CARTESIAN_POINT('',(-4.541314921844E-09,60.000000005369,42.));
#147 = DIRECTION('',(0.,0.,1.));
#148 = DIRECTION('',(1.,0.,-0.));
#149 = DEFINITIONAL_REPRESENTATION('',(#150),#154);
#150 = LINE('',#151,#152);
#151 = CARTESIAN_POINT('',(-31.99999999545,4.3959076379E-09));
#152 = VECTOR('',#153,1.);
#153 = DIRECTION('',(0.,1.));
#154 = ( GEOMETRIC_REPRESENTATION_CONTEXT(2) 
PARAMETRIC_REPRESENTATION_CONTEXT() REPRESENTATION_CONTEXT('2D SPACE',''
  ) );
#155 = ADVANCED_FACE('',(#156),#62,.T.);
#156 = FACE_BOUND('',#157,.F.);
#157 = EDGE_LOOP('',(#158,#159,#183,#211));
#158 = ORIENTED_EDGE('',*,*,#39,.T.);
#159 = ORIENTED_EDGE('',*,*,#160,.T.);
#160 = EDGE_CURVE('',#42,#161,#163,.T.);
#161 = VERTEX_POINT('',#162);
#162 = CARTESIAN_POINT('',(-21.16300423625,38.931733511132,44.));
#163 = SURFACE_CURVE('',#164,(#169,#176),.PCURVE_S1.);
#164 = CIRCLE('',#165,24.);
#165 = AXIS2_PLACEMENT_3D('',#166,#167,#168);
#166 = CARTESIAN_POINT('',(-8.,58.999999990235,44.));
#167 = DIRECTION('',(0.,0.,1.));
#168 = DIRECTION('',(1.,0.,0.));
#169 = PCURVE('',#62,#170);
#170 = DEFINITIONAL_REPRESENTATION('',(#171),#175);
#171 = LINE('',#172,#173);
#172 = CARTESIAN_POINT('',(-0.,-2.));
#173 = VECTOR('',#174,1.);
#174 = DIRECTION('',(-1.,0.));
#175 = ( GEOMETRIC_REPRESENTATION_CONTEXT(2) 
PARAMETRIC_REPRESENTATION_CONTEXT() REPRESENTATION_CONTEXT('2D SPACE',''
  ) );
#176 = PCURVE('',#90,#177);
#177 = DEFINITIONAL_REPRESENTATION('',(#178),#182);
#178 = CIRCLE('',#179,24.);
#179 = AXIS2_PLACEMENT_2D('',#180,#181);
#180 = CARTESIAN_POINT('',(-7.999999995459,-1.000000015134));
#181 = DIRECTION('',(1.,0.));
#182 = ( GEOMETRIC_REPRESENTATION_CONTEXT(2) 
PARAMETRIC_REPRESENTATION_CONTEXT() REPRESENTATION_CONTEXT('2D SPACE',''
  ) );
#183 = ORIENTED_EDGE('',*,*,#184,.F.);
#184 = EDGE_CURVE('',#185,#161,#187,.T.);
#185 = VERTEX_POINT('',#186);
#186 = CARTESIAN_POINT('',(-21.16300423625,38.931733511132,42.));
#187 = SURFACE_CURVE('',#188,(#192,#199),.PCURVE_S1.);
#188 = LINE('',#189,#190);
#189 = CARTESIAN_POINT('',(-21.16300423625,38.931733511132,42.));
#190 = VECTOR('',#191,1.);
#191 = DIRECTION('',(0.,0.,1.));
#192 = PCURVE('',#62,#193);
#193 = DEFINITIONAL_REPRESENTATION('',(#194),#198);
#194 = LINE('',#195,#196);
#195 = CARTESIAN_POINT('',(-4.131869355201,0.));
#196 = VECTOR('',#197,1.);
#197 = DIRECTION('',(-0.,-1.));
#198 = ( GEOMETRIC_REPRESENTATION_CONTEXT(2) 
PARAMETRIC_REPRESENTATION_CONTEXT() REPRESENTATION_CONTEXT('2D SPACE',''
  ) );
#199 = PCURVE('',#200,#205);
#200 = CYLINDRICAL_SURFACE('',#201,23.);
#201 = AXIS2_PLACEMENT_3D('',#202,#203,#204);
#202 = CARTESIAN_POINT('',(-1.5,27.000000007362,42.));
#203 = DIRECTION('',(-0.,-0.,-1.));
#204 = DIRECTION('',(1.,0.,0.));
#205 = DEFINITIONAL_REPRESENTATION('',(#206),#210);
#206 = LINE('',#207,#208);
#207 = CARTESIAN_POINT('',(-2.596179878115,0.));
#208 = VECTOR('',#209,1.);
#209 = DIRECTION('',(-0.,-1.));
#210 = ( GEOMETRIC_REPRESENTATION_CONTEXT(2) 
PARAMETRIC_REPRESENTATION_CONTEXT() REPRESENTATION_CONTEXT('2D SPACE',''
  ) );
#211 = ORIENTED_EDGE('',*,*,#212,.F.);
#212 = EDGE_CURVE('',#40,#185,#213,.T.);
#213 = SURFACE_CURVE('',#214,(#219,#226),.PCURVE_S1.);
#214 = CIRCLE('',#215,24.);
#215 = AXIS2_PLACEMENT_3D('',#216,#217,#218);
#216 = CARTESIAN_POINT('',(-8.,58.999999990235,42.));
#217 = DIRECTION('',(0.,0.,1.));
#218 = DIRECTION('',(1.,0.,0.));
#219 = PCURVE('',#62,#220);
#220 = DEFINITIONAL_REPRESENTATION('',(#221),#225);
#221 = LINE('',#222,#223);
#222 = CARTESIAN_POINT('',(-0.,0.));
#223 = VECTOR('',#224,1.);
#224 = DIRECTION('',(-1.,0.));
#225 = ( GEOMETRIC_REPRESENTATION_CONTEXT(2) 
PARAMETRIC_REPRESENTATION_CONTEXT() REPRESENTATION_CONTEXT('2D SPACE',''
  ) );
#226 = PCURVE('',#144,#227);
#227 = DEFINITIONAL_REPRESENTATION('',(#228),#232);
#228 = CIRCLE('',#229,24.);
#229 = AXIS2_PLACEMENT_2D('',#230,#231);
#230 = CARTESIAN_POINT('',(-7.999999995459,-1.000000015134));
#231 = DIRECTION('',(1.,0.));
#232 = ( GEOMETRIC_REPRESENTATION_CONTEXT(2) 
PARAMETRIC_REPRESENTATION_CONTEXT() REPRESENTATION_CONTEXT('2D SPACE',''
  ) );
#233 = ADVANCED_FACE('',(#234),#118,.T.);
#234 = FACE_BOUND('',#235,.F.);
#235 = EDGE_LOOP('',(#236,#266,#288,#289));
#236 = ORIENTED_EDGE('',*,*,#237,.T.);
#237 = EDGE_CURVE('',#238,#240,#242,.T.);
#238 = VERTEX_POINT('',#239);
#239 = CARTESIAN_POINT('',(-8.,85.000000008555,42.));
#240 = VERTEX_POINT('',#241);
#241 = CARTESIAN_POINT('',(-8.,85.000000008555,44.));
#242 = SURFACE_CURVE('',#243,(#247,#254),.PCURVE_S1.);
#243 = LINE('',#244,#245);
#244 = CARTESIAN_POINT('',(-8.,85.000000008555,42.));
#245 = VECTOR('',#246,1.);
#246 = DIRECTION('',(0.,0.,1.));
#247 = PCURVE('',#118,#248);
#248 = DEFINITIONAL_REPRESENTATION('',(#249),#253);
#249 = LINE('',#250,#251);
#250 = CARTESIAN_POINT('',(-1.570796326795,0.));
#251 = VECTOR('',#252,1.);
#252 = DIRECTION('',(-0.,-1.));
#253 = ( GEOMETRIC_REPRESENTATION_CONTEXT(2) 
PARAMETRIC_REPRESENTATION_CONTEXT() REPRESENTATION_CONTEXT('2D SPACE',''
  ) );
#254 = PCURVE('',#255,#260);
#255 = PLANE('',#256);
#256 = AXIS2_PLACEMENT_3D('',#257,#258,#259);
#257 = CARTESIAN_POINT('',(-8.,85.000000009765,42.));
#258 = DIRECTION('',(0.,1.,0.));
#259 = DIRECTION('',(1.,0.,0.));
#260 = DEFINITIONAL_REPRESENTATION('',(#261),#265);
#261 = LINE('',#262,#263);
#262 = CARTESIAN_POINT('',(0.,0.));
#263 = VECTOR('',#264,1.);
#264 = DIRECTION('',(0.,-1.));
#265 = ( GEOMETRIC_REPRESENTATION_CONTEXT(2) 
PARAMETRIC_REPRESENTATION_CONTEXT() REPRESENTATION_CONTEXT('2D SPACE',''
  ) );
#266 = ORIENTED_EDGE('',*,*,#267,.T.);
#267 = EDGE_CURVE('',#240,#75,#268,.T.);
#268 = SURFACE_CURVE('',#269,(#274,#281),.PCURVE_S1.);
#269 = CIRCLE('',#270,24.);
#270 = AXIS2_PLACEMENT_3D('',#271,#272,#273);
#271 = CARTESIAN_POINT('',(-8.,61.000000007345,44.));
#272 = DIRECTION('',(0.,0.,1.));
#273 = DIRECTION('',(1.,0.,0.));
#274 = PCURVE('',#118,#275);
#275 = DEFINITIONAL_REPRESENTATION('',(#276),#280);
#276 = LINE('',#277,#278);
#277 = CARTESIAN_POINT('',(-0.,-2.));
#278 = VECTOR('',#279,1.);
#279 = DIRECTION('',(-1.,0.));
#280 = ( GEOMETRIC_REPRESENTATION_CONTEXT(2) 
PARAMETRIC_REPRESENTATION_CONTEXT() REPRESENTATION_CONTEXT('2D SPACE',''
  ) );
#281 = PCURVE('',#90,#282);
#282 = DEFINITIONAL_REPRESENTATION('',(#283),#287);
#283 = CIRCLE('',#284,24.);
#284 = AXIS2_PLACEMENT_2D('',#285,#286);
#285 = CARTESIAN_POINT('',(-7.999999995459,1.000000001976));
#286 = DIRECTION('',(1.,0.));
#287 = ( GEOMETRIC_REPRESENTATION_CONTEXT(2) 
PARAMETRIC_REPRESENTATION_CONTEXT() REPRESENTATION_CONTEXT('2D SPACE',''
  ) );
#288 = ORIENTED_EDGE('',*,*,#102,.F.);
#289 = ORIENTED_EDGE('',*,*,#290,.F.);
#290 = EDGE_CURVE('',#238,#103,#291,.T.);
#291 = SURFACE_CURVE('',#292,(#297,#304),.PCURVE_S1.);
#292 = CIRCLE('',#293,24.);
#293 = AXIS2_PLACEMENT_3D('',#294,#295,#296);
#294 = CARTESIAN_POINT('',(-8.,61.000000007345,42.));
#295 = DIRECTION('',(0.,0.,1.));
#296 = DIRECTION('',(1.,0.,0.));
#297 = PCURVE('',#118,#298);
#298 = DEFINITIONAL_REPRESENTATION('',(#299),#303);
#299 = LINE('',#300,#301);
#300 = CARTESIAN_POINT('',(-0.,0.));
#301 = VECTOR('',#302,1.);
#302 = DIRECTION('',(-1.,0.));
#303 = ( GEOMETRIC_REPRESENTATION_CONTEXT(2) 
PARAMETRIC_REPRESENTATION_CONTEXT() REPRESENTATION_CONTEXT('2D SPACE',''
  ) );
#304 = PCURVE('',#144,#305);
#305 = DEFINITIONAL_REPRESENTATION('',(#306),#310);
#306 = CIRCLE('',#307,24.);
#307 = AXIS2_PLACEMENT_2D('',#308,#309);
#308 = CARTESIAN_POINT('',(-7.999999995459,1.000000001976));
#309 = DIRECTION('',(1.,0.));
#310 = ( GEOMETRIC_REPRESENTATION_CONTEXT(2) 
PARAMETRIC_REPRESENTATION_CONTEXT() REPRESENTATION_CONTEXT('2D SPACE',''
  ) );
#311 = ADVANCED_FACE('',(#312,#1412,#1443,#1549,#1787,#2186,#2292,#2323,
    #2722,#2960,#2991,#3237,#3343,#3581,#3612),#144,.F.);
#312 = FACE_BOUND('',#313,.F.);
#313 = EDGE_LOOP('',(#314,#315,#316,#340,#368,#401,#702,#735,#764,#797,
    #1048,#1081,#1110,#1143,#1214,#1247,#1275,#1304,#1333,#1361,#1390,
    #1411));
#314 = ORIENTED_EDGE('',*,*,#130,.F.);
#315 = ORIENTED_EDGE('',*,*,#212,.T.);
#316 = ORIENTED_EDGE('',*,*,#317,.T.);
#317 = EDGE_CURVE('',#185,#318,#320,.T.);
#318 = VERTEX_POINT('',#319);
#319 = CARTESIAN_POINT('',(-24.5,27.000000007362,42.));
#320 = SURFACE_CURVE('',#321,(#326,#333),.PCURVE_S1.);
#321 = CIRCLE('',#322,23.);
#322 = AXIS2_PLACEMENT_3D('',#323,#324,#325);
#323 = CARTESIAN_POINT('',(-1.5,27.000000007362,42.));
#324 = DIRECTION('',(0.,0.,1.));
#325 = DIRECTION('',(1.,0.,0.));
#326 = PCURVE('',#144,#327);
#327 = DEFINITIONAL_REPRESENTATION('',(#328),#332);
#328 = CIRCLE('',#329,23.);
#329 = AXIS2_PLACEMENT_2D('',#330,#331);
#330 = CARTESIAN_POINT('',(-1.499999995459,-32.999999998));
#331 = DIRECTION('',(1.,0.));
#332 = ( GEOMETRIC_REPRESENTATION_CONTEXT(2) 
PARAMETRIC_REPRESENTATION_CONTEXT() REPRESENTATION_CONTEXT('2D SPACE',''
  ) );
#333 = PCURVE('',#200,#334);
#334 = DEFINITIONAL_REPRESENTATION('',(#335),#339);
#335 = LINE('',#336,#337);
#336 = CARTESIAN_POINT('',(-0.,0.));
#337 = VECTOR('',#338,1.);
#338 = DIRECTION('',(-1.,0.));
#339 = ( GEOMETRIC_REPRESENTATION_CONTEXT(2) 
PARAMETRIC_REPRESENTATION_CONTEXT() REPRESENTATION_CONTEXT('2D SPACE',''
  ) );
#340 = ORIENTED_EDGE('',*,*,#341,.F.);
#341 = EDGE_CURVE('',#342,#318,#344,.T.);
#342 = VERTEX_POINT('',#343);
#343 = CARTESIAN_POINT('',(-24.5,24.999999990218,42.));
#344 = SURFACE_CURVE('',#345,(#349,#356),.PCURVE_S1.);
#345 = LINE('',#346,#347);
#346 = CARTESIAN_POINT('',(-24.5,26.000000009782,42.));
#347 = VECTOR('',#348,1.);
#348 = DIRECTION('',(0.,1.,0.));
#349 = PCURVE('',#144,#350);
#350 = DEFINITIONAL_REPRESENTATION('',(#351),#355);
#351 = LINE('',#352,#353);
#352 = CARTESIAN_POINT('',(-24.49999999545,-33.99999999558));
#353 = VECTOR('',#354,1.);
#354 = DIRECTION('',(0.,1.));
#355 = ( GEOMETRIC_REPRESENTATION_CONTEXT(2) 
PARAMETRIC_REPRESENTATION_CONTEXT() REPRESENTATION_CONTEXT('2D SPACE',''
  ) );
#356 = PCURVE('',#357,#362);
#357 = PLANE('',#358);
#358 = AXIS2_PLACEMENT_3D('',#359,#360,#361);
#359 = CARTESIAN_POINT('',(-24.5,24.999999990218,42.));
#360 = DIRECTION('',(-1.,0.,0.));
#361 = DIRECTION('',(0.,1.,0.));
#362 = DEFINITIONAL_REPRESENTATION('',(#363),#367);
#363 = LINE('',#364,#365);
#364 = CARTESIAN_POINT('',(1.000000019564,0.));
#365 = VECTOR('',#366,1.);
#366 = DIRECTION('',(1.,0.));
#367 = ( GEOMETRIC_REPRESENTATION_CONTEXT(2) 
PARAMETRIC_REPRESENTATION_CONTEXT() REPRESENTATION_CONTEXT('2D SPACE',''
  ) );
#368 = ORIENTED_EDGE('',*,*,#369,.F.);
#369 = EDGE_CURVE('',#370,#342,#372,.T.);
#370 = VERTEX_POINT('',#371);
#371 = CARTESIAN_POINT('',(-10.57558723963,3.866289566923,42.));
#372 = SURFACE_CURVE('',#373,(#378,#389),.PCURVE_S1.);
#373 = CIRCLE('',#374,23.);
#374 = AXIS2_PLACEMENT_3D('',#375,#376,#377);
#375 = CARTESIAN_POINT('',(-1.5,24.999999990218,42.));
#376 = DIRECTION('',(0.,0.,-1.));
#377 = DIRECTION('',(-0.39459074955,-0.918856974926,-0.));
#378 = PCURVE('',#144,#379);
#379 = DEFINITIONAL_REPRESENTATION('',(#380),#388);
#380 = ( BOUNDED_CURVE() B_SPLINE_CURVE(2,(#381,#382,#383,#384,#385,#386
,#387),.UNSPECIFIED.,.T.,.F.) B_SPLINE_CURVE_WITH_KNOTS((1,2,2,2,2,1),(
    -2.094395102393,0.,2.094395102393,4.188790204786,6.28318530718,
8.377580409573),.UNSPECIFIED.) CURVE() GEOMETRIC_REPRESENTATION_ITEM() 
RATIONAL_B_SPLINE_CURVE((1.,0.5,1.,0.5,1.,0.5,1.)) REPRESENTATION_ITEM(
  '') );
#381 = CARTESIAN_POINT('',(-10.57558723509,-56.13371043844));
#382 = CARTESIAN_POINT('',(-47.18024744069,-40.41433223086));
#383 = CARTESIAN_POINT('',(-15.26453647843,-16.57345569971));
#384 = CARTESIAN_POINT('',(16.65117448382,7.26742083144));
#385 = CARTESIAN_POINT('',(21.340123727159,-32.29283390729));
#386 = CARTESIAN_POINT('',(26.029072970497,-71.85308864602));
#387 = CARTESIAN_POINT('',(-10.57558723509,-56.13371043844));
#388 = ( GEOMETRIC_REPRESENTATION_CONTEXT(2) 
PARAMETRIC_REPRESENTATION_CONTEXT() REPRESENTATION_CONTEXT('2D SPACE',''
  ) );
#389 = PCURVE('',#390,#395);
#390 = CYLINDRICAL_SURFACE('',#391,23.);
#391 = AXIS2_PLACEMENT_3D('',#392,#393,#394);
#392 = CARTESIAN_POINT('',(-1.5,24.999999990218,42.));
#393 = DIRECTION('',(-0.,-0.,-1.));
#394 = DIRECTION('',(1.,0.,0.));
#395 = DEFINITIONAL_REPRESENTATION('',(#396),#400);
#396 = LINE('',#397,#398);
#397 = CARTESIAN_POINT('',(-4.306766562752,0.));
#398 = VECTOR('',#399,1.);
#399 = DIRECTION('',(1.,-0.));
#400 = ( GEOMETRIC_REPRESENTATION_CONTEXT(2) 
PARAMETRIC_REPRESENTATION_CONTEXT() REPRESENTATION_CONTEXT('2D SPACE',''
  ) );
#401 = ORIENTED_EDGE('',*,*,#402,.T.);
#402 = EDGE_CURVE('',#370,#403,#405,.T.);
#403 = VERTEX_POINT('',#404);
#404 = CARTESIAN_POINT('',(-10.37516299374,6.742905976209,42.));
#405 = SURFACE_CURVE('',#406,(#521,#639),.PCURVE_S1.);
#406 = B_SPLINE_CURVE_WITH_KNOTS('',8,(#407,#408,#409,#410,#411,#412,
    #413,#414,#415,#416,#417,#418,#419,#420,#421,#422,#423,#424,#425,
    #426,#427,#428,#429,#430,#431,#432,#433,#434,#435,#436,#437,#438,
    #439,#440,#441,#442,#443,#444,#445,#446,#447,#448,#449,#450,#451,
    #452,#453,#454,#455,#456,#457,#458,#459,#460,#461,#462,#463,#464,
    #465,#466,#467,#468,#469,#470,#471,#472,#473,#474,#475,#476,#477,
    #478,#479,#480,#481,#482,#483,#484,#485,#486,#487,#488,#489,#490,
    #491,#492,#493,#494,#495,#496,#497,#498,#499,#500,#501,#502,#503,
    #504,#505,#506,#507,#508,#509,#510,#511,#512,#513,#514,#515,#516,
    #517,#518,#519,#520),.UNSPECIFIED.,.F.,.F.,(9,7,7,7,7,7,7,7,7,7,7,7,
    7,7,7,7,9),(0.,3.926974181707E-02,0.101902275051,0.147510095479,
    0.170788594391,0.213886913824,0.291900796244,0.332054549686,
    0.352009408301,0.371963095535,0.547736387158,0.689369053827,
    0.740532960993,0.801044644208,0.872921670628,0.923284009866,1.),
  .UNSPECIFIED.);
#407 = CARTESIAN_POINT('',(-9.662172944789,1.999999990218,42.));
#408 = CARTESIAN_POINT('',(-9.755289846921,2.125161531641,42.));
#409 = CARTESIAN_POINT('',(-9.844882010184,2.252931985599,42.));
#410 = CARTESIAN_POINT('',(-9.930743487939,2.383286262555,42.));
#411 = CARTESIAN_POINT('',(-10.01265614139,2.516183230447,42.));
#412 = CARTESIAN_POINT('',(-10.09039377972,2.651563365375,42.));
#413 = CARTESIAN_POINT('',(-10.16372630017,2.789346402283,42.));
#414 = CARTESIAN_POINT('',(-10.23242382815,2.929428985649,42.));
#415 = CARTESIAN_POINT('',(-10.39807652184,3.298566590084,42.));
#416 = CARTESIAN_POINT('',(-10.48757070931,3.531065953808,42.));
#417 = CARTESIAN_POINT('',(-10.56375808783,3.768544096498,42.));
#418 = CARTESIAN_POINT('',(-10.62575964614,4.01025182073,42.));
#419 = CARTESIAN_POINT('',(-10.67283295461,4.25532043097,42.));
#420 = CARTESIAN_POINT('',(-10.70441891612,4.502752502877,42.));
#421 = CARTESIAN_POINT('',(-10.72020500681,4.751410037447,42.));
#422 = CARTESIAN_POINT('',(-10.72020500681,5.181018486512,42.));
#423 = CARTESIAN_POINT('',(-10.71183459009,5.362056185711,42.));
#424 = CARTESIAN_POINT('',(-10.69509075317,5.542632252343,42.));
#425 = CARTESIAN_POINT('',(-10.67005812215,5.722299823524,42.));
#426 = CARTESIAN_POINT('',(-10.63689574313,5.900644256504,42.));
#427 = CARTESIAN_POINT('',(-10.59582612945,6.077281646073,42.));
#428 = CARTESIAN_POINT('',(-10.5471265656,6.251857621575,42.));
#429 = CARTESIAN_POINT('',(-10.46253795024,6.511932597498,42.));
#430 = CARTESIAN_POINT('',(-10.43204830497,6.599203104907,42.));
#431 = CARTESIAN_POINT('',(-10.39969538131,6.685818186457,42.));
#432 = CARTESIAN_POINT('',(-10.36552296641,6.771741745889,42.));
#433 = CARTESIAN_POINT('',(-10.32957652246,6.856941167228,42.));
#434 = CARTESIAN_POINT('',(-10.29190272383,6.94138713201,42.));
#435 = CARTESIAN_POINT('',(-10.25254899409,7.025053436503,42.));
#436 = CARTESIAN_POINT('',(-10.13568076185,7.26133185978,42.));
#437 = CARTESIAN_POINT('',(-10.05420492822,7.411991364448,42.));
#438 = CARTESIAN_POINT('',(-9.967437095257,7.559754090574,42.));
#439 = CARTESIAN_POINT('',(-9.87568000301,7.704511956814,42.));
#440 = CARTESIAN_POINT('',(-9.779232154944,7.846186638695,42.));
#441 = CARTESIAN_POINT('',(-9.678382394231,7.984726174461,42.));
#442 = CARTESIAN_POINT('',(-9.573404480042,8.120101570929,42.));
#443 = CARTESIAN_POINT('',(-9.267513103745,8.491606909175,42.));
#444 = CARTESIAN_POINT('',(-9.057829842566,8.720450589393,42.));
#445 = CARTESIAN_POINT('',(-8.836963760433,8.938858295962,42.));
#446 = CARTESIAN_POINT('',(-8.606242432525,9.14693950789,42.));
#447 = CARTESIAN_POINT('',(-8.36684736793,9.344875108055,42.));
#448 = CARTESIAN_POINT('',(-8.119802248502,9.532903154038,42.));
#449 = CARTESIAN_POINT('',(-7.865961167724,9.711304648949,42.));
#450 = CARTESIAN_POINT('',(-7.472193218103,9.967417206161,42.));
#451 = CARTESIAN_POINT('',(-7.336780275963,10.051968663331,42.));
#452 = CARTESIAN_POINT('',(-7.199857726306,10.134081507141,42.));
#453 = CARTESIAN_POINT('',(-7.061518864004,10.213792825758,42.));
#454 = CARTESIAN_POINT('',(-6.921850595631,10.291138972155,42.));
#455 = CARTESIAN_POINT('',(-6.780933439466,10.366155564106,42.));
#456 = CARTESIAN_POINT('',(-6.638841525494,10.438877484189,42.));
#457 = CARTESIAN_POINT('',(-6.424478279273,10.544355461461,42.));
#458 = CARTESIAN_POINT('',(-6.353133225023,10.578768167432,42.));
#459 = CARTESIAN_POINT('',(-6.281624539391,10.61258007146,42.));
#460 = CARTESIAN_POINT('',(-6.20996896264,10.645794472327,42.));
#461 = CARTESIAN_POINT('',(-6.138182868562,10.678414893837,42.));
#462 = CARTESIAN_POINT('',(-6.066282264473,10.710445084816,42.));
#463 = CARTESIAN_POINT('',(-5.994282791216,10.741889019111,42.));
#464 = CARTESIAN_POINT('',(-5.850120886498,10.803610960432,42.));
#465 = CARTESIAN_POINT('',(-5.777948969631,10.833893031234,42.));
#466 = CARTESIAN_POINT('',(-5.70571436091,10.863594916574,42.));
#467 = CARTESIAN_POINT('',(-5.633415342863,10.892727046536,42.));
#468 = CARTESIAN_POINT('',(-5.561108038108,10.921278779197,42.));
#469 = CARTESIAN_POINT('',(-5.488748823872,10.949276487935,42.));
#470 = CARTESIAN_POINT('',(-5.416391144569,10.976710332474,42.));
#471 = CARTESIAN_POINT('',(-4.706361821818,11.240477224821,42.));
#472 = CARTESIAN_POINT('',(-4.054359870444,11.439704787823,42.));
#473 = CARTESIAN_POINT('',(-3.391387180999,11.603419759405,42.));
#474 = CARTESIAN_POINT('',(-2.720307807994,11.732979548894,42.));
#475 = CARTESIAN_POINT('',(-2.043598557105,11.829424146489,42.));
#476 = CARTESIAN_POINT('',(-1.363353925071,11.893459714461,42.));
#477 = CARTESIAN_POINT('',(-0.681310464521,11.92549039897,42.));
#478 = CARTESIAN_POINT('',(0.551098114414,11.925403238245,42.));
#479 = CARTESIAN_POINT('',(1.100993420702,11.90453690254,42.));
#480 = CARTESIAN_POINT('',(1.650050152411,11.862845587746,42.));
#481 = CARTESIAN_POINT('',(2.197346455278,11.800156285276,42.));
#482 = CARTESIAN_POINT('',(2.741847100115,11.716147948541,42.));
#483 = CARTESIAN_POINT('',(3.282403000517,11.610362821574,42.));
#484 = CARTESIAN_POINT('',(3.817744052384,11.482173802776,42.));
#485 = CARTESIAN_POINT('',(4.537452849107,11.275953798753,42.));
#486 = CARTESIAN_POINT('',(4.7275689917,11.218190359557,42.));
#487 = CARTESIAN_POINT('',(4.916734939726,11.15734927115,42.));
#488 = CARTESIAN_POINT('',(5.104872340465,11.093387417651,42.));
#489 = CARTESIAN_POINT('',(5.291896037365,11.026258647514,42.));
#490 = CARTESIAN_POINT('',(5.477713931366,10.95591345782,42.));
#491 = CARTESIAN_POINT('',(5.66222684222,10.882298678572,42.));
#492 = CARTESIAN_POINT('',(6.061883012476,10.714358223594,42.));
#493 = CARTESIAN_POINT('',(6.276455698393,10.6187092837,42.));
#494 = CARTESIAN_POINT('',(6.488875015554,10.518313533607,42.));
#495 = CARTESIAN_POINT('',(6.69894453938,10.413070800539,42.));
#496 = CARTESIAN_POINT('',(6.906442381541,10.302876953235,42.));
#497 = CARTESIAN_POINT('',(7.111120738777,10.187623312541,42.));
#498 = CARTESIAN_POINT('',(7.312705441722,10.067196062011,42.));
#499 = CARTESIAN_POINT('',(7.746309750462,9.792142368052,42.));
#500 = CARTESIAN_POINT('',(7.97690083786,9.635362030596,42.));
#501 = CARTESIAN_POINT('',(8.202187922062,9.470922270594,42.));
#502 = CARTESIAN_POINT('',(8.42158275867,9.298626486124,42.));
#503 = CARTESIAN_POINT('',(8.634394799973,9.118300589972,42.));
#504 = CARTESIAN_POINT('',(8.83983629218,8.929799750734,42.));
#505 = CARTESIAN_POINT('',(9.037027372648,8.733015133919,42.));
#506 = CARTESIAN_POINT('',(9.356709453844,8.384148308346,42.));
#507 = CARTESIAN_POINT('',(9.483877419926,8.236333107722,42.));
#508 = CARTESIAN_POINT('',(9.606165696292,8.084422695333,42.));
#509 = CARTESIAN_POINT('',(9.723201154339,7.928432829262,42.));
#510 = CARTESIAN_POINT('',(9.834582263124,7.768411304873,42.));
#511 = CARTESIAN_POINT('',(9.93988642007,7.604443150392,42.));
#512 = CARTESIAN_POINT('',(10.038679255211,7.436657084711,42.));
#513 = CARTESIAN_POINT('',(10.27043416362,7.004106562659,42.));
#514 = CARTESIAN_POINT('',(10.394328452785,6.734345172893,42.));
#515 = CARTESIAN_POINT('',(10.500492542581,6.456822384616,42.));
#516 = CARTESIAN_POINT('',(10.587347121511,6.172632644485,42.));
#517 = CARTESIAN_POINT('',(10.653534273273,5.883110196241,42.));
#518 = CARTESIAN_POINT('',(10.698013891136,5.589850523951,42.));
#519 = CARTESIAN_POINT('',(10.720205006815,5.294740104227,42.));
#520 = CARTESIAN_POINT('',(10.720205006815,5.,42.));
#521 = PCURVE('',#144,#522);
#522 = DEFINITIONAL_REPRESENTATION('',(#523),#638);
#523 = B_SPLINE_CURVE_WITH_KNOTS('',8,(#524,#525,#526,#527,#528,#529,
    #530,#531,#532,#533,#534,#535,#536,#537,#538,#539,#540,#541,#542,
    #543,#544,#545,#546,#547,#548,#549,#550,#551,#552,#553,#554,#555,
    #556,#557,#558,#559,#560,#561,#562,#563,#564,#565,#566,#567,#568,
    #569,#570,#571,#572,#573,#574,#575,#576,#577,#578,#579,#580,#581,
    #582,#583,#584,#585,#586,#587,#588,#589,#590,#591,#592,#593,#594,
    #595,#596,#597,#598,#599,#600,#601,#602,#603,#604,#605,#606,#607,
    #608,#609,#610,#611,#612,#613,#614,#615,#616,#617,#618,#619,#620,
    #621,#622,#623,#624,#625,#626,#627,#628,#629,#630,#631,#632,#633,
    #634,#635,#636,#637),.UNSPECIFIED.,.F.,.F.,(9,7,7,7,7,7,7,7,7,7,7,7,
    7,7,7,7,9),(0.,3.926974181707E-02,0.101902275051,0.147510095479,
    0.170788594391,0.213886913824,0.291900796244,0.332054549686,
    0.352009408301,0.371963095535,0.547736387158,0.689369053827,
    0.740532960993,0.801044644208,0.872921670628,0.923284009866,1.),
  .UNSPECIFIED.);
#524 = CARTESIAN_POINT('',(-9.662172940248,-58.00000001515));
#525 = CARTESIAN_POINT('',(-9.75528984238,-57.87483847372));
#526 = CARTESIAN_POINT('',(-9.844882005643,-57.74706801977));
#527 = CARTESIAN_POINT('',(-9.930743483397,-57.61671374281));
#528 = CARTESIAN_POINT('',(-10.01265613685,-57.48381677492));
#529 = CARTESIAN_POINT('',(-10.09039377518,-57.34843663999));
#530 = CARTESIAN_POINT('',(-10.16372629563,-57.21065360308));
#531 = CARTESIAN_POINT('',(-10.23242382361,-57.07057101972));
#532 = CARTESIAN_POINT('',(-10.3980765173,-56.70143341528));
#533 = CARTESIAN_POINT('',(-10.48757070477,-56.46893405156));
#534 = CARTESIAN_POINT('',(-10.56375808329,-56.23145590887));
#535 = CARTESIAN_POINT('',(-10.6257596416,-55.98974818463));
#536 = CARTESIAN_POINT('',(-10.67283295007,-55.74467957439));
#537 = CARTESIAN_POINT('',(-10.70441891158,-55.49724750249));
#538 = CARTESIAN_POINT('',(-10.72020500227,-55.24858996792));
#539 = CARTESIAN_POINT('',(-10.72020500227,-54.81898151885));
#540 = CARTESIAN_POINT('',(-10.71183458555,-54.63794381965));
#541 = CARTESIAN_POINT('',(-10.69509074863,-54.45736775302));
#542 = CARTESIAN_POINT('',(-10.67005811761,-54.27770018184));
#543 = CARTESIAN_POINT('',(-10.63689573859,-54.09935574886));
#544 = CARTESIAN_POINT('',(-10.59582612491,-53.92271835929));
#545 = CARTESIAN_POINT('',(-10.54712656106,-53.74814238379));
#546 = CARTESIAN_POINT('',(-10.4625379457,-53.48806740787));
#547 = CARTESIAN_POINT('',(-10.43204830043,-53.40079690046));
#548 = CARTESIAN_POINT('',(-10.39969537677,-53.31418181891));
#549 = CARTESIAN_POINT('',(-10.36552296186,-53.22825825948));
#550 = CARTESIAN_POINT('',(-10.32957651792,-53.14305883814));
#551 = CARTESIAN_POINT('',(-10.29190271928,-53.05861287335));
#552 = CARTESIAN_POINT('',(-10.25254898955,-52.97494656886));
#553 = CARTESIAN_POINT('',(-10.13568075731,-52.73866814558));
#554 = CARTESIAN_POINT('',(-10.05420492368,-52.58800864092));
#555 = CARTESIAN_POINT('',(-9.967437090716,-52.44024591479));
#556 = CARTESIAN_POINT('',(-9.875679998468,-52.29548804855));
#557 = CARTESIAN_POINT('',(-9.779232150403,-52.15381336667));
#558 = CARTESIAN_POINT('',(-9.67838238969,-52.0152738309));
#559 = CARTESIAN_POINT('',(-9.573404475501,-51.87989843444));
#560 = CARTESIAN_POINT('',(-9.267513099204,-51.50839309619));
#561 = CARTESIAN_POINT('',(-9.057829838025,-51.27954941597));
#562 = CARTESIAN_POINT('',(-8.836963755892,-51.0611417094));
#563 = CARTESIAN_POINT('',(-8.606242427984,-50.85306049747));
#564 = CARTESIAN_POINT('',(-8.366847363388,-50.65512489731));
#565 = CARTESIAN_POINT('',(-8.119802243961,-50.46709685133));
#566 = CARTESIAN_POINT('',(-7.865961163183,-50.28869535641));
#567 = CARTESIAN_POINT('',(-7.472193213561,-50.0325827992));
#568 = CARTESIAN_POINT('',(-7.336780271421,-49.94803134203));
#569 = CARTESIAN_POINT('',(-7.199857721765,-49.86591849822));
#570 = CARTESIAN_POINT('',(-7.061518859462,-49.78620717961));
#571 = CARTESIAN_POINT('',(-6.921850591089,-49.70886103321));
#572 = CARTESIAN_POINT('',(-6.780933434925,-49.63384444126));
#573 = CARTESIAN_POINT('',(-6.638841520953,-49.56112252118));
#574 = CARTESIAN_POINT('',(-6.424478274731,-49.4556445439));
#575 = CARTESIAN_POINT('',(-6.353133220482,-49.42123183793));
#576 = CARTESIAN_POINT('',(-6.28162453485,-49.3874199339));
#577 = CARTESIAN_POINT('',(-6.209968958099,-49.35420553304));
#578 = CARTESIAN_POINT('',(-6.138182864021,-49.32158511153));
#579 = CARTESIAN_POINT('',(-6.066282259931,-49.28955492055));
#580 = CARTESIAN_POINT('',(-5.994282786675,-49.25811098625));
#581 = CARTESIAN_POINT('',(-5.850120881957,-49.19638904493));
#582 = CARTESIAN_POINT('',(-5.77794896509,-49.16610697413));
#583 = CARTESIAN_POINT('',(-5.705714356368,-49.13640508879));
#584 = CARTESIAN_POINT('',(-5.633415338321,-49.10727295883));
#585 = CARTESIAN_POINT('',(-5.561108033566,-49.07872122617));
#586 = CARTESIAN_POINT('',(-5.48874881933,-49.05072351743));
#587 = CARTESIAN_POINT('',(-5.416391140028,-49.02328967289));
#588 = CARTESIAN_POINT('',(-4.706361817277,-48.75952278054));
#589 = CARTESIAN_POINT('',(-4.054359865902,-48.56029521754));
#590 = CARTESIAN_POINT('',(-3.391387176457,-48.39658024596));
#591 = CARTESIAN_POINT('',(-2.720307803452,-48.26702045647));
#592 = CARTESIAN_POINT('',(-2.043598552564,-48.17057585888));
#593 = CARTESIAN_POINT('',(-1.36335392053,-48.1065402909));
#594 = CARTESIAN_POINT('',(-0.68131045998,-48.07450960639));
#595 = CARTESIAN_POINT('',(0.551098118956,-48.07459676712));
#596 = CARTESIAN_POINT('',(1.100993425243,-48.09546310282));
#597 = CARTESIAN_POINT('',(1.650050156952,-48.13715441762));
#598 = CARTESIAN_POINT('',(2.19734645982,-48.19984372009));
#599 = CARTESIAN_POINT('',(2.741847104656,-48.28385205682));
#600 = CARTESIAN_POINT('',(3.282403005058,-48.38963718379));
#601 = CARTESIAN_POINT('',(3.817744056925,-48.51782620259));
#602 = CARTESIAN_POINT('',(4.537452853648,-48.72404620661));
#603 = CARTESIAN_POINT('',(4.727568996241,-48.78180964581));
#604 = CARTESIAN_POINT('',(4.916734944267,-48.84265073421));
#605 = CARTESIAN_POINT('',(5.104872345006,-48.90661258771));
#606 = CARTESIAN_POINT('',(5.291896041906,-48.97374135785));
#607 = CARTESIAN_POINT('',(5.477713935907,-49.04408654754));
#608 = CARTESIAN_POINT('',(5.662226846761,-49.11770132679));
#609 = CARTESIAN_POINT('',(6.061883017017,-49.28564178177));
#610 = CARTESIAN_POINT('',(6.276455702934,-49.38129072166));
#611 = CARTESIAN_POINT('',(6.488875020096,-49.48168647176));
#612 = CARTESIAN_POINT('',(6.698944543922,-49.58692920482));
#613 = CARTESIAN_POINT('',(6.906442386082,-49.69712305213));
#614 = CARTESIAN_POINT('',(7.111120743318,-49.81237669282));
#615 = CARTESIAN_POINT('',(7.312705446263,-49.93280394335));
#616 = CARTESIAN_POINT('',(7.746309755003,-50.20785763731));
#617 = CARTESIAN_POINT('',(7.976900842401,-50.36463797477));
#618 = CARTESIAN_POINT('',(8.202187926604,-50.52907773477));
#619 = CARTESIAN_POINT('',(8.421582763211,-50.70137351924));
#620 = CARTESIAN_POINT('',(8.634394804514,-50.88169941539));
#621 = CARTESIAN_POINT('',(8.839836296721,-51.07020025463));
#622 = CARTESIAN_POINT('',(9.037027377189,-51.26698487145));
#623 = CARTESIAN_POINT('',(9.356709458385,-51.61585169702));
#624 = CARTESIAN_POINT('',(9.483877424468,-51.76366689764));
#625 = CARTESIAN_POINT('',(9.606165700833,-51.91557731003));
#626 = CARTESIAN_POINT('',(9.72320115888,-52.0715671761));
#627 = CARTESIAN_POINT('',(9.834582267665,-52.23158870049));
#628 = CARTESIAN_POINT('',(9.939886424611,-52.39555685497));
#629 = CARTESIAN_POINT('',(10.038679259752,-52.56334292065));
#630 = CARTESIAN_POINT('',(10.270434168161,-52.99589344271));
#631 = CARTESIAN_POINT('',(10.394328457327,-53.26565483247));
#632 = CARTESIAN_POINT('',(10.500492547123,-53.54317762075));
#633 = CARTESIAN_POINT('',(10.587347126052,-53.82736736088));
#634 = CARTESIAN_POINT('',(10.653534277815,-54.11688980912));
#635 = CARTESIAN_POINT('',(10.698013895677,-54.41014948141));
#636 = CARTESIAN_POINT('',(10.720205011357,-54.70525990114));
#637 = CARTESIAN_POINT('',(10.720205011357,-55.00000000536));
#638 = ( GEOMETRIC_REPRESENTATION_CONTEXT(2) 
PARAMETRIC_REPRESENTATION_CONTEXT() REPRESENTATION_CONTEXT('2D SPACE',''
  ) );
#639 = PCURVE('',#640,#676);
#640 = ( BOUNDED_SURFACE() B_SPLINE_SURFACE(2,2,(
    (#641,#642,#643,#644,#645)
    ,(#646,#647,#648,#649,#650)
    ,(#651,#652,#653,#654,#655)
    ,(#656,#657,#658,#659,#660)
    ,(#661,#662,#663,#664,#665)
    ,(#666,#667,#668,#669,#670)
    ,(#671,#672,#673,#674,#675
)),.UNSPECIFIED.,.T.,.F.,.F.) B_SPLINE_SURFACE_WITH_KNOTS((1,2,2,2,2,1),
  (3,2,3),(-2.094395102393,0.,2.094395102393,4.188790204786,
    6.28318530718,8.377580409573),(-1.570796326795,0.,1.570796326795),
.UNSPECIFIED.) GEOMETRIC_REPRESENTATION_ITEM() RATIONAL_B_SPLINE_SURFACE
((
    (1.,0.707106781187,1.,0.707106781187,1.)
    ,(0.5,0.353553390593,0.5,0.353553390593,0.5)
    ,(1.,0.707106781187,1.,0.707106781187,1.)
    ,(0.5,0.353553390593,0.5,0.353553390593,0.5)
    ,(1.,0.707106781187,1.,0.707106781187,1.)
    ,(0.5,0.353553390593,0.5,0.353553390593,0.5)
,(1.,0.707106781187,1.,0.707106781187,1.
))) REPRESENTATION_ITEM('') SURFACE() );
#641 = CARTESIAN_POINT('',(6.919254415183E-16,5.,8.7));
#642 = CARTESIAN_POINT('',(11.3,5.,8.7));
#643 = CARTESIAN_POINT('',(11.3,5.,34.));
#644 = CARTESIAN_POINT('',(11.3,5.,59.3));
#645 = CARTESIAN_POINT('',(6.919254415183E-16,5.,59.3));
#646 = CARTESIAN_POINT('',(6.919254415183E-16,5.,8.7));
#647 = CARTESIAN_POINT('',(11.3,17.643970895253,8.7));
#648 = CARTESIAN_POINT('',(11.3,17.643970895253,34.));
#649 = CARTESIAN_POINT('',(11.3,17.643970895253,59.3));
#650 = CARTESIAN_POINT('',(6.919254415183E-16,5.,59.3));
#651 = CARTESIAN_POINT('',(-3.459627207591E-16,5.,8.7));
#652 = CARTESIAN_POINT('',(-5.65,11.321985447626,8.7));
#653 = CARTESIAN_POINT('',(-5.65,11.321985447626,34.));
#654 = CARTESIAN_POINT('',(-5.65,11.321985447626,59.3));
#655 = CARTESIAN_POINT('',(-3.459627207591E-16,5.,59.3));
#656 = CARTESIAN_POINT('',(-1.383850883037E-15,5.,8.7));
#657 = CARTESIAN_POINT('',(-22.6,5.,8.7));
#658 = CARTESIAN_POINT('',(-22.6,5.,34.));
#659 = CARTESIAN_POINT('',(-22.6,5.,59.3));
#660 = CARTESIAN_POINT('',(-1.383850883037E-15,5.,59.3));
#661 = CARTESIAN_POINT('',(-3.459627207591E-16,5.,8.7));
#662 = CARTESIAN_POINT('',(-5.65,-1.321985447626,8.7));
#663 = CARTESIAN_POINT('',(-5.65,-1.321985447626,34.));
#664 = CARTESIAN_POINT('',(-5.65,-1.321985447626,59.3));
#665 = CARTESIAN_POINT('',(-3.459627207591E-16,5.,59.3));
#666 = CARTESIAN_POINT('',(6.919254415183E-16,5.,8.7));
#667 = CARTESIAN_POINT('',(11.3,-7.643970895253,8.7));
#668 = CARTESIAN_POINT('',(11.3,-7.643970895253,34.));
#669 = CARTESIAN_POINT('',(11.3,-7.643970895253,59.3));
#670 = CARTESIAN_POINT('',(6.919254415183E-16,5.,59.3));
#671 = CARTESIAN_POINT('',(6.919254415183E-16,5.,8.7));
#672 = CARTESIAN_POINT('',(11.3,5.,8.7));
#673 = CARTESIAN_POINT('',(11.3,5.,34.));
#674 = CARTESIAN_POINT('',(11.3,5.,59.3));
#675 = CARTESIAN_POINT('',(6.919254415183E-16,5.,59.3));
#676 = DEFINITIONAL_REPRESENTATION('',(#677),#701);
#677 = B_SPLINE_CURVE_WITH_KNOTS('',8,(#678,#679,#680,#681,#682,#683,
    #684,#685,#686,#687,#688,#689,#690,#691,#692,#693,#694,#695,#696,
    #697,#698,#699,#700),.UNSPECIFIED.,.F.,.F.,(9,7,7,9),(
    6.581709411498E-02,0.101902275051,0.147510095479,0.15819416357),
  .UNSPECIFIED.);
#678 = CARTESIAN_POINT('',(9.574247660705,0.337761754133));
#679 = CARTESIAN_POINT('',(9.55570392121,0.337761754133));
#680 = CARTESIAN_POINT('',(9.537103767816,0.337761754133));
#681 = CARTESIAN_POINT('',(9.518454183282,0.337761754133));
#682 = CARTESIAN_POINT('',(9.499762899238,0.337761754133));
#683 = CARTESIAN_POINT('',(9.481038650997,0.337761754133));
#684 = CARTESIAN_POINT('',(9.46229150666,0.337761754133));
#685 = CARTESIAN_POINT('',(9.443533270519,0.337761754133));
#686 = CARTESIAN_POINT('',(9.40107324939,0.337761754133));
#687 = CARTESIAN_POINT('',(9.377366025413,0.337761754133));
#688 = CARTESIAN_POINT('',(9.353682223317,0.337761754133));
#689 = CARTESIAN_POINT('',(9.330043337376,0.337761754133));
#690 = CARTESIAN_POINT('',(9.306467821047,0.337761754133));
#691 = CARTESIAN_POINT('',(9.282972222161,0.337761754133));
#692 = CARTESIAN_POINT('',(9.259572053895,0.337761754133));
#693 = CARTESIAN_POINT('',(9.23082657777,0.337761754133));
#694 = CARTESIAN_POINT('',(9.225376641833,0.337761754133));
#695 = CARTESIAN_POINT('',(9.219932739685,0.337761754133));
#696 = CARTESIAN_POINT('',(9.214495005358,0.337761754133));
#697 = CARTESIAN_POINT('',(9.20906356143,0.337761754133));
#698 = CARTESIAN_POINT('',(9.203638519482,0.337761754133));
#699 = CARTESIAN_POINT('',(9.198219980555,0.337761754133));
#700 = CARTESIAN_POINT('',(9.192808035611,0.337761754133));
#701 = ( GEOMETRIC_REPRESENTATION_CONTEXT(2) 
PARAMETRIC_REPRESENTATION_CONTEXT() REPRESENTATION_CONTEXT('2D SPACE',''
  ) );
#702 = ORIENTED_EDGE('',*,*,#703,.T.);
#703 = EDGE_CURVE('',#403,#704,#706,.T.);
#704 = VERTEX_POINT('',#705);
#705 = CARTESIAN_POINT('',(-17.21696028673,12.152153503492,42.));
#706 = SURFACE_CURVE('',#707,(#712,#723),.PCURVE_S1.);
#707 = CIRCLE('',#708,20.3);
#708 = AXIS2_PLACEMENT_3D('',#709,#710,#711);
#709 = CARTESIAN_POINT('',(-1.5,24.999999990164,42.));
#710 = DIRECTION('',(0.,0.,-1.));
#711 = DIRECTION('',(1.,0.,0.));
#712 = PCURVE('',#144,#713);
#713 = DEFINITIONAL_REPRESENTATION('',(#714),#722);
#714 = ( BOUNDED_CURVE() B_SPLINE_CURVE(2,(#715,#716,#717,#718,#719,#720
,#721),.UNSPECIFIED.,.T.,.F.) B_SPLINE_CURVE_WITH_KNOTS((1,2,2,2,2,1),(
    -2.094395102393,0.,2.094395102393,4.188790204786,6.28318530718,
8.377580409573),.UNSPECIFIED.) CURVE() GEOMETRIC_REPRESENTATION_ITEM() 
RATIONAL_B_SPLINE_CURVE((1.,0.5,1.,0.5,1.,0.5,1.)) REPRESENTATION_ITEM(
  '') );
#715 = CARTESIAN_POINT('',(18.800000004541,-35.0000000152));
#716 = CARTESIAN_POINT('',(18.800000004541,-70.16063140885));
#717 = CARTESIAN_POINT('',(-11.64999999545,-52.58031571202));
#718 = CARTESIAN_POINT('',(-42.09999999545,-35.0000000152));
#719 = CARTESIAN_POINT('',(-11.64999999545,-17.41968431838));
#720 = CARTESIAN_POINT('',(18.800000004541,0.160631378443));
#721 = CARTESIAN_POINT('',(18.800000004541,-35.0000000152));
#722 = ( GEOMETRIC_REPRESENTATION_CONTEXT(2) 
PARAMETRIC_REPRESENTATION_CONTEXT() REPRESENTATION_CONTEXT('2D SPACE',''
  ) );
#723 = PCURVE('',#724,#729);
#724 = CYLINDRICAL_SURFACE('',#725,20.3);
#725 = AXIS2_PLACEMENT_3D('',#726,#727,#728);
#726 = CARTESIAN_POINT('',(-1.5,24.999999990164,39.5));
#727 = DIRECTION('',(-0.,-0.,-1.));
#728 = DIRECTION('',(1.,0.,0.));
#729 = DEFINITIONAL_REPRESENTATION('',(#730),#734);
#730 = LINE('',#731,#732);
#731 = CARTESIAN_POINT('',(-6.28318530718,-2.5));
#732 = VECTOR('',#733,1.);
#733 = DIRECTION('',(1.,-0.));
#734 = ( GEOMETRIC_REPRESENTATION_CONTEXT(2) 
PARAMETRIC_REPRESENTATION_CONTEXT() REPRESENTATION_CONTEXT('2D SPACE',''
  ) );
#735 = ORIENTED_EDGE('',*,*,#736,.T.);
#736 = EDGE_CURVE('',#704,#737,#739,.T.);
#737 = VERTEX_POINT('',#738);
#738 = CARTESIAN_POINT('',(-16.24854997081,13.341514935948,42.));
#739 = SURFACE_CURVE('',#740,(#745,#752),.PCURVE_S1.);
#740 = CIRCLE('',#741,3.65);
#741 = AXIS2_PLACEMENT_3D('',#742,#743,#744);
#742 = CARTESIAN_POINT('',(-19.5,15.,42.));
#743 = DIRECTION('',(0.,0.,1.));
#744 = DIRECTION('',(1.,0.,-0.));
#745 = PCURVE('',#144,#746);
#746 = DEFINITIONAL_REPRESENTATION('',(#747),#751);
#747 = CIRCLE('',#748,3.65);
#748 = AXIS2_PLACEMENT_2D('',#749,#750);
#749 = CARTESIAN_POINT('',(-19.49999999545,-45.00000000536));
#750 = DIRECTION('',(1.,0.));
#751 = ( GEOMETRIC_REPRESENTATION_CONTEXT(2) 
PARAMETRIC_REPRESENTATION_CONTEXT() REPRESENTATION_CONTEXT('2D SPACE',''
  ) );
#752 = PCURVE('',#753,#758);
#753 = CYLINDRICAL_SURFACE('',#754,3.65);
#754 = AXIS2_PLACEMENT_3D('',#755,#756,#757);
#755 = CARTESIAN_POINT('',(-19.5,15.,39.));
#756 = DIRECTION('',(0.,0.,1.));
#757 = DIRECTION('',(1.,0.,-0.));
#758 = DEFINITIONAL_REPRESENTATION('',(#759),#763);
#759 = LINE('',#760,#761);
#760 = CARTESIAN_POINT('',(0.,3.));
#761 = VECTOR('',#762,1.);
#762 = DIRECTION('',(1.,0.));
#763 = ( GEOMETRIC_REPRESENTATION_CONTEXT(2) 
PARAMETRIC_REPRESENTATION_CONTEXT() REPRESENTATION_CONTEXT('2D SPACE',''
  ) );
#764 = ORIENTED_EDGE('',*,*,#765,.F.);
#765 = EDGE_CURVE('',#766,#737,#768,.T.);
#766 = VERTEX_POINT('',#767);
#767 = CARTESIAN_POINT('',(-9.626700638637,8.047220373498,42.));
#768 = SURFACE_CURVE('',#769,(#774,#785),.PCURVE_S1.);
#769 = CIRCLE('',#770,18.8);
#770 = AXIS2_PLACEMENT_3D('',#771,#772,#773);
#771 = CARTESIAN_POINT('',(-1.5,24.999999990127,42.));
#772 = DIRECTION('',(0.,0.,-1.));
#773 = DIRECTION('',(-1.,0.,0.));
#774 = PCURVE('',#144,#775);
#775 = DEFINITIONAL_REPRESENTATION('',(#776),#784);
#776 = ( BOUNDED_CURVE() B_SPLINE_CURVE(2,(#777,#778,#779,#780,#781,#782
,#783),.UNSPECIFIED.,.T.,.F.) B_SPLINE_CURVE_WITH_KNOTS((1,2,2,2,2,1),(
    -2.094395102393,0.,2.094395102393,4.188790204786,6.28318530718,
8.377580409573),.UNSPECIFIED.) CURVE() GEOMETRIC_REPRESENTATION_ITEM() 
RATIONAL_B_SPLINE_CURVE((1.,0.5,1.,0.5,1.,0.5,1.)) REPRESENTATION_ITEM(
  '') );
#777 = CARTESIAN_POINT('',(-20.29999999545,-35.00000001524));
#778 = CARTESIAN_POINT('',(-20.29999999545,-2.437444832947));
#779 = CARTESIAN_POINT('',(7.900000004541,-18.71872242409));
#780 = CARTESIAN_POINT('',(36.100000004541,-35.00000001524));
#781 = CARTESIAN_POINT('',(7.900000004541,-51.28127760639));
#782 = CARTESIAN_POINT('',(-20.29999999545,-67.56255519753));
#783 = CARTESIAN_POINT('',(-20.29999999545,-35.00000001524));
#784 = ( GEOMETRIC_REPRESENTATION_CONTEXT(2) 
PARAMETRIC_REPRESENTATION_CONTEXT() REPRESENTATION_CONTEXT('2D SPACE',''
  ) );
#785 = PCURVE('',#786,#791);
#786 = CYLINDRICAL_SURFACE('',#787,18.8);
#787 = AXIS2_PLACEMENT_3D('',#788,#789,#790);
#788 = CARTESIAN_POINT('',(-1.5,24.999999990127,39.5));
#789 = DIRECTION('',(0.,0.,-1.));
#790 = DIRECTION('',(-1.,0.,0.));
#791 = DEFINITIONAL_REPRESENTATION('',(#792),#796);
#792 = LINE('',#793,#794);
#793 = CARTESIAN_POINT('',(0.,-2.5));
#794 = VECTOR('',#795,1.);
#795 = DIRECTION('',(1.,0.));
#796 = ( GEOMETRIC_REPRESENTATION_CONTEXT(2) 
PARAMETRIC_REPRESENTATION_CONTEXT() REPRESENTATION_CONTEXT('2D SPACE',''
  ) );
#797 = ORIENTED_EDGE('',*,*,#798,.T.);
#798 = EDGE_CURVE('',#766,#799,#801,.T.);
#799 = VERTEX_POINT('',#800);
#800 = CARTESIAN_POINT('',(9.626700626686,8.047220389256,42.));
#801 = SURFACE_CURVE('',#802,(#882,#965),.PCURVE_S1.);
#802 = B_SPLINE_CURVE_WITH_KNOTS('',8,(#803,#804,#805,#806,#807,#808,
    #809,#810,#811,#812,#813,#814,#815,#816,#817,#818,#819,#820,#821,
    #822,#823,#824,#825,#826,#827,#828,#829,#830,#831,#832,#833,#834,
    #835,#836,#837,#838,#839,#840,#841,#842,#843,#844,#845,#846,#847,
    #848,#849,#850,#851,#852,#853,#854,#855,#856,#857,#858,#859,#860,
    #861,#862,#863,#864,#865,#866,#867,#868,#869,#870,#871,#872,#873,
    #874,#875,#876,#877,#878,#879,#880,#881),.UNSPECIFIED.,.F.,.F.,(9,7,
    7,7,7,7,7,7,7,7,7,9),(0.,9.986469765162E-02,0.191214230258,
    0.23607593439,0.258368943363,0.282687161725,0.496907883836,
    0.663985595034,0.723899889751,0.798304036626,0.882789648445,1.),
  .UNSPECIFIED.);
#803 = CARTESIAN_POINT('',(-10.5580472611,6.199999990127,42.));
#804 = CARTESIAN_POINT('',(-10.47260674544,6.513729270479,42.));
#805 = CARTESIAN_POINT('',(-10.36267944158,6.820730013817,42.));
#806 = CARTESIAN_POINT('',(-10.22991267242,7.119085774548,42.));
#807 = CARTESIAN_POINT('',(-10.07636597453,7.407482939437,42.));
#808 = CARTESIAN_POINT('',(-9.904202906829,7.685053339688,42.));
#809 = CARTESIAN_POINT('',(-9.715524091935,7.951285298177,42.));
#810 = CARTESIAN_POINT('',(-9.51226549426,8.205967298456,42.));
#811 = CARTESIAN_POINT('',(-9.098339369218,8.671555998352,42.));
#812 = CARTESIAN_POINT('',(-8.889783781586,8.884341223432,42.));
#813 = CARTESIAN_POINT('',(-8.671635536896,9.087568497247,42.));
#814 = CARTESIAN_POINT('',(-8.444994315718,9.281375370373,42.));
#815 = CARTESIAN_POINT('',(-8.210838055505,9.465945802024,42.));
#816 = CARTESIAN_POINT('',(-7.970016730859,9.641501994147,42.));
#817 = CARTESIAN_POINT('',(-7.723244976588,9.808294841684,42.));
#818 = CARTESIAN_POINT('',(-7.347262131382,10.044333135112,42.));
#819 = CARTESIAN_POINT('',(-7.222142522524,10.120018814465,42.));
#820 = CARTESIAN_POINT('',(-7.095807852999,10.193678924447,42.));
#821 = CARTESIAN_POINT('',(-6.968326922014,10.265341766115,42.));
#822 = CARTESIAN_POINT('',(-6.839764201964,10.335035054199,42.));
#823 = CARTESIAN_POINT('',(-6.710179838428,10.402785917101,42.));
#824 = CARTESIAN_POINT('',(-6.579629650172,10.4686208969,42.));
#825 = CARTESIAN_POINT('',(-6.382836809511,10.564341996542,42.));
#826 = CARTESIAN_POINT('',(-6.317363771705,10.595611924422,42.));
#827 = CARTESIAN_POINT('',(-6.251759077062,10.626378177712,42.));
#828 = CARTESIAN_POINT('',(-6.186035527278,10.65664335835,42.));
#829 = CARTESIAN_POINT('',(-6.120205664403,10.686410225489,42.));
#830 = CARTESIAN_POINT('',(-6.054281770852,10.715681695491,42.));
#831 = CARTESIAN_POINT('',(-5.988275869395,10.74446084193,42.));
#832 = CARTESIAN_POINT('',(-5.850120886496,10.803610960433,42.));
#833 = CARTESIAN_POINT('',(-5.777948969642,10.833893031228,42.));
#834 = CARTESIAN_POINT('',(-5.705714360886,10.863594916587,42.));
#835 = CARTESIAN_POINT('',(-5.633415342893,10.892727046519,42.));
#836 = CARTESIAN_POINT('',(-5.561108038083,10.92127877921,42.));
#837 = CARTESIAN_POINT('',(-5.488748823883,10.949276487929,42.));
#838 = CARTESIAN_POINT('',(-5.416391144566,10.976710332475,42.));
#839 = CARTESIAN_POINT('',(-4.706361821819,11.240477224821,42.));
#840 = CARTESIAN_POINT('',(-4.054359870439,11.43970478782,42.));
#841 = CARTESIAN_POINT('',(-3.391387181012,11.603419759414,42.));
#842 = CARTESIAN_POINT('',(-2.720307807972,11.732979548881,42.));
#843 = CARTESIAN_POINT('',(-2.043598557125,11.829424146498,42.));
#844 = CARTESIAN_POINT('',(-1.36335392506,11.893459714458,42.));
#845 = CARTESIAN_POINT('',(-0.681310464524,11.92549039897,42.));
#846 = CARTESIAN_POINT('',(0.533465150235,11.925404485317,42.));
#847 = CARTESIAN_POINT('',(1.06573919654,11.90585358956,42.));
#848 = CARTESIAN_POINT('',(1.597252732715,11.866790561556,42.));
#849 = CARTESIAN_POINT('',(2.127167966557,11.808063916799,42.));
#850 = CARTESIAN_POINT('',(2.654551666744,11.729392410943,42.));
#851 = CARTESIAN_POINT('',(3.17837455585,11.630373552169,42.));
#852 = CARTESIAN_POINT('',(3.697505504187,11.510456470759,42.));
#853 = CARTESIAN_POINT('',(4.394725813948,11.31808036894,42.));
#854 = CARTESIAN_POINT('',(4.577981100717,11.264517889229,42.));
#855 = CARTESIAN_POINT('',(4.760399260156,11.208135924507,42.));
#856 = CARTESIAN_POINT('',(4.941913098469,11.148897655349,42.));
#857 = CARTESIAN_POINT('',(5.122449989194,11.08676366079,42.));
#858 = CARTESIAN_POINT('',(5.301931767706,11.021691666678,42.));
#859 = CARTESIAN_POINT('',(5.480274625724,10.95363629403,42.));
#860 = CARTESIAN_POINT('',(5.877337257107,10.794269310451,42.));
#861 = CARTESIAN_POINT('',(6.095383677904,10.701316856009,42.));
#862 = CARTESIAN_POINT('',(6.31136150517,10.603595872879,42.));
#863 = CARTESIAN_POINT('',(6.525079909393,10.501006901184,42.));
#864 = CARTESIAN_POINT('',(6.736323509507,10.393445904117,42.));
#865 = CARTESIAN_POINT('',(6.94485188782,10.280803579694,42.));
#866 = CARTESIAN_POINT('',(7.150399104929,10.162964672509,42.));
#867 = CARTESIAN_POINT('',(7.582354658929,9.899962564079,42.));
#868 = CARTESIAN_POINT('',(7.807788297197,9.753277241719,42.));
#869 = CARTESIAN_POINT('',(8.028564060137,9.599563864129,42.));
#870 = CARTESIAN_POINT('',(8.244186390198,9.438645112502,42.));
#871 = CARTESIAN_POINT('',(8.454077041991,9.270357940686,42.));
#872 = CARTESIAN_POINT('',(8.65757788269,9.094557712375,42.));
#873 = CARTESIAN_POINT('',(8.853953692427,8.911122338286,42.));
#874 = CARTESIAN_POINT('',(9.303827264154,8.454744091562,42.));
#875 = CARTESIAN_POINT('',(9.55001865799,8.17461981653,42.));
#876 = CARTESIAN_POINT('',(9.778740206935,7.879384518283,42.));
#877 = CARTESIAN_POINT('',(9.98725651795,7.569184489633,42.));
#878 = CARTESIAN_POINT('',(10.172522702756,7.244618670852,42.));
#879 = CARTESIAN_POINT('',(10.331340337049,6.906832357517,42.));
#880 = CARTESIAN_POINT('',(10.460638660932,6.557675028384,42.));
#881 = CARTESIAN_POINT('',(10.558047261105,6.199999990127,42.));
#882 = PCURVE('',#144,#883);
#883 = DEFINITIONAL_REPRESENTATION('',(#884),#964);
#884 = B_SPLINE_CURVE_WITH_KNOTS('',8,(#885,#886,#887,#888,#889,#890,
    #891,#892,#893,#894,#895,#896,#897,#898,#899,#900,#901,#902,#903,
    #904,#905,#906,#907,#908,#909,#910,#911,#912,#913,#914,#915,#916,
    #917,#918,#919,#920,#921,#922,#923,#924,#925,#926,#927,#928,#929,
    #930,#931,#932,#933,#934,#935,#936,#937,#938,#939,#940,#941,#942,
    #943,#944,#945,#946,#947,#948,#949,#950,#951,#952,#953,#954,#955,
    #956,#957,#958,#959,#960,#961,#962,#963),.UNSPECIFIED.,.F.,.F.,(9,7,
    7,7,7,7,7,7,7,7,7,9),(0.,9.986469765162E-02,0.191214230258,
    0.23607593439,0.258368943363,0.282687161725,0.496907883836,
    0.663985595034,0.723899889751,0.798304036626,0.882789648445,1.),
  .UNSPECIFIED.);
#885 = CARTESIAN_POINT('',(-10.55804725656,-53.80000001524));
#886 = CARTESIAN_POINT('',(-10.4726067409,-53.48627073489));
#887 = CARTESIAN_POINT('',(-10.36267943704,-53.17926999155));
#888 = CARTESIAN_POINT('',(-10.22991266788,-52.88091423082));
#889 = CARTESIAN_POINT('',(-10.07636596999,-52.59251706593));
#890 = CARTESIAN_POINT('',(-9.904202902288,-52.31494666568));
#891 = CARTESIAN_POINT('',(-9.715524087393,-52.04871470719));
#892 = CARTESIAN_POINT('',(-9.512265489719,-51.79403270691));
#893 = CARTESIAN_POINT('',(-9.098339364677,-51.32844400701));
#894 = CARTESIAN_POINT('',(-8.889783777045,-51.11565878193));
#895 = CARTESIAN_POINT('',(-8.671635532355,-50.91243150812));
#896 = CARTESIAN_POINT('',(-8.444994311177,-50.71862463499));
#897 = CARTESIAN_POINT('',(-8.210838050963,-50.53405420334));
#898 = CARTESIAN_POINT('',(-7.970016726318,-50.35849801122));
#899 = CARTESIAN_POINT('',(-7.723244972046,-50.19170516368));
#900 = CARTESIAN_POINT('',(-7.34726212684,-49.95566687025));
#901 = CARTESIAN_POINT('',(-7.222142517983,-49.8799811909));
#902 = CARTESIAN_POINT('',(-7.095807848457,-49.80632108092));
#903 = CARTESIAN_POINT('',(-6.968326917472,-49.73465823925));
#904 = CARTESIAN_POINT('',(-6.839764197422,-49.66496495117));
#905 = CARTESIAN_POINT('',(-6.710179833887,-49.59721408826));
#906 = CARTESIAN_POINT('',(-6.579629645631,-49.53137910846));
#907 = CARTESIAN_POINT('',(-6.382836804969,-49.43565800882));
#908 = CARTESIAN_POINT('',(-6.317363767164,-49.40438808094));
#909 = CARTESIAN_POINT('',(-6.251759072521,-49.37362182765));
#910 = CARTESIAN_POINT('',(-6.186035522736,-49.34335664701));
#911 = CARTESIAN_POINT('',(-6.120205659862,-49.31358977988));
#912 = CARTESIAN_POINT('',(-6.054281766311,-49.28431830987));
#913 = CARTESIAN_POINT('',(-5.988275864854,-49.25553916343));
#914 = CARTESIAN_POINT('',(-5.850120881954,-49.19638904493));
#915 = CARTESIAN_POINT('',(-5.7779489651,-49.16610697414));
#916 = CARTESIAN_POINT('',(-5.705714356345,-49.13640508878));
#917 = CARTESIAN_POINT('',(-5.633415338352,-49.10727295885));
#918 = CARTESIAN_POINT('',(-5.561108033542,-49.07872122615));
#919 = CARTESIAN_POINT('',(-5.488748819342,-49.05072351744));
#920 = CARTESIAN_POINT('',(-5.416391140025,-49.02328967289));
#921 = CARTESIAN_POINT('',(-4.706361817278,-48.75952278054));
#922 = CARTESIAN_POINT('',(-4.054359865898,-48.56029521754));
#923 = CARTESIAN_POINT('',(-3.391387176471,-48.39658024595));
#924 = CARTESIAN_POINT('',(-2.720307803431,-48.26702045648));
#925 = CARTESIAN_POINT('',(-2.043598552584,-48.17057585887));
#926 = CARTESIAN_POINT('',(-1.363353920518,-48.10654029091));
#927 = CARTESIAN_POINT('',(-0.681310459983,-48.07450960639));
#928 = CARTESIAN_POINT('',(0.533465154776,-48.07459552005));
#929 = CARTESIAN_POINT('',(1.065739201081,-48.0941464158));
#930 = CARTESIAN_POINT('',(1.597252737256,-48.13320944381));
#931 = CARTESIAN_POINT('',(2.127167971098,-48.19193608857));
#932 = CARTESIAN_POINT('',(2.654551671285,-48.27060759442));
#933 = CARTESIAN_POINT('',(3.178374560392,-48.3696264532));
#934 = CARTESIAN_POINT('',(3.697505508729,-48.48954353461));
#935 = CARTESIAN_POINT('',(4.394725818489,-48.68191963642));
#936 = CARTESIAN_POINT('',(4.577981105258,-48.73548211614));
#937 = CARTESIAN_POINT('',(4.760399264697,-48.79186408086));
#938 = CARTESIAN_POINT('',(4.94191310301,-48.85110235002));
#939 = CARTESIAN_POINT('',(5.122449993735,-48.91323634457));
#940 = CARTESIAN_POINT('',(5.301931772247,-48.97830833869));
#941 = CARTESIAN_POINT('',(5.480274630265,-49.04636371133));
#942 = CARTESIAN_POINT('',(5.877337261648,-49.20573069491));
#943 = CARTESIAN_POINT('',(6.095383682445,-49.29868314936));
#944 = CARTESIAN_POINT('',(6.311361509711,-49.39640413249));
#945 = CARTESIAN_POINT('',(6.525079913934,-49.49899310418));
#946 = CARTESIAN_POINT('',(6.736323514049,-49.60655410125));
#947 = CARTESIAN_POINT('',(6.944851892361,-49.71919642567));
#948 = CARTESIAN_POINT('',(7.150399109471,-49.83703533286));
#949 = CARTESIAN_POINT('',(7.582354663471,-50.10003744129));
#950 = CARTESIAN_POINT('',(7.807788301739,-50.24672276365));
#951 = CARTESIAN_POINT('',(8.028564064678,-50.40043614123));
#952 = CARTESIAN_POINT('',(8.244186394739,-50.56135489286));
#953 = CARTESIAN_POINT('',(8.454077046532,-50.72964206468));
#954 = CARTESIAN_POINT('',(8.657577887231,-50.90544229299));
#955 = CARTESIAN_POINT('',(8.853953696968,-51.08887766708));
#956 = CARTESIAN_POINT('',(9.303827268695,-51.5452559138));
#957 = CARTESIAN_POINT('',(9.550018662531,-51.82538018883));
#958 = CARTESIAN_POINT('',(9.778740211476,-52.12061548708));
#959 = CARTESIAN_POINT('',(9.987256522491,-52.43081551573));
#960 = CARTESIAN_POINT('',(10.172522707298,-52.75538133451));
#961 = CARTESIAN_POINT('',(10.331340341591,-53.09316764785));
#962 = CARTESIAN_POINT('',(10.460638665473,-53.44232497698));
#963 = CARTESIAN_POINT('',(10.558047265646,-53.80000001524));
#964 = ( GEOMETRIC_REPRESENTATION_CONTEXT(2) 
PARAMETRIC_REPRESENTATION_CONTEXT() REPRESENTATION_CONTEXT('2D SPACE',''
  ) );
#965 = PCURVE('',#640,#966);
#966 = DEFINITIONAL_REPRESENTATION('',(#967),#1047);
#967 = B_SPLINE_CURVE_WITH_KNOTS('',8,(#968,#969,#970,#971,#972,#973,
    #974,#975,#976,#977,#978,#979,#980,#981,#982,#983,#984,#985,#986,
    #987,#988,#989,#990,#991,#992,#993,#994,#995,#996,#997,#998,#999,
    #1000,#1001,#1002,#1003,#1004,#1005,#1006,#1007,#1008,#1009,#1010,
    #1011,#1012,#1013,#1014,#1015,#1016,#1017,#1018,#1019,#1020,#1021,
    #1022,#1023,#1024,#1025,#1026,#1027,#1028,#1029,#1030,#1031,#1032,
    #1033,#1034,#1035,#1036,#1037,#1038,#1039,#1040,#1041,#1042,#1043,
    #1044,#1045,#1046),.UNSPECIFIED.,.F.,.F.,(9,7,7,7,7,7,7,7,7,7,7,9),(
    7.989359464358E-02,9.986469765162E-02,0.191214230258,0.23607593439,
    0.258368943363,0.282687161725,0.496907883836,0.663985595034,
    0.723899889751,0.798304036626,0.882789648445,0.917881482699),
  .UNSPECIFIED.);
#968 = CARTESIAN_POINT('',(9.004293141865,0.337761754133));
#969 = CARTESIAN_POINT('',(8.996326624071,0.337761754133));
#970 = CARTESIAN_POINT('',(8.988375391423,0.337761754133));
#971 = CARTESIAN_POINT('',(8.98043919101,0.337761754133));
#972 = CARTESIAN_POINT('',(8.972517739832,0.337761754133));
#973 = CARTESIAN_POINT('',(8.964610724523,0.337761754133));
#974 = CARTESIAN_POINT('',(8.956717800809,0.337761754133));
#975 = CARTESIAN_POINT('',(8.948838592783,0.337761754133));
#976 = CARTESIAN_POINT('',(8.904993389966,0.337761754133));
#977 = CARTESIAN_POINT('',(8.869292875925,0.337761754133));
#978 = CARTESIAN_POINT('',(8.83382206902,0.337761754133));
#979 = CARTESIAN_POINT('',(8.798534041412,0.337761754133));
#980 = CARTESIAN_POINT('',(8.763382030798,0.337761754133));
#981 = CARTESIAN_POINT('',(8.728317243245,0.337761754133));
#982 = CARTESIAN_POINT('',(8.693286446428,0.337761754133));
#983 = CARTESIAN_POINT('',(8.641012834555,0.337761754133));
#984 = CARTESIAN_POINT('',(8.623791191922,0.337761754133));
#985 = CARTESIAN_POINT('',(8.606558137354,0.337761754133));
#986 = CARTESIAN_POINT('',(8.589307349559,0.337761754133));
#987 = CARTESIAN_POINT('',(8.572032473997,0.337761754133));
#988 = CARTESIAN_POINT('',(8.554727122875,0.337761754133));
#989 = CARTESIAN_POINT('',(8.537384875152,0.337761754133));
#990 = CARTESIAN_POINT('',(8.511359896613,0.337761754133));
#991 = CARTESIAN_POINT('',(8.502720516882,0.337761754133));
#992 = CARTESIAN_POINT('',(8.494081137189,0.337761754133));
#993 = CARTESIAN_POINT('',(8.485441757443,0.337761754133));
#994 = CARTESIAN_POINT('',(8.476802377611,0.337761754133));
#995 = CARTESIAN_POINT('',(8.468162997719,0.337761754133));
#996 = CARTESIAN_POINT('',(8.459523617852,0.337761754133));
#997 = CARTESIAN_POINT('',(8.441460013629,0.337761754133));
#998 = CARTESIAN_POINT('',(8.43204265633,0.337761754133));
#999 = CARTESIAN_POINT('',(8.42257685396,0.337761754133));
#1000 = CARTESIAN_POINT('',(8.413246498896,0.337761754133));
#1001 = CARTESIAN_POINT('',(8.403692111269,0.337761754133));
#1002 = CARTESIAN_POINT('',(8.394381777456,0.337761754133));
#1003 = CARTESIAN_POINT('',(8.384895054077,0.337761754133));
#1004 = CARTESIAN_POINT('',(8.292601190064,0.337761754133));
#1005 = CARTESIAN_POINT('',(8.215332393996,0.337761754133));
#1006 = CARTESIAN_POINT('',(8.142341603556,0.337761754133));
#1007 = CARTESIAN_POINT('',(8.072764102748,0.337761754133));
#1008 = CARTESIAN_POINT('',(8.005906788574,0.337761754133));
#1009 = CARTESIAN_POINT('',(7.94120773199,0.337761754133));
#1010 = CARTESIAN_POINT('',(7.87816224936,0.337761754133));
#1011 = CARTESIAN_POINT('',(7.768020509508,0.337761754133));
#1012 = CARTESIAN_POINT('',(7.720493462618,0.337761754133));
#1013 = CARTESIAN_POINT('',(7.673477144406,0.337761754133));
#1014 = CARTESIAN_POINT('',(7.62677437727,0.337761754133));
#1015 = CARTESIAN_POINT('',(7.580198354441,0.337761754133));
#1016 = CARTESIAN_POINT('',(7.533562695708,0.337761754133));
#1017 = CARTESIAN_POINT('',(7.486670094546,0.337761754133));
#1018 = CARTESIAN_POINT('',(7.422301340656,0.337761754133));
#1019 = CARTESIAN_POINT('',(7.405249811883,0.337761754133));
#1020 = CARTESIAN_POINT('',(7.388126648226,0.337761754133));
#1021 = CARTESIAN_POINT('',(7.370921515168,0.337761754133));
#1022 = CARTESIAN_POINT('',(7.353623779185,0.337761754133));
#1023 = CARTESIAN_POINT('',(7.33622237411,0.337761754133));
#1024 = CARTESIAN_POINT('',(7.318705667489,0.337761754133));
#1025 = CARTESIAN_POINT('',(7.279149826328,0.337761754133));
#1026 = CARTESIAN_POINT('',(7.257042253627,0.337761754133));
#1027 = CARTESIAN_POINT('',(7.234714379447,0.337761754133));
#1028 = CARTESIAN_POINT('',(7.212141431781,0.337761754133));
#1029 = CARTESIAN_POINT('',(7.189297461699,0.337761754133));
#1030 = CARTESIAN_POINT('',(7.166154709021,0.337761754133));
#1031 = CARTESIAN_POINT('',(7.142682968007,0.337761754133));
#1032 = CARTESIAN_POINT('',(7.091785524159,0.337761754133));
#1033 = CARTESIAN_POINT('',(7.064258279389,0.337761754133));
#1034 = CARTESIAN_POINT('',(7.036216271449,0.337761754133));
#1035 = CARTESIAN_POINT('',(7.007608023972,0.337761754133));
#1036 = CARTESIAN_POINT('',(6.978379861922,0.337761754133));
#1037 = CARTESIAN_POINT('',(6.948474242009,0.337761754133));
#1038 = CARTESIAN_POINT('',(6.917828083107,0.337761754133));
#1039 = CARTESIAN_POINT('',(6.873305163542,0.337761754133));
#1040 = CARTESIAN_POINT('',(6.860098832063,0.337761754133));
#1041 = CARTESIAN_POINT('',(6.846747337413,0.337761754133));
#1042 = CARTESIAN_POINT('',(6.83324597437,0.337761754133));
#1043 = CARTESIAN_POINT('',(6.819590110953,0.337761754133));
#1044 = CARTESIAN_POINT('',(6.805775190672,0.337761754133));
#1045 = CARTESIAN_POINT('',(6.791796732624,0.337761754133));
#1046 = CARTESIAN_POINT('',(6.777650338646,0.337761754133));
#1047 = ( GEOMETRIC_REPRESENTATION_CONTEXT(2) 
PARAMETRIC_REPRESENTATION_CONTEXT() REPRESENTATION_CONTEXT('2D SPACE',''
  ) );
#1048 = ORIENTED_EDGE('',*,*,#1049,.F.);
#1049 = EDGE_CURVE('',#1050,#799,#1052,.T.);
#1050 = VERTEX_POINT('',#1051);
#1051 = CARTESIAN_POINT('',(16.248549963265,13.341514950741,42.));
#1052 = SURFACE_CURVE('',#1053,(#1058,#1069),.PCURVE_S1.);
#1053 = CIRCLE('',#1054,18.8);
#1054 = AXIS2_PLACEMENT_3D('',#1055,#1056,#1057);
#1055 = CARTESIAN_POINT('',(1.49999999637,25.000000009873,42.));
#1056 = DIRECTION('',(0.,0.,-1.));
#1057 = DIRECTION('',(-1.,0.,0.));
#1058 = PCURVE('',#144,#1059);
#1059 = DEFINITIONAL_REPRESENTATION('',(#1060),#1068);
#1060 = ( BOUNDED_CURVE() B_SPLINE_CURVE(2,(#1061,#1062,#1063,#1064,
#1065,#1066,#1067),.UNSPECIFIED.,.T.,.F.) B_SPLINE_CURVE_WITH_KNOTS((1,2
    ,2,2,2,1),(-2.094395102393,0.,2.094395102393,4.188790204786,
6.28318530718,8.377580409573),.UNSPECIFIED.) CURVE() 
GEOMETRIC_REPRESENTATION_ITEM() RATIONAL_B_SPLINE_CURVE((1.,0.5,1.,0.5,
1.,0.5,1.)) REPRESENTATION_ITEM('') );
#1061 = CARTESIAN_POINT('',(-17.29999999908,-34.99999999549));
#1062 = CARTESIAN_POINT('',(-17.29999999908,-2.437444813201));
#1063 = CARTESIAN_POINT('',(10.900000000912,-18.71872240434));
#1064 = CARTESIAN_POINT('',(39.100000000912,-34.99999999549));
#1065 = CARTESIAN_POINT('',(10.900000000912,-51.28127758664));
#1066 = CARTESIAN_POINT('',(-17.29999999908,-67.56255517779));
#1067 = CARTESIAN_POINT('',(-17.29999999908,-34.99999999549));
#1068 = ( GEOMETRIC_REPRESENTATION_CONTEXT(2) 
PARAMETRIC_REPRESENTATION_CONTEXT() REPRESENTATION_CONTEXT('2D SPACE',''
  ) );
#1069 = PCURVE('',#1070,#1075);
#1070 = CYLINDRICAL_SURFACE('',#1071,18.8);
#1071 = AXIS2_PLACEMENT_3D('',#1072,#1073,#1074);
#1072 = CARTESIAN_POINT('',(1.49999999637,25.000000009873,39.5));
#1073 = DIRECTION('',(0.,0.,-1.));
#1074 = DIRECTION('',(-1.,0.,0.));
#1075 = DEFINITIONAL_REPRESENTATION('',(#1076),#1080);
#1076 = LINE('',#1077,#1078);
#1077 = CARTESIAN_POINT('',(0.,-2.5));
#1078 = VECTOR('',#1079,1.);
#1079 = DIRECTION('',(1.,0.));
#1080 = ( GEOMETRIC_REPRESENTATION_CONTEXT(2) 
PARAMETRIC_REPRESENTATION_CONTEXT() REPRESENTATION_CONTEXT('2D SPACE',''
  ) );
#1081 = ORIENTED_EDGE('',*,*,#1082,.T.);
#1082 = EDGE_CURVE('',#1050,#1083,#1085,.T.);
#1083 = VERTEX_POINT('',#1084);
#1084 = CARTESIAN_POINT('',(17.216960274831,12.152153513038,42.));
#1085 = SURFACE_CURVE('',#1086,(#1091,#1098),.PCURVE_S1.);
#1086 = CIRCLE('',#1087,3.65);
#1087 = AXIS2_PLACEMENT_3D('',#1088,#1089,#1090);
#1088 = CARTESIAN_POINT('',(19.5,15.,42.));
#1089 = DIRECTION('',(0.,0.,1.));
#1090 = DIRECTION('',(1.,0.,-0.));
#1091 = PCURVE('',#144,#1092);
#1092 = DEFINITIONAL_REPRESENTATION('',(#1093),#1097);
#1093 = CIRCLE('',#1094,3.65);
#1094 = AXIS2_PLACEMENT_2D('',#1095,#1096);
#1095 = CARTESIAN_POINT('',(19.500000004541,-45.00000000536));
#1096 = DIRECTION('',(1.,0.));
#1097 = ( GEOMETRIC_REPRESENTATION_CONTEXT(2) 
PARAMETRIC_REPRESENTATION_CONTEXT() REPRESENTATION_CONTEXT('2D SPACE',''
  ) );
#1098 = PCURVE('',#1099,#1104);
#1099 = CYLINDRICAL_SURFACE('',#1100,3.65);
#1100 = AXIS2_PLACEMENT_3D('',#1101,#1102,#1103);
#1101 = CARTESIAN_POINT('',(19.5,15.,39.));
#1102 = DIRECTION('',(0.,0.,1.));
#1103 = DIRECTION('',(1.,0.,-0.));
#1104 = DEFINITIONAL_REPRESENTATION('',(#1105),#1109);
#1105 = LINE('',#1106,#1107);
#1106 = CARTESIAN_POINT('',(0.,3.));
#1107 = VECTOR('',#1108,1.);
#1108 = DIRECTION('',(1.,0.));
#1109 = ( GEOMETRIC_REPRESENTATION_CONTEXT(2) 
PARAMETRIC_REPRESENTATION_CONTEXT() REPRESENTATION_CONTEXT('2D SPACE',''
  ) );
#1110 = ORIENTED_EDGE('',*,*,#1111,.T.);
#1111 = EDGE_CURVE('',#1083,#1112,#1114,.T.);
#1112 = VERTEX_POINT('',#1113);
#1113 = CARTESIAN_POINT('',(10.375162986532,6.742905994137,42.));
#1114 = SURFACE_CURVE('',#1115,(#1120,#1131),.PCURVE_S1.);
#1115 = CIRCLE('',#1116,20.3);
#1116 = AXIS2_PLACEMENT_3D('',#1117,#1118,#1119);
#1117 = CARTESIAN_POINT('',(1.49999999637,25.000000009836,42.));
#1118 = DIRECTION('',(0.,0.,-1.));
#1119 = DIRECTION('',(1.,0.,0.));
#1120 = PCURVE('',#144,#1121);
#1121 = DEFINITIONAL_REPRESENTATION('',(#1122),#1130);
#1122 = ( BOUNDED_CURVE() B_SPLINE_CURVE(2,(#1123,#1124,#1125,#1126,
#1127,#1128,#1129),.UNSPECIFIED.,.T.,.F.) B_SPLINE_CURVE_WITH_KNOTS((1,2
    ,2,2,2,1),(-2.094395102393,0.,2.094395102393,4.188790204786,
6.28318530718,8.377580409573),.UNSPECIFIED.) CURVE() 
GEOMETRIC_REPRESENTATION_ITEM() RATIONAL_B_SPLINE_CURVE((1.,0.5,1.,0.5,
1.,0.5,1.)) REPRESENTATION_ITEM('') );
#1123 = CARTESIAN_POINT('',(21.800000000912,-34.99999999553));
#1124 = CARTESIAN_POINT('',(21.800000000912,-70.16063138918));
#1125 = CARTESIAN_POINT('',(-8.649999999088,-52.58031569235));
#1126 = CARTESIAN_POINT('',(-39.09999999908,-34.99999999553));
#1127 = CARTESIAN_POINT('',(-8.649999999088,-17.4196842987));
#1128 = CARTESIAN_POINT('',(21.800000000912,0.160631398116));
#1129 = CARTESIAN_POINT('',(21.800000000912,-34.99999999553));
#1130 = ( GEOMETRIC_REPRESENTATION_CONTEXT(2) 
PARAMETRIC_REPRESENTATION_CONTEXT() REPRESENTATION_CONTEXT('2D SPACE',''
  ) );
#1131 = PCURVE('',#1132,#1137);
#1132 = CYLINDRICAL_SURFACE('',#1133,20.3);
#1133 = AXIS2_PLACEMENT_3D('',#1134,#1135,#1136);
#1134 = CARTESIAN_POINT('',(1.49999999637,25.000000009836,39.5));
#1135 = DIRECTION('',(-0.,-0.,-1.));
#1136 = DIRECTION('',(1.,0.,0.));
#1137 = DEFINITIONAL_REPRESENTATION('',(#1138),#1142);
#1138 = LINE('',#1139,#1140);
#1139 = CARTESIAN_POINT('',(-6.28318530718,-2.5));
#1140 = VECTOR('',#1141,1.);
#1141 = DIRECTION('',(1.,-0.));
#1142 = ( GEOMETRIC_REPRESENTATION_CONTEXT(2) 
PARAMETRIC_REPRESENTATION_CONTEXT() REPRESENTATION_CONTEXT('2D SPACE',''
  ) );
#1143 = ORIENTED_EDGE('',*,*,#1144,.F.);
#1144 = EDGE_CURVE('',#1145,#1112,#1147,.T.);
#1145 = VERTEX_POINT('',#1146);
#1146 = CARTESIAN_POINT('',(10.575587245738,3.866289590664,42.));
#1147 = SURFACE_CURVE('',#1148,(#1165,#1185),.PCURVE_S1.);
#1148 = B_SPLINE_CURVE_WITH_KNOTS('',8,(#1149,#1150,#1151,#1152,#1153,
    #1154,#1155,#1156,#1157,#1158,#1159,#1160,#1161,#1162,#1163,#1164),
  .UNSPECIFIED.,.F.,.F.,(9,7,9),(0.,0.354844714715,0.907852759846),
  .UNSPECIFIED.);
#1149 = CARTESIAN_POINT('',(10.575587263037,3.866289586221,42.));
#1150 = CARTESIAN_POINT('',(10.611262429432,4.005175098141,42.));
#1151 = CARTESIAN_POINT('',(10.642109330339,4.145244163616,42.));
#1152 = CARTESIAN_POINT('',(10.668001525557,4.286330938006,42.));
#1153 = CARTESIAN_POINT('',(10.68883034202,4.428253045763,42.));
#1154 = CARTESIAN_POINT('',(10.704508836987,4.570810454162,42.));
#1155 = CARTESIAN_POINT('',(10.714976511846,4.7137841602,42.));
#1156 = CARTESIAN_POINT('',(10.720205006815,4.856934638735,42.));
#1157 = CARTESIAN_POINT('',(10.720205006815,5.222960333008,42.));
#1158 = CARTESIAN_POINT('',(10.707506405727,5.44613257464,42.));
#1159 = CARTESIAN_POINT('',(10.682067047115,5.6685552765,42.));
#1160 = CARTESIAN_POINT('',(10.644066906161,5.889376552626,42.));
#1161 = CARTESIAN_POINT('',(10.593853787796,6.107843280916,42.));
#1162 = CARTESIAN_POINT('',(10.53190361962,6.323292898229,42.));
#1163 = CARTESIAN_POINT('',(10.458790665735,6.535147004922,42.));
#1164 = CARTESIAN_POINT('',(10.37516298764,6.742905994583,42.));
#1165 = PCURVE('',#144,#1166);
#1166 = DEFINITIONAL_REPRESENTATION('',(#1167),#1184);
#1167 = B_SPLINE_CURVE_WITH_KNOTS('',8,(#1168,#1169,#1170,#1171,#1172,
    #1173,#1174,#1175,#1176,#1177,#1178,#1179,#1180,#1181,#1182,#1183),
  .UNSPECIFIED.,.F.,.F.,(9,7,9),(0.,0.354844714715,0.907852759846),
  .UNSPECIFIED.);
#1168 = CARTESIAN_POINT('',(10.575587267578,-56.13371041914));
#1169 = CARTESIAN_POINT('',(10.611262433974,-55.99482490722));
#1170 = CARTESIAN_POINT('',(10.64210933488,-55.85475584175));
#1171 = CARTESIAN_POINT('',(10.668001530098,-55.71366906736));
#1172 = CARTESIAN_POINT('',(10.688830346562,-55.5717469596));
#1173 = CARTESIAN_POINT('',(10.704508841528,-55.4291895512));
#1174 = CARTESIAN_POINT('',(10.714976516387,-55.28621584516));
#1175 = CARTESIAN_POINT('',(10.720205011357,-55.14306536663));
#1176 = CARTESIAN_POINT('',(10.720205011357,-54.77703967236));
#1177 = CARTESIAN_POINT('',(10.707506410269,-54.55386743072));
#1178 = CARTESIAN_POINT('',(10.682067051657,-54.33144472886));
#1179 = CARTESIAN_POINT('',(10.644066910702,-54.11062345274));
#1180 = CARTESIAN_POINT('',(10.593853792338,-53.89215672445));
#1181 = CARTESIAN_POINT('',(10.531903624161,-53.67670710714));
#1182 = CARTESIAN_POINT('',(10.458790670277,-53.46485300044));
#1183 = CARTESIAN_POINT('',(10.375162992181,-53.25709401078));
#1184 = ( GEOMETRIC_REPRESENTATION_CONTEXT(2) 
PARAMETRIC_REPRESENTATION_CONTEXT() REPRESENTATION_CONTEXT('2D SPACE',''
  ) );
#1185 = PCURVE('',#640,#1186);
#1186 = DEFINITIONAL_REPRESENTATION('',(#1187),#1213);
#1187 = B_SPLINE_CURVE_WITH_KNOTS('',3,(#1188,#1189,#1190,#1191,#1192,
    #1193,#1194,#1195,#1196,#1197,#1198,#1199,#1200,#1201,#1202,#1203,
    #1204,#1205,#1206,#1207,#1208,#1209,#1210,#1211,#1212),
  .UNSPECIFIED.,.F.,.F.,(4,1,1,1,1,1,1,1,1,1,1,1,1,1,1,1,1,1,1,1,1,1,4),
  (0.,4.126603453847E-02,8.253206907695E-02,0.123798103615,
    0.165064138154,0.206330172692,0.247596207231,0.288862241769,
    0.330128276308,0.371394310846,0.412660345385,0.453926379923,
    0.495192414462,0.536458449,0.577724483539,0.618990518077,
    0.660256552616,0.701522587154,0.742788621693,0.784054656231,
    0.825320690769,0.866586725308,0.907852759846),
  .QUASI_UNIFORM_KNOTS.);
#1188 = CARTESIAN_POINT('',(6.092943632585,0.337761754027));
#1189 = CARTESIAN_POINT('',(6.099937106967,0.337761753987));
#1190 = CARTESIAN_POINT('',(6.114013295087,0.337761753928));
#1191 = CARTESIAN_POINT('',(6.135395329365,0.337761753914));
#1192 = CARTESIAN_POINT('',(6.157045442399,0.337761754001));
#1193 = CARTESIAN_POINT('',(6.178962936663,0.337761754164));
#1194 = CARTESIAN_POINT('',(6.201147002154,0.337761754339));
#1195 = CARTESIAN_POINT('',(6.223593751408,0.337761754432));
#1196 = CARTESIAN_POINT('',(6.246306447862,0.337761754378));
#1197 = CARTESIAN_POINT('',(6.26925674366,0.337761754157));
#1198 = CARTESIAN_POINT('',(6.292528582959,0.337761754127));
#1199 = CARTESIAN_POINT('',(6.315542532726,0.33776175415));
#1200 = CARTESIAN_POINT('',(6.338304425677,0.337761754146));
#1201 = CARTESIAN_POINT('',(6.360806982943,0.337761754135));
#1202 = CARTESIAN_POINT('',(6.38304778438,0.337761754125));
#1203 = CARTESIAN_POINT('',(6.405024278831,0.337761754122));
#1204 = CARTESIAN_POINT('',(6.42673496549,0.337761754128));
#1205 = CARTESIAN_POINT('',(6.448178938942,0.337761754137));
#1206 = CARTESIAN_POINT('',(6.469355888018,0.337761754144));
#1207 = CARTESIAN_POINT('',(6.490265987627,0.337761754143));
#1208 = CARTESIAN_POINT('',(6.510909829577,0.337761754136));
#1209 = CARTESIAN_POINT('',(6.531288362552,0.337761754127));
#1210 = CARTESIAN_POINT('',(6.551402808541,0.337761754122));
#1211 = CARTESIAN_POINT('',(6.564637410135,0.337761754124));
#1212 = CARTESIAN_POINT('',(6.571211195593,0.337761754126));
#1213 = ( GEOMETRIC_REPRESENTATION_CONTEXT(2) 
PARAMETRIC_REPRESENTATION_CONTEXT() REPRESENTATION_CONTEXT('2D SPACE',''
  ) );
#1214 = ORIENTED_EDGE('',*,*,#1215,.F.);
#1215 = EDGE_CURVE('',#1216,#1145,#1218,.T.);
#1216 = VERTEX_POINT('',#1217);
#1217 = CARTESIAN_POINT('',(24.499999998185,25.000000009782,42.));
#1218 = SURFACE_CURVE('',#1219,(#1224,#1235),.PCURVE_S1.);
#1219 = CIRCLE('',#1220,23.);
#1220 = AXIS2_PLACEMENT_3D('',#1221,#1222,#1223);
#1221 = CARTESIAN_POINT('',(1.49999999637,25.000000009782,42.));
#1222 = DIRECTION('',(0.,0.,-1.));
#1223 = DIRECTION('',(1.,-1.544658121096E-16,0.));
#1224 = PCURVE('',#144,#1225);
#1225 = DEFINITIONAL_REPRESENTATION('',(#1226),#1234);
#1226 = ( BOUNDED_CURVE() B_SPLINE_CURVE(2,(#1227,#1228,#1229,#1230,
#1231,#1232,#1233),.UNSPECIFIED.,.T.,.F.) B_SPLINE_CURVE_WITH_KNOTS((1,2
    ,2,2,2,1),(-2.094395102393,0.,2.094395102393,4.188790204786,
6.28318530718,8.377580409573),.UNSPECIFIED.) CURVE() 
GEOMETRIC_REPRESENTATION_ITEM() RATIONAL_B_SPLINE_CURVE((1.,0.5,1.,0.5,
1.,0.5,1.)) REPRESENTATION_ITEM('') );
#1227 = CARTESIAN_POINT('',(24.500000000912,-34.99999999558));
#1228 = CARTESIAN_POINT('',(24.500000000912,-74.83716856967));
#1229 = CARTESIAN_POINT('',(-9.999999999088,-54.91858428262));
#1230 = CARTESIAN_POINT('',(-44.49999999908,-34.99999999558));
#1231 = CARTESIAN_POINT('',(-9.999999999088,-15.08141570854));
#1232 = CARTESIAN_POINT('',(24.500000000912,4.837168578497));
#1233 = CARTESIAN_POINT('',(24.500000000912,-34.99999999558));
#1234 = ( GEOMETRIC_REPRESENTATION_CONTEXT(2) 
PARAMETRIC_REPRESENTATION_CONTEXT() REPRESENTATION_CONTEXT('2D SPACE',''
  ) );
#1235 = PCURVE('',#1236,#1241);
#1236 = CYLINDRICAL_SURFACE('',#1237,23.);
#1237 = AXIS2_PLACEMENT_3D('',#1238,#1239,#1240);
#1238 = CARTESIAN_POINT('',(1.49999999637,25.000000009782,42.));
#1239 = DIRECTION('',(-0.,-0.,-1.));
#1240 = DIRECTION('',(1.,0.,0.));
#1241 = DEFINITIONAL_REPRESENTATION('',(#1242),#1246);
#1242 = LINE('',#1243,#1244);
#1243 = CARTESIAN_POINT('',(-6.28318530718,0.));
#1244 = VECTOR('',#1245,1.);
#1245 = DIRECTION('',(1.,-0.));
#1246 = ( GEOMETRIC_REPRESENTATION_CONTEXT(2) 
PARAMETRIC_REPRESENTATION_CONTEXT() REPRESENTATION_CONTEXT('2D SPACE',''
  ) );
#1247 = ORIENTED_EDGE('',*,*,#1248,.T.);
#1248 = EDGE_CURVE('',#1216,#1249,#1251,.T.);
#1249 = VERTEX_POINT('',#1250);
#1250 = CARTESIAN_POINT('',(24.5,27.000000007362,42.));
#1251 = SURFACE_CURVE('',#1252,(#1256,#1263),.PCURVE_S1.);
#1252 = LINE('',#1253,#1254);
#1253 = CARTESIAN_POINT('',(24.5,26.000000009782,42.));
#1254 = VECTOR('',#1255,1.);
#1255 = DIRECTION('',(0.,1.,0.));
#1256 = PCURVE('',#144,#1257);
#1257 = DEFINITIONAL_REPRESENTATION('',(#1258),#1262);
#1258 = LINE('',#1259,#1260);
#1259 = CARTESIAN_POINT('',(24.500000004541,-33.99999999558));
#1260 = VECTOR('',#1261,1.);
#1261 = DIRECTION('',(0.,1.));
#1262 = ( GEOMETRIC_REPRESENTATION_CONTEXT(2) 
PARAMETRIC_REPRESENTATION_CONTEXT() REPRESENTATION_CONTEXT('2D SPACE',''
  ) );
#1263 = PCURVE('',#1264,#1269);
#1264 = PLANE('',#1265);
#1265 = AXIS2_PLACEMENT_3D('',#1266,#1267,#1268);
#1266 = CARTESIAN_POINT('',(24.5,25.000000009782,42.));
#1267 = DIRECTION('',(-1.,0.,0.));
#1268 = DIRECTION('',(0.,1.,0.));
#1269 = DEFINITIONAL_REPRESENTATION('',(#1270),#1274);
#1270 = LINE('',#1271,#1272);
#1271 = CARTESIAN_POINT('',(1.,0.));
#1272 = VECTOR('',#1273,1.);
#1273 = DIRECTION('',(1.,0.));
#1274 = ( GEOMETRIC_REPRESENTATION_CONTEXT(2) 
PARAMETRIC_REPRESENTATION_CONTEXT() REPRESENTATION_CONTEXT('2D SPACE',''
  ) );
#1275 = ORIENTED_EDGE('',*,*,#1276,.T.);
#1276 = EDGE_CURVE('',#1249,#1277,#1279,.T.);
#1277 = VERTEX_POINT('',#1278);
#1278 = CARTESIAN_POINT('',(21.163004226424,38.931733527335,42.));
#1279 = SURFACE_CURVE('',#1280,(#1285,#1292),.PCURVE_S1.);
#1280 = CIRCLE('',#1281,23.);
#1281 = AXIS2_PLACEMENT_3D('',#1282,#1283,#1284);
#1282 = CARTESIAN_POINT('',(1.5,27.000000007362,42.));
#1283 = DIRECTION('',(0.,0.,1.));
#1284 = DIRECTION('',(1.,0.,0.));
#1285 = PCURVE('',#144,#1286);
#1286 = DEFINITIONAL_REPRESENTATION('',(#1287),#1291);
#1287 = CIRCLE('',#1288,23.);
#1288 = AXIS2_PLACEMENT_2D('',#1289,#1290);
#1289 = CARTESIAN_POINT('',(1.500000004541,-32.999999998));
#1290 = DIRECTION('',(1.,0.));
#1291 = ( GEOMETRIC_REPRESENTATION_CONTEXT(2) 
PARAMETRIC_REPRESENTATION_CONTEXT() REPRESENTATION_CONTEXT('2D SPACE',''
  ) );
#1292 = PCURVE('',#1293,#1298);
#1293 = CYLINDRICAL_SURFACE('',#1294,23.);
#1294 = AXIS2_PLACEMENT_3D('',#1295,#1296,#1297);
#1295 = CARTESIAN_POINT('',(1.5,27.000000007362,42.));
#1296 = DIRECTION('',(-0.,-0.,-1.));
#1297 = DIRECTION('',(1.,0.,0.));
#1298 = DEFINITIONAL_REPRESENTATION('',(#1299),#1303);
#1299 = LINE('',#1300,#1301);
#1300 = CARTESIAN_POINT('',(-0.,0.));
#1301 = VECTOR('',#1302,1.);
#1302 = DIRECTION('',(-1.,0.));
#1303 = ( GEOMETRIC_REPRESENTATION_CONTEXT(2) 
PARAMETRIC_REPRESENTATION_CONTEXT() REPRESENTATION_CONTEXT('2D SPACE',''
  ) );
#1304 = ORIENTED_EDGE('',*,*,#1305,.T.);
#1305 = EDGE_CURVE('',#1277,#1306,#1308,.T.);
#1306 = VERTEX_POINT('',#1307);
#1307 = CARTESIAN_POINT('',(31.999999997619,59.000000009765,42.));
#1308 = SURFACE_CURVE('',#1309,(#1314,#1321),.PCURVE_S1.);
#1309 = CIRCLE('',#1310,24.);
#1310 = AXIS2_PLACEMENT_3D('',#1311,#1312,#1313);
#1311 = CARTESIAN_POINT('',(7.999999995238,59.000000009765,42.));
#1312 = DIRECTION('',(0.,0.,1.));
#1313 = DIRECTION('',(1.,0.,0.));
#1314 = PCURVE('',#144,#1315);
#1315 = DEFINITIONAL_REPRESENTATION('',(#1316),#1320);
#1316 = CIRCLE('',#1317,24.);
#1317 = AXIS2_PLACEMENT_2D('',#1318,#1319);
#1318 = CARTESIAN_POINT('',(7.99999999978,-0.999999995604));
#1319 = DIRECTION('',(1.,0.));
#1320 = ( GEOMETRIC_REPRESENTATION_CONTEXT(2) 
PARAMETRIC_REPRESENTATION_CONTEXT() REPRESENTATION_CONTEXT('2D SPACE',''
  ) );
#1321 = PCURVE('',#1322,#1327);
#1322 = CYLINDRICAL_SURFACE('',#1323,24.);
#1323 = AXIS2_PLACEMENT_3D('',#1324,#1325,#1326);
#1324 = CARTESIAN_POINT('',(7.999999995238,59.000000009765,42.));
#1325 = DIRECTION('',(-0.,-0.,-1.));
#1326 = DIRECTION('',(1.,0.,0.));
#1327 = DEFINITIONAL_REPRESENTATION('',(#1328),#1332);
#1328 = LINE('',#1329,#1330);
#1329 = CARTESIAN_POINT('',(-0.,0.));
#1330 = VECTOR('',#1331,1.);
#1331 = DIRECTION('',(-1.,0.));
#1332 = ( GEOMETRIC_REPRESENTATION_CONTEXT(2) 
PARAMETRIC_REPRESENTATION_CONTEXT() REPRESENTATION_CONTEXT('2D SPACE',''
  ) );
#1333 = ORIENTED_EDGE('',*,*,#1334,.T.);
#1334 = EDGE_CURVE('',#1306,#1335,#1337,.T.);
#1335 = VERTEX_POINT('',#1336);
#1336 = CARTESIAN_POINT('',(32.,61.000000007345,42.));
#1337 = SURFACE_CURVE('',#1338,(#1342,#1349),.PCURVE_S1.);
#1338 = LINE('',#1339,#1340);
#1339 = CARTESIAN_POINT('',(32.,60.000000009765,42.));
#1340 = VECTOR('',#1341,1.);
#1341 = DIRECTION('',(0.,1.,0.));
#1342 = PCURVE('',#144,#1343);
#1343 = DEFINITIONAL_REPRESENTATION('',(#1344),#1348);
#1344 = LINE('',#1345,#1346);
#1345 = CARTESIAN_POINT('',(32.000000004541,4.3959076379E-09));
#1346 = VECTOR('',#1347,1.);
#1347 = DIRECTION('',(0.,1.));
#1348 = ( GEOMETRIC_REPRESENTATION_CONTEXT(2) 
PARAMETRIC_REPRESENTATION_CONTEXT() REPRESENTATION_CONTEXT('2D SPACE',''
  ) );
#1349 = PCURVE('',#1350,#1355);
#1350 = PLANE('',#1351);
#1351 = AXIS2_PLACEMENT_3D('',#1352,#1353,#1354);
#1352 = CARTESIAN_POINT('',(32.,59.000000009765,42.));
#1353 = DIRECTION('',(-1.,0.,0.));
#1354 = DIRECTION('',(0.,1.,0.));
#1355 = DEFINITIONAL_REPRESENTATION('',(#1356),#1360);
#1356 = LINE('',#1357,#1358);
#1357 = CARTESIAN_POINT('',(1.,0.));
#1358 = VECTOR('',#1359,1.);
#1359 = DIRECTION('',(1.,0.));
#1360 = ( GEOMETRIC_REPRESENTATION_CONTEXT(2) 
PARAMETRIC_REPRESENTATION_CONTEXT() REPRESENTATION_CONTEXT('2D SPACE',''
  ) );
#1361 = ORIENTED_EDGE('',*,*,#1362,.T.);
#1362 = EDGE_CURVE('',#1335,#1363,#1365,.T.);
#1363 = VERTEX_POINT('',#1364);
#1364 = CARTESIAN_POINT('',(8.,85.000000008555,42.));
#1365 = SURFACE_CURVE('',#1366,(#1371,#1378),.PCURVE_S1.);
#1366 = CIRCLE('',#1367,24.);
#1367 = AXIS2_PLACEMENT_3D('',#1368,#1369,#1370);
#1368 = CARTESIAN_POINT('',(8.,61.000000007345,42.));
#1369 = DIRECTION('',(0.,0.,1.));
#1370 = DIRECTION('',(1.,0.,0.));
#1371 = PCURVE('',#144,#1372);
#1372 = DEFINITIONAL_REPRESENTATION('',(#1373),#1377);
#1373 = CIRCLE('',#1374,24.);
#1374 = AXIS2_PLACEMENT_2D('',#1375,#1376);
#1375 = CARTESIAN_POINT('',(8.000000004541,1.000000001976));
#1376 = DIRECTION('',(1.,0.));
#1377 = ( GEOMETRIC_REPRESENTATION_CONTEXT(2) 
PARAMETRIC_REPRESENTATION_CONTEXT() REPRESENTATION_CONTEXT('2D SPACE',''
  ) );
#1378 = PCURVE('',#1379,#1384);
#1379 = CYLINDRICAL_SURFACE('',#1380,24.);
#1380 = AXIS2_PLACEMENT_3D('',#1381,#1382,#1383);
#1381 = CARTESIAN_POINT('',(8.,61.000000007345,42.));
#1382 = DIRECTION('',(-0.,-0.,-1.));
#1383 = DIRECTION('',(1.,0.,0.));
#1384 = DEFINITIONAL_REPRESENTATION('',(#1385),#1389);
#1385 = LINE('',#1386,#1387);
#1386 = CARTESIAN_POINT('',(-0.,0.));
#1387 = VECTOR('',#1388,1.);
#1388 = DIRECTION('',(-1.,0.));
#1389 = ( GEOMETRIC_REPRESENTATION_CONTEXT(2) 
PARAMETRIC_REPRESENTATION_CONTEXT() REPRESENTATION_CONTEXT('2D SPACE',''
  ) );
#1390 = ORIENTED_EDGE('',*,*,#1391,.F.);
#1391 = EDGE_CURVE('',#238,#1363,#1392,.T.);
#1392 = SURFACE_CURVE('',#1393,(#1397,#1404),.PCURVE_S1.);
#1393 = LINE('',#1394,#1395);
#1394 = CARTESIAN_POINT('',(0.,85.000000009765,42.));
#1395 = VECTOR('',#1396,1.);
#1396 = DIRECTION('',(1.,0.,0.));
#1397 = PCURVE('',#144,#1398);
#1398 = DEFINITIONAL_REPRESENTATION('',(#1399),#1403);
#1399 = LINE('',#1400,#1401);
#1400 = CARTESIAN_POINT('',(4.541314921844E-09,25.000000004396));
#1401 = VECTOR('',#1402,1.);
#1402 = DIRECTION('',(1.,0.));
#1403 = ( GEOMETRIC_REPRESENTATION_CONTEXT(2) 
PARAMETRIC_REPRESENTATION_CONTEXT() REPRESENTATION_CONTEXT('2D SPACE',''
  ) );
#1404 = PCURVE('',#255,#1405);
#1405 = DEFINITIONAL_REPRESENTATION('',(#1406),#1410);
#1406 = LINE('',#1407,#1408);
#1407 = CARTESIAN_POINT('',(8.,0.));
#1408 = VECTOR('',#1409,1.);
#1409 = DIRECTION('',(1.,0.));
#1410 = ( GEOMETRIC_REPRESENTATION_CONTEXT(2) 
PARAMETRIC_REPRESENTATION_CONTEXT() REPRESENTATION_CONTEXT('2D SPACE',''
  ) );
#1411 = ORIENTED_EDGE('',*,*,#290,.T.);
#1412 = FACE_BOUND('',#1413,.F.);
#1413 = EDGE_LOOP('',(#1414));
#1414 = ORIENTED_EDGE('',*,*,#1415,.F.);
#1415 = EDGE_CURVE('',#1416,#1416,#1418,.T.);
#1416 = VERTEX_POINT('',#1417);
#1417 = CARTESIAN_POINT('',(-18.3,15.,42.));
#1418 = SURFACE_CURVE('',#1419,(#1424,#1431),.PCURVE_S1.);
#1419 = CIRCLE('',#1420,1.2);
#1420 = AXIS2_PLACEMENT_3D('',#1421,#1422,#1423);
#1421 = CARTESIAN_POINT('',(-19.5,15.,42.));
#1422 = DIRECTION('',(0.,0.,1.));
#1423 = DIRECTION('',(1.,0.,-0.));
#1424 = PCURVE('',#144,#1425);
#1425 = DEFINITIONAL_REPRESENTATION('',(#1426),#1430);
#1426 = CIRCLE('',#1427,1.2);
#1427 = AXIS2_PLACEMENT_2D('',#1428,#1429);
#1428 = CARTESIAN_POINT('',(-19.49999999545,-45.00000000536));
#1429 = DIRECTION('',(1.,0.));
#1430 = ( GEOMETRIC_REPRESENTATION_CONTEXT(2) 
PARAMETRIC_REPRESENTATION_CONTEXT() REPRESENTATION_CONTEXT('2D SPACE',''
  ) );
#1431 = PCURVE('',#1432,#1437);
#1432 = CYLINDRICAL_SURFACE('',#1433,1.2);
#1433 = AXIS2_PLACEMENT_3D('',#1434,#1435,#1436);
#1434 = CARTESIAN_POINT('',(-19.5,15.,38.));
#1435 = DIRECTION('',(0.,0.,1.));
#1436 = DIRECTION('',(1.,0.,-0.));
#1437 = DEFINITIONAL_REPRESENTATION('',(#1438),#1442);
#1438 = LINE('',#1439,#1440);
#1439 = CARTESIAN_POINT('',(0.,4.));
#1440 = VECTOR('',#1441,1.);
#1441 = DIRECTION('',(1.,0.));
#1442 = ( GEOMETRIC_REPRESENTATION_CONTEXT(2) 
PARAMETRIC_REPRESENTATION_CONTEXT() REPRESENTATION_CONTEXT('2D SPACE',''
  ) );
#1443 = FACE_BOUND('',#1444,.F.);
#1444 = EDGE_LOOP('',(#1445,#1473,#1499,#1525));
#1445 = ORIENTED_EDGE('',*,*,#1446,.T.);
#1446 = EDGE_CURVE('',#1447,#1449,#1451,.T.);
#1447 = VERTEX_POINT('',#1448);
#1448 = CARTESIAN_POINT('',(-12.1,13.,42.));
#1449 = VERTEX_POINT('',#1450);
#1450 = CARTESIAN_POINT('',(-13.5,13.,42.));
#1451 = SURFACE_CURVE('',#1452,(#1456,#1462),.PCURVE_S1.);
#1452 = LINE('',#1453,#1454);
#1453 = CARTESIAN_POINT('',(-6.750000002271,13.,42.));
#1454 = VECTOR('',#1455,1.);
#1455 = DIRECTION('',(-1.,-0.,0.));
#1456 = PCURVE('',#144,#1457);
#1457 = DEFINITIONAL_REPRESENTATION('',(#1458),#1461);
#1458 = B_SPLINE_CURVE_WITH_KNOTS('',1,(#1459,#1460),.UNSPECIFIED.,.F.,
  .F.,(2,2),(5.349999997729,6.749999997729),.PIECEWISE_BEZIER_KNOTS.);
#1459 = CARTESIAN_POINT('',(-12.09999999545,-47.00000000536));
#1460 = CARTESIAN_POINT('',(-13.49999999545,-47.00000000536));
#1461 = ( GEOMETRIC_REPRESENTATION_CONTEXT(2) 
PARAMETRIC_REPRESENTATION_CONTEXT() REPRESENTATION_CONTEXT('2D SPACE',''
  ) );
#1462 = PCURVE('',#1463,#1468);
#1463 = PLANE('',#1464);
#1464 = AXIS2_PLACEMENT_3D('',#1465,#1466,#1467);
#1465 = CARTESIAN_POINT('',(-13.5,13.,41.5));
#1466 = DIRECTION('',(-0.,1.,0.));
#1467 = DIRECTION('',(0.,0.,1.));
#1468 = DEFINITIONAL_REPRESENTATION('',(#1469),#1472);
#1469 = B_SPLINE_CURVE_WITH_KNOTS('',1,(#1470,#1471),.UNSPECIFIED.,.F.,
  .F.,(2,2),(5.349999997729,6.749999997729),.PIECEWISE_BEZIER_KNOTS.);
#1470 = CARTESIAN_POINT('',(0.5,1.4));
#1471 = CARTESIAN_POINT('',(0.5,0.));
#1472 = ( GEOMETRIC_REPRESENTATION_CONTEXT(2) 
PARAMETRIC_REPRESENTATION_CONTEXT() REPRESENTATION_CONTEXT('2D SPACE',''
  ) );
#1473 = ORIENTED_EDGE('',*,*,#1474,.T.);
#1474 = EDGE_CURVE('',#1449,#1475,#1477,.T.);
#1475 = VERTEX_POINT('',#1476);
#1476 = CARTESIAN_POINT('',(-13.5,14.6,42.));
#1477 = SURFACE_CURVE('',#1478,(#1482,#1488),.PCURVE_S1.);
#1478 = LINE('',#1479,#1480);
#1479 = CARTESIAN_POINT('',(-13.5,36.500000002684,42.));
#1480 = VECTOR('',#1481,1.);
#1481 = DIRECTION('',(-0.,1.,0.));
#1482 = PCURVE('',#144,#1483);
#1483 = DEFINITIONAL_REPRESENTATION('',(#1484),#1487);
#1484 = B_SPLINE_CURVE_WITH_KNOTS('',1,(#1485,#1486),.UNSPECIFIED.,.F.,
  .F.,(2,2),(-23.50000000268,-21.90000000268),.PIECEWISE_BEZIER_KNOTS.);
#1485 = CARTESIAN_POINT('',(-13.49999999545,-47.00000000536));
#1486 = CARTESIAN_POINT('',(-13.49999999545,-45.40000000536));
#1487 = ( GEOMETRIC_REPRESENTATION_CONTEXT(2) 
PARAMETRIC_REPRESENTATION_CONTEXT() REPRESENTATION_CONTEXT('2D SPACE',''
  ) );
#1488 = PCURVE('',#1489,#1494);
#1489 = PLANE('',#1490);
#1490 = AXIS2_PLACEMENT_3D('',#1491,#1492,#1493);
#1491 = CARTESIAN_POINT('',(-13.5,13.,41.5));
#1492 = DIRECTION('',(1.,0.,-0.));
#1493 = DIRECTION('',(0.,0.,1.));
#1494 = DEFINITIONAL_REPRESENTATION('',(#1495),#1498);
#1495 = B_SPLINE_CURVE_WITH_KNOTS('',1,(#1496,#1497),.UNSPECIFIED.,.F.,
  .F.,(2,2),(-23.50000000268,-21.90000000268),.PIECEWISE_BEZIER_KNOTS.);
#1496 = CARTESIAN_POINT('',(0.5,0.));
#1497 = CARTESIAN_POINT('',(0.5,-1.6));
#1498 = ( GEOMETRIC_REPRESENTATION_CONTEXT(2) 
PARAMETRIC_REPRESENTATION_CONTEXT() REPRESENTATION_CONTEXT('2D SPACE',''
  ) );
#1499 = ORIENTED_EDGE('',*,*,#1500,.F.);
#1500 = EDGE_CURVE('',#1501,#1475,#1503,.T.);
#1501 = VERTEX_POINT('',#1502);
#1502 = CARTESIAN_POINT('',(-12.1,14.6,42.));
#1503 = SURFACE_CURVE('',#1504,(#1508,#1514),.PCURVE_S1.);
#1504 = LINE('',#1505,#1506);
#1505 = CARTESIAN_POINT('',(-6.750000002271,14.6,42.));
#1506 = VECTOR('',#1507,1.);
#1507 = DIRECTION('',(-1.,-0.,0.));
#1508 = PCURVE('',#144,#1509);
#1509 = DEFINITIONAL_REPRESENTATION('',(#1510),#1513);
#1510 = B_SPLINE_CURVE_WITH_KNOTS('',1,(#1511,#1512),.UNSPECIFIED.,.F.,
  .F.,(2,2),(5.349999997729,6.749999997729),.PIECEWISE_BEZIER_KNOTS.);
#1511 = CARTESIAN_POINT('',(-12.09999999545,-45.40000000536));
#1512 = CARTESIAN_POINT('',(-13.49999999545,-45.40000000536));
#1513 = ( GEOMETRIC_REPRESENTATION_CONTEXT(2) 
PARAMETRIC_REPRESENTATION_CONTEXT() REPRESENTATION_CONTEXT('2D SPACE',''
  ) );
#1514 = PCURVE('',#1515,#1520);
#1515 = PLANE('',#1516);
#1516 = AXIS2_PLACEMENT_3D('',#1517,#1518,#1519);
#1517 = CARTESIAN_POINT('',(-13.5,14.6,41.5));
#1518 = DIRECTION('',(-0.,1.,0.));
#1519 = DIRECTION('',(0.,0.,1.));
#1520 = DEFINITIONAL_REPRESENTATION('',(#1521),#1524);
#1521 = B_SPLINE_CURVE_WITH_KNOTS('',1,(#1522,#1523),.UNSPECIFIED.,.F.,
  .F.,(2,2),(5.349999997729,6.749999997729),.PIECEWISE_BEZIER_KNOTS.);
#1522 = CARTESIAN_POINT('',(0.5,1.4));
#1523 = CARTESIAN_POINT('',(0.5,0.));
#1524 = ( GEOMETRIC_REPRESENTATION_CONTEXT(2) 
PARAMETRIC_REPRESENTATION_CONTEXT() REPRESENTATION_CONTEXT('2D SPACE',''
  ) );
#1525 = ORIENTED_EDGE('',*,*,#1526,.F.);
#1526 = EDGE_CURVE('',#1447,#1501,#1527,.T.);
#1527 = SURFACE_CURVE('',#1528,(#1532,#1538),.PCURVE_S1.);
#1528 = LINE('',#1529,#1530);
#1529 = CARTESIAN_POINT('',(-12.1,36.500000002684,42.));
#1530 = VECTOR('',#1531,1.);
#1531 = DIRECTION('',(-0.,1.,0.));
#1532 = PCURVE('',#144,#1533);
#1533 = DEFINITIONAL_REPRESENTATION('',(#1534),#1537);
#1534 = B_SPLINE_CURVE_WITH_KNOTS('',1,(#1535,#1536),.UNSPECIFIED.,.F.,
  .F.,(2,2),(-23.50000000268,-21.90000000268),.PIECEWISE_BEZIER_KNOTS.);
#1535 = CARTESIAN_POINT('',(-12.09999999545,-47.00000000536));
#1536 = CARTESIAN_POINT('',(-12.09999999545,-45.40000000536));
#1537 = ( GEOMETRIC_REPRESENTATION_CONTEXT(2) 
PARAMETRIC_REPRESENTATION_CONTEXT() REPRESENTATION_CONTEXT('2D SPACE',''
  ) );
#1538 = PCURVE('',#1539,#1544);
#1539 = PLANE('',#1540);
#1540 = AXIS2_PLACEMENT_3D('',#1541,#1542,#1543);
#1541 = CARTESIAN_POINT('',(-12.1,13.,41.5));
#1542 = DIRECTION('',(1.,0.,-0.));
#1543 = DIRECTION('',(0.,0.,1.));
#1544 = DEFINITIONAL_REPRESENTATION('',(#1545),#1548);
#1545 = B_SPLINE_CURVE_WITH_KNOTS('',1,(#1546,#1547),.UNSPECIFIED.,.F.,
  .F.,(2,2),(-23.50000000268,-21.90000000268),.PIECEWISE_BEZIER_KNOTS.);
#1546 = CARTESIAN_POINT('',(0.5,0.));
#1547 = CARTESIAN_POINT('',(0.5,-1.6));
#1548 = ( GEOMETRIC_REPRESENTATION_CONTEXT(2) 
PARAMETRIC_REPRESENTATION_CONTEXT() REPRESENTATION_CONTEXT('2D SPACE',''
  ) );
#1549 = FACE_BOUND('',#1550,.F.);
#1550 = EDGE_LOOP('',(#1551,#1579,#1612,#1638,#1671,#1697,#1730,#1756));
#1551 = ORIENTED_EDGE('',*,*,#1552,.F.);
#1552 = EDGE_CURVE('',#1553,#1555,#1557,.T.);
#1553 = VERTEX_POINT('',#1554);
#1554 = CARTESIAN_POINT('',(-8.,25.299999948861,42.));
#1555 = VERTEX_POINT('',#1556);
#1556 = CARTESIAN_POINT('',(-8.,15.3,42.));
#1557 = SURFACE_CURVE('',#1558,(#1562,#1568),.PCURVE_S1.);
#1558 = LINE('',#1559,#1560);
#1559 = CARTESIAN_POINT('',(-8.,37.650000002684,42.));
#1560 = VECTOR('',#1561,1.);
#1561 = DIRECTION('',(0.,-1.,0.));
#1562 = PCURVE('',#144,#1563);
#1563 = DEFINITIONAL_REPRESENTATION('',(#1564),#1567);
#1564 = B_SPLINE_CURVE_WITH_KNOTS('',1,(#1565,#1566),.UNSPECIFIED.,.F.,
  .F.,(2,2),(12.350000053824,22.350000002684),.PIECEWISE_BEZIER_KNOTS.);
#1565 = CARTESIAN_POINT('',(-7.999999995459,-34.7000000565));
#1566 = CARTESIAN_POINT('',(-7.999999995459,-44.70000000536));
#1567 = ( GEOMETRIC_REPRESENTATION_CONTEXT(2) 
PARAMETRIC_REPRESENTATION_CONTEXT() REPRESENTATION_CONTEXT('2D SPACE',''
  ) );
#1568 = PCURVE('',#1569,#1574);
#1569 = PLANE('',#1570);
#1570 = AXIS2_PLACEMENT_3D('',#1571,#1572,#1573);
#1571 = CARTESIAN_POINT('',(-8.,15.3,38.));
#1572 = DIRECTION('',(-1.,0.,0.));
#1573 = DIRECTION('',(0.,1.,0.));
#1574 = DEFINITIONAL_REPRESENTATION('',(#1575),#1578);
#1575 = B_SPLINE_CURVE_WITH_KNOTS('',1,(#1576,#1577),.UNSPECIFIED.,.F.,
  .F.,(2,2),(12.350000053824,22.350000002684),.PIECEWISE_BEZIER_KNOTS.);
#1576 = CARTESIAN_POINT('',(9.999999948861,-4.));
#1577 = CARTESIAN_POINT('',(0.,-4.));
#1578 = ( GEOMETRIC_REPRESENTATION_CONTEXT(2) 
PARAMETRIC_REPRESENTATION_CONTEXT() REPRESENTATION_CONTEXT('2D SPACE',''
  ) );
#1579 = ORIENTED_EDGE('',*,*,#1580,.T.);
#1580 = EDGE_CURVE('',#1553,#1581,#1583,.T.);
#1581 = VERTEX_POINT('',#1582);
#1582 = CARTESIAN_POINT('',(-6.,27.29999997443,42.));
#1583 = SURFACE_CURVE('',#1584,(#1589,#1600),.PCURVE_S1.);
#1584 = CIRCLE('',#1585,2.);
#1585 = AXIS2_PLACEMENT_3D('',#1586,#1587,#1588);
#1586 = CARTESIAN_POINT('',(-6.,25.299999948861,42.));
#1587 = DIRECTION('',(0.,0.,-1.));
#1588 = DIRECTION('',(-1.,0.,0.));
#1589 = PCURVE('',#144,#1590);
#1590 = DEFINITIONAL_REPRESENTATION('',(#1591),#1599);
#1591 = ( BOUNDED_CURVE() B_SPLINE_CURVE(2,(#1592,#1593,#1594,#1595,
#1596,#1597,#1598),.UNSPECIFIED.,.T.,.F.) B_SPLINE_CURVE_WITH_KNOTS((1,2
    ,2,2,2,1),(-2.094395102393,0.,2.094395102393,4.188790204786,
6.28318530718,8.377580409573),.UNSPECIFIED.) CURVE() 
GEOMETRIC_REPRESENTATION_ITEM() RATIONAL_B_SPLINE_CURVE((1.,0.5,1.,0.5,
1.,0.5,1.)) REPRESENTATION_ITEM('') );
#1592 = CARTESIAN_POINT('',(-7.999999995459,-34.7000000565));
#1593 = CARTESIAN_POINT('',(-7.999999995459,-31.23589844137));
#1594 = CARTESIAN_POINT('',(-4.999999995459,-32.96794924894));
#1595 = CARTESIAN_POINT('',(-1.999999995459,-34.7000000565));
#1596 = CARTESIAN_POINT('',(-4.999999995459,-36.43205086407));
#1597 = CARTESIAN_POINT('',(-7.999999995459,-38.16410167164));
#1598 = CARTESIAN_POINT('',(-7.999999995459,-34.7000000565));
#1599 = ( GEOMETRIC_REPRESENTATION_CONTEXT(2) 
PARAMETRIC_REPRESENTATION_CONTEXT() REPRESENTATION_CONTEXT('2D SPACE',''
  ) );
#1600 = PCURVE('',#1601,#1606);
#1601 = CYLINDRICAL_SURFACE('',#1602,2.);
#1602 = AXIS2_PLACEMENT_3D('',#1603,#1604,#1605);
#1603 = CARTESIAN_POINT('',(-6.,25.299999948861,38.));
#1604 = DIRECTION('',(0.,0.,-1.));
#1605 = DIRECTION('',(-1.,0.,0.));
#1606 = DEFINITIONAL_REPRESENTATION('',(#1607),#1611);
#1607 = LINE('',#1608,#1609);
#1608 = CARTESIAN_POINT('',(0.,-4.));
#1609 = VECTOR('',#1610,1.);
#1610 = DIRECTION('',(1.,0.));
#1611 = ( GEOMETRIC_REPRESENTATION_CONTEXT(2) 
PARAMETRIC_REPRESENTATION_CONTEXT() REPRESENTATION_CONTEXT('2D SPACE',''
  ) );
#1612 = ORIENTED_EDGE('',*,*,#1613,.F.);
#1613 = EDGE_CURVE('',#1614,#1581,#1616,.T.);
#1614 = VERTEX_POINT('',#1615);
#1615 = CARTESIAN_POINT('',(6.,27.29999997443,42.));
#1616 = SURFACE_CURVE('',#1617,(#1621,#1627),.PCURVE_S1.);
#1617 = LINE('',#1618,#1619);
#1618 = CARTESIAN_POINT('',(-3.000000002271,27.3,42.));
#1619 = VECTOR('',#1620,1.);
#1620 = DIRECTION('',(-1.,0.,0.));
#1621 = PCURVE('',#144,#1622);
#1622 = DEFINITIONAL_REPRESENTATION('',(#1623),#1626);
#1623 = B_SPLINE_CURVE_WITH_KNOTS('',1,(#1624,#1625),.UNSPECIFIED.,.F.,
  .F.,(2,2),(-9.000000002271,2.999999997729),.PIECEWISE_BEZIER_KNOTS.);
#1624 = CARTESIAN_POINT('',(6.000000004541,-32.70000000536));
#1625 = CARTESIAN_POINT('',(-5.999999995459,-32.70000000536));
#1626 = ( GEOMETRIC_REPRESENTATION_CONTEXT(2) 
PARAMETRIC_REPRESENTATION_CONTEXT() REPRESENTATION_CONTEXT('2D SPACE',''
  ) );
#1627 = PCURVE('',#1628,#1633);
#1628 = PLANE('',#1629);
#1629 = AXIS2_PLACEMENT_3D('',#1630,#1631,#1632);
#1630 = CARTESIAN_POINT('',(-6.,27.3,38.));
#1631 = DIRECTION('',(0.,1.,0.));
#1632 = DIRECTION('',(1.,0.,0.));
#1633 = DEFINITIONAL_REPRESENTATION('',(#1634),#1637);
#1634 = B_SPLINE_CURVE_WITH_KNOTS('',1,(#1635,#1636),.UNSPECIFIED.,.F.,
  .F.,(2,2),(-9.000000002271,2.999999997729),.PIECEWISE_BEZIER_KNOTS.);
#1635 = CARTESIAN_POINT('',(12.,-4.));
#1636 = CARTESIAN_POINT('',(0.,-4.));
#1637 = ( GEOMETRIC_REPRESENTATION_CONTEXT(2) 
PARAMETRIC_REPRESENTATION_CONTEXT() REPRESENTATION_CONTEXT('2D SPACE',''
  ) );
#1638 = ORIENTED_EDGE('',*,*,#1639,.T.);
#1639 = EDGE_CURVE('',#1614,#1640,#1642,.T.);
#1640 = VERTEX_POINT('',#1641);
#1641 = CARTESIAN_POINT('',(8.,25.299999948861,42.));
#1642 = SURFACE_CURVE('',#1643,(#1648,#1659),.PCURVE_S1.);
#1643 = CIRCLE('',#1644,2.);
#1644 = AXIS2_PLACEMENT_3D('',#1645,#1646,#1647);
#1645 = CARTESIAN_POINT('',(6.,25.299999948861,42.));
#1646 = DIRECTION('',(0.,0.,-1.));
#1647 = DIRECTION('',(-1.,0.,0.));
#1648 = PCURVE('',#144,#1649);
#1649 = DEFINITIONAL_REPRESENTATION('',(#1650),#1658);
#1650 = ( BOUNDED_CURVE() B_SPLINE_CURVE(2,(#1651,#1652,#1653,#1654,
#1655,#1656,#1657),.UNSPECIFIED.,.T.,.F.) B_SPLINE_CURVE_WITH_KNOTS((1,2
    ,2,2,2,1),(-2.094395102393,0.,2.094395102393,4.188790204786,
6.28318530718,8.377580409573),.UNSPECIFIED.) CURVE() 
GEOMETRIC_REPRESENTATION_ITEM() RATIONAL_B_SPLINE_CURVE((1.,0.5,1.,0.5,
1.,0.5,1.)) REPRESENTATION_ITEM('') );
#1651 = CARTESIAN_POINT('',(4.000000004541,-34.7000000565));
#1652 = CARTESIAN_POINT('',(4.000000004541,-31.23589844137));
#1653 = CARTESIAN_POINT('',(7.000000004541,-32.96794924894));
#1654 = CARTESIAN_POINT('',(10.000000004541,-34.7000000565));
#1655 = CARTESIAN_POINT('',(7.000000004541,-36.43205086407));
#1656 = CARTESIAN_POINT('',(4.000000004541,-38.16410167164));
#1657 = CARTESIAN_POINT('',(4.000000004541,-34.7000000565));
#1658 = ( GEOMETRIC_REPRESENTATION_CONTEXT(2) 
PARAMETRIC_REPRESENTATION_CONTEXT() REPRESENTATION_CONTEXT('2D SPACE',''
  ) );
#1659 = PCURVE('',#1660,#1665);
#1660 = CYLINDRICAL_SURFACE('',#1661,2.);
#1661 = AXIS2_PLACEMENT_3D('',#1662,#1663,#1664);
#1662 = CARTESIAN_POINT('',(6.,25.299999948861,38.));
#1663 = DIRECTION('',(0.,0.,-1.));
#1664 = DIRECTION('',(-1.,0.,0.));
#1665 = DEFINITIONAL_REPRESENTATION('',(#1666),#1670);
#1666 = LINE('',#1667,#1668);
#1667 = CARTESIAN_POINT('',(0.,-4.));
#1668 = VECTOR('',#1669,1.);
#1669 = DIRECTION('',(1.,0.));
#1670 = ( GEOMETRIC_REPRESENTATION_CONTEXT(2) 
PARAMETRIC_REPRESENTATION_CONTEXT() REPRESENTATION_CONTEXT('2D SPACE',''
  ) );
#1671 = ORIENTED_EDGE('',*,*,#1672,.T.);
#1672 = EDGE_CURVE('',#1640,#1673,#1675,.T.);
#1673 = VERTEX_POINT('',#1674);
#1674 = CARTESIAN_POINT('',(7.999999963746,15.3,42.));
#1675 = SURFACE_CURVE('',#1676,(#1680,#1686),.PCURVE_S1.);
#1676 = LINE('',#1677,#1678);
#1677 = CARTESIAN_POINT('',(8.,37.650000002684,42.));
#1678 = VECTOR('',#1679,1.);
#1679 = DIRECTION('',(0.,-1.,0.));
#1680 = PCURVE('',#144,#1681);
#1681 = DEFINITIONAL_REPRESENTATION('',(#1682),#1685);
#1682 = B_SPLINE_CURVE_WITH_KNOTS('',1,(#1683,#1684),.UNSPECIFIED.,.F.,
  .F.,(2,2),(12.350000053824,22.350000002684),.PIECEWISE_BEZIER_KNOTS.);
#1683 = CARTESIAN_POINT('',(8.000000004541,-34.7000000565));
#1684 = CARTESIAN_POINT('',(8.000000004541,-44.70000000536));
#1685 = ( GEOMETRIC_REPRESENTATION_CONTEXT(2) 
PARAMETRIC_REPRESENTATION_CONTEXT() REPRESENTATION_CONTEXT('2D SPACE',''
  ) );
#1686 = PCURVE('',#1687,#1692);
#1687 = PLANE('',#1688);
#1688 = AXIS2_PLACEMENT_3D('',#1689,#1690,#1691);
#1689 = CARTESIAN_POINT('',(8.,15.3,38.));
#1690 = DIRECTION('',(-1.,0.,0.));
#1691 = DIRECTION('',(0.,1.,0.));
#1692 = DEFINITIONAL_REPRESENTATION('',(#1693),#1696);
#1693 = B_SPLINE_CURVE_WITH_KNOTS('',1,(#1694,#1695),.UNSPECIFIED.,.F.,
  .F.,(2,2),(12.350000053824,22.350000002684),.PIECEWISE_BEZIER_KNOTS.);
#1694 = CARTESIAN_POINT('',(9.999999948861,-4.));
#1695 = CARTESIAN_POINT('',(0.,-4.));
#1696 = ( GEOMETRIC_REPRESENTATION_CONTEXT(2) 
PARAMETRIC_REPRESENTATION_CONTEXT() REPRESENTATION_CONTEXT('2D SPACE',''
  ) );
#1697 = ORIENTED_EDGE('',*,*,#1698,.T.);
#1698 = EDGE_CURVE('',#1673,#1699,#1701,.T.);
#1699 = VERTEX_POINT('',#1700);
#1700 = CARTESIAN_POINT('',(5.999999927492,13.3,42.));
#1701 = SURFACE_CURVE('',#1702,(#1707,#1718),.PCURVE_S1.);
#1702 = CIRCLE('',#1703,2.);
#1703 = AXIS2_PLACEMENT_3D('',#1704,#1705,#1706);
#1704 = CARTESIAN_POINT('',(5.999999927492,15.3,42.));
#1705 = DIRECTION('',(0.,0.,-1.));
#1706 = DIRECTION('',(-1.,0.,0.));
#1707 = PCURVE('',#144,#1708);
#1708 = DEFINITIONAL_REPRESENTATION('',(#1709),#1717);
#1709 = ( BOUNDED_CURVE() B_SPLINE_CURVE(2,(#1710,#1711,#1712,#1713,
#1714,#1715,#1716),.UNSPECIFIED.,.T.,.F.) B_SPLINE_CURVE_WITH_KNOTS((1,2
    ,2,2,2,1),(-2.094395102393,0.,2.094395102393,4.188790204786,
6.28318530718,8.377580409573),.UNSPECIFIED.) CURVE() 
GEOMETRIC_REPRESENTATION_ITEM() RATIONAL_B_SPLINE_CURVE((1.,0.5,1.,0.5,
1.,0.5,1.)) REPRESENTATION_ITEM('') );
#1710 = CARTESIAN_POINT('',(3.999999932034,-44.70000000536));
#1711 = CARTESIAN_POINT('',(3.999999932034,-41.23589839023));
#1712 = CARTESIAN_POINT('',(6.999999932034,-42.9679491978));
#1713 = CARTESIAN_POINT('',(9.999999932034,-44.70000000536));
#1714 = CARTESIAN_POINT('',(6.999999932034,-46.43205081293));
#1715 = CARTESIAN_POINT('',(3.999999932034,-48.1641016205));
#1716 = CARTESIAN_POINT('',(3.999999932034,-44.70000000536));
#1717 = ( GEOMETRIC_REPRESENTATION_CONTEXT(2) 
PARAMETRIC_REPRESENTATION_CONTEXT() REPRESENTATION_CONTEXT('2D SPACE',''
  ) );
#1718 = PCURVE('',#1719,#1724);
#1719 = CYLINDRICAL_SURFACE('',#1720,2.);
#1720 = AXIS2_PLACEMENT_3D('',#1721,#1722,#1723);
#1721 = CARTESIAN_POINT('',(5.999999927492,15.3,38.));
#1722 = DIRECTION('',(0.,0.,-1.));
#1723 = DIRECTION('',(-1.,0.,0.));
#1724 = DEFINITIONAL_REPRESENTATION('',(#1725),#1729);
#1725 = LINE('',#1726,#1727);
#1726 = CARTESIAN_POINT('',(0.,-4.));
#1727 = VECTOR('',#1728,1.);
#1728 = DIRECTION('',(1.,0.));
#1729 = ( GEOMETRIC_REPRESENTATION_CONTEXT(2) 
PARAMETRIC_REPRESENTATION_CONTEXT() REPRESENTATION_CONTEXT('2D SPACE',''
  ) );
#1730 = ORIENTED_EDGE('',*,*,#1731,.T.);
#1731 = EDGE_CURVE('',#1699,#1732,#1734,.T.);
#1732 = VERTEX_POINT('',#1733);
#1733 = CARTESIAN_POINT('',(-6.,13.3,42.));
#1734 = SURFACE_CURVE('',#1735,(#1739,#1745),.PCURVE_S1.);
#1735 = LINE('',#1736,#1737);
#1736 = CARTESIAN_POINT('',(-3.000000002271,13.3,42.));
#1737 = VECTOR('',#1738,1.);
#1738 = DIRECTION('',(-1.,0.,0.));
#1739 = PCURVE('',#144,#1740);
#1740 = DEFINITIONAL_REPRESENTATION('',(#1741),#1744);
#1741 = B_SPLINE_CURVE_WITH_KNOTS('',1,(#1742,#1743),.UNSPECIFIED.,.F.,
  .F.,(2,2),(-8.999999929763,2.999999997729),.PIECEWISE_BEZIER_KNOTS.);
#1742 = CARTESIAN_POINT('',(5.999999932034,-46.70000000536));
#1743 = CARTESIAN_POINT('',(-5.999999995459,-46.70000000536));
#1744 = ( GEOMETRIC_REPRESENTATION_CONTEXT(2) 
PARAMETRIC_REPRESENTATION_CONTEXT() REPRESENTATION_CONTEXT('2D SPACE',''
  ) );
#1745 = PCURVE('',#1746,#1751);
#1746 = PLANE('',#1747);
#1747 = AXIS2_PLACEMENT_3D('',#1748,#1749,#1750);
#1748 = CARTESIAN_POINT('',(-6.,13.3,38.));
#1749 = DIRECTION('',(0.,1.,0.));
#1750 = DIRECTION('',(1.,0.,0.));
#1751 = DEFINITIONAL_REPRESENTATION('',(#1752),#1755);
#1752 = B_SPLINE_CURVE_WITH_KNOTS('',1,(#1753,#1754),.UNSPECIFIED.,.F.,
  .F.,(2,2),(-8.999999929763,2.999999997729),.PIECEWISE_BEZIER_KNOTS.);
#1753 = CARTESIAN_POINT('',(11.999999927492,-4.));
#1754 = CARTESIAN_POINT('',(0.,-4.));
#1755 = ( GEOMETRIC_REPRESENTATION_CONTEXT(2) 
PARAMETRIC_REPRESENTATION_CONTEXT() REPRESENTATION_CONTEXT('2D SPACE',''
  ) );
#1756 = ORIENTED_EDGE('',*,*,#1757,.T.);
#1757 = EDGE_CURVE('',#1732,#1555,#1758,.T.);
#1758 = SURFACE_CURVE('',#1759,(#1764,#1775),.PCURVE_S1.);
#1759 = CIRCLE('',#1760,2.);
#1760 = AXIS2_PLACEMENT_3D('',#1761,#1762,#1763);
#1761 = CARTESIAN_POINT('',(-6.,15.3,42.));
#1762 = DIRECTION('',(0.,0.,-1.));
#1763 = DIRECTION('',(-1.,0.,0.));
#1764 = PCURVE('',#144,#1765);
#1765 = DEFINITIONAL_REPRESENTATION('',(#1766),#1774);
#1766 = ( BOUNDED_CURVE() B_SPLINE_CURVE(2,(#1767,#1768,#1769,#1770,
#1771,#1772,#1773),.UNSPECIFIED.,.T.,.F.) B_SPLINE_CURVE_WITH_KNOTS((1,2
    ,2,2,2,1),(-2.094395102393,0.,2.094395102393,4.188790204786,
6.28318530718,8.377580409573),.UNSPECIFIED.) CURVE() 
GEOMETRIC_REPRESENTATION_ITEM() RATIONAL_B_SPLINE_CURVE((1.,0.5,1.,0.5,
1.,0.5,1.)) REPRESENTATION_ITEM('') );
#1767 = CARTESIAN_POINT('',(-7.999999995459,-44.70000000536));
#1768 = CARTESIAN_POINT('',(-7.999999995459,-41.23589839023));
#1769 = CARTESIAN_POINT('',(-4.999999995459,-42.9679491978));
#1770 = CARTESIAN_POINT('',(-1.999999995459,-44.70000000536));
#1771 = CARTESIAN_POINT('',(-4.999999995459,-46.43205081293));
#1772 = CARTESIAN_POINT('',(-7.999999995459,-48.1641016205));
#1773 = CARTESIAN_POINT('',(-7.999999995459,-44.70000000536));
#1774 = ( GEOMETRIC_REPRESENTATION_CONTEXT(2) 
PARAMETRIC_REPRESENTATION_CONTEXT() REPRESENTATION_CONTEXT('2D SPACE',''
  ) );
#1775 = PCURVE('',#1776,#1781);
#1776 = CYLINDRICAL_SURFACE('',#1777,2.);
#1777 = AXIS2_PLACEMENT_3D('',#1778,#1779,#1780);
#1778 = CARTESIAN_POINT('',(-6.,15.3,38.));
#1779 = DIRECTION('',(0.,0.,-1.));
#1780 = DIRECTION('',(-1.,0.,0.));
#1781 = DEFINITIONAL_REPRESENTATION('',(#1782),#1786);
#1782 = LINE('',#1783,#1784);
#1783 = CARTESIAN_POINT('',(0.,-4.));
#1784 = VECTOR('',#1785,1.);
#1785 = DIRECTION('',(1.,0.));
#1786 = ( GEOMETRIC_REPRESENTATION_CONTEXT(2) 
PARAMETRIC_REPRESENTATION_CONTEXT() REPRESENTATION_CONTEXT('2D SPACE',''
  ) );
#1787 = FACE_BOUND('',#1788,.F.);
#1788 = EDGE_LOOP('',(#1789,#1824,#1853,#1886,#1913,#1946,#1979,#2006,
    #2039,#2068,#2095,#2128,#2161));
#1789 = ORIENTED_EDGE('',*,*,#1790,.F.);
#1790 = EDGE_CURVE('',#1791,#1793,#1795,.T.);
#1791 = VERTEX_POINT('',#1792);
#1792 = CARTESIAN_POINT('',(-19.19040050761,18.636845907419,42.));
#1793 = VERTEX_POINT('',#1794);
#1794 = CARTESIAN_POINT('',(-20.3,24.999999990127,42.));
#1795 = SURFACE_CURVE('',#1796,(#1801,#1812),.PCURVE_S1.);
#1796 = CIRCLE('',#1797,18.8);
#1797 = AXIS2_PLACEMENT_3D('',#1798,#1799,#1800);
#1798 = CARTESIAN_POINT('',(-1.5,24.999999990127,42.));
#1799 = DIRECTION('',(0.,0.,-1.));
#1800 = DIRECTION('',(-1.,0.,0.));
#1801 = PCURVE('',#144,#1802);
#1802 = DEFINITIONAL_REPRESENTATION('',(#1803),#1811);
#1803 = ( BOUNDED_CURVE() B_SPLINE_CURVE(2,(#1804,#1805,#1806,#1807,
#1808,#1809,#1810),.UNSPECIFIED.,.T.,.F.) B_SPLINE_CURVE_WITH_KNOTS((1,2
    ,2,2,2,1),(-2.094395102393,0.,2.094395102393,4.188790204786,
6.28318530718,8.377580409573),.UNSPECIFIED.) CURVE() 
GEOMETRIC_REPRESENTATION_ITEM() RATIONAL_B_SPLINE_CURVE((1.,0.5,1.,0.5,
1.,0.5,1.)) REPRESENTATION_ITEM('') );
#1804 = CARTESIAN_POINT('',(-20.29999999545,-35.00000001524));
#1805 = CARTESIAN_POINT('',(-20.29999999545,-2.437444832947));
#1806 = CARTESIAN_POINT('',(7.900000004541,-18.71872242409));
#1807 = CARTESIAN_POINT('',(36.100000004541,-35.00000001524));
#1808 = CARTESIAN_POINT('',(7.900000004541,-51.28127760639));
#1809 = CARTESIAN_POINT('',(-20.29999999545,-67.56255519753));
#1810 = CARTESIAN_POINT('',(-20.29999999545,-35.00000001524));
#1811 = ( GEOMETRIC_REPRESENTATION_CONTEXT(2) 
PARAMETRIC_REPRESENTATION_CONTEXT() REPRESENTATION_CONTEXT('2D SPACE',''
  ) );
#1812 = PCURVE('',#1813,#1818);
#1813 = CYLINDRICAL_SURFACE('',#1814,18.8);
#1814 = AXIS2_PLACEMENT_3D('',#1815,#1816,#1817);
#1815 = CARTESIAN_POINT('',(-1.5,24.999999990127,39.5));
#1816 = DIRECTION('',(0.,0.,-1.));
#1817 = DIRECTION('',(-1.,0.,0.));
#1818 = DEFINITIONAL_REPRESENTATION('',(#1819),#1823);
#1819 = LINE('',#1820,#1821);
#1820 = CARTESIAN_POINT('',(0.,-2.5));
#1821 = VECTOR('',#1822,1.);
#1822 = DIRECTION('',(1.,0.));
#1823 = ( GEOMETRIC_REPRESENTATION_CONTEXT(2) 
PARAMETRIC_REPRESENTATION_CONTEXT() REPRESENTATION_CONTEXT('2D SPACE',''
  ) );
#1824 = ORIENTED_EDGE('',*,*,#1825,.T.);
#1825 = EDGE_CURVE('',#1791,#1826,#1828,.T.);
#1826 = VERTEX_POINT('',#1827);
#1827 = CARTESIAN_POINT('',(-20.71184868338,18.442952623634,42.));
#1828 = SURFACE_CURVE('',#1829,(#1834,#1841),.PCURVE_S1.);
#1829 = CIRCLE('',#1830,3.65);
#1830 = AXIS2_PLACEMENT_3D('',#1831,#1832,#1833);
#1831 = CARTESIAN_POINT('',(-19.5,15.,42.));
#1832 = DIRECTION('',(0.,0.,1.));
#1833 = DIRECTION('',(1.,0.,-0.));
#1834 = PCURVE('',#144,#1835);
#1835 = DEFINITIONAL_REPRESENTATION('',(#1836),#1840);
#1836 = CIRCLE('',#1837,3.65);
#1837 = AXIS2_PLACEMENT_2D('',#1838,#1839);
#1838 = CARTESIAN_POINT('',(-19.49999999545,-45.00000000536));
#1839 = DIRECTION('',(1.,0.));
#1840 = ( GEOMETRIC_REPRESENTATION_CONTEXT(2) 
PARAMETRIC_REPRESENTATION_CONTEXT() REPRESENTATION_CONTEXT('2D SPACE',''
  ) );
#1841 = PCURVE('',#1842,#1847);
#1842 = CYLINDRICAL_SURFACE('',#1843,3.65);
#1843 = AXIS2_PLACEMENT_3D('',#1844,#1845,#1846);
#1844 = CARTESIAN_POINT('',(-19.5,15.,39.));
#1845 = DIRECTION('',(0.,0.,1.));
#1846 = DIRECTION('',(1.,0.,-0.));
#1847 = DEFINITIONAL_REPRESENTATION('',(#1848),#1852);
#1848 = LINE('',#1849,#1850);
#1849 = CARTESIAN_POINT('',(0.,3.));
#1850 = VECTOR('',#1851,1.);
#1851 = DIRECTION('',(1.,0.));
#1852 = ( GEOMETRIC_REPRESENTATION_CONTEXT(2) 
PARAMETRIC_REPRESENTATION_CONTEXT() REPRESENTATION_CONTEXT('2D SPACE',''
  ) );
#1853 = ORIENTED_EDGE('',*,*,#1854,.T.);
#1854 = EDGE_CURVE('',#1826,#1855,#1857,.T.);
#1855 = VERTEX_POINT('',#1856);
#1856 = CARTESIAN_POINT('',(-21.8,24.999999990164,42.));
#1857 = SURFACE_CURVE('',#1858,(#1863,#1874),.PCURVE_S1.);
#1858 = CIRCLE('',#1859,20.3);
#1859 = AXIS2_PLACEMENT_3D('',#1860,#1861,#1862);
#1860 = CARTESIAN_POINT('',(-1.5,24.999999990164,42.));
#1861 = DIRECTION('',(0.,0.,-1.));
#1862 = DIRECTION('',(1.,0.,0.));
#1863 = PCURVE('',#144,#1864);
#1864 = DEFINITIONAL_REPRESENTATION('',(#1865),#1873);
#1865 = ( BOUNDED_CURVE() B_SPLINE_CURVE(2,(#1866,#1867,#1868,#1869,
#1870,#1871,#1872),.UNSPECIFIED.,.T.,.F.) B_SPLINE_CURVE_WITH_KNOTS((1,2
    ,2,2,2,1),(-2.094395102393,0.,2.094395102393,4.188790204786,
6.28318530718,8.377580409573),.UNSPECIFIED.) CURVE() 
GEOMETRIC_REPRESENTATION_ITEM() RATIONAL_B_SPLINE_CURVE((1.,0.5,1.,0.5,
1.,0.5,1.)) REPRESENTATION_ITEM('') );
#1866 = CARTESIAN_POINT('',(18.800000004541,-35.0000000152));
#1867 = CARTESIAN_POINT('',(18.800000004541,-70.16063140885));
#1868 = CARTESIAN_POINT('',(-11.64999999545,-52.58031571202));
#1869 = CARTESIAN_POINT('',(-42.09999999545,-35.0000000152));
#1870 = CARTESIAN_POINT('',(-11.64999999545,-17.41968431838));
#1871 = CARTESIAN_POINT('',(18.800000004541,0.160631378443));
#1872 = CARTESIAN_POINT('',(18.800000004541,-35.0000000152));
#1873 = ( GEOMETRIC_REPRESENTATION_CONTEXT(2) 
PARAMETRIC_REPRESENTATION_CONTEXT() REPRESENTATION_CONTEXT('2D SPACE',''
  ) );
#1874 = PCURVE('',#1875,#1880);
#1875 = CYLINDRICAL_SURFACE('',#1876,20.3);
#1876 = AXIS2_PLACEMENT_3D('',#1877,#1878,#1879);
#1877 = CARTESIAN_POINT('',(-1.5,24.999999990164,39.5));
#1878 = DIRECTION('',(-0.,-0.,-1.));
#1879 = DIRECTION('',(1.,0.,0.));
#1880 = DEFINITIONAL_REPRESENTATION('',(#1881),#1885);
#1881 = LINE('',#1882,#1883);
#1882 = CARTESIAN_POINT('',(-6.28318530718,-2.5));
#1883 = VECTOR('',#1884,1.);
#1884 = DIRECTION('',(1.,-0.));
#1885 = ( GEOMETRIC_REPRESENTATION_CONTEXT(2) 
PARAMETRIC_REPRESENTATION_CONTEXT() REPRESENTATION_CONTEXT('2D SPACE',''
  ) );
#1886 = ORIENTED_EDGE('',*,*,#1887,.F.);
#1887 = EDGE_CURVE('',#1888,#1855,#1890,.T.);
#1888 = VERTEX_POINT('',#1889);
#1889 = CARTESIAN_POINT('',(-21.8,27.000000007416,42.));
#1890 = SURFACE_CURVE('',#1891,(#1895,#1902),.PCURVE_S1.);
#1891 = LINE('',#1892,#1893);
#1892 = CARTESIAN_POINT('',(-21.8,42.499999997766,42.));
#1893 = VECTOR('',#1894,1.);
#1894 = DIRECTION('',(0.,-1.,0.));
#1895 = PCURVE('',#144,#1896);
#1896 = DEFINITIONAL_REPRESENTATION('',(#1897),#1901);
#1897 = LINE('',#1898,#1899);
#1898 = CARTESIAN_POINT('',(-21.79999999545,-17.5000000076));
#1899 = VECTOR('',#1900,1.);
#1900 = DIRECTION('',(0.,-1.));
#1901 = ( GEOMETRIC_REPRESENTATION_CONTEXT(2) 
PARAMETRIC_REPRESENTATION_CONTEXT() REPRESENTATION_CONTEXT('2D SPACE',''
  ) );
#1902 = PCURVE('',#1903,#1908);
#1903 = PLANE('',#1904);
#1904 = AXIS2_PLACEMENT_3D('',#1905,#1906,#1907);
#1905 = CARTESIAN_POINT('',(-21.8,24.999999990164,39.5));
#1906 = DIRECTION('',(-1.,0.,0.));
#1907 = DIRECTION('',(0.,1.,0.));
#1908 = DEFINITIONAL_REPRESENTATION('',(#1909),#1912);
#1909 = B_SPLINE_CURVE_WITH_KNOTS('',1,(#1910,#1911),.UNSPECIFIED.,.F.,
  .F.,(2,2),(15.49999999035,17.500000007603),.PIECEWISE_BEZIER_KNOTS.);
#1910 = CARTESIAN_POINT('',(2.000000017253,-2.5));
#1911 = CARTESIAN_POINT('',(0.,-2.5));
#1912 = ( GEOMETRIC_REPRESENTATION_CONTEXT(2) 
PARAMETRIC_REPRESENTATION_CONTEXT() REPRESENTATION_CONTEXT('2D SPACE',''
  ) );
#1913 = ORIENTED_EDGE('',*,*,#1914,.T.);
#1914 = EDGE_CURVE('',#1888,#1915,#1917,.T.);
#1915 = VERTEX_POINT('',#1916);
#1916 = CARTESIAN_POINT('',(-17.24647726469,39.811653052694,42.));
#1917 = SURFACE_CURVE('',#1918,(#1923,#1934),.PCURVE_S1.);
#1918 = CIRCLE('',#1919,20.3);
#1919 = AXIS2_PLACEMENT_3D('',#1920,#1921,#1922);
#1920 = CARTESIAN_POINT('',(-1.5,27.000000007416,42.));
#1921 = DIRECTION('',(0.,0.,-1.));
#1922 = DIRECTION('',(1.,0.,0.));
#1923 = PCURVE('',#144,#1924);
#1924 = DEFINITIONAL_REPRESENTATION('',(#1925),#1933);
#1925 = ( BOUNDED_CURVE() B_SPLINE_CURVE(2,(#1926,#1927,#1928,#1929,
#1930,#1931,#1932),.UNSPECIFIED.,.T.,.F.) B_SPLINE_CURVE_WITH_KNOTS((1,2
    ,2,2,2,1),(-2.094395102393,0.,2.094395102393,4.188790204786,
6.28318530718,8.377580409573),.UNSPECIFIED.) CURVE() 
GEOMETRIC_REPRESENTATION_ITEM() RATIONAL_B_SPLINE_CURVE((1.,0.5,1.,0.5,
1.,0.5,1.)) REPRESENTATION_ITEM('') );
#1926 = CARTESIAN_POINT('',(18.800000004541,-32.99999999795));
#1927 = CARTESIAN_POINT('',(18.800000004541,-68.1606313916));
#1928 = CARTESIAN_POINT('',(-11.64999999545,-50.58031569477));
#1929 = CARTESIAN_POINT('',(-42.09999999545,-32.99999999795));
#1930 = CARTESIAN_POINT('',(-11.64999999545,-15.41968430112));
#1931 = CARTESIAN_POINT('',(18.800000004541,2.160631395696));
#1932 = CARTESIAN_POINT('',(18.800000004541,-32.99999999795));
#1933 = ( GEOMETRIC_REPRESENTATION_CONTEXT(2) 
PARAMETRIC_REPRESENTATION_CONTEXT() REPRESENTATION_CONTEXT('2D SPACE',''
  ) );
#1934 = PCURVE('',#1935,#1940);
#1935 = CYLINDRICAL_SURFACE('',#1936,20.3);
#1936 = AXIS2_PLACEMENT_3D('',#1937,#1938,#1939);
#1937 = CARTESIAN_POINT('',(-1.5,27.000000007416,39.5));
#1938 = DIRECTION('',(-0.,-0.,-1.));
#1939 = DIRECTION('',(1.,0.,0.));
#1940 = DEFINITIONAL_REPRESENTATION('',(#1941),#1945);
#1941 = LINE('',#1942,#1943);
#1942 = CARTESIAN_POINT('',(-6.28318530718,-2.5));
#1943 = VECTOR('',#1944,1.);
#1944 = DIRECTION('',(1.,-0.));
#1945 = ( GEOMETRIC_REPRESENTATION_CONTEXT(2) 
PARAMETRIC_REPRESENTATION_CONTEXT() REPRESENTATION_CONTEXT('2D SPACE',''
  ) );
#1946 = ORIENTED_EDGE('',*,*,#1947,.T.);
#1947 = EDGE_CURVE('',#1915,#1948,#1950,.T.);
#1948 = VERTEX_POINT('',#1949);
#1949 = CARTESIAN_POINT('',(-29.3,58.999999990185,42.));
#1950 = SURFACE_CURVE('',#1951,(#1956,#1967),.PCURVE_S1.);
#1951 = CIRCLE('',#1952,21.3);
#1952 = AXIS2_PLACEMENT_3D('',#1953,#1954,#1955);
#1953 = CARTESIAN_POINT('',(-8.,58.999999990185,42.));
#1954 = DIRECTION('',(0.,0.,-1.));
#1955 = DIRECTION('',(-1.,0.,0.));
#1956 = PCURVE('',#144,#1957);
#1957 = DEFINITIONAL_REPRESENTATION('',(#1958),#1966);
#1958 = ( BOUNDED_CURVE() B_SPLINE_CURVE(2,(#1959,#1960,#1961,#1962,
#1963,#1964,#1965),.UNSPECIFIED.,.T.,.F.) B_SPLINE_CURVE_WITH_KNOTS((1,2
    ,2,2,2,1),(-2.094395102393,0.,2.094395102393,4.188790204786,
6.28318530718,8.377580409573),.UNSPECIFIED.) CURVE() 
GEOMETRIC_REPRESENTATION_ITEM() RATIONAL_B_SPLINE_CURVE((1.,0.5,1.,0.5,
1.,0.5,1.)) REPRESENTATION_ITEM('') );
#1959 = CARTESIAN_POINT('',(-29.29999999545,-1.000000015183));
#1960 = CARTESIAN_POINT('',(-29.29999999545,35.892682186034));
#1961 = CARTESIAN_POINT('',(2.650000004541,17.446341085425));
#1962 = CARTESIAN_POINT('',(34.600000004541,-1.000000015183));
#1963 = CARTESIAN_POINT('',(2.650000004541,-19.44634111579));
#1964 = CARTESIAN_POINT('',(-29.29999999545,-37.8926822164));
#1965 = CARTESIAN_POINT('',(-29.29999999545,-1.000000015183));
#1966 = ( GEOMETRIC_REPRESENTATION_CONTEXT(2) 
PARAMETRIC_REPRESENTATION_CONTEXT() REPRESENTATION_CONTEXT('2D SPACE',''
  ) );
#1967 = PCURVE('',#1968,#1973);
#1968 = CYLINDRICAL_SURFACE('',#1969,21.3);
#1969 = AXIS2_PLACEMENT_3D('',#1970,#1971,#1972);
#1970 = CARTESIAN_POINT('',(-8.,58.999999990185,39.5));
#1971 = DIRECTION('',(0.,0.,-1.));
#1972 = DIRECTION('',(-1.,0.,0.));
#1973 = DEFINITIONAL_REPRESENTATION('',(#1974),#1978);
#1974 = LINE('',#1975,#1976);
#1975 = CARTESIAN_POINT('',(0.,-2.5));
#1976 = VECTOR('',#1977,1.);
#1977 = DIRECTION('',(1.,0.));
#1978 = ( GEOMETRIC_REPRESENTATION_CONTEXT(2) 
PARAMETRIC_REPRESENTATION_CONTEXT() REPRESENTATION_CONTEXT('2D SPACE',''
  ) );
#1979 = ORIENTED_EDGE('',*,*,#1980,.F.);
#1980 = EDGE_CURVE('',#1981,#1948,#1983,.T.);
#1981 = VERTEX_POINT('',#1982);
#1982 = CARTESIAN_POINT('',(-29.3,61.000000007395,42.));
#1983 = SURFACE_CURVE('',#1984,(#1988,#1995),.PCURVE_S1.);
#1984 = LINE('',#1985,#1986);
#1985 = CARTESIAN_POINT('',(-29.3,59.499999997777,42.));
#1986 = VECTOR('',#1987,1.);
#1987 = DIRECTION('',(0.,-1.,0.));
#1988 = PCURVE('',#144,#1989);
#1989 = DEFINITIONAL_REPRESENTATION('',(#1990),#1994);
#1990 = LINE('',#1991,#1992);
#1991 = CARTESIAN_POINT('',(-29.29999999545,-0.500000007592));
#1992 = VECTOR('',#1993,1.);
#1993 = DIRECTION('',(0.,-1.));
#1994 = ( GEOMETRIC_REPRESENTATION_CONTEXT(2) 
PARAMETRIC_REPRESENTATION_CONTEXT() REPRESENTATION_CONTEXT('2D SPACE',''
  ) );
#1995 = PCURVE('',#1996,#2001);
#1996 = PLANE('',#1997);
#1997 = AXIS2_PLACEMENT_3D('',#1998,#1999,#2000);
#1998 = CARTESIAN_POINT('',(-29.3,58.999999990185,39.5));
#1999 = DIRECTION('',(-1.,0.,0.));
#2000 = DIRECTION('',(0.,1.,0.));
#2001 = DEFINITIONAL_REPRESENTATION('',(#2002),#2005);
#2002 = B_SPLINE_CURVE_WITH_KNOTS('',1,(#2003,#2004),.UNSPECIFIED.,.F.,
  .F.,(2,2),(-1.500000009617,0.500000007592),.PIECEWISE_BEZIER_KNOTS.);
#2003 = CARTESIAN_POINT('',(2.000000017209,-2.5));
#2004 = CARTESIAN_POINT('',(0.,-2.5));
#2005 = ( GEOMETRIC_REPRESENTATION_CONTEXT(2) 
PARAMETRIC_REPRESENTATION_CONTEXT() REPRESENTATION_CONTEXT('2D SPACE',''
  ) );
#2006 = ORIENTED_EDGE('',*,*,#2007,.T.);
#2007 = EDGE_CURVE('',#1981,#2008,#2010,.T.);
#2008 = VERTEX_POINT('',#2009);
#2009 = CARTESIAN_POINT('',(-29.29731704427,61.338063190015,42.));
#2010 = SURFACE_CURVE('',#2011,(#2016,#2027),.PCURVE_S1.);
#2011 = CIRCLE('',#2012,21.3);
#2012 = AXIS2_PLACEMENT_3D('',#2013,#2014,#2015);
#2013 = CARTESIAN_POINT('',(-8.,61.000000007395,42.));
#2014 = DIRECTION('',(0.,0.,-1.));
#2015 = DIRECTION('',(-1.,0.,0.));
#2016 = PCURVE('',#144,#2017);
#2017 = DEFINITIONAL_REPRESENTATION('',(#2018),#2026);
#2018 = ( BOUNDED_CURVE() B_SPLINE_CURVE(2,(#2019,#2020,#2021,#2022,
#2023,#2024,#2025),.UNSPECIFIED.,.T.,.F.) B_SPLINE_CURVE_WITH_KNOTS((1,2
    ,2,2,2,1),(-2.094395102393,0.,2.094395102393,4.188790204786,
6.28318530718,8.377580409573),.UNSPECIFIED.) CURVE() 
GEOMETRIC_REPRESENTATION_ITEM() RATIONAL_B_SPLINE_CURVE((1.,0.5,1.,0.5,
1.,0.5,1.)) REPRESENTATION_ITEM('') );
#2019 = CARTESIAN_POINT('',(-29.29999999545,1.000000002026));
#2020 = CARTESIAN_POINT('',(-29.29999999545,37.892682203243));
#2021 = CARTESIAN_POINT('',(2.650000004541,19.446341102634));
#2022 = CARTESIAN_POINT('',(34.600000004541,1.000000002026));
#2023 = CARTESIAN_POINT('',(2.650000004541,-17.44634109858));
#2024 = CARTESIAN_POINT('',(-29.29999999545,-35.89268219919));
#2025 = CARTESIAN_POINT('',(-29.29999999545,1.000000002026));
#2026 = ( GEOMETRIC_REPRESENTATION_CONTEXT(2) 
PARAMETRIC_REPRESENTATION_CONTEXT() REPRESENTATION_CONTEXT('2D SPACE',''
  ) );
#2027 = PCURVE('',#2028,#2033);
#2028 = CYLINDRICAL_SURFACE('',#2029,21.3);
#2029 = AXIS2_PLACEMENT_3D('',#2030,#2031,#2032);
#2030 = CARTESIAN_POINT('',(-8.,61.000000007395,39.5));
#2031 = DIRECTION('',(0.,0.,-1.));
#2032 = DIRECTION('',(-1.,0.,0.));
#2033 = DEFINITIONAL_REPRESENTATION('',(#2034),#2038);
#2034 = LINE('',#2035,#2036);
#2035 = CARTESIAN_POINT('',(0.,-2.5));
#2036 = VECTOR('',#2037,1.);
#2037 = DIRECTION('',(1.,0.));
#2038 = ( GEOMETRIC_REPRESENTATION_CONTEXT(2) 
PARAMETRIC_REPRESENTATION_CONTEXT() REPRESENTATION_CONTEXT('2D SPACE',''
  ) );
#2039 = ORIENTED_EDGE('',*,*,#2040,.T.);
#2040 = EDGE_CURVE('',#2008,#2041,#2043,.T.);
#2041 = VERTEX_POINT('',#2042);
#2042 = CARTESIAN_POINT('',(-27.8,60.489658136306,42.));
#2043 = SURFACE_CURVE('',#2044,(#2049,#2056),.PCURVE_S1.);
#2044 = CIRCLE('',#2045,3.65);
#2045 = AXIS2_PLACEMENT_3D('',#2046,#2047,#2048);
#2046 = CARTESIAN_POINT('',(-26.8,64.,42.));
#2047 = DIRECTION('',(0.,0.,1.));
#2048 = DIRECTION('',(1.,0.,-0.));
#2049 = PCURVE('',#144,#2050);
#2050 = DEFINITIONAL_REPRESENTATION('',(#2051),#2055);
#2051 = CIRCLE('',#2052,3.65);
#2052 = AXIS2_PLACEMENT_2D('',#2053,#2054);
#2053 = CARTESIAN_POINT('',(-26.79999999545,3.999999994631));
#2054 = DIRECTION('',(1.,0.));
#2055 = ( GEOMETRIC_REPRESENTATION_CONTEXT(2) 
PARAMETRIC_REPRESENTATION_CONTEXT() REPRESENTATION_CONTEXT('2D SPACE',''
  ) );
#2056 = PCURVE('',#2057,#2062);
#2057 = CYLINDRICAL_SURFACE('',#2058,3.65);
#2058 = AXIS2_PLACEMENT_3D('',#2059,#2060,#2061);
#2059 = CARTESIAN_POINT('',(-26.8,64.,39.));
#2060 = DIRECTION('',(0.,0.,1.));
#2061 = DIRECTION('',(1.,0.,-0.));
#2062 = DEFINITIONAL_REPRESENTATION('',(#2063),#2067);
#2063 = LINE('',#2064,#2065);
#2064 = CARTESIAN_POINT('',(0.,3.));
#2065 = VECTOR('',#2066,1.);
#2066 = DIRECTION('',(1.,0.));
#2067 = ( GEOMETRIC_REPRESENTATION_CONTEXT(2) 
PARAMETRIC_REPRESENTATION_CONTEXT() REPRESENTATION_CONTEXT('2D SPACE',''
  ) );
#2068 = ORIENTED_EDGE('',*,*,#2069,.T.);
#2069 = EDGE_CURVE('',#2041,#2070,#2072,.T.);
#2070 = VERTEX_POINT('',#2071);
#2071 = CARTESIAN_POINT('',(-27.8,58.999999990152,42.));
#2072 = SURFACE_CURVE('',#2073,(#2077,#2084),.PCURVE_S1.);
#2073 = LINE('',#2074,#2075);
#2074 = CARTESIAN_POINT('',(-27.8,59.49999999776,42.));
#2075 = VECTOR('',#2076,1.);
#2076 = DIRECTION('',(0.,-1.,0.));
#2077 = PCURVE('',#144,#2078);
#2078 = DEFINITIONAL_REPRESENTATION('',(#2079),#2083);
#2079 = LINE('',#2080,#2081);
#2080 = CARTESIAN_POINT('',(-27.79999999545,-0.500000007608));
#2081 = VECTOR('',#2082,1.);
#2082 = DIRECTION('',(0.,-1.));
#2083 = ( GEOMETRIC_REPRESENTATION_CONTEXT(2) 
PARAMETRIC_REPRESENTATION_CONTEXT() REPRESENTATION_CONTEXT('2D SPACE',''
  ) );
#2084 = PCURVE('',#2085,#2090);
#2085 = PLANE('',#2086);
#2086 = AXIS2_PLACEMENT_3D('',#2087,#2088,#2089);
#2087 = CARTESIAN_POINT('',(-27.8,58.999999990152,39.5));
#2088 = DIRECTION('',(-1.,0.,0.));
#2089 = DIRECTION('',(0.,1.,0.));
#2090 = DEFINITIONAL_REPRESENTATION('',(#2091),#2094);
#2091 = B_SPLINE_CURVE_WITH_KNOTS('',1,(#2092,#2093),.UNSPECIFIED.,.F.,
  .F.,(2,2),(-1.500000009668,0.500000007608),.PIECEWISE_BEZIER_KNOTS.);
#2092 = CARTESIAN_POINT('',(2.000000017276,-2.5));
#2093 = CARTESIAN_POINT('',(-7.105427357601E-15,-2.5));
#2094 = ( GEOMETRIC_REPRESENTATION_CONTEXT(2) 
PARAMETRIC_REPRESENTATION_CONTEXT() REPRESENTATION_CONTEXT('2D SPACE',''
  ) );
#2095 = ORIENTED_EDGE('',*,*,#2096,.F.);
#2096 = EDGE_CURVE('',#2097,#2070,#2099,.T.);
#2097 = VERTEX_POINT('',#2098);
#2098 = CARTESIAN_POINT('',(-14.71374979215,40.37298832085,42.));
#2099 = SURFACE_CURVE('',#2100,(#2105,#2116),.PCURVE_S1.);
#2100 = CIRCLE('',#2101,19.8);
#2101 = AXIS2_PLACEMENT_3D('',#2102,#2103,#2104);
#2102 = CARTESIAN_POINT('',(-8.,58.999999990152,42.));
#2103 = DIRECTION('',(0.,0.,-1.));
#2104 = DIRECTION('',(1.,0.,0.));
#2105 = PCURVE('',#144,#2106);
#2106 = DEFINITIONAL_REPRESENTATION('',(#2107),#2115);
#2107 = ( BOUNDED_CURVE() B_SPLINE_CURVE(2,(#2108,#2109,#2110,#2111,
#2112,#2113,#2114),.UNSPECIFIED.,.T.,.F.) B_SPLINE_CURVE_WITH_KNOTS((1,2
    ,2,2,2,1),(-2.094395102393,0.,2.094395102393,4.188790204786,
6.28318530718,8.377580409573),.UNSPECIFIED.) CURVE() 
GEOMETRIC_REPRESENTATION_ITEM() RATIONAL_B_SPLINE_CURVE((1.,0.5,1.,0.5,
1.,0.5,1.)) REPRESENTATION_ITEM('') );
#2108 = CARTESIAN_POINT('',(11.800000004541,-1.000000015217));
#2109 = CARTESIAN_POINT('',(11.800000004541,-35.29460600508));
#2110 = CARTESIAN_POINT('',(-17.89999999545,-18.14730301014));
#2111 = CARTESIAN_POINT('',(-47.59999999545,-1.000000015217));
#2112 = CARTESIAN_POINT('',(-17.89999999545,16.147302979715));
#2113 = CARTESIAN_POINT('',(11.800000004541,33.294605974647));
#2114 = CARTESIAN_POINT('',(11.800000004541,-1.000000015217));
#2115 = ( GEOMETRIC_REPRESENTATION_CONTEXT(2) 
PARAMETRIC_REPRESENTATION_CONTEXT() REPRESENTATION_CONTEXT('2D SPACE',''
  ) );
#2116 = PCURVE('',#2117,#2122);
#2117 = CYLINDRICAL_SURFACE('',#2118,19.8);
#2118 = AXIS2_PLACEMENT_3D('',#2119,#2120,#2121);
#2119 = CARTESIAN_POINT('',(-8.,58.999999990152,39.5));
#2120 = DIRECTION('',(-0.,-0.,-1.));
#2121 = DIRECTION('',(1.,0.,0.));
#2122 = DEFINITIONAL_REPRESENTATION('',(#2123),#2127);
#2123 = LINE('',#2124,#2125);
#2124 = CARTESIAN_POINT('',(-6.28318530718,-2.5));
#2125 = VECTOR('',#2126,1.);
#2126 = DIRECTION('',(1.,-0.));
#2127 = ( GEOMETRIC_REPRESENTATION_CONTEXT(2) 
PARAMETRIC_REPRESENTATION_CONTEXT() REPRESENTATION_CONTEXT('2D SPACE',''
  ) );
#2128 = ORIENTED_EDGE('',*,*,#2129,.F.);
#2129 = EDGE_CURVE('',#2130,#2097,#2132,.T.);
#2130 = VERTEX_POINT('',#2131);
#2131 = CARTESIAN_POINT('',(-20.3,27.000000007453,42.));
#2132 = SURFACE_CURVE('',#2133,(#2138,#2149),.PCURVE_S1.);
#2133 = CIRCLE('',#2134,18.8);
#2134 = AXIS2_PLACEMENT_3D('',#2135,#2136,#2137);
#2135 = CARTESIAN_POINT('',(-1.5,27.000000007453,42.));
#2136 = DIRECTION('',(0.,0.,-1.));
#2137 = DIRECTION('',(-1.,0.,0.));
#2138 = PCURVE('',#144,#2139);
#2139 = DEFINITIONAL_REPRESENTATION('',(#2140),#2148);
#2140 = ( BOUNDED_CURVE() B_SPLINE_CURVE(2,(#2141,#2142,#2143,#2144,
#2145,#2146,#2147),.UNSPECIFIED.,.T.,.F.) B_SPLINE_CURVE_WITH_KNOTS((1,2
    ,2,2,2,1),(-2.094395102393,0.,2.094395102393,4.188790204786,
6.28318530718,8.377580409573),.UNSPECIFIED.) CURVE() 
GEOMETRIC_REPRESENTATION_ITEM() RATIONAL_B_SPLINE_CURVE((1.,0.5,1.,0.5,
1.,0.5,1.)) REPRESENTATION_ITEM('') );
#2141 = CARTESIAN_POINT('',(-20.29999999545,-32.99999999791));
#2142 = CARTESIAN_POINT('',(-20.29999999545,-0.437444815621));
#2143 = CARTESIAN_POINT('',(7.900000004541,-16.71872240676));
#2144 = CARTESIAN_POINT('',(36.100000004541,-32.99999999791));
#2145 = CARTESIAN_POINT('',(7.900000004541,-49.28127758906));
#2146 = CARTESIAN_POINT('',(-20.29999999545,-65.56255518021));
#2147 = CARTESIAN_POINT('',(-20.29999999545,-32.99999999791));
#2148 = ( GEOMETRIC_REPRESENTATION_CONTEXT(2) 
PARAMETRIC_REPRESENTATION_CONTEXT() REPRESENTATION_CONTEXT('2D SPACE',''
  ) );
#2149 = PCURVE('',#2150,#2155);
#2150 = CYLINDRICAL_SURFACE('',#2151,18.8);
#2151 = AXIS2_PLACEMENT_3D('',#2152,#2153,#2154);
#2152 = CARTESIAN_POINT('',(-1.5,27.000000007453,39.5));
#2153 = DIRECTION('',(0.,0.,-1.));
#2154 = DIRECTION('',(-1.,0.,0.));
#2155 = DEFINITIONAL_REPRESENTATION('',(#2156),#2160);
#2156 = LINE('',#2157,#2158);
#2157 = CARTESIAN_POINT('',(0.,-2.5));
#2158 = VECTOR('',#2159,1.);
#2159 = DIRECTION('',(1.,0.));
#2160 = ( GEOMETRIC_REPRESENTATION_CONTEXT(2) 
PARAMETRIC_REPRESENTATION_CONTEXT() REPRESENTATION_CONTEXT('2D SPACE',''
  ) );
#2161 = ORIENTED_EDGE('',*,*,#2162,.T.);
#2162 = EDGE_CURVE('',#2130,#1793,#2163,.T.);
#2163 = SURFACE_CURVE('',#2164,(#2168,#2175),.PCURVE_S1.);
#2164 = LINE('',#2165,#2166);
#2165 = CARTESIAN_POINT('',(-20.3,42.499999997748,42.));
#2166 = VECTOR('',#2167,1.);
#2167 = DIRECTION('',(0.,-1.,0.));
#2168 = PCURVE('',#144,#2169);
#2169 = DEFINITIONAL_REPRESENTATION('',(#2170),#2174);
#2170 = LINE('',#2171,#2172);
#2171 = CARTESIAN_POINT('',(-20.29999999545,-17.50000000762));
#2172 = VECTOR('',#2173,1.);
#2173 = DIRECTION('',(0.,-1.));
#2174 = ( GEOMETRIC_REPRESENTATION_CONTEXT(2) 
PARAMETRIC_REPRESENTATION_CONTEXT() REPRESENTATION_CONTEXT('2D SPACE',''
  ) );
#2175 = PCURVE('',#2176,#2181);
#2176 = PLANE('',#2177);
#2177 = AXIS2_PLACEMENT_3D('',#2178,#2179,#2180);
#2178 = CARTESIAN_POINT('',(-20.3,24.999999990127,39.5));
#2179 = DIRECTION('',(-1.,0.,0.));
#2180 = DIRECTION('',(0.,1.,0.));
#2181 = DEFINITIONAL_REPRESENTATION('',(#2182),#2185);
#2182 = B_SPLINE_CURVE_WITH_KNOTS('',1,(#2183,#2184),.UNSPECIFIED.,.F.,
  .F.,(2,2),(15.499999990295,17.500000007621),.PIECEWISE_BEZIER_KNOTS.);
#2183 = CARTESIAN_POINT('',(2.000000017327,-2.5));
#2184 = CARTESIAN_POINT('',(0.,-2.5));
#2185 = ( GEOMETRIC_REPRESENTATION_CONTEXT(2) 
PARAMETRIC_REPRESENTATION_CONTEXT() REPRESENTATION_CONTEXT('2D SPACE',''
  ) );
#2186 = FACE_BOUND('',#2187,.F.);
#2187 = EDGE_LOOP('',(#2188,#2216,#2242,#2268));
#2188 = ORIENTED_EDGE('',*,*,#2189,.T.);
#2189 = EDGE_CURVE('',#2190,#2192,#2194,.T.);
#2190 = VERTEX_POINT('',#2191);
#2191 = CARTESIAN_POINT('',(13.5,13.,42.));
#2192 = VERTEX_POINT('',#2193);
#2193 = CARTESIAN_POINT('',(12.1,13.,42.));
#2194 = SURFACE_CURVE('',#2195,(#2199,#2205),.PCURVE_S1.);
#2195 = LINE('',#2196,#2197);
#2196 = CARTESIAN_POINT('',(6.049999997729,13.,42.));
#2197 = VECTOR('',#2198,1.);
#2198 = DIRECTION('',(-1.,-0.,0.));
#2199 = PCURVE('',#144,#2200);
#2200 = DEFINITIONAL_REPRESENTATION('',(#2201),#2204);
#2201 = B_SPLINE_CURVE_WITH_KNOTS('',1,(#2202,#2203),.UNSPECIFIED.,.F.,
  .F.,(2,2),(-7.450000002271,-6.050000002271),.PIECEWISE_BEZIER_KNOTS.);
#2202 = CARTESIAN_POINT('',(13.500000004541,-47.00000000536));
#2203 = CARTESIAN_POINT('',(12.100000004541,-47.00000000536));
#2204 = ( GEOMETRIC_REPRESENTATION_CONTEXT(2) 
PARAMETRIC_REPRESENTATION_CONTEXT() REPRESENTATION_CONTEXT('2D SPACE',''
  ) );
#2205 = PCURVE('',#2206,#2211);
#2206 = PLANE('',#2207);
#2207 = AXIS2_PLACEMENT_3D('',#2208,#2209,#2210);
#2208 = CARTESIAN_POINT('',(12.1,13.,41.5));
#2209 = DIRECTION('',(-0.,1.,0.));
#2210 = DIRECTION('',(0.,0.,1.));
#2211 = DEFINITIONAL_REPRESENTATION('',(#2212),#2215);
#2212 = B_SPLINE_CURVE_WITH_KNOTS('',1,(#2213,#2214),.UNSPECIFIED.,.F.,
  .F.,(2,2),(-7.450000002271,-6.050000002271),.PIECEWISE_BEZIER_KNOTS.);
#2213 = CARTESIAN_POINT('',(0.5,1.4));
#2214 = CARTESIAN_POINT('',(0.5,0.));
#2215 = ( GEOMETRIC_REPRESENTATION_CONTEXT(2) 
PARAMETRIC_REPRESENTATION_CONTEXT() REPRESENTATION_CONTEXT('2D SPACE',''
  ) );
#2216 = ORIENTED_EDGE('',*,*,#2217,.T.);
#2217 = EDGE_CURVE('',#2192,#2218,#2220,.T.);
#2218 = VERTEX_POINT('',#2219);
#2219 = CARTESIAN_POINT('',(12.1,14.6,42.));
#2220 = SURFACE_CURVE('',#2221,(#2225,#2231),.PCURVE_S1.);
#2221 = LINE('',#2222,#2223);
#2222 = CARTESIAN_POINT('',(12.1,36.500000002684,42.));
#2223 = VECTOR('',#2224,1.);
#2224 = DIRECTION('',(-0.,1.,0.));
#2225 = PCURVE('',#144,#2226);
#2226 = DEFINITIONAL_REPRESENTATION('',(#2227),#2230);
#2227 = B_SPLINE_CURVE_WITH_KNOTS('',1,(#2228,#2229),.UNSPECIFIED.,.F.,
  .F.,(2,2),(-23.50000000268,-21.90000000268),.PIECEWISE_BEZIER_KNOTS.);
#2228 = CARTESIAN_POINT('',(12.100000004541,-47.00000000536));
#2229 = CARTESIAN_POINT('',(12.100000004541,-45.40000000536));
#2230 = ( GEOMETRIC_REPRESENTATION_CONTEXT(2) 
PARAMETRIC_REPRESENTATION_CONTEXT() REPRESENTATION_CONTEXT('2D SPACE',''
  ) );
#2231 = PCURVE('',#2232,#2237);
#2232 = PLANE('',#2233);
#2233 = AXIS2_PLACEMENT_3D('',#2234,#2235,#2236);
#2234 = CARTESIAN_POINT('',(12.1,13.,41.5));
#2235 = DIRECTION('',(1.,0.,-0.));
#2236 = DIRECTION('',(0.,0.,1.));
#2237 = DEFINITIONAL_REPRESENTATION('',(#2238),#2241);
#2238 = B_SPLINE_CURVE_WITH_KNOTS('',1,(#2239,#2240),.UNSPECIFIED.,.F.,
  .F.,(2,2),(-23.50000000268,-21.90000000268),.PIECEWISE_BEZIER_KNOTS.);
#2239 = CARTESIAN_POINT('',(0.5,0.));
#2240 = CARTESIAN_POINT('',(0.5,-1.6));
#2241 = ( GEOMETRIC_REPRESENTATION_CONTEXT(2) 
PARAMETRIC_REPRESENTATION_CONTEXT() REPRESENTATION_CONTEXT('2D SPACE',''
  ) );
#2242 = ORIENTED_EDGE('',*,*,#2243,.F.);
#2243 = EDGE_CURVE('',#2244,#2218,#2246,.T.);
#2244 = VERTEX_POINT('',#2245);
#2245 = CARTESIAN_POINT('',(13.5,14.6,42.));
#2246 = SURFACE_CURVE('',#2247,(#2251,#2257),.PCURVE_S1.);
#2247 = LINE('',#2248,#2249);
#2248 = CARTESIAN_POINT('',(6.049999997729,14.6,42.));
#2249 = VECTOR('',#2250,1.);
#2250 = DIRECTION('',(-1.,-0.,0.));
#2251 = PCURVE('',#144,#2252);
#2252 = DEFINITIONAL_REPRESENTATION('',(#2253),#2256);
#2253 = B_SPLINE_CURVE_WITH_KNOTS('',1,(#2254,#2255),.UNSPECIFIED.,.F.,
  .F.,(2,2),(-7.450000002271,-6.050000002271),.PIECEWISE_BEZIER_KNOTS.);
#2254 = CARTESIAN_POINT('',(13.500000004541,-45.40000000536));
#2255 = CARTESIAN_POINT('',(12.100000004541,-45.40000000536));
#2256 = ( GEOMETRIC_REPRESENTATION_CONTEXT(2) 
PARAMETRIC_REPRESENTATION_CONTEXT() REPRESENTATION_CONTEXT('2D SPACE',''
  ) );
#2257 = PCURVE('',#2258,#2263);
#2258 = PLANE('',#2259);
#2259 = AXIS2_PLACEMENT_3D('',#2260,#2261,#2262);
#2260 = CARTESIAN_POINT('',(12.1,14.6,41.5));
#2261 = DIRECTION('',(-0.,1.,0.));
#2262 = DIRECTION('',(0.,0.,1.));
#2263 = DEFINITIONAL_REPRESENTATION('',(#2264),#2267);
#2264 = B_SPLINE_CURVE_WITH_KNOTS('',1,(#2265,#2266),.UNSPECIFIED.,.F.,
  .F.,(2,2),(-7.450000002271,-6.050000002271),.PIECEWISE_BEZIER_KNOTS.);
#2265 = CARTESIAN_POINT('',(0.5,1.4));
#2266 = CARTESIAN_POINT('',(0.5,0.));
#2267 = ( GEOMETRIC_REPRESENTATION_CONTEXT(2) 
PARAMETRIC_REPRESENTATION_CONTEXT() REPRESENTATION_CONTEXT('2D SPACE',''
  ) );
#2268 = ORIENTED_EDGE('',*,*,#2269,.F.);
#2269 = EDGE_CURVE('',#2190,#2244,#2270,.T.);
#2270 = SURFACE_CURVE('',#2271,(#2275,#2281),.PCURVE_S1.);
#2271 = LINE('',#2272,#2273);
#2272 = CARTESIAN_POINT('',(13.5,36.500000002684,42.));
#2273 = VECTOR('',#2274,1.);
#2274 = DIRECTION('',(-0.,1.,0.));
#2275 = PCURVE('',#144,#2276);
#2276 = DEFINITIONAL_REPRESENTATION('',(#2277),#2280);
#2277 = B_SPLINE_CURVE_WITH_KNOTS('',1,(#2278,#2279),.UNSPECIFIED.,.F.,
  .F.,(2,2),(-23.50000000268,-21.90000000268),.PIECEWISE_BEZIER_KNOTS.);
#2278 = CARTESIAN_POINT('',(13.500000004541,-47.00000000536));
#2279 = CARTESIAN_POINT('',(13.500000004541,-45.40000000536));
#2280 = ( GEOMETRIC_REPRESENTATION_CONTEXT(2) 
PARAMETRIC_REPRESENTATION_CONTEXT() REPRESENTATION_CONTEXT('2D SPACE',''
  ) );
#2281 = PCURVE('',#2282,#2287);
#2282 = PLANE('',#2283);
#2283 = AXIS2_PLACEMENT_3D('',#2284,#2285,#2286);
#2284 = CARTESIAN_POINT('',(13.5,13.,41.5));
#2285 = DIRECTION('',(1.,0.,-0.));
#2286 = DIRECTION('',(0.,0.,1.));
#2287 = DEFINITIONAL_REPRESENTATION('',(#2288),#2291);
#2288 = B_SPLINE_CURVE_WITH_KNOTS('',1,(#2289,#2290),.UNSPECIFIED.,.F.,
  .F.,(2,2),(-23.50000000268,-21.90000000268),.PIECEWISE_BEZIER_KNOTS.);
#2289 = CARTESIAN_POINT('',(0.5,0.));
#2290 = CARTESIAN_POINT('',(0.5,-1.6));
#2291 = ( GEOMETRIC_REPRESENTATION_CONTEXT(2) 
PARAMETRIC_REPRESENTATION_CONTEXT() REPRESENTATION_CONTEXT('2D SPACE',''
  ) );
#2292 = FACE_BOUND('',#2293,.F.);
#2293 = EDGE_LOOP('',(#2294));
#2294 = ORIENTED_EDGE('',*,*,#2295,.F.);
#2295 = EDGE_CURVE('',#2296,#2296,#2298,.T.);
#2296 = VERTEX_POINT('',#2297);
#2297 = CARTESIAN_POINT('',(20.7,15.,42.));
#2298 = SURFACE_CURVE('',#2299,(#2304,#2311),.PCURVE_S1.);
#2299 = CIRCLE('',#2300,1.2);
#2300 = AXIS2_PLACEMENT_3D('',#2301,#2302,#2303);
#2301 = CARTESIAN_POINT('',(19.5,15.,42.));
#2302 = DIRECTION('',(0.,0.,1.));
#2303 = DIRECTION('',(1.,0.,-0.));
#2304 = PCURVE('',#144,#2305);
#2305 = DEFINITIONAL_REPRESENTATION('',(#2306),#2310);
#2306 = CIRCLE('',#2307,1.2);
#2307 = AXIS2_PLACEMENT_2D('',#2308,#2309);
#2308 = CARTESIAN_POINT('',(19.500000004541,-45.00000000536));
#2309 = DIRECTION('',(1.,0.));
#2310 = ( GEOMETRIC_REPRESENTATION_CONTEXT(2) 
PARAMETRIC_REPRESENTATION_CONTEXT() REPRESENTATION_CONTEXT('2D SPACE',''
  ) );
#2311 = PCURVE('',#2312,#2317);
#2312 = CYLINDRICAL_SURFACE('',#2313,1.2);
#2313 = AXIS2_PLACEMENT_3D('',#2314,#2315,#2316);
#2314 = CARTESIAN_POINT('',(19.5,15.,38.));
#2315 = DIRECTION('',(0.,0.,1.));
#2316 = DIRECTION('',(1.,0.,-0.));
#2317 = DEFINITIONAL_REPRESENTATION('',(#2318),#2322);
#2318 = LINE('',#2319,#2320);
#2319 = CARTESIAN_POINT('',(0.,4.));
#2320 = VECTOR('',#2321,1.);
#2321 = DIRECTION('',(1.,0.));
#2322 = ( GEOMETRIC_REPRESENTATION_CONTEXT(2) 
PARAMETRIC_REPRESENTATION_CONTEXT() REPRESENTATION_CONTEXT('2D SPACE',''
  ) );
#2323 = FACE_BOUND('',#2324,.F.);
#2324 = EDGE_LOOP('',(#2325,#2360,#2389,#2422,#2449,#2482,#2515,#2542,
    #2571,#2604,#2631,#2664,#2697));
#2325 = ORIENTED_EDGE('',*,*,#2326,.T.);
#2326 = EDGE_CURVE('',#2327,#2329,#2331,.T.);
#2327 = VERTEX_POINT('',#2328);
#2328 = CARTESIAN_POINT('',(21.799999998185,25.000000009836,42.));
#2329 = VERTEX_POINT('',#2330);
#2330 = CARTESIAN_POINT('',(20.711848674145,18.442952626885,42.));
#2331 = SURFACE_CURVE('',#2332,(#2337,#2348),.PCURVE_S1.);
#2332 = CIRCLE('',#2333,20.3);
#2333 = AXIS2_PLACEMENT_3D('',#2334,#2335,#2336);
#2334 = CARTESIAN_POINT('',(1.49999999637,25.000000009836,42.));
#2335 = DIRECTION('',(0.,0.,-1.));
#2336 = DIRECTION('',(1.,0.,0.));
#2337 = PCURVE('',#144,#2338);
#2338 = DEFINITIONAL_REPRESENTATION('',(#2339),#2347);
#2339 = ( BOUNDED_CURVE() B_SPLINE_CURVE(2,(#2340,#2341,#2342,#2343,
#2344,#2345,#2346),.UNSPECIFIED.,.T.,.F.) B_SPLINE_CURVE_WITH_KNOTS((1,2
    ,2,2,2,1),(-2.094395102393,0.,2.094395102393,4.188790204786,
6.28318530718,8.377580409573),.UNSPECIFIED.) CURVE() 
GEOMETRIC_REPRESENTATION_ITEM() RATIONAL_B_SPLINE_CURVE((1.,0.5,1.,0.5,
1.,0.5,1.)) REPRESENTATION_ITEM('') );
#2340 = CARTESIAN_POINT('',(21.800000000912,-34.99999999553));
#2341 = CARTESIAN_POINT('',(21.800000000912,-70.16063138918));
#2342 = CARTESIAN_POINT('',(-8.649999999088,-52.58031569235));
#2343 = CARTESIAN_POINT('',(-39.09999999908,-34.99999999553));
#2344 = CARTESIAN_POINT('',(-8.649999999088,-17.4196842987));
#2345 = CARTESIAN_POINT('',(21.800000000912,0.160631398116));
#2346 = CARTESIAN_POINT('',(21.800000000912,-34.99999999553));
#2347 = ( GEOMETRIC_REPRESENTATION_CONTEXT(2) 
PARAMETRIC_REPRESENTATION_CONTEXT() REPRESENTATION_CONTEXT('2D SPACE',''
  ) );
#2348 = PCURVE('',#2349,#2354);
#2349 = CYLINDRICAL_SURFACE('',#2350,20.3);
#2350 = AXIS2_PLACEMENT_3D('',#2351,#2352,#2353);
#2351 = CARTESIAN_POINT('',(1.49999999637,25.000000009836,39.5));
#2352 = DIRECTION('',(-0.,-0.,-1.));
#2353 = DIRECTION('',(1.,0.,0.));
#2354 = DEFINITIONAL_REPRESENTATION('',(#2355),#2359);
#2355 = LINE('',#2356,#2357);
#2356 = CARTESIAN_POINT('',(-6.28318530718,-2.5));
#2357 = VECTOR('',#2358,1.);
#2358 = DIRECTION('',(1.,-0.));
#2359 = ( GEOMETRIC_REPRESENTATION_CONTEXT(2) 
PARAMETRIC_REPRESENTATION_CONTEXT() REPRESENTATION_CONTEXT('2D SPACE',''
  ) );
#2360 = ORIENTED_EDGE('',*,*,#2361,.T.);
#2361 = EDGE_CURVE('',#2329,#2362,#2364,.T.);
#2362 = VERTEX_POINT('',#2363);
#2363 = CARTESIAN_POINT('',(19.190400496541,18.636845906477,42.));
#2364 = SURFACE_CURVE('',#2365,(#2370,#2377),.PCURVE_S1.);
#2365 = CIRCLE('',#2366,3.65);
#2366 = AXIS2_PLACEMENT_3D('',#2367,#2368,#2369);
#2367 = CARTESIAN_POINT('',(19.5,15.,42.));
#2368 = DIRECTION('',(0.,0.,1.));
#2369 = DIRECTION('',(1.,0.,-0.));
#2370 = PCURVE('',#144,#2371);
#2371 = DEFINITIONAL_REPRESENTATION('',(#2372),#2376);
#2372 = CIRCLE('',#2373,3.65);
#2373 = AXIS2_PLACEMENT_2D('',#2374,#2375);
#2374 = CARTESIAN_POINT('',(19.500000004541,-45.00000000536));
#2375 = DIRECTION('',(1.,0.));
#2376 = ( GEOMETRIC_REPRESENTATION_CONTEXT(2) 
PARAMETRIC_REPRESENTATION_CONTEXT() REPRESENTATION_CONTEXT('2D SPACE',''
  ) );
#2377 = PCURVE('',#2378,#2383);
#2378 = CYLINDRICAL_SURFACE('',#2379,3.65);
#2379 = AXIS2_PLACEMENT_3D('',#2380,#2381,#2382);
#2380 = CARTESIAN_POINT('',(19.5,15.,39.));
#2381 = DIRECTION('',(0.,0.,1.));
#2382 = DIRECTION('',(1.,0.,-0.));
#2383 = DEFINITIONAL_REPRESENTATION('',(#2384),#2388);
#2384 = LINE('',#2385,#2386);
#2385 = CARTESIAN_POINT('',(0.,3.));
#2386 = VECTOR('',#2387,1.);
#2387 = DIRECTION('',(1.,0.));
#2388 = ( GEOMETRIC_REPRESENTATION_CONTEXT(2) 
PARAMETRIC_REPRESENTATION_CONTEXT() REPRESENTATION_CONTEXT('2D SPACE',''
  ) );
#2389 = ORIENTED_EDGE('',*,*,#2390,.F.);
#2390 = EDGE_CURVE('',#2391,#2362,#2393,.T.);
#2391 = VERTEX_POINT('',#2392);
#2392 = CARTESIAN_POINT('',(20.299999998185,25.000000009873,42.));
#2393 = SURFACE_CURVE('',#2394,(#2399,#2410),.PCURVE_S1.);
#2394 = CIRCLE('',#2395,18.8);
#2395 = AXIS2_PLACEMENT_3D('',#2396,#2397,#2398);
#2396 = CARTESIAN_POINT('',(1.49999999637,25.000000009873,42.));
#2397 = DIRECTION('',(0.,0.,-1.));
#2398 = DIRECTION('',(-1.,0.,0.));
#2399 = PCURVE('',#144,#2400);
#2400 = DEFINITIONAL_REPRESENTATION('',(#2401),#2409);
#2401 = ( BOUNDED_CURVE() B_SPLINE_CURVE(2,(#2402,#2403,#2404,#2405,
#2406,#2407,#2408),.UNSPECIFIED.,.T.,.F.) B_SPLINE_CURVE_WITH_KNOTS((1,2
    ,2,2,2,1),(-2.094395102393,0.,2.094395102393,4.188790204786,
6.28318530718,8.377580409573),.UNSPECIFIED.) CURVE() 
GEOMETRIC_REPRESENTATION_ITEM() RATIONAL_B_SPLINE_CURVE((1.,0.5,1.,0.5,
1.,0.5,1.)) REPRESENTATION_ITEM('') );
#2402 = CARTESIAN_POINT('',(-17.29999999908,-34.99999999549));
#2403 = CARTESIAN_POINT('',(-17.29999999908,-2.437444813201));
#2404 = CARTESIAN_POINT('',(10.900000000912,-18.71872240434));
#2405 = CARTESIAN_POINT('',(39.100000000912,-34.99999999549));
#2406 = CARTESIAN_POINT('',(10.900000000912,-51.28127758664));
#2407 = CARTESIAN_POINT('',(-17.29999999908,-67.56255517779));
#2408 = CARTESIAN_POINT('',(-17.29999999908,-34.99999999549));
#2409 = ( GEOMETRIC_REPRESENTATION_CONTEXT(2) 
PARAMETRIC_REPRESENTATION_CONTEXT() REPRESENTATION_CONTEXT('2D SPACE',''
  ) );
#2410 = PCURVE('',#2411,#2416);
#2411 = CYLINDRICAL_SURFACE('',#2412,18.8);
#2412 = AXIS2_PLACEMENT_3D('',#2413,#2414,#2415);
#2413 = CARTESIAN_POINT('',(1.49999999637,25.000000009873,39.5));
#2414 = DIRECTION('',(0.,0.,-1.));
#2415 = DIRECTION('',(-1.,0.,0.));
#2416 = DEFINITIONAL_REPRESENTATION('',(#2417),#2421);
#2417 = LINE('',#2418,#2419);
#2418 = CARTESIAN_POINT('',(0.,-2.5));
#2419 = VECTOR('',#2420,1.);
#2420 = DIRECTION('',(1.,0.));
#2421 = ( GEOMETRIC_REPRESENTATION_CONTEXT(2) 
PARAMETRIC_REPRESENTATION_CONTEXT() REPRESENTATION_CONTEXT('2D SPACE',''
  ) );
#2422 = ORIENTED_EDGE('',*,*,#2423,.F.);
#2423 = EDGE_CURVE('',#2424,#2391,#2426,.T.);
#2424 = VERTEX_POINT('',#2425);
#2425 = CARTESIAN_POINT('',(20.3,27.000000007453,42.));
#2426 = SURFACE_CURVE('',#2427,(#2431,#2438),.PCURVE_S1.);
#2427 = LINE('',#2428,#2429);
#2428 = CARTESIAN_POINT('',(20.3,42.500000007621,42.));
#2429 = VECTOR('',#2430,1.);
#2430 = DIRECTION('',(0.,-1.,0.));
#2431 = PCURVE('',#144,#2432);
#2432 = DEFINITIONAL_REPRESENTATION('',(#2433),#2437);
#2433 = LINE('',#2434,#2435);
#2434 = CARTESIAN_POINT('',(20.300000004541,-17.49999999774));
#2435 = VECTOR('',#2436,1.);
#2436 = DIRECTION('',(0.,-1.));
#2437 = ( GEOMETRIC_REPRESENTATION_CONTEXT(2) 
PARAMETRIC_REPRESENTATION_CONTEXT() REPRESENTATION_CONTEXT('2D SPACE',''
  ) );
#2438 = PCURVE('',#2439,#2444);
#2439 = PLANE('',#2440);
#2440 = AXIS2_PLACEMENT_3D('',#2441,#2442,#2443);
#2441 = CARTESIAN_POINT('',(20.3,25.000000009873,39.5));
#2442 = DIRECTION('',(-1.,0.,0.));
#2443 = DIRECTION('',(0.,1.,0.));
#2444 = DEFINITIONAL_REPRESENTATION('',(#2445),#2448);
#2445 = B_SPLINE_CURVE_WITH_KNOTS('',1,(#2446,#2447),.UNSPECIFIED.,.F.,
  .F.,(2,2),(15.500000000168,17.499999997748),.PIECEWISE_BEZIER_KNOTS.);
#2446 = CARTESIAN_POINT('',(1.99999999758,-2.5));
#2447 = CARTESIAN_POINT('',(0.,-2.5));
#2448 = ( GEOMETRIC_REPRESENTATION_CONTEXT(2) 
PARAMETRIC_REPRESENTATION_CONTEXT() REPRESENTATION_CONTEXT('2D SPACE',''
  ) );
#2449 = ORIENTED_EDGE('',*,*,#2450,.F.);
#2450 = EDGE_CURVE('',#2451,#2424,#2453,.T.);
#2451 = VERTEX_POINT('',#2452);
#2452 = CARTESIAN_POINT('',(14.713749776919,40.372988335907,42.));
#2453 = SURFACE_CURVE('',#2454,(#2459,#2470),.PCURVE_S1.);
#2454 = CIRCLE('',#2455,18.8);
#2455 = AXIS2_PLACEMENT_3D('',#2456,#2457,#2458);
#2456 = CARTESIAN_POINT('',(1.5,27.000000007453,42.));
#2457 = DIRECTION('',(0.,0.,-1.));
#2458 = DIRECTION('',(-1.,0.,0.));
#2459 = PCURVE('',#144,#2460);
#2460 = DEFINITIONAL_REPRESENTATION('',(#2461),#2469);
#2461 = ( BOUNDED_CURVE() B_SPLINE_CURVE(2,(#2462,#2463,#2464,#2465,
#2466,#2467,#2468),.UNSPECIFIED.,.T.,.F.) B_SPLINE_CURVE_WITH_KNOTS((1,2
    ,2,2,2,1),(-2.094395102393,0.,2.094395102393,4.188790204786,
6.28318530718,8.377580409573),.UNSPECIFIED.) CURVE() 
GEOMETRIC_REPRESENTATION_ITEM() RATIONAL_B_SPLINE_CURVE((1.,0.5,1.,0.5,
1.,0.5,1.)) REPRESENTATION_ITEM('') );
#2462 = CARTESIAN_POINT('',(-17.29999999545,-32.99999999791));
#2463 = CARTESIAN_POINT('',(-17.29999999545,-0.437444815621));
#2464 = CARTESIAN_POINT('',(10.900000004541,-16.71872240676));
#2465 = CARTESIAN_POINT('',(39.100000004541,-32.99999999791));
#2466 = CARTESIAN_POINT('',(10.900000004541,-49.28127758906));
#2467 = CARTESIAN_POINT('',(-17.29999999545,-65.56255518021));
#2468 = CARTESIAN_POINT('',(-17.29999999545,-32.99999999791));
#2469 = ( GEOMETRIC_REPRESENTATION_CONTEXT(2) 
PARAMETRIC_REPRESENTATION_CONTEXT() REPRESENTATION_CONTEXT('2D SPACE',''
  ) );
#2470 = PCURVE('',#2471,#2476);
#2471 = CYLINDRICAL_SURFACE('',#2472,18.8);
#2472 = AXIS2_PLACEMENT_3D('',#2473,#2474,#2475);
#2473 = CARTESIAN_POINT('',(1.5,27.000000007453,39.5));
#2474 = DIRECTION('',(0.,0.,-1.));
#2475 = DIRECTION('',(-1.,0.,0.));
#2476 = DEFINITIONAL_REPRESENTATION('',(#2477),#2481);
#2477 = LINE('',#2478,#2479);
#2478 = CARTESIAN_POINT('',(-8.881784197001E-16,-2.5));
#2479 = VECTOR('',#2480,1.);
#2480 = DIRECTION('',(1.,0.));
#2481 = ( GEOMETRIC_REPRESENTATION_CONTEXT(2) 
PARAMETRIC_REPRESENTATION_CONTEXT() REPRESENTATION_CONTEXT('2D SPACE',''
  ) );
#2482 = ORIENTED_EDGE('',*,*,#2483,.F.);
#2483 = EDGE_CURVE('',#2484,#2451,#2486,.T.);
#2484 = VERTEX_POINT('',#2485);
#2485 = CARTESIAN_POINT('',(27.799999998816,59.000000009848,42.));
#2486 = SURFACE_CURVE('',#2487,(#2492,#2503),.PCURVE_S1.);
#2487 = CIRCLE('',#2488,19.8);
#2488 = AXIS2_PLACEMENT_3D('',#2489,#2490,#2491);
#2489 = CARTESIAN_POINT('',(7.999999997632,59.000000009848,42.));
#2490 = DIRECTION('',(0.,0.,-1.));
#2491 = DIRECTION('',(1.,0.,0.));
#2492 = PCURVE('',#144,#2493);
#2493 = DEFINITIONAL_REPRESENTATION('',(#2494),#2502);
#2494 = ( BOUNDED_CURVE() B_SPLINE_CURVE(2,(#2495,#2496,#2497,#2498,
#2499,#2500,#2501),.UNSPECIFIED.,.T.,.F.) B_SPLINE_CURVE_WITH_KNOTS((1,2
    ,2,2,2,1),(-2.094395102393,0.,2.094395102393,4.188790204786,
6.28318530718,8.377580409573),.UNSPECIFIED.) CURVE() 
GEOMETRIC_REPRESENTATION_ITEM() RATIONAL_B_SPLINE_CURVE((1.,0.5,1.,0.5,
1.,0.5,1.)) REPRESENTATION_ITEM('') );
#2495 = CARTESIAN_POINT('',(27.800000002173,-0.999999995521));
#2496 = CARTESIAN_POINT('',(27.800000002173,-35.29460598538));
#2497 = CARTESIAN_POINT('',(-1.899999997827,-18.14730299045));
#2498 = CARTESIAN_POINT('',(-31.59999999782,-0.999999995521));
#2499 = CARTESIAN_POINT('',(-1.899999997827,16.147302999411));
#2500 = CARTESIAN_POINT('',(27.800000002173,33.294605994343));
#2501 = CARTESIAN_POINT('',(27.800000002173,-0.999999995521));
#2502 = ( GEOMETRIC_REPRESENTATION_CONTEXT(2) 
PARAMETRIC_REPRESENTATION_CONTEXT() REPRESENTATION_CONTEXT('2D SPACE',''
  ) );
#2503 = PCURVE('',#2504,#2509);
#2504 = CYLINDRICAL_SURFACE('',#2505,19.8);
#2505 = AXIS2_PLACEMENT_3D('',#2506,#2507,#2508);
#2506 = CARTESIAN_POINT('',(7.999999997632,59.000000009848,39.5));
#2507 = DIRECTION('',(-0.,-0.,-1.));
#2508 = DIRECTION('',(1.,0.,0.));
#2509 = DEFINITIONAL_REPRESENTATION('',(#2510),#2514);
#2510 = LINE('',#2511,#2512);
#2511 = CARTESIAN_POINT('',(-6.28318530718,-2.5));
#2512 = VECTOR('',#2513,1.);
#2513 = DIRECTION('',(1.,-0.));
#2514 = ( GEOMETRIC_REPRESENTATION_CONTEXT(2) 
PARAMETRIC_REPRESENTATION_CONTEXT() REPRESENTATION_CONTEXT('2D SPACE',''
  ) );
#2515 = ORIENTED_EDGE('',*,*,#2516,.F.);
#2516 = EDGE_CURVE('',#2517,#2484,#2519,.T.);
#2517 = VERTEX_POINT('',#2518);
#2518 = CARTESIAN_POINT('',(27.8,60.489658136306,42.));
#2519 = SURFACE_CURVE('',#2520,(#2524,#2531),.PCURVE_S1.);
#2520 = LINE('',#2521,#2522);
#2521 = CARTESIAN_POINT('',(27.8,59.500000007608,42.));
#2522 = VECTOR('',#2523,1.);
#2523 = DIRECTION('',(0.,-1.,0.));
#2524 = PCURVE('',#144,#2525);
#2525 = DEFINITIONAL_REPRESENTATION('',(#2526),#2530);
#2526 = LINE('',#2527,#2528);
#2527 = CARTESIAN_POINT('',(27.800000004541,-0.49999999776));
#2528 = VECTOR('',#2529,1.);
#2529 = DIRECTION('',(0.,-1.));
#2530 = ( GEOMETRIC_REPRESENTATION_CONTEXT(2) 
PARAMETRIC_REPRESENTATION_CONTEXT() REPRESENTATION_CONTEXT('2D SPACE',''
  ) );
#2531 = PCURVE('',#2532,#2537);
#2532 = PLANE('',#2533);
#2533 = AXIS2_PLACEMENT_3D('',#2534,#2535,#2536);
#2534 = CARTESIAN_POINT('',(27.8,59.000000009848,39.5));
#2535 = DIRECTION('',(-1.,0.,0.));
#2536 = DIRECTION('',(0.,1.,0.));
#2537 = DEFINITIONAL_REPRESENTATION('',(#2538),#2541);
#2538 = B_SPLINE_CURVE_WITH_KNOTS('',1,(#2539,#2540),.UNSPECIFIED.,.F.,
  .F.,(2,2),(-1.49999999982,0.499999997761),.PIECEWISE_BEZIER_KNOTS.);
#2539 = CARTESIAN_POINT('',(1.99999999758,-2.5));
#2540 = CARTESIAN_POINT('',(-7.105427357601E-15,-2.5));
#2541 = ( GEOMETRIC_REPRESENTATION_CONTEXT(2) 
PARAMETRIC_REPRESENTATION_CONTEXT() REPRESENTATION_CONTEXT('2D SPACE',''
  ) );
#2542 = ORIENTED_EDGE('',*,*,#2543,.T.);
#2543 = EDGE_CURVE('',#2517,#2544,#2546,.T.);
#2544 = VERTEX_POINT('',#2545);
#2545 = CARTESIAN_POINT('',(29.297317044279,61.338063190015,42.));
#2546 = SURFACE_CURVE('',#2547,(#2552,#2559),.PCURVE_S1.);
#2547 = CIRCLE('',#2548,3.65);
#2548 = AXIS2_PLACEMENT_3D('',#2549,#2550,#2551);
#2549 = CARTESIAN_POINT('',(26.8,64.,42.));
#2550 = DIRECTION('',(0.,0.,1.));
#2551 = DIRECTION('',(1.,0.,-0.));
#2552 = PCURVE('',#144,#2553);
#2553 = DEFINITIONAL_REPRESENTATION('',(#2554),#2558);
#2554 = CIRCLE('',#2555,3.65);
#2555 = AXIS2_PLACEMENT_2D('',#2556,#2557);
#2556 = CARTESIAN_POINT('',(26.800000004541,3.999999994631));
#2557 = DIRECTION('',(1.,0.));
#2558 = ( GEOMETRIC_REPRESENTATION_CONTEXT(2) 
PARAMETRIC_REPRESENTATION_CONTEXT() REPRESENTATION_CONTEXT('2D SPACE',''
  ) );
#2559 = PCURVE('',#2560,#2565);
#2560 = CYLINDRICAL_SURFACE('',#2561,3.65);
#2561 = AXIS2_PLACEMENT_3D('',#2562,#2563,#2564);
#2562 = CARTESIAN_POINT('',(26.8,64.,39.));
#2563 = DIRECTION('',(0.,0.,1.));
#2564 = DIRECTION('',(1.,0.,-0.));
#2565 = DEFINITIONAL_REPRESENTATION('',(#2566),#2570);
#2566 = LINE('',#2567,#2568);
#2567 = CARTESIAN_POINT('',(0.,3.));
#2568 = VECTOR('',#2569,1.);
#2569 = DIRECTION('',(1.,0.));
#2570 = ( GEOMETRIC_REPRESENTATION_CONTEXT(2) 
PARAMETRIC_REPRESENTATION_CONTEXT() REPRESENTATION_CONTEXT('2D SPACE',''
  ) );
#2571 = ORIENTED_EDGE('',*,*,#2572,.T.);
#2572 = EDGE_CURVE('',#2544,#2573,#2575,.T.);
#2573 = VERTEX_POINT('',#2574);
#2574 = CARTESIAN_POINT('',(29.3,61.000000007395,42.));
#2575 = SURFACE_CURVE('',#2576,(#2581,#2592),.PCURVE_S1.);
#2576 = CIRCLE('',#2577,21.3);
#2577 = AXIS2_PLACEMENT_3D('',#2578,#2579,#2580);
#2578 = CARTESIAN_POINT('',(8.,61.000000007395,42.));
#2579 = DIRECTION('',(0.,0.,-1.));
#2580 = DIRECTION('',(-1.,0.,0.));
#2581 = PCURVE('',#144,#2582);
#2582 = DEFINITIONAL_REPRESENTATION('',(#2583),#2591);
#2583 = ( BOUNDED_CURVE() B_SPLINE_CURVE(2,(#2584,#2585,#2586,#2587,
#2588,#2589,#2590),.UNSPECIFIED.,.T.,.F.) B_SPLINE_CURVE_WITH_KNOTS((1,2
    ,2,2,2,1),(-2.094395102393,0.,2.094395102393,4.188790204786,
6.28318530718,8.377580409573),.UNSPECIFIED.) CURVE() 
GEOMETRIC_REPRESENTATION_ITEM() RATIONAL_B_SPLINE_CURVE((1.,0.5,1.,0.5,
1.,0.5,1.)) REPRESENTATION_ITEM('') );
#2584 = CARTESIAN_POINT('',(-13.29999999545,1.000000002026));
#2585 = CARTESIAN_POINT('',(-13.29999999545,37.892682203243));
#2586 = CARTESIAN_POINT('',(18.650000004541,19.446341102634));
#2587 = CARTESIAN_POINT('',(50.600000004541,1.000000002026));
#2588 = CARTESIAN_POINT('',(18.650000004541,-17.44634109858));
#2589 = CARTESIAN_POINT('',(-13.29999999545,-35.89268219919));
#2590 = CARTESIAN_POINT('',(-13.29999999545,1.000000002026));
#2591 = ( GEOMETRIC_REPRESENTATION_CONTEXT(2) 
PARAMETRIC_REPRESENTATION_CONTEXT() REPRESENTATION_CONTEXT('2D SPACE',''
  ) );
#2592 = PCURVE('',#2593,#2598);
#2593 = CYLINDRICAL_SURFACE('',#2594,21.3);
#2594 = AXIS2_PLACEMENT_3D('',#2595,#2596,#2597);
#2595 = CARTESIAN_POINT('',(8.,61.000000007395,39.5));
#2596 = DIRECTION('',(0.,0.,-1.));
#2597 = DIRECTION('',(-1.,0.,0.));
#2598 = DEFINITIONAL_REPRESENTATION('',(#2599),#2603);
#2599 = LINE('',#2600,#2601);
#2600 = CARTESIAN_POINT('',(0.,-2.5));
#2601 = VECTOR('',#2602,1.);
#2602 = DIRECTION('',(1.,0.));
#2603 = ( GEOMETRIC_REPRESENTATION_CONTEXT(2) 
PARAMETRIC_REPRESENTATION_CONTEXT() REPRESENTATION_CONTEXT('2D SPACE',''
  ) );
#2604 = ORIENTED_EDGE('',*,*,#2605,.T.);
#2605 = EDGE_CURVE('',#2573,#2606,#2608,.T.);
#2606 = VERTEX_POINT('',#2607);
#2607 = CARTESIAN_POINT('',(29.299999998826,59.000000009815,42.));
#2608 = SURFACE_CURVE('',#2609,(#2613,#2620),.PCURVE_S1.);
#2609 = LINE('',#2610,#2611);
#2610 = CARTESIAN_POINT('',(29.3,59.500000007592,42.));
#2611 = VECTOR('',#2612,1.);
#2612 = DIRECTION('',(0.,-1.,0.));
#2613 = PCURVE('',#144,#2614);
#2614 = DEFINITIONAL_REPRESENTATION('',(#2615),#2619);
#2615 = LINE('',#2616,#2617);
#2616 = CARTESIAN_POINT('',(29.300000004541,-0.499999997777));
#2617 = VECTOR('',#2618,1.);
#2618 = DIRECTION('',(0.,-1.));
#2619 = ( GEOMETRIC_REPRESENTATION_CONTEXT(2) 
PARAMETRIC_REPRESENTATION_CONTEXT() REPRESENTATION_CONTEXT('2D SPACE',''
  ) );
#2620 = PCURVE('',#2621,#2626);
#2621 = PLANE('',#2622);
#2622 = AXIS2_PLACEMENT_3D('',#2623,#2624,#2625);
#2623 = CARTESIAN_POINT('',(29.3,59.000000009815,39.5));
#2624 = DIRECTION('',(-1.,0.,0.));
#2625 = DIRECTION('',(0.,1.,0.));
#2626 = DEFINITIONAL_REPRESENTATION('',(#2627),#2630);
#2627 = B_SPLINE_CURVE_WITH_KNOTS('',1,(#2628,#2629),.UNSPECIFIED.,.F.,
  .F.,(2,2),(-1.499999999803,0.499999997777),.PIECEWISE_BEZIER_KNOTS.);
#2628 = CARTESIAN_POINT('',(1.99999999758,-2.5));
#2629 = CARTESIAN_POINT('',(0.,-2.5));
#2630 = ( GEOMETRIC_REPRESENTATION_CONTEXT(2) 
PARAMETRIC_REPRESENTATION_CONTEXT() REPRESENTATION_CONTEXT('2D SPACE',''
  ) );
#2631 = ORIENTED_EDGE('',*,*,#2632,.T.);
#2632 = EDGE_CURVE('',#2606,#2633,#2635,.T.);
#2633 = VERTEX_POINT('',#2634);
#2634 = CARTESIAN_POINT('',(17.246477252557,39.811653067607,42.));
#2635 = SURFACE_CURVE('',#2636,(#2641,#2652),.PCURVE_S1.);
#2636 = CIRCLE('',#2637,21.3);
#2637 = AXIS2_PLACEMENT_3D('',#2638,#2639,#2640);
#2638 = CARTESIAN_POINT('',(7.999999997652,59.000000009815,42.));
#2639 = DIRECTION('',(0.,0.,-1.));
#2640 = DIRECTION('',(-1.,0.,0.));
#2641 = PCURVE('',#144,#2642);
#2642 = DEFINITIONAL_REPRESENTATION('',(#2643),#2651);
#2643 = ( BOUNDED_CURVE() B_SPLINE_CURVE(2,(#2644,#2645,#2646,#2647,
#2648,#2649,#2650),.UNSPECIFIED.,.T.,.F.) B_SPLINE_CURVE_WITH_KNOTS((1,2
    ,2,2,2,1),(-2.094395102393,0.,2.094395102393,4.188790204786,
6.28318530718,8.377580409573),.UNSPECIFIED.) CURVE() 
GEOMETRIC_REPRESENTATION_ITEM() RATIONAL_B_SPLINE_CURVE((1.,0.5,1.,0.5,
1.,0.5,1.)) REPRESENTATION_ITEM('') );
#2644 = CARTESIAN_POINT('',(-13.2999999978,-0.999999995554));
#2645 = CARTESIAN_POINT('',(-13.2999999978,35.892682205663));
#2646 = CARTESIAN_POINT('',(18.650000002193,17.446341105054));
#2647 = CARTESIAN_POINT('',(50.600000002193,-0.999999995554));
#2648 = CARTESIAN_POINT('',(18.650000002193,-19.44634109616));
#2649 = CARTESIAN_POINT('',(-13.2999999978,-37.89268219677));
#2650 = CARTESIAN_POINT('',(-13.2999999978,-0.999999995554));
#2651 = ( GEOMETRIC_REPRESENTATION_CONTEXT(2) 
PARAMETRIC_REPRESENTATION_CONTEXT() REPRESENTATION_CONTEXT('2D SPACE',''
  ) );
#2652 = PCURVE('',#2653,#2658);
#2653 = CYLINDRICAL_SURFACE('',#2654,21.3);
#2654 = AXIS2_PLACEMENT_3D('',#2655,#2656,#2657);
#2655 = CARTESIAN_POINT('',(7.999999997652,59.000000009815,39.5));
#2656 = DIRECTION('',(0.,0.,-1.));
#2657 = DIRECTION('',(-1.,0.,0.));
#2658 = DEFINITIONAL_REPRESENTATION('',(#2659),#2663);
#2659 = LINE('',#2660,#2661);
#2660 = CARTESIAN_POINT('',(0.,-2.5));
#2661 = VECTOR('',#2662,1.);
#2662 = DIRECTION('',(1.,0.));
#2663 = ( GEOMETRIC_REPRESENTATION_CONTEXT(2) 
PARAMETRIC_REPRESENTATION_CONTEXT() REPRESENTATION_CONTEXT('2D SPACE',''
  ) );
#2664 = ORIENTED_EDGE('',*,*,#2665,.T.);
#2665 = EDGE_CURVE('',#2633,#2666,#2668,.T.);
#2666 = VERTEX_POINT('',#2667);
#2667 = CARTESIAN_POINT('',(21.8,27.000000007416,42.));
#2668 = SURFACE_CURVE('',#2669,(#2674,#2685),.PCURVE_S1.);
#2669 = CIRCLE('',#2670,20.3);
#2670 = AXIS2_PLACEMENT_3D('',#2671,#2672,#2673);
#2671 = CARTESIAN_POINT('',(1.5,27.000000007416,42.));
#2672 = DIRECTION('',(0.,0.,-1.));
#2673 = DIRECTION('',(1.,0.,0.));
#2674 = PCURVE('',#144,#2675);
#2675 = DEFINITIONAL_REPRESENTATION('',(#2676),#2684);
#2676 = ( BOUNDED_CURVE() B_SPLINE_CURVE(2,(#2677,#2678,#2679,#2680,
#2681,#2682,#2683),.UNSPECIFIED.,.T.,.F.) B_SPLINE_CURVE_WITH_KNOTS((1,2
    ,2,2,2,1),(-2.094395102393,0.,2.094395102393,4.188790204786,
6.28318530718,8.377580409573),.UNSPECIFIED.) CURVE() 
GEOMETRIC_REPRESENTATION_ITEM() RATIONAL_B_SPLINE_CURVE((1.,0.5,1.,0.5,
1.,0.5,1.)) REPRESENTATION_ITEM('') );
#2677 = CARTESIAN_POINT('',(21.800000004541,-32.99999999795));
#2678 = CARTESIAN_POINT('',(21.800000004541,-68.1606313916));
#2679 = CARTESIAN_POINT('',(-8.649999995459,-50.58031569477));
#2680 = CARTESIAN_POINT('',(-39.09999999545,-32.99999999795));
#2681 = CARTESIAN_POINT('',(-8.649999995459,-15.41968430112));
#2682 = CARTESIAN_POINT('',(21.800000004541,2.160631395696));
#2683 = CARTESIAN_POINT('',(21.800000004541,-32.99999999795));
#2684 = ( GEOMETRIC_REPRESENTATION_CONTEXT(2) 
PARAMETRIC_REPRESENTATION_CONTEXT() REPRESENTATION_CONTEXT('2D SPACE',''
  ) );
#2685 = PCURVE('',#2686,#2691);
#2686 = CYLINDRICAL_SURFACE('',#2687,20.3);
#2687 = AXIS2_PLACEMENT_3D('',#2688,#2689,#2690);
#2688 = CARTESIAN_POINT('',(1.5,27.000000007416,39.5));
#2689 = DIRECTION('',(-0.,-0.,-1.));
#2690 = DIRECTION('',(1.,0.,0.));
#2691 = DEFINITIONAL_REPRESENTATION('',(#2692),#2696);
#2692 = LINE('',#2693,#2694);
#2693 = CARTESIAN_POINT('',(-6.28318530718,-2.5));
#2694 = VECTOR('',#2695,1.);
#2695 = DIRECTION('',(1.,-0.));
#2696 = ( GEOMETRIC_REPRESENTATION_CONTEXT(2) 
PARAMETRIC_REPRESENTATION_CONTEXT() REPRESENTATION_CONTEXT('2D SPACE',''
  ) );
#2697 = ORIENTED_EDGE('',*,*,#2698,.T.);
#2698 = EDGE_CURVE('',#2666,#2327,#2699,.T.);
#2699 = SURFACE_CURVE('',#2700,(#2704,#2711),.PCURVE_S1.);
#2700 = LINE('',#2701,#2702);
#2701 = CARTESIAN_POINT('',(21.8,42.500000007603,42.));
#2702 = VECTOR('',#2703,1.);
#2703 = DIRECTION('',(0.,-1.,0.));
#2704 = PCURVE('',#144,#2705);
#2705 = DEFINITIONAL_REPRESENTATION('',(#2706),#2710);
#2706 = LINE('',#2707,#2708);
#2707 = CARTESIAN_POINT('',(21.800000004541,-17.49999999776));
#2708 = VECTOR('',#2709,1.);
#2709 = DIRECTION('',(0.,-1.));
#2710 = ( GEOMETRIC_REPRESENTATION_CONTEXT(2) 
PARAMETRIC_REPRESENTATION_CONTEXT() REPRESENTATION_CONTEXT('2D SPACE',''
  ) );
#2711 = PCURVE('',#2712,#2717);
#2712 = PLANE('',#2713);
#2713 = AXIS2_PLACEMENT_3D('',#2714,#2715,#2716);
#2714 = CARTESIAN_POINT('',(21.8,25.000000009836,39.5));
#2715 = DIRECTION('',(-1.,0.,0.));
#2716 = DIRECTION('',(0.,1.,0.));
#2717 = DEFINITIONAL_REPRESENTATION('',(#2718),#2721);
#2718 = B_SPLINE_CURVE_WITH_KNOTS('',1,(#2719,#2720),.UNSPECIFIED.,.F.,
  .F.,(2,2),(15.500000000186,17.499999997766),.PIECEWISE_BEZIER_KNOTS.);
#2719 = CARTESIAN_POINT('',(1.99999999758,-2.5));
#2720 = CARTESIAN_POINT('',(-3.552713678801E-15,-2.5));
#2721 = ( GEOMETRIC_REPRESENTATION_CONTEXT(2) 
PARAMETRIC_REPRESENTATION_CONTEXT() REPRESENTATION_CONTEXT('2D SPACE',''
  ) );
#2722 = FACE_BOUND('',#2723,.F.);
#2723 = EDGE_LOOP('',(#2724,#2752,#2785,#2811,#2844,#2870,#2903,#2929));
#2724 = ORIENTED_EDGE('',*,*,#2725,.F.);
#2725 = EDGE_CURVE('',#2726,#2728,#2730,.T.);
#2726 = VERTEX_POINT('',#2727);
#2727 = CARTESIAN_POINT('',(-19.,58.1,42.));
#2728 = VERTEX_POINT('',#2729);
#2729 = CARTESIAN_POINT('',(-19.,49.9,42.));
#2730 = SURFACE_CURVE('',#2731,(#2735,#2741),.PCURVE_S1.);
#2731 = LINE('',#2732,#2733);
#2732 = CARTESIAN_POINT('',(-18.99999999895,54.950000002684,42.));
#2733 = VECTOR('',#2734,1.);
#2734 = DIRECTION('',(0.,-1.,0.));
#2735 = PCURVE('',#144,#2736);
#2736 = DEFINITIONAL_REPRESENTATION('',(#2737),#2740);
#2737 = B_SPLINE_CURVE_WITH_KNOTS('',1,(#2738,#2739),.UNSPECIFIED.,.F.,
  .F.,(2,2),(-3.149999997316,5.050000002684),.PIECEWISE_BEZIER_KNOTS.);
#2738 = CARTESIAN_POINT('',(-18.99999999441,-1.900000005369));
#2739 = CARTESIAN_POINT('',(-18.99999999441,-10.10000000536));
#2740 = ( GEOMETRIC_REPRESENTATION_CONTEXT(2) 
PARAMETRIC_REPRESENTATION_CONTEXT() REPRESENTATION_CONTEXT('2D SPACE',''
  ) );
#2741 = PCURVE('',#2742,#2747);
#2742 = PLANE('',#2743);
#2743 = AXIS2_PLACEMENT_3D('',#2744,#2745,#2746);
#2744 = CARTESIAN_POINT('',(-18.99999999895,49.9,39.));
#2745 = DIRECTION('',(-1.,0.,0.));
#2746 = DIRECTION('',(0.,1.,0.));
#2747 = DEFINITIONAL_REPRESENTATION('',(#2748),#2751);
#2748 = B_SPLINE_CURVE_WITH_KNOTS('',1,(#2749,#2750),.UNSPECIFIED.,.F.,
  .F.,(2,2),(-3.149999997316,5.050000002684),.PIECEWISE_BEZIER_KNOTS.);
#2749 = CARTESIAN_POINT('',(8.2,-3.));
#2750 = CARTESIAN_POINT('',(0.,-3.));
#2751 = ( GEOMETRIC_REPRESENTATION_CONTEXT(2) 
PARAMETRIC_REPRESENTATION_CONTEXT() REPRESENTATION_CONTEXT('2D SPACE',''
  ) );
#2752 = ORIENTED_EDGE('',*,*,#2753,.T.);
#2753 = EDGE_CURVE('',#2726,#2754,#2756,.T.);
#2754 = VERTEX_POINT('',#2755);
#2755 = CARTESIAN_POINT('',(-18.10000000104,59.,42.));
#2756 = SURFACE_CURVE('',#2757,(#2762,#2773),.PCURVE_S1.);
#2757 = CIRCLE('',#2758,0.9);
#2758 = AXIS2_PLACEMENT_3D('',#2759,#2760,#2761);
#2759 = CARTESIAN_POINT('',(-18.10000000104,58.1,42.));
#2760 = DIRECTION('',(0.,0.,-1.));
#2761 = DIRECTION('',(-1.,0.,0.));
#2762 = PCURVE('',#144,#2763);
#2763 = DEFINITIONAL_REPRESENTATION('',(#2764),#2772);
#2764 = ( BOUNDED_CURVE() B_SPLINE_CURVE(2,(#2765,#2766,#2767,#2768,
#2769,#2770,#2771),.UNSPECIFIED.,.T.,.F.) B_SPLINE_CURVE_WITH_KNOTS((1,2
    ,2,2,2,1),(-2.094395102393,0.,2.094395102393,4.188790204786,
6.28318530718,8.377580409573),.UNSPECIFIED.) CURVE() 
GEOMETRIC_REPRESENTATION_ITEM() RATIONAL_B_SPLINE_CURVE((1.,0.5,1.,0.5,
1.,0.5,1.)) REPRESENTATION_ITEM('') );
#2765 = CARTESIAN_POINT('',(-18.9999999965,-1.900000005369));
#2766 = CARTESIAN_POINT('',(-18.9999999965,-0.341154278557));
#2767 = CARTESIAN_POINT('',(-17.6499999965,-1.120577141963));
#2768 = CARTESIAN_POINT('',(-16.2999999965,-1.900000005369));
#2769 = CARTESIAN_POINT('',(-17.6499999965,-2.679422868775));
#2770 = CARTESIAN_POINT('',(-18.9999999965,-3.458845732181));
#2771 = CARTESIAN_POINT('',(-18.9999999965,-1.900000005369));
#2772 = ( GEOMETRIC_REPRESENTATION_CONTEXT(2) 
PARAMETRIC_REPRESENTATION_CONTEXT() REPRESENTATION_CONTEXT('2D SPACE',''
  ) );
#2773 = PCURVE('',#2774,#2779);
#2774 = CYLINDRICAL_SURFACE('',#2775,0.9);
#2775 = AXIS2_PLACEMENT_3D('',#2776,#2777,#2778);
#2776 = CARTESIAN_POINT('',(-18.10000000104,58.1,39.));
#2777 = DIRECTION('',(0.,0.,-1.));
#2778 = DIRECTION('',(-1.,0.,0.));
#2779 = DEFINITIONAL_REPRESENTATION('',(#2780),#2784);
#2780 = LINE('',#2781,#2782);
#2781 = CARTESIAN_POINT('',(0.,-3.));
#2782 = VECTOR('',#2783,1.);
#2783 = DIRECTION('',(1.,0.));
#2784 = ( GEOMETRIC_REPRESENTATION_CONTEXT(2) 
PARAMETRIC_REPRESENTATION_CONTEXT() REPRESENTATION_CONTEXT('2D SPACE',''
  ) );
#2785 = ORIENTED_EDGE('',*,*,#2786,.F.);
#2786 = EDGE_CURVE('',#2787,#2754,#2789,.T.);
#2787 = VERTEX_POINT('',#2788);
#2788 = CARTESIAN_POINT('',(-17.90000001088,59.,42.));
#2789 = SURFACE_CURVE('',#2790,(#2794,#2800),.PCURVE_S1.);
#2790 = LINE('',#2791,#2792);
#2791 = CARTESIAN_POINT('',(-9.050000002792,59.,42.));
#2792 = VECTOR('',#2793,1.);
#2793 = DIRECTION('',(-1.,0.,0.));
#2794 = PCURVE('',#144,#2795);
#2795 = DEFINITIONAL_REPRESENTATION('',(#2796),#2799);
#2796 = B_SPLINE_CURVE_WITH_KNOTS('',1,(#2797,#2798),.UNSPECIFIED.,.F.,
  .F.,(2,2),(8.850000008096,9.04999999825),.PIECEWISE_BEZIER_KNOTS.);
#2797 = CARTESIAN_POINT('',(-17.90000000634,-1.000000005369));
#2798 = CARTESIAN_POINT('',(-18.0999999965,-1.000000005369));
#2799 = ( GEOMETRIC_REPRESENTATION_CONTEXT(2) 
PARAMETRIC_REPRESENTATION_CONTEXT() REPRESENTATION_CONTEXT('2D SPACE',''
  ) );
#2800 = PCURVE('',#2801,#2806);
#2801 = PLANE('',#2802);
#2802 = AXIS2_PLACEMENT_3D('',#2803,#2804,#2805);
#2803 = CARTESIAN_POINT('',(-18.10000000104,59.,39.));
#2804 = DIRECTION('',(0.,1.,0.));
#2805 = DIRECTION('',(1.,0.,0.));
#2806 = DEFINITIONAL_REPRESENTATION('',(#2807),#2810);
#2807 = B_SPLINE_CURVE_WITH_KNOTS('',1,(#2808,#2809),.UNSPECIFIED.,.F.,
  .F.,(2,2),(8.850000008096,9.04999999825),.PIECEWISE_BEZIER_KNOTS.);
#2808 = CARTESIAN_POINT('',(0.199999990154,-3.));
#2809 = CARTESIAN_POINT('',(0.,-3.));
#2810 = ( GEOMETRIC_REPRESENTATION_CONTEXT(2) 
PARAMETRIC_REPRESENTATION_CONTEXT() REPRESENTATION_CONTEXT('2D SPACE',''
  ) );
#2811 = ORIENTED_EDGE('',*,*,#2812,.T.);
#2812 = EDGE_CURVE('',#2787,#2813,#2815,.T.);
#2813 = VERTEX_POINT('',#2814);
#2814 = CARTESIAN_POINT('',(-17.00000000492,58.1,42.));
#2815 = SURFACE_CURVE('',#2816,(#2821,#2832),.PCURVE_S1.);
#2816 = CIRCLE('',#2817,0.9);
#2817 = AXIS2_PLACEMENT_3D('',#2818,#2819,#2820);
#2818 = CARTESIAN_POINT('',(-17.90000001088,58.1,42.));
#2819 = DIRECTION('',(0.,0.,-1.));
#2820 = DIRECTION('',(-1.,0.,0.));
#2821 = PCURVE('',#144,#2822);
#2822 = DEFINITIONAL_REPRESENTATION('',(#2823),#2831);
#2823 = ( BOUNDED_CURVE() B_SPLINE_CURVE(2,(#2824,#2825,#2826,#2827,
#2828,#2829,#2830),.UNSPECIFIED.,.T.,.F.) B_SPLINE_CURVE_WITH_KNOTS((1,2
    ,2,2,2,1),(-2.094395102393,0.,2.094395102393,4.188790204786,
6.28318530718,8.377580409573),.UNSPECIFIED.) CURVE() 
GEOMETRIC_REPRESENTATION_ITEM() RATIONAL_B_SPLINE_CURVE((1.,0.5,1.,0.5,
1.,0.5,1.)) REPRESENTATION_ITEM('') );
#2824 = CARTESIAN_POINT('',(-18.80000000634,-1.900000005369));
#2825 = CARTESIAN_POINT('',(-18.80000000634,-0.341154278557));
#2826 = CARTESIAN_POINT('',(-17.45000000634,-1.120577141963));
#2827 = CARTESIAN_POINT('',(-16.10000000634,-1.900000005369));
#2828 = CARTESIAN_POINT('',(-17.45000000634,-2.679422868775));
#2829 = CARTESIAN_POINT('',(-18.80000000634,-3.458845732181));
#2830 = CARTESIAN_POINT('',(-18.80000000634,-1.900000005369));
#2831 = ( GEOMETRIC_REPRESENTATION_CONTEXT(2) 
PARAMETRIC_REPRESENTATION_CONTEXT() REPRESENTATION_CONTEXT('2D SPACE',''
  ) );
#2832 = PCURVE('',#2833,#2838);
#2833 = CYLINDRICAL_SURFACE('',#2834,0.9);
#2834 = AXIS2_PLACEMENT_3D('',#2835,#2836,#2837);
#2835 = CARTESIAN_POINT('',(-17.90000001088,58.1,39.));
#2836 = DIRECTION('',(0.,0.,-1.));
#2837 = DIRECTION('',(-1.,0.,0.));
#2838 = DEFINITIONAL_REPRESENTATION('',(#2839),#2843);
#2839 = LINE('',#2840,#2841);
#2840 = CARTESIAN_POINT('',(0.,-3.));
#2841 = VECTOR('',#2842,1.);
#2842 = DIRECTION('',(1.,0.));
#2843 = ( GEOMETRIC_REPRESENTATION_CONTEXT(2) 
PARAMETRIC_REPRESENTATION_CONTEXT() REPRESENTATION_CONTEXT('2D SPACE',''
  ) );
#2844 = ORIENTED_EDGE('',*,*,#2845,.T.);
#2845 = EDGE_CURVE('',#2813,#2846,#2848,.T.);
#2846 = VERTEX_POINT('',#2847);
#2847 = CARTESIAN_POINT('',(-17.00000000492,49.9,42.));
#2848 = SURFACE_CURVE('',#2849,(#2853,#2859),.PCURVE_S1.);
#2849 = LINE('',#2850,#2851);
#2850 = CARTESIAN_POINT('',(-16.99999999895,54.950000002684,42.));
#2851 = VECTOR('',#2852,1.);
#2852 = DIRECTION('',(0.,-1.,0.));
#2853 = PCURVE('',#144,#2854);
#2854 = DEFINITIONAL_REPRESENTATION('',(#2855),#2858);
#2855 = B_SPLINE_CURVE_WITH_KNOTS('',1,(#2856,#2857),.UNSPECIFIED.,.F.,
  .F.,(2,2),(-3.149999997316,5.050000002684),.PIECEWISE_BEZIER_KNOTS.);
#2856 = CARTESIAN_POINT('',(-16.99999999441,-1.900000005369));
#2857 = CARTESIAN_POINT('',(-16.99999999441,-10.10000000536));
#2858 = ( GEOMETRIC_REPRESENTATION_CONTEXT(2) 
PARAMETRIC_REPRESENTATION_CONTEXT() REPRESENTATION_CONTEXT('2D SPACE',''
  ) );
#2859 = PCURVE('',#2860,#2865);
#2860 = PLANE('',#2861);
#2861 = AXIS2_PLACEMENT_3D('',#2862,#2863,#2864);
#2862 = CARTESIAN_POINT('',(-16.99999999895,49.9,39.));
#2863 = DIRECTION('',(-1.,0.,0.));
#2864 = DIRECTION('',(0.,1.,0.));
#2865 = DEFINITIONAL_REPRESENTATION('',(#2866),#2869);
#2866 = B_SPLINE_CURVE_WITH_KNOTS('',1,(#2867,#2868),.UNSPECIFIED.,.F.,
  .F.,(2,2),(-3.149999997316,5.050000002684),.PIECEWISE_BEZIER_KNOTS.);
#2867 = CARTESIAN_POINT('',(8.2,-3.));
#2868 = CARTESIAN_POINT('',(0.,-3.));
#2869 = ( GEOMETRIC_REPRESENTATION_CONTEXT(2) 
PARAMETRIC_REPRESENTATION_CONTEXT() REPRESENTATION_CONTEXT('2D SPACE',''
  ) );
#2870 = ORIENTED_EDGE('',*,*,#2871,.T.);
#2871 = EDGE_CURVE('',#2846,#2872,#2874,.T.);
#2872 = VERTEX_POINT('',#2873);
#2873 = CARTESIAN_POINT('',(-17.90000001088,49.,42.));
#2874 = SURFACE_CURVE('',#2875,(#2880,#2891),.PCURVE_S1.);
#2875 = CIRCLE('',#2876,0.9);
#2876 = AXIS2_PLACEMENT_3D('',#2877,#2878,#2879);
#2877 = CARTESIAN_POINT('',(-17.90000001088,49.9,42.));
#2878 = DIRECTION('',(0.,0.,-1.));
#2879 = DIRECTION('',(-1.,0.,0.));
#2880 = PCURVE('',#144,#2881);
#2881 = DEFINITIONAL_REPRESENTATION('',(#2882),#2890);
#2882 = ( BOUNDED_CURVE() B_SPLINE_CURVE(2,(#2883,#2884,#2885,#2886,
#2887,#2888,#2889),.UNSPECIFIED.,.T.,.F.) B_SPLINE_CURVE_WITH_KNOTS((1,2
    ,2,2,2,1),(-2.094395102393,0.,2.094395102393,4.188790204786,
6.28318530718,8.377580409573),.UNSPECIFIED.) CURVE() 
GEOMETRIC_REPRESENTATION_ITEM() RATIONAL_B_SPLINE_CURVE((1.,0.5,1.,0.5,
1.,0.5,1.)) REPRESENTATION_ITEM('') );
#2883 = CARTESIAN_POINT('',(-18.80000000634,-10.10000000536));
#2884 = CARTESIAN_POINT('',(-18.80000000634,-8.541154278557));
#2885 = CARTESIAN_POINT('',(-17.45000000634,-9.320577141963));
#2886 = CARTESIAN_POINT('',(-16.10000000634,-10.10000000536));
#2887 = CARTESIAN_POINT('',(-17.45000000634,-10.87942286877));
#2888 = CARTESIAN_POINT('',(-18.80000000634,-11.65884573218));
#2889 = CARTESIAN_POINT('',(-18.80000000634,-10.10000000536));
#2890 = ( GEOMETRIC_REPRESENTATION_CONTEXT(2) 
PARAMETRIC_REPRESENTATION_CONTEXT() REPRESENTATION_CONTEXT('2D SPACE',''
  ) );
#2891 = PCURVE('',#2892,#2897);
#2892 = CYLINDRICAL_SURFACE('',#2893,0.9);
#2893 = AXIS2_PLACEMENT_3D('',#2894,#2895,#2896);
#2894 = CARTESIAN_POINT('',(-17.90000001088,49.9,39.));
#2895 = DIRECTION('',(0.,0.,-1.));
#2896 = DIRECTION('',(-1.,0.,0.));
#2897 = DEFINITIONAL_REPRESENTATION('',(#2898),#2902);
#2898 = LINE('',#2899,#2900);
#2899 = CARTESIAN_POINT('',(0.,-3.));
#2900 = VECTOR('',#2901,1.);
#2901 = DIRECTION('',(1.,0.));
#2902 = ( GEOMETRIC_REPRESENTATION_CONTEXT(2) 
PARAMETRIC_REPRESENTATION_CONTEXT() REPRESENTATION_CONTEXT('2D SPACE',''
  ) );
#2903 = ORIENTED_EDGE('',*,*,#2904,.T.);
#2904 = EDGE_CURVE('',#2872,#2905,#2907,.T.);
#2905 = VERTEX_POINT('',#2906);
#2906 = CARTESIAN_POINT('',(-18.10000000104,49.,42.));
#2907 = SURFACE_CURVE('',#2908,(#2912,#2918),.PCURVE_S1.);
#2908 = LINE('',#2909,#2910);
#2909 = CARTESIAN_POINT('',(-9.050000002792,49.,42.));
#2910 = VECTOR('',#2911,1.);
#2911 = DIRECTION('',(-1.,0.,0.));
#2912 = PCURVE('',#144,#2913);
#2913 = DEFINITIONAL_REPRESENTATION('',(#2914),#2917);
#2914 = B_SPLINE_CURVE_WITH_KNOTS('',1,(#2915,#2916),.UNSPECIFIED.,.F.,
  .F.,(2,2),(8.850000008096,9.04999999825),.PIECEWISE_BEZIER_KNOTS.);
#2915 = CARTESIAN_POINT('',(-17.90000000634,-11.00000000536));
#2916 = CARTESIAN_POINT('',(-18.0999999965,-11.00000000536));
#2917 = ( GEOMETRIC_REPRESENTATION_CONTEXT(2) 
PARAMETRIC_REPRESENTATION_CONTEXT() REPRESENTATION_CONTEXT('2D SPACE',''
  ) );
#2918 = PCURVE('',#2919,#2924);
#2919 = PLANE('',#2920);
#2920 = AXIS2_PLACEMENT_3D('',#2921,#2922,#2923);
#2921 = CARTESIAN_POINT('',(-18.10000000104,49.,39.));
#2922 = DIRECTION('',(0.,1.,0.));
#2923 = DIRECTION('',(1.,0.,0.));
#2924 = DEFINITIONAL_REPRESENTATION('',(#2925),#2928);
#2925 = B_SPLINE_CURVE_WITH_KNOTS('',1,(#2926,#2927),.UNSPECIFIED.,.F.,
  .F.,(2,2),(8.850000008096,9.04999999825),.PIECEWISE_BEZIER_KNOTS.);
#2926 = CARTESIAN_POINT('',(0.199999990154,-3.));
#2927 = CARTESIAN_POINT('',(0.,-3.));
#2928 = ( GEOMETRIC_REPRESENTATION_CONTEXT(2) 
PARAMETRIC_REPRESENTATION_CONTEXT() REPRESENTATION_CONTEXT('2D SPACE',''
  ) );
#2929 = ORIENTED_EDGE('',*,*,#2930,.T.);
#2930 = EDGE_CURVE('',#2905,#2728,#2931,.T.);
#2931 = SURFACE_CURVE('',#2932,(#2937,#2948),.PCURVE_S1.);
#2932 = CIRCLE('',#2933,0.9);
#2933 = AXIS2_PLACEMENT_3D('',#2934,#2935,#2936);
#2934 = CARTESIAN_POINT('',(-18.10000000104,49.9,42.));
#2935 = DIRECTION('',(0.,0.,-1.));
#2936 = DIRECTION('',(-1.,0.,0.));
#2937 = PCURVE('',#144,#2938);
#2938 = DEFINITIONAL_REPRESENTATION('',(#2939),#2947);
#2939 = ( BOUNDED_CURVE() B_SPLINE_CURVE(2,(#2940,#2941,#2942,#2943,
#2944,#2945,#2946),.UNSPECIFIED.,.T.,.F.) B_SPLINE_CURVE_WITH_KNOTS((1,2
    ,2,2,2,1),(-2.094395102393,0.,2.094395102393,4.188790204786,
6.28318530718,8.377580409573),.UNSPECIFIED.) CURVE() 
GEOMETRIC_REPRESENTATION_ITEM() RATIONAL_B_SPLINE_CURVE((1.,0.5,1.,0.5,
1.,0.5,1.)) REPRESENTATION_ITEM('') );
#2940 = CARTESIAN_POINT('',(-18.9999999965,-10.10000000536));
#2941 = CARTESIAN_POINT('',(-18.9999999965,-8.541154278557));
#2942 = CARTESIAN_POINT('',(-17.6499999965,-9.320577141963));
#2943 = CARTESIAN_POINT('',(-16.2999999965,-10.10000000536));
#2944 = CARTESIAN_POINT('',(-17.6499999965,-10.87942286877));
#2945 = CARTESIAN_POINT('',(-18.9999999965,-11.65884573218));
#2946 = CARTESIAN_POINT('',(-18.9999999965,-10.10000000536));
#2947 = ( GEOMETRIC_REPRESENTATION_CONTEXT(2) 
PARAMETRIC_REPRESENTATION_CONTEXT() REPRESENTATION_CONTEXT('2D SPACE',''
  ) );
#2948 = PCURVE('',#2949,#2954);
#2949 = CYLINDRICAL_SURFACE('',#2950,0.9);
#2950 = AXIS2_PLACEMENT_3D('',#2951,#2952,#2953);
#2951 = CARTESIAN_POINT('',(-18.10000000104,49.9,39.));
#2952 = DIRECTION('',(0.,0.,-1.));
#2953 = DIRECTION('',(-1.,0.,0.));
#2954 = DEFINITIONAL_REPRESENTATION('',(#2955),#2959);
#2955 = LINE('',#2956,#2957);
#2956 = CARTESIAN_POINT('',(0.,-3.));
#2957 = VECTOR('',#2958,1.);
#2958 = DIRECTION('',(1.,0.));
#2959 = ( GEOMETRIC_REPRESENTATION_CONTEXT(2) 
PARAMETRIC_REPRESENTATION_CONTEXT() REPRESENTATION_CONTEXT('2D SPACE',''
  ) );
#2960 = FACE_BOUND('',#2961,.F.);
#2961 = EDGE_LOOP('',(#2962));
#2962 = ORIENTED_EDGE('',*,*,#2963,.F.);
#2963 = EDGE_CURVE('',#2964,#2964,#2966,.T.);
#2964 = VERTEX_POINT('',#2965);
#2965 = CARTESIAN_POINT('',(-25.6,64.,42.));
#2966 = SURFACE_CURVE('',#2967,(#2972,#2979),.PCURVE_S1.);
#2967 = CIRCLE('',#2968,1.2);
#2968 = AXIS2_PLACEMENT_3D('',#2969,#2970,#2971);
#2969 = CARTESIAN_POINT('',(-26.8,64.,42.));
#2970 = DIRECTION('',(0.,0.,1.));
#2971 = DIRECTION('',(1.,0.,-0.));
#2972 = PCURVE('',#144,#2973);
#2973 = DEFINITIONAL_REPRESENTATION('',(#2974),#2978);
#2974 = CIRCLE('',#2975,1.2);
#2975 = AXIS2_PLACEMENT_2D('',#2976,#2977);
#2976 = CARTESIAN_POINT('',(-26.79999999545,3.999999994631));
#2977 = DIRECTION('',(1.,0.));
#2978 = ( GEOMETRIC_REPRESENTATION_CONTEXT(2) 
PARAMETRIC_REPRESENTATION_CONTEXT() REPRESENTATION_CONTEXT('2D SPACE',''
  ) );
#2979 = PCURVE('',#2980,#2985);
#2980 = CYLINDRICAL_SURFACE('',#2981,1.2);
#2981 = AXIS2_PLACEMENT_3D('',#2982,#2983,#2984);
#2982 = CARTESIAN_POINT('',(-26.8,64.,38.));
#2983 = DIRECTION('',(0.,0.,1.));
#2984 = DIRECTION('',(1.,0.,-0.));
#2985 = DEFINITIONAL_REPRESENTATION('',(#2986),#2990);
#2986 = LINE('',#2987,#2988);
#2987 = CARTESIAN_POINT('',(0.,4.));
#2988 = VECTOR('',#2989,1.);
#2989 = DIRECTION('',(1.,0.));
#2990 = ( GEOMETRIC_REPRESENTATION_CONTEXT(2) 
PARAMETRIC_REPRESENTATION_CONTEXT() REPRESENTATION_CONTEXT('2D SPACE',''
  ) );
#2991 = FACE_BOUND('',#2992,.F.);
#2992 = EDGE_LOOP('',(#2993,#3028,#3057,#3090,#3117,#3150,#3179,#3212));
#2993 = ORIENTED_EDGE('',*,*,#2994,.T.);
#2994 = EDGE_CURVE('',#2995,#2997,#2999,.T.);
#2995 = VERTEX_POINT('',#2996);
#2996 = CARTESIAN_POINT('',(8.,82.300000008605,42.));
#2997 = VERTEX_POINT('',#2998);
#2998 = CARTESIAN_POINT('',(28.344833383415,67.306960812814,42.));
#2999 = SURFACE_CURVE('',#3000,(#3005,#3016),.PCURVE_S1.);
#3000 = CIRCLE('',#3001,21.3);
#3001 = AXIS2_PLACEMENT_3D('',#3002,#3003,#3004);
#3002 = CARTESIAN_POINT('',(8.,61.000000007395,42.));
#3003 = DIRECTION('',(0.,0.,-1.));
#3004 = DIRECTION('',(-1.,0.,0.));
#3005 = PCURVE('',#144,#3006);
#3006 = DEFINITIONAL_REPRESENTATION('',(#3007),#3015);
#3007 = ( BOUNDED_CURVE() B_SPLINE_CURVE(2,(#3008,#3009,#3010,#3011,
#3012,#3013,#3014),.UNSPECIFIED.,.T.,.F.) B_SPLINE_CURVE_WITH_KNOTS((1,2
    ,2,2,2,1),(-2.094395102393,0.,2.094395102393,4.188790204786,
6.28318530718,8.377580409573),.UNSPECIFIED.) CURVE() 
GEOMETRIC_REPRESENTATION_ITEM() RATIONAL_B_SPLINE_CURVE((1.,0.5,1.,0.5,
1.,0.5,1.)) REPRESENTATION_ITEM('') );
#3008 = CARTESIAN_POINT('',(-13.29999999545,1.000000002026));
#3009 = CARTESIAN_POINT('',(-13.29999999545,37.892682203243));
#3010 = CARTESIAN_POINT('',(18.650000004541,19.446341102634));
#3011 = CARTESIAN_POINT('',(50.600000004541,1.000000002026));
#3012 = CARTESIAN_POINT('',(18.650000004541,-17.44634109858));
#3013 = CARTESIAN_POINT('',(-13.29999999545,-35.89268219919));
#3014 = CARTESIAN_POINT('',(-13.29999999545,1.000000002026));
#3015 = ( GEOMETRIC_REPRESENTATION_CONTEXT(2) 
PARAMETRIC_REPRESENTATION_CONTEXT() REPRESENTATION_CONTEXT('2D SPACE',''
  ) );
#3016 = PCURVE('',#3017,#3022);
#3017 = CYLINDRICAL_SURFACE('',#3018,21.3);
#3018 = AXIS2_PLACEMENT_3D('',#3019,#3020,#3021);
#3019 = CARTESIAN_POINT('',(8.,61.000000007395,39.5));
#3020 = DIRECTION('',(0.,0.,-1.));
#3021 = DIRECTION('',(-1.,0.,0.));
#3022 = DEFINITIONAL_REPRESENTATION('',(#3023),#3027);
#3023 = LINE('',#3024,#3025);
#3024 = CARTESIAN_POINT('',(0.,-2.5));
#3025 = VECTOR('',#3026,1.);
#3026 = DIRECTION('',(1.,0.));
#3027 = ( GEOMETRIC_REPRESENTATION_CONTEXT(2) 
PARAMETRIC_REPRESENTATION_CONTEXT() REPRESENTATION_CONTEXT('2D SPACE',''
  ) );
#3028 = ORIENTED_EDGE('',*,*,#3029,.T.);
#3029 = EDGE_CURVE('',#2997,#3030,#3032,.T.);
#3030 = VERTEX_POINT('',#3031);
#3031 = CARTESIAN_POINT('',(26.650951251498,67.646955507073,42.));
#3032 = SURFACE_CURVE('',#3033,(#3038,#3045),.PCURVE_S1.);
#3033 = CIRCLE('',#3034,3.65);
#3034 = AXIS2_PLACEMENT_3D('',#3035,#3036,#3037);
#3035 = CARTESIAN_POINT('',(26.8,64.,42.));
#3036 = DIRECTION('',(0.,0.,1.));
#3037 = DIRECTION('',(1.,0.,-0.));
#3038 = PCURVE('',#144,#3039);
#3039 = DEFINITIONAL_REPRESENTATION('',(#3040),#3044);
#3040 = CIRCLE('',#3041,3.65);
#3041 = AXIS2_PLACEMENT_2D('',#3042,#3043);
#3042 = CARTESIAN_POINT('',(26.800000004541,3.999999994631));
#3043 = DIRECTION('',(1.,0.));
#3044 = ( GEOMETRIC_REPRESENTATION_CONTEXT(2) 
PARAMETRIC_REPRESENTATION_CONTEXT() REPRESENTATION_CONTEXT('2D SPACE',''
  ) );
#3045 = PCURVE('',#3046,#3051);
#3046 = CYLINDRICAL_SURFACE('',#3047,3.65);
#3047 = AXIS2_PLACEMENT_3D('',#3048,#3049,#3050);
#3048 = CARTESIAN_POINT('',(26.8,64.,39.));
#3049 = DIRECTION('',(0.,0.,1.));
#3050 = DIRECTION('',(1.,0.,-0.));
#3051 = DEFINITIONAL_REPRESENTATION('',(#3052),#3056);
#3052 = LINE('',#3053,#3054);
#3053 = CARTESIAN_POINT('',(0.,3.));
#3054 = VECTOR('',#3055,1.);
#3055 = DIRECTION('',(1.,0.));
#3056 = ( GEOMETRIC_REPRESENTATION_CONTEXT(2) 
PARAMETRIC_REPRESENTATION_CONTEXT() REPRESENTATION_CONTEXT('2D SPACE',''
  ) );
#3057 = ORIENTED_EDGE('',*,*,#3058,.F.);
#3058 = EDGE_CURVE('',#3059,#3030,#3061,.T.);
#3059 = VERTEX_POINT('',#3060);
#3060 = CARTESIAN_POINT('',(8.,80.800000008638,42.));
#3061 = SURFACE_CURVE('',#3062,(#3067,#3078),.PCURVE_S1.);
#3062 = CIRCLE('',#3063,19.8);
#3063 = AXIS2_PLACEMENT_3D('',#3064,#3065,#3066);
#3064 = CARTESIAN_POINT('',(8.,61.000000007428,42.));
#3065 = DIRECTION('',(0.,0.,-1.));
#3066 = DIRECTION('',(1.,0.,0.));
#3067 = PCURVE('',#144,#3068);
#3068 = DEFINITIONAL_REPRESENTATION('',(#3069),#3077);
#3069 = ( BOUNDED_CURVE() B_SPLINE_CURVE(2,(#3070,#3071,#3072,#3073,
#3074,#3075,#3076),.UNSPECIFIED.,.T.,.F.) B_SPLINE_CURVE_WITH_KNOTS((1,2
    ,2,2,2,1),(-2.094395102393,0.,2.094395102393,4.188790204786,
6.28318530718,8.377580409573),.UNSPECIFIED.) CURVE() 
GEOMETRIC_REPRESENTATION_ITEM() RATIONAL_B_SPLINE_CURVE((1.,0.5,1.,0.5,
1.,0.5,1.)) REPRESENTATION_ITEM('') );
#3070 = CARTESIAN_POINT('',(27.800000004541,1.000000002059));
#3071 = CARTESIAN_POINT('',(27.800000004541,-33.2946059878));
#3072 = CARTESIAN_POINT('',(-1.899999995459,-16.14730299287));
#3073 = CARTESIAN_POINT('',(-31.59999999545,1.000000002059));
#3074 = CARTESIAN_POINT('',(-1.899999995459,18.147302996991));
#3075 = CARTESIAN_POINT('',(27.800000004541,35.294605991923));
#3076 = CARTESIAN_POINT('',(27.800000004541,1.000000002059));
#3077 = ( GEOMETRIC_REPRESENTATION_CONTEXT(2) 
PARAMETRIC_REPRESENTATION_CONTEXT() REPRESENTATION_CONTEXT('2D SPACE',''
  ) );
#3078 = PCURVE('',#3079,#3084);
#3079 = CYLINDRICAL_SURFACE('',#3080,19.8);
#3080 = AXIS2_PLACEMENT_3D('',#3081,#3082,#3083);
#3081 = CARTESIAN_POINT('',(8.,61.000000007428,39.5));
#3082 = DIRECTION('',(-0.,-0.,-1.));
#3083 = DIRECTION('',(1.,0.,0.));
#3084 = DEFINITIONAL_REPRESENTATION('',(#3085),#3089);
#3085 = LINE('',#3086,#3087);
#3086 = CARTESIAN_POINT('',(-6.28318530718,-2.5));
#3087 = VECTOR('',#3088,1.);
#3088 = DIRECTION('',(1.,-0.));
#3089 = ( GEOMETRIC_REPRESENTATION_CONTEXT(2) 
PARAMETRIC_REPRESENTATION_CONTEXT() REPRESENTATION_CONTEXT('2D SPACE',''
  ) );
#3090 = ORIENTED_EDGE('',*,*,#3091,.T.);
#3091 = EDGE_CURVE('',#3059,#3092,#3094,.T.);
#3092 = VERTEX_POINT('',#3093);
#3093 = CARTESIAN_POINT('',(-8.,80.800000008638,42.));
#3094 = SURFACE_CURVE('',#3095,(#3099,#3106),.PCURVE_S1.);
#3095 = LINE('',#3096,#3097);
#3096 = CARTESIAN_POINT('',(-4.000000002271,80.800000009848,42.));
#3097 = VECTOR('',#3098,1.);
#3098 = DIRECTION('',(-1.,0.,0.));
#3099 = PCURVE('',#144,#3100);
#3100 = DEFINITIONAL_REPRESENTATION('',(#3101),#3105);
#3101 = LINE('',#3102,#3103);
#3102 = CARTESIAN_POINT('',(-3.999999997729,20.800000004479));
#3103 = VECTOR('',#3104,1.);
#3104 = DIRECTION('',(-1.,0.));
#3105 = ( GEOMETRIC_REPRESENTATION_CONTEXT(2) 
PARAMETRIC_REPRESENTATION_CONTEXT() REPRESENTATION_CONTEXT('2D SPACE',''
  ) );
#3106 = PCURVE('',#3107,#3112);
#3107 = PLANE('',#3108);
#3108 = AXIS2_PLACEMENT_3D('',#3109,#3110,#3111);
#3109 = CARTESIAN_POINT('',(-8.,80.800000009848,39.5));
#3110 = DIRECTION('',(0.,1.,0.));
#3111 = DIRECTION('',(1.,0.,0.));
#3112 = DEFINITIONAL_REPRESENTATION('',(#3113),#3116);
#3113 = B_SPLINE_CURVE_WITH_KNOTS('',1,(#3114,#3115),.UNSPECIFIED.,.F.,
  .F.,(2,2),(-12.00000000227,3.999999997729),.PIECEWISE_BEZIER_KNOTS.);
#3114 = CARTESIAN_POINT('',(16.,-2.5));
#3115 = CARTESIAN_POINT('',(0.,-2.5));
#3116 = ( GEOMETRIC_REPRESENTATION_CONTEXT(2) 
PARAMETRIC_REPRESENTATION_CONTEXT() REPRESENTATION_CONTEXT('2D SPACE',''
  ) );
#3117 = ORIENTED_EDGE('',*,*,#3118,.F.);
#3118 = EDGE_CURVE('',#3119,#3092,#3121,.T.);
#3119 = VERTEX_POINT('',#3120);
#3120 = CARTESIAN_POINT('',(-26.65095125149,67.646955507073,42.));
#3121 = SURFACE_CURVE('',#3122,(#3127,#3138),.PCURVE_S1.);
#3122 = CIRCLE('',#3123,19.8);
#3123 = AXIS2_PLACEMENT_3D('',#3124,#3125,#3126);
#3124 = CARTESIAN_POINT('',(-8.,61.000000007428,42.));
#3125 = DIRECTION('',(0.,0.,-1.));
#3126 = DIRECTION('',(1.,0.,0.));
#3127 = PCURVE('',#144,#3128);
#3128 = DEFINITIONAL_REPRESENTATION('',(#3129),#3137);
#3129 = ( BOUNDED_CURVE() B_SPLINE_CURVE(2,(#3130,#3131,#3132,#3133,
#3134,#3135,#3136),.UNSPECIFIED.,.T.,.F.) B_SPLINE_CURVE_WITH_KNOTS((1,2
    ,2,2,2,1),(-2.094395102393,0.,2.094395102393,4.188790204786,
6.28318530718,8.377580409573),.UNSPECIFIED.) CURVE() 
GEOMETRIC_REPRESENTATION_ITEM() RATIONAL_B_SPLINE_CURVE((1.,0.5,1.,0.5,
1.,0.5,1.)) REPRESENTATION_ITEM('') );
#3130 = CARTESIAN_POINT('',(11.800000004541,1.000000002059));
#3131 = CARTESIAN_POINT('',(11.800000004541,-33.2946059878));
#3132 = CARTESIAN_POINT('',(-17.89999999545,-16.14730299287));
#3133 = CARTESIAN_POINT('',(-47.59999999545,1.000000002059));
#3134 = CARTESIAN_POINT('',(-17.89999999545,18.147302996991));
#3135 = CARTESIAN_POINT('',(11.800000004541,35.294605991923));
#3136 = CARTESIAN_POINT('',(11.800000004541,1.000000002059));
#3137 = ( GEOMETRIC_REPRESENTATION_CONTEXT(2) 
PARAMETRIC_REPRESENTATION_CONTEXT() REPRESENTATION_CONTEXT('2D SPACE',''
  ) );
#3138 = PCURVE('',#3139,#3144);
#3139 = CYLINDRICAL_SURFACE('',#3140,19.8);
#3140 = AXIS2_PLACEMENT_3D('',#3141,#3142,#3143);
#3141 = CARTESIAN_POINT('',(-8.,61.000000007428,39.5));
#3142 = DIRECTION('',(-0.,-0.,-1.));
#3143 = DIRECTION('',(1.,0.,0.));
#3144 = DEFINITIONAL_REPRESENTATION('',(#3145),#3149);
#3145 = LINE('',#3146,#3147);
#3146 = CARTESIAN_POINT('',(-6.28318530718,-2.5));
#3147 = VECTOR('',#3148,1.);
#3148 = DIRECTION('',(1.,-0.));
#3149 = ( GEOMETRIC_REPRESENTATION_CONTEXT(2) 
PARAMETRIC_REPRESENTATION_CONTEXT() REPRESENTATION_CONTEXT('2D SPACE',''
  ) );
#3150 = ORIENTED_EDGE('',*,*,#3151,.T.);
#3151 = EDGE_CURVE('',#3119,#3152,#3154,.T.);
#3152 = VERTEX_POINT('',#3153);
#3153 = CARTESIAN_POINT('',(-28.34483338341,67.306960812814,42.));
#3154 = SURFACE_CURVE('',#3155,(#3160,#3167),.PCURVE_S1.);
#3155 = CIRCLE('',#3156,3.65);
#3156 = AXIS2_PLACEMENT_3D('',#3157,#3158,#3159);
#3157 = CARTESIAN_POINT('',(-26.8,64.,42.));
#3158 = DIRECTION('',(0.,0.,1.));
#3159 = DIRECTION('',(1.,0.,-0.));
#3160 = PCURVE('',#144,#3161);
#3161 = DEFINITIONAL_REPRESENTATION('',(#3162),#3166);
#3162 = CIRCLE('',#3163,3.65);
#3163 = AXIS2_PLACEMENT_2D('',#3164,#3165);
#3164 = CARTESIAN_POINT('',(-26.79999999545,3.999999994631));
#3165 = DIRECTION('',(1.,0.));
#3166 = ( GEOMETRIC_REPRESENTATION_CONTEXT(2) 
PARAMETRIC_REPRESENTATION_CONTEXT() REPRESENTATION_CONTEXT('2D SPACE',''
  ) );
#3167 = PCURVE('',#3168,#3173);
#3168 = CYLINDRICAL_SURFACE('',#3169,3.65);
#3169 = AXIS2_PLACEMENT_3D('',#3170,#3171,#3172);
#3170 = CARTESIAN_POINT('',(-26.8,64.,39.));
#3171 = DIRECTION('',(0.,0.,1.));
#3172 = DIRECTION('',(1.,0.,-0.));
#3173 = DEFINITIONAL_REPRESENTATION('',(#3174),#3178);
#3174 = LINE('',#3175,#3176);
#3175 = CARTESIAN_POINT('',(0.,3.));
#3176 = VECTOR('',#3177,1.);
#3177 = DIRECTION('',(1.,0.));
#3178 = ( GEOMETRIC_REPRESENTATION_CONTEXT(2) 
PARAMETRIC_REPRESENTATION_CONTEXT() REPRESENTATION_CONTEXT('2D SPACE',''
  ) );
#3179 = ORIENTED_EDGE('',*,*,#3180,.T.);
#3180 = EDGE_CURVE('',#3152,#3181,#3183,.T.);
#3181 = VERTEX_POINT('',#3182);
#3182 = CARTESIAN_POINT('',(-8.,82.300000008605,42.));
#3183 = SURFACE_CURVE('',#3184,(#3189,#3200),.PCURVE_S1.);
#3184 = CIRCLE('',#3185,21.3);
#3185 = AXIS2_PLACEMENT_3D('',#3186,#3187,#3188);
#3186 = CARTESIAN_POINT('',(-8.,61.000000007395,42.));
#3187 = DIRECTION('',(0.,0.,-1.));
#3188 = DIRECTION('',(-1.,0.,0.));
#3189 = PCURVE('',#144,#3190);
#3190 = DEFINITIONAL_REPRESENTATION('',(#3191),#3199);
#3191 = ( BOUNDED_CURVE() B_SPLINE_CURVE(2,(#3192,#3193,#3194,#3195,
#3196,#3197,#3198),.UNSPECIFIED.,.T.,.F.) B_SPLINE_CURVE_WITH_KNOTS((1,2
    ,2,2,2,1),(-2.094395102393,0.,2.094395102393,4.188790204786,
6.28318530718,8.377580409573),.UNSPECIFIED.) CURVE() 
GEOMETRIC_REPRESENTATION_ITEM() RATIONAL_B_SPLINE_CURVE((1.,0.5,1.,0.5,
1.,0.5,1.)) REPRESENTATION_ITEM('') );
#3192 = CARTESIAN_POINT('',(-29.29999999545,1.000000002026));
#3193 = CARTESIAN_POINT('',(-29.29999999545,37.892682203243));
#3194 = CARTESIAN_POINT('',(2.650000004541,19.446341102634));
#3195 = CARTESIAN_POINT('',(34.600000004541,1.000000002026));
#3196 = CARTESIAN_POINT('',(2.650000004541,-17.44634109858));
#3197 = CARTESIAN_POINT('',(-29.29999999545,-35.89268219919));
#3198 = CARTESIAN_POINT('',(-29.29999999545,1.000000002026));
#3199 = ( GEOMETRIC_REPRESENTATION_CONTEXT(2) 
PARAMETRIC_REPRESENTATION_CONTEXT() REPRESENTATION_CONTEXT('2D SPACE',''
  ) );
#3200 = PCURVE('',#3201,#3206);
#3201 = CYLINDRICAL_SURFACE('',#3202,21.3);
#3202 = AXIS2_PLACEMENT_3D('',#3203,#3204,#3205);
#3203 = CARTESIAN_POINT('',(-8.,61.000000007395,39.5));
#3204 = DIRECTION('',(0.,0.,-1.));
#3205 = DIRECTION('',(-1.,0.,0.));
#3206 = DEFINITIONAL_REPRESENTATION('',(#3207),#3211);
#3207 = LINE('',#3208,#3209);
#3208 = CARTESIAN_POINT('',(0.,-2.5));
#3209 = VECTOR('',#3210,1.);
#3210 = DIRECTION('',(1.,0.));
#3211 = ( GEOMETRIC_REPRESENTATION_CONTEXT(2) 
PARAMETRIC_REPRESENTATION_CONTEXT() REPRESENTATION_CONTEXT('2D SPACE',''
  ) );
#3212 = ORIENTED_EDGE('',*,*,#3213,.F.);
#3213 = EDGE_CURVE('',#2995,#3181,#3214,.T.);
#3214 = SURFACE_CURVE('',#3215,(#3219,#3226),.PCURVE_S1.);
#3215 = LINE('',#3216,#3217);
#3216 = CARTESIAN_POINT('',(-4.000000002271,82.300000009815,42.));
#3217 = VECTOR('',#3218,1.);
#3218 = DIRECTION('',(-1.,0.,0.));
#3219 = PCURVE('',#144,#3220);
#3220 = DEFINITIONAL_REPRESENTATION('',(#3221),#3225);
#3221 = LINE('',#3222,#3223);
#3222 = CARTESIAN_POINT('',(-3.999999997729,22.300000004446));
#3223 = VECTOR('',#3224,1.);
#3224 = DIRECTION('',(-1.,0.));
#3225 = ( GEOMETRIC_REPRESENTATION_CONTEXT(2) 
PARAMETRIC_REPRESENTATION_CONTEXT() REPRESENTATION_CONTEXT('2D SPACE',''
  ) );
#3226 = PCURVE('',#3227,#3232);
#3227 = PLANE('',#3228);
#3228 = AXIS2_PLACEMENT_3D('',#3229,#3230,#3231);
#3229 = CARTESIAN_POINT('',(-8.,82.300000009815,39.5));
#3230 = DIRECTION('',(0.,1.,0.));
#3231 = DIRECTION('',(1.,0.,0.));
#3232 = DEFINITIONAL_REPRESENTATION('',(#3233),#3236);
#3233 = B_SPLINE_CURVE_WITH_KNOTS('',1,(#3234,#3235),.UNSPECIFIED.,.F.,
  .F.,(2,2),(-12.00000000227,3.999999997729),.PIECEWISE_BEZIER_KNOTS.);
#3234 = CARTESIAN_POINT('',(16.,-2.5));
#3235 = CARTESIAN_POINT('',(0.,-2.5));
#3236 = ( GEOMETRIC_REPRESENTATION_CONTEXT(2) 
PARAMETRIC_REPRESENTATION_CONTEXT() REPRESENTATION_CONTEXT('2D SPACE',''
  ) );
#3237 = FACE_BOUND('',#3238,.F.);
#3238 = EDGE_LOOP('',(#3239,#3267,#3293,#3319));
#3239 = ORIENTED_EDGE('',*,*,#3240,.T.);
#3240 = EDGE_CURVE('',#3241,#3243,#3245,.T.);
#3241 = VERTEX_POINT('',#3242);
#3242 = CARTESIAN_POINT('',(-4.1,83.,42.));
#3243 = VERTEX_POINT('',#3244);
#3244 = CARTESIAN_POINT('',(-5.5,83.,42.));
#3245 = SURFACE_CURVE('',#3246,(#3250,#3256),.PCURVE_S1.);
#3246 = LINE('',#3247,#3248);
#3247 = CARTESIAN_POINT('',(-2.750000002271,83.,42.));
#3248 = VECTOR('',#3249,1.);
#3249 = DIRECTION('',(-1.,-0.,0.));
#3250 = PCURVE('',#144,#3251);
#3251 = DEFINITIONAL_REPRESENTATION('',(#3252),#3255);
#3252 = B_SPLINE_CURVE_WITH_KNOTS('',1,(#3253,#3254),.UNSPECIFIED.,.F.,
  .F.,(2,2),(1.349999997729,2.749999997729),.PIECEWISE_BEZIER_KNOTS.);
#3253 = CARTESIAN_POINT('',(-4.099999995459,22.999999994631));
#3254 = CARTESIAN_POINT('',(-5.499999995459,22.999999994631));
#3255 = ( GEOMETRIC_REPRESENTATION_CONTEXT(2) 
PARAMETRIC_REPRESENTATION_CONTEXT() REPRESENTATION_CONTEXT('2D SPACE',''
  ) );
#3256 = PCURVE('',#3257,#3262);
#3257 = PLANE('',#3258);
#3258 = AXIS2_PLACEMENT_3D('',#3259,#3260,#3261);
#3259 = CARTESIAN_POINT('',(-5.5,83.,33.3));
#3260 = DIRECTION('',(-0.,1.,0.));
#3261 = DIRECTION('',(0.,0.,1.));
#3262 = DEFINITIONAL_REPRESENTATION('',(#3263),#3266);
#3263 = B_SPLINE_CURVE_WITH_KNOTS('',1,(#3264,#3265),.UNSPECIFIED.,.F.,
  .F.,(2,2),(1.349999997729,2.749999997729),.PIECEWISE_BEZIER_KNOTS.);
#3264 = CARTESIAN_POINT('',(8.7,1.4));
#3265 = CARTESIAN_POINT('',(8.7,0.));
#3266 = ( GEOMETRIC_REPRESENTATION_CONTEXT(2) 
PARAMETRIC_REPRESENTATION_CONTEXT() REPRESENTATION_CONTEXT('2D SPACE',''
  ) );
#3267 = ORIENTED_EDGE('',*,*,#3268,.T.);
#3268 = EDGE_CURVE('',#3243,#3269,#3271,.T.);
#3269 = VERTEX_POINT('',#3270);
#3270 = CARTESIAN_POINT('',(-5.5,84.1,42.));
#3271 = SURFACE_CURVE('',#3272,(#3276,#3282),.PCURVE_S1.);
#3272 = LINE('',#3273,#3274);
#3273 = CARTESIAN_POINT('',(-5.5,71.500000002684,42.));
#3274 = VECTOR('',#3275,1.);
#3275 = DIRECTION('',(-0.,1.,0.));
#3276 = PCURVE('',#144,#3277);
#3277 = DEFINITIONAL_REPRESENTATION('',(#3278),#3281);
#3278 = B_SPLINE_CURVE_WITH_KNOTS('',1,(#3279,#3280),.UNSPECIFIED.,.F.,
  .F.,(2,2),(11.499999997316,12.599999997316),.PIECEWISE_BEZIER_KNOTS.);
#3279 = CARTESIAN_POINT('',(-5.499999995459,22.999999994631));
#3280 = CARTESIAN_POINT('',(-5.499999995459,24.099999994631));
#3281 = ( GEOMETRIC_REPRESENTATION_CONTEXT(2) 
PARAMETRIC_REPRESENTATION_CONTEXT() REPRESENTATION_CONTEXT('2D SPACE',''
  ) );
#3282 = PCURVE('',#3283,#3288);
#3283 = PLANE('',#3284);
#3284 = AXIS2_PLACEMENT_3D('',#3285,#3286,#3287);
#3285 = CARTESIAN_POINT('',(-5.5,83.,33.3));
#3286 = DIRECTION('',(1.,0.,-0.));
#3287 = DIRECTION('',(0.,0.,1.));
#3288 = DEFINITIONAL_REPRESENTATION('',(#3289),#3292);
#3289 = B_SPLINE_CURVE_WITH_KNOTS('',1,(#3290,#3291),.UNSPECIFIED.,.F.,
  .F.,(2,2),(11.499999997316,12.599999997316),.PIECEWISE_BEZIER_KNOTS.);
#3290 = CARTESIAN_POINT('',(8.7,0.));
#3291 = CARTESIAN_POINT('',(8.7,-1.1));
#3292 = ( GEOMETRIC_REPRESENTATION_CONTEXT(2) 
PARAMETRIC_REPRESENTATION_CONTEXT() REPRESENTATION_CONTEXT('2D SPACE',''
  ) );
#3293 = ORIENTED_EDGE('',*,*,#3294,.F.);
#3294 = EDGE_CURVE('',#3295,#3269,#3297,.T.);
#3295 = VERTEX_POINT('',#3296);
#3296 = CARTESIAN_POINT('',(-4.1,84.1,42.));
#3297 = SURFACE_CURVE('',#3298,(#3302,#3308),.PCURVE_S1.);
#3298 = LINE('',#3299,#3300);
#3299 = CARTESIAN_POINT('',(-2.750000002271,84.1,42.));
#3300 = VECTOR('',#3301,1.);
#3301 = DIRECTION('',(-1.,-0.,0.));
#3302 = PCURVE('',#144,#3303);
#3303 = DEFINITIONAL_REPRESENTATION('',(#3304),#3307);
#3304 = B_SPLINE_CURVE_WITH_KNOTS('',1,(#3305,#3306),.UNSPECIFIED.,.F.,
  .F.,(2,2),(1.349999997729,2.749999997729),.PIECEWISE_BEZIER_KNOTS.);
#3305 = CARTESIAN_POINT('',(-4.099999995459,24.099999994631));
#3306 = CARTESIAN_POINT('',(-5.499999995459,24.099999994631));
#3307 = ( GEOMETRIC_REPRESENTATION_CONTEXT(2) 
PARAMETRIC_REPRESENTATION_CONTEXT() REPRESENTATION_CONTEXT('2D SPACE',''
  ) );
#3308 = PCURVE('',#3309,#3314);
#3309 = PLANE('',#3310);
#3310 = AXIS2_PLACEMENT_3D('',#3311,#3312,#3313);
#3311 = CARTESIAN_POINT('',(-5.5,84.1,33.3));
#3312 = DIRECTION('',(-0.,1.,0.));
#3313 = DIRECTION('',(0.,0.,1.));
#3314 = DEFINITIONAL_REPRESENTATION('',(#3315),#3318);
#3315 = B_SPLINE_CURVE_WITH_KNOTS('',1,(#3316,#3317),.UNSPECIFIED.,.F.,
  .F.,(2,2),(1.349999997729,2.749999997729),.PIECEWISE_BEZIER_KNOTS.);
#3316 = CARTESIAN_POINT('',(8.7,1.4));
#3317 = CARTESIAN_POINT('',(8.7,0.));
#3318 = ( GEOMETRIC_REPRESENTATION_CONTEXT(2) 
PARAMETRIC_REPRESENTATION_CONTEXT() REPRESENTATION_CONTEXT('2D SPACE',''
  ) );
#3319 = ORIENTED_EDGE('',*,*,#3320,.F.);
#3320 = EDGE_CURVE('',#3241,#3295,#3321,.T.);
#3321 = SURFACE_CURVE('',#3322,(#3326,#3332),.PCURVE_S1.);
#3322 = LINE('',#3323,#3324);
#3323 = CARTESIAN_POINT('',(-4.1,71.500000002684,42.));
#3324 = VECTOR('',#3325,1.);
#3325 = DIRECTION('',(-0.,1.,0.));
#3326 = PCURVE('',#144,#3327);
#3327 = DEFINITIONAL_REPRESENTATION('',(#3328),#3331);
#3328 = B_SPLINE_CURVE_WITH_KNOTS('',1,(#3329,#3330),.UNSPECIFIED.,.F.,
  .F.,(2,2),(11.499999997316,12.599999997316),.PIECEWISE_BEZIER_KNOTS.);
#3329 = CARTESIAN_POINT('',(-4.099999995459,22.999999994631));
#3330 = CARTESIAN_POINT('',(-4.099999995459,24.099999994631));
#3331 = ( GEOMETRIC_REPRESENTATION_CONTEXT(2) 
PARAMETRIC_REPRESENTATION_CONTEXT() REPRESENTATION_CONTEXT('2D SPACE',''
  ) );
#3332 = PCURVE('',#3333,#3338);
#3333 = PLANE('',#3334);
#3334 = AXIS2_PLACEMENT_3D('',#3335,#3336,#3337);
#3335 = CARTESIAN_POINT('',(-4.1,83.,33.3));
#3336 = DIRECTION('',(1.,0.,-0.));
#3337 = DIRECTION('',(0.,0.,1.));
#3338 = DEFINITIONAL_REPRESENTATION('',(#3339),#3342);
#3339 = B_SPLINE_CURVE_WITH_KNOTS('',1,(#3340,#3341),.UNSPECIFIED.,.F.,
  .F.,(2,2),(11.499999997316,12.599999997316),.PIECEWISE_BEZIER_KNOTS.);
#3340 = CARTESIAN_POINT('',(8.7,0.));
#3341 = CARTESIAN_POINT('',(8.7,-1.1));
#3342 = ( GEOMETRIC_REPRESENTATION_CONTEXT(2) 
PARAMETRIC_REPRESENTATION_CONTEXT() REPRESENTATION_CONTEXT('2D SPACE',''
  ) );
#3343 = FACE_BOUND('',#3344,.F.);
#3344 = EDGE_LOOP('',(#3345,#3373,#3406,#3432,#3465,#3491,#3524,#3550));
#3345 = ORIENTED_EDGE('',*,*,#3346,.F.);
#3346 = EDGE_CURVE('',#3347,#3349,#3351,.T.);
#3347 = VERTEX_POINT('',#3348);
#3348 = CARTESIAN_POINT('',(17.,58.1,42.));
#3349 = VERTEX_POINT('',#3350);
#3350 = CARTESIAN_POINT('',(17.,49.9,42.));
#3351 = SURFACE_CURVE('',#3352,(#3356,#3362),.PCURVE_S1.);
#3352 = LINE('',#3353,#3354);
#3353 = CARTESIAN_POINT('',(17.000000001042,54.950000002684,42.));
#3354 = VECTOR('',#3355,1.);
#3355 = DIRECTION('',(0.,-1.,0.));
#3356 = PCURVE('',#144,#3357);
#3357 = DEFINITIONAL_REPRESENTATION('',(#3358),#3361);
#3358 = B_SPLINE_CURVE_WITH_KNOTS('',1,(#3359,#3360),.UNSPECIFIED.,.F.,
  .F.,(2,2),(-3.149999997316,5.050000002684),.PIECEWISE_BEZIER_KNOTS.);
#3359 = CARTESIAN_POINT('',(17.000000005583,-1.900000005369));
#3360 = CARTESIAN_POINT('',(17.000000005583,-10.10000000536));
#3361 = ( GEOMETRIC_REPRESENTATION_CONTEXT(2) 
PARAMETRIC_REPRESENTATION_CONTEXT() REPRESENTATION_CONTEXT('2D SPACE',''
  ) );
#3362 = PCURVE('',#3363,#3368);
#3363 = PLANE('',#3364);
#3364 = AXIS2_PLACEMENT_3D('',#3365,#3366,#3367);
#3365 = CARTESIAN_POINT('',(17.000000001042,49.9,39.));
#3366 = DIRECTION('',(-1.,0.,0.));
#3367 = DIRECTION('',(0.,1.,0.));
#3368 = DEFINITIONAL_REPRESENTATION('',(#3369),#3372);
#3369 = B_SPLINE_CURVE_WITH_KNOTS('',1,(#3370,#3371),.UNSPECIFIED.,.F.,
  .F.,(2,2),(-3.149999997316,5.050000002684),.PIECEWISE_BEZIER_KNOTS.);
#3370 = CARTESIAN_POINT('',(8.2,-3.));
#3371 = CARTESIAN_POINT('',(0.,-3.));
#3372 = ( GEOMETRIC_REPRESENTATION_CONTEXT(2) 
PARAMETRIC_REPRESENTATION_CONTEXT() REPRESENTATION_CONTEXT('2D SPACE',''
  ) );
#3373 = ORIENTED_EDGE('',*,*,#3374,.T.);
#3374 = EDGE_CURVE('',#3347,#3375,#3377,.T.);
#3375 = VERTEX_POINT('',#3376);
#3376 = CARTESIAN_POINT('',(17.899999998958,59.,42.));
#3377 = SURFACE_CURVE('',#3378,(#3383,#3394),.PCURVE_S1.);
#3378 = CIRCLE('',#3379,0.9);
#3379 = AXIS2_PLACEMENT_3D('',#3380,#3381,#3382);
#3380 = CARTESIAN_POINT('',(17.899999998958,58.1,42.));
#3381 = DIRECTION('',(0.,0.,-1.));
#3382 = DIRECTION('',(-1.,0.,0.));
#3383 = PCURVE('',#144,#3384);
#3384 = DEFINITIONAL_REPRESENTATION('',(#3385),#3393);
#3385 = ( BOUNDED_CURVE() B_SPLINE_CURVE(2,(#3386,#3387,#3388,#3389,
#3390,#3391,#3392),.UNSPECIFIED.,.T.,.F.) B_SPLINE_CURVE_WITH_KNOTS((1,2
    ,2,2,2,1),(-2.094395102393,0.,2.094395102393,4.188790204786,
6.28318530718,8.377580409573),.UNSPECIFIED.) CURVE() 
GEOMETRIC_REPRESENTATION_ITEM() RATIONAL_B_SPLINE_CURVE((1.,0.5,1.,0.5,
1.,0.5,1.)) REPRESENTATION_ITEM('') );
#3386 = CARTESIAN_POINT('',(17.0000000035,-1.900000005369));
#3387 = CARTESIAN_POINT('',(17.0000000035,-0.341154278557));
#3388 = CARTESIAN_POINT('',(18.3500000035,-1.120577141963));
#3389 = CARTESIAN_POINT('',(19.7000000035,-1.900000005369));
#3390 = CARTESIAN_POINT('',(18.3500000035,-2.679422868775));
#3391 = CARTESIAN_POINT('',(17.0000000035,-3.458845732181));
#3392 = CARTESIAN_POINT('',(17.0000000035,-1.900000005369));
#3393 = ( GEOMETRIC_REPRESENTATION_CONTEXT(2) 
PARAMETRIC_REPRESENTATION_CONTEXT() REPRESENTATION_CONTEXT('2D SPACE',''
  ) );
#3394 = PCURVE('',#3395,#3400);
#3395 = CYLINDRICAL_SURFACE('',#3396,0.9);
#3396 = AXIS2_PLACEMENT_3D('',#3397,#3398,#3399);
#3397 = CARTESIAN_POINT('',(17.899999998958,58.1,39.));
#3398 = DIRECTION('',(0.,0.,-1.));
#3399 = DIRECTION('',(-1.,0.,0.));
#3400 = DEFINITIONAL_REPRESENTATION('',(#3401),#3405);
#3401 = LINE('',#3402,#3403);
#3402 = CARTESIAN_POINT('',(0.,-3.));
#3403 = VECTOR('',#3404,1.);
#3404 = DIRECTION('',(1.,0.));
#3405 = ( GEOMETRIC_REPRESENTATION_CONTEXT(2) 
PARAMETRIC_REPRESENTATION_CONTEXT() REPRESENTATION_CONTEXT('2D SPACE',''
  ) );
#3406 = ORIENTED_EDGE('',*,*,#3407,.F.);
#3407 = EDGE_CURVE('',#3408,#3375,#3410,.T.);
#3408 = VERTEX_POINT('',#3409);
#3409 = CARTESIAN_POINT('',(18.099999989112,59.,42.));
#3410 = SURFACE_CURVE('',#3411,(#3415,#3421),.PCURVE_S1.);
#3411 = LINE('',#3412,#3413);
#3412 = CARTESIAN_POINT('',(8.949999997208,59.,42.));
#3413 = VECTOR('',#3414,1.);
#3414 = DIRECTION('',(-1.,0.,0.));
#3415 = PCURVE('',#144,#3416);
#3416 = DEFINITIONAL_REPRESENTATION('',(#3417),#3420);
#3417 = B_SPLINE_CURVE_WITH_KNOTS('',1,(#3418,#3419),.UNSPECIFIED.,.F.,
  .F.,(2,2),(-9.149999991904,-8.95000000175),.PIECEWISE_BEZIER_KNOTS.);
#3418 = CARTESIAN_POINT('',(18.099999993654,-1.000000005369));
#3419 = CARTESIAN_POINT('',(17.9000000035,-1.000000005369));
#3420 = ( GEOMETRIC_REPRESENTATION_CONTEXT(2) 
PARAMETRIC_REPRESENTATION_CONTEXT() REPRESENTATION_CONTEXT('2D SPACE',''
  ) );
#3421 = PCURVE('',#3422,#3427);
#3422 = PLANE('',#3423);
#3423 = AXIS2_PLACEMENT_3D('',#3424,#3425,#3426);
#3424 = CARTESIAN_POINT('',(17.899999998958,59.,39.));
#3425 = DIRECTION('',(0.,1.,0.));
#3426 = DIRECTION('',(1.,0.,0.));
#3427 = DEFINITIONAL_REPRESENTATION('',(#3428),#3431);
#3428 = B_SPLINE_CURVE_WITH_KNOTS('',1,(#3429,#3430),.UNSPECIFIED.,.F.,
  .F.,(2,2),(-9.149999991904,-8.95000000175),.PIECEWISE_BEZIER_KNOTS.);
#3429 = CARTESIAN_POINT('',(0.199999990154,-3.));
#3430 = CARTESIAN_POINT('',(0.,-3.));
#3431 = ( GEOMETRIC_REPRESENTATION_CONTEXT(2) 
PARAMETRIC_REPRESENTATION_CONTEXT() REPRESENTATION_CONTEXT('2D SPACE',''
  ) );
#3432 = ORIENTED_EDGE('',*,*,#3433,.T.);
#3433 = EDGE_CURVE('',#3408,#3434,#3436,.T.);
#3434 = VERTEX_POINT('',#3435);
#3435 = CARTESIAN_POINT('',(18.999999995077,58.1,42.));
#3436 = SURFACE_CURVE('',#3437,(#3442,#3453),.PCURVE_S1.);
#3437 = CIRCLE('',#3438,0.9);
#3438 = AXIS2_PLACEMENT_3D('',#3439,#3440,#3441);
#3439 = CARTESIAN_POINT('',(18.099999989112,58.1,42.));
#3440 = DIRECTION('',(0.,0.,-1.));
#3441 = DIRECTION('',(-1.,0.,0.));
#3442 = PCURVE('',#144,#3443);
#3443 = DEFINITIONAL_REPRESENTATION('',(#3444),#3452);
#3444 = ( BOUNDED_CURVE() B_SPLINE_CURVE(2,(#3445,#3446,#3447,#3448,
#3449,#3450,#3451),.UNSPECIFIED.,.T.,.F.) B_SPLINE_CURVE_WITH_KNOTS((1,2
    ,2,2,2,1),(-2.094395102393,0.,2.094395102393,4.188790204786,
6.28318530718,8.377580409573),.UNSPECIFIED.) CURVE() 
GEOMETRIC_REPRESENTATION_ITEM() RATIONAL_B_SPLINE_CURVE((1.,0.5,1.,0.5,
1.,0.5,1.)) REPRESENTATION_ITEM('') );
#3445 = CARTESIAN_POINT('',(17.199999993654,-1.900000005369));
#3446 = CARTESIAN_POINT('',(17.199999993654,-0.341154278557));
#3447 = CARTESIAN_POINT('',(18.549999993654,-1.120577141963));
#3448 = CARTESIAN_POINT('',(19.899999993654,-1.900000005369));
#3449 = CARTESIAN_POINT('',(18.549999993654,-2.679422868775));
#3450 = CARTESIAN_POINT('',(17.199999993654,-3.458845732181));
#3451 = CARTESIAN_POINT('',(17.199999993654,-1.900000005369));
#3452 = ( GEOMETRIC_REPRESENTATION_CONTEXT(2) 
PARAMETRIC_REPRESENTATION_CONTEXT() REPRESENTATION_CONTEXT('2D SPACE',''
  ) );
#3453 = PCURVE('',#3454,#3459);
#3454 = CYLINDRICAL_SURFACE('',#3455,0.9);
#3455 = AXIS2_PLACEMENT_3D('',#3456,#3457,#3458);
#3456 = CARTESIAN_POINT('',(18.099999989112,58.1,39.));
#3457 = DIRECTION('',(0.,0.,-1.));
#3458 = DIRECTION('',(-1.,0.,0.));
#3459 = DEFINITIONAL_REPRESENTATION('',(#3460),#3464);
#3460 = LINE('',#3461,#3462);
#3461 = CARTESIAN_POINT('',(0.,-3.));
#3462 = VECTOR('',#3463,1.);
#3463 = DIRECTION('',(1.,0.));
#3464 = ( GEOMETRIC_REPRESENTATION_CONTEXT(2) 
PARAMETRIC_REPRESENTATION_CONTEXT() REPRESENTATION_CONTEXT('2D SPACE',''
  ) );
#3465 = ORIENTED_EDGE('',*,*,#3466,.T.);
#3466 = EDGE_CURVE('',#3434,#3467,#3469,.T.);
#3467 = VERTEX_POINT('',#3468);
#3468 = CARTESIAN_POINT('',(18.999999995077,49.9,42.));
#3469 = SURFACE_CURVE('',#3470,(#3474,#3480),.PCURVE_S1.);
#3470 = LINE('',#3471,#3472);
#3471 = CARTESIAN_POINT('',(19.000000001042,54.950000002684,42.));
#3472 = VECTOR('',#3473,1.);
#3473 = DIRECTION('',(0.,-1.,0.));
#3474 = PCURVE('',#144,#3475);
#3475 = DEFINITIONAL_REPRESENTATION('',(#3476),#3479);
#3476 = B_SPLINE_CURVE_WITH_KNOTS('',1,(#3477,#3478),.UNSPECIFIED.,.F.,
  .F.,(2,2),(-3.149999997316,5.050000002684),.PIECEWISE_BEZIER_KNOTS.);
#3477 = CARTESIAN_POINT('',(19.000000005583,-1.900000005369));
#3478 = CARTESIAN_POINT('',(19.000000005583,-10.10000000536));
#3479 = ( GEOMETRIC_REPRESENTATION_CONTEXT(2) 
PARAMETRIC_REPRESENTATION_CONTEXT() REPRESENTATION_CONTEXT('2D SPACE',''
  ) );
#3480 = PCURVE('',#3481,#3486);
#3481 = PLANE('',#3482);
#3482 = AXIS2_PLACEMENT_3D('',#3483,#3484,#3485);
#3483 = CARTESIAN_POINT('',(19.000000001042,49.9,39.));
#3484 = DIRECTION('',(-1.,0.,0.));
#3485 = DIRECTION('',(0.,1.,0.));
#3486 = DEFINITIONAL_REPRESENTATION('',(#3487),#3490);
#3487 = B_SPLINE_CURVE_WITH_KNOTS('',1,(#3488,#3489),.UNSPECIFIED.,.F.,
  .F.,(2,2),(-3.149999997316,5.050000002684),.PIECEWISE_BEZIER_KNOTS.);
#3488 = CARTESIAN_POINT('',(8.2,-3.));
#3489 = CARTESIAN_POINT('',(0.,-3.));
#3490 = ( GEOMETRIC_REPRESENTATION_CONTEXT(2) 
PARAMETRIC_REPRESENTATION_CONTEXT() REPRESENTATION_CONTEXT('2D SPACE',''
  ) );
#3491 = ORIENTED_EDGE('',*,*,#3492,.T.);
#3492 = EDGE_CURVE('',#3467,#3493,#3495,.T.);
#3493 = VERTEX_POINT('',#3494);
#3494 = CARTESIAN_POINT('',(18.099999989112,49.,42.));
#3495 = SURFACE_CURVE('',#3496,(#3501,#3512),.PCURVE_S1.);
#3496 = CIRCLE('',#3497,0.9);
#3497 = AXIS2_PLACEMENT_3D('',#3498,#3499,#3500);
#3498 = CARTESIAN_POINT('',(18.099999989112,49.9,42.));
#3499 = DIRECTION('',(0.,0.,-1.));
#3500 = DIRECTION('',(-1.,0.,0.));
#3501 = PCURVE('',#144,#3502);
#3502 = DEFINITIONAL_REPRESENTATION('',(#3503),#3511);
#3503 = ( BOUNDED_CURVE() B_SPLINE_CURVE(2,(#3504,#3505,#3506,#3507,
#3508,#3509,#3510),.UNSPECIFIED.,.T.,.F.) B_SPLINE_CURVE_WITH_KNOTS((1,2
    ,2,2,2,1),(-2.094395102393,0.,2.094395102393,4.188790204786,
6.28318530718,8.377580409573),.UNSPECIFIED.) CURVE() 
GEOMETRIC_REPRESENTATION_ITEM() RATIONAL_B_SPLINE_CURVE((1.,0.5,1.,0.5,
1.,0.5,1.)) REPRESENTATION_ITEM('') );
#3504 = CARTESIAN_POINT('',(17.199999993654,-10.10000000536));
#3505 = CARTESIAN_POINT('',(17.199999993654,-8.541154278557));
#3506 = CARTESIAN_POINT('',(18.549999993654,-9.320577141963));
#3507 = CARTESIAN_POINT('',(19.899999993654,-10.10000000536));
#3508 = CARTESIAN_POINT('',(18.549999993654,-10.87942286877));
#3509 = CARTESIAN_POINT('',(17.199999993654,-11.65884573218));
#3510 = CARTESIAN_POINT('',(17.199999993654,-10.10000000536));
#3511 = ( GEOMETRIC_REPRESENTATION_CONTEXT(2) 
PARAMETRIC_REPRESENTATION_CONTEXT() REPRESENTATION_CONTEXT('2D SPACE',''
  ) );
#3512 = PCURVE('',#3513,#3518);
#3513 = CYLINDRICAL_SURFACE('',#3514,0.9);
#3514 = AXIS2_PLACEMENT_3D('',#3515,#3516,#3517);
#3515 = CARTESIAN_POINT('',(18.099999989112,49.9,39.));
#3516 = DIRECTION('',(0.,0.,-1.));
#3517 = DIRECTION('',(-1.,0.,0.));
#3518 = DEFINITIONAL_REPRESENTATION('',(#3519),#3523);
#3519 = LINE('',#3520,#3521);
#3520 = CARTESIAN_POINT('',(0.,-3.));
#3521 = VECTOR('',#3522,1.);
#3522 = DIRECTION('',(1.,0.));
#3523 = ( GEOMETRIC_REPRESENTATION_CONTEXT(2) 
PARAMETRIC_REPRESENTATION_CONTEXT() REPRESENTATION_CONTEXT('2D SPACE',''
  ) );
#3524 = ORIENTED_EDGE('',*,*,#3525,.T.);
#3525 = EDGE_CURVE('',#3493,#3526,#3528,.T.);
#3526 = VERTEX_POINT('',#3527);
#3527 = CARTESIAN_POINT('',(17.899999998958,49.,42.));
#3528 = SURFACE_CURVE('',#3529,(#3533,#3539),.PCURVE_S1.);
#3529 = LINE('',#3530,#3531);
#3530 = CARTESIAN_POINT('',(8.949999997208,49.,42.));
#3531 = VECTOR('',#3532,1.);
#3532 = DIRECTION('',(-1.,0.,0.));
#3533 = PCURVE('',#144,#3534);
#3534 = DEFINITIONAL_REPRESENTATION('',(#3535),#3538);
#3535 = B_SPLINE_CURVE_WITH_KNOTS('',1,(#3536,#3537),.UNSPECIFIED.,.F.,
  .F.,(2,2),(-9.149999991904,-8.95000000175),.PIECEWISE_BEZIER_KNOTS.);
#3536 = CARTESIAN_POINT('',(18.099999993654,-11.00000000536));
#3537 = CARTESIAN_POINT('',(17.9000000035,-11.00000000536));
#3538 = ( GEOMETRIC_REPRESENTATION_CONTEXT(2) 
PARAMETRIC_REPRESENTATION_CONTEXT() REPRESENTATION_CONTEXT('2D SPACE',''
  ) );
#3539 = PCURVE('',#3540,#3545);
#3540 = PLANE('',#3541);
#3541 = AXIS2_PLACEMENT_3D('',#3542,#3543,#3544);
#3542 = CARTESIAN_POINT('',(17.899999998958,49.,39.));
#3543 = DIRECTION('',(0.,1.,0.));
#3544 = DIRECTION('',(1.,0.,0.));
#3545 = DEFINITIONAL_REPRESENTATION('',(#3546),#3549);
#3546 = B_SPLINE_CURVE_WITH_KNOTS('',1,(#3547,#3548),.UNSPECIFIED.,.F.,
  .F.,(2,2),(-9.149999991904,-8.95000000175),.PIECEWISE_BEZIER_KNOTS.);
#3547 = CARTESIAN_POINT('',(0.199999990154,-3.));
#3548 = CARTESIAN_POINT('',(0.,-3.));
#3549 = ( GEOMETRIC_REPRESENTATION_CONTEXT(2) 
PARAMETRIC_REPRESENTATION_CONTEXT() REPRESENTATION_CONTEXT('2D SPACE',''
  ) );
#3550 = ORIENTED_EDGE('',*,*,#3551,.T.);
#3551 = EDGE_CURVE('',#3526,#3349,#3552,.T.);
#3552 = SURFACE_CURVE('',#3553,(#3558,#3569),.PCURVE_S1.);
#3553 = CIRCLE('',#3554,0.9);
#3554 = AXIS2_PLACEMENT_3D('',#3555,#3556,#3557);
#3555 = CARTESIAN_POINT('',(17.899999998958,49.9,42.));
#3556 = DIRECTION('',(0.,0.,-1.));
#3557 = DIRECTION('',(-1.,0.,0.));
#3558 = PCURVE('',#144,#3559);
#3559 = DEFINITIONAL_REPRESENTATION('',(#3560),#3568);
#3560 = ( BOUNDED_CURVE() B_SPLINE_CURVE(2,(#3561,#3562,#3563,#3564,
#3565,#3566,#3567),.UNSPECIFIED.,.T.,.F.) B_SPLINE_CURVE_WITH_KNOTS((1,2
    ,2,2,2,1),(-2.094395102393,0.,2.094395102393,4.188790204786,
6.28318530718,8.377580409573),.UNSPECIFIED.) CURVE() 
GEOMETRIC_REPRESENTATION_ITEM() RATIONAL_B_SPLINE_CURVE((1.,0.5,1.,0.5,
1.,0.5,1.)) REPRESENTATION_ITEM('') );
#3561 = CARTESIAN_POINT('',(17.0000000035,-10.10000000536));
#3562 = CARTESIAN_POINT('',(17.0000000035,-8.541154278557));
#3563 = CARTESIAN_POINT('',(18.3500000035,-9.320577141963));
#3564 = CARTESIAN_POINT('',(19.7000000035,-10.10000000536));
#3565 = CARTESIAN_POINT('',(18.3500000035,-10.87942286877));
#3566 = CARTESIAN_POINT('',(17.0000000035,-11.65884573218));
#3567 = CARTESIAN_POINT('',(17.0000000035,-10.10000000536));
#3568 = ( GEOMETRIC_REPRESENTATION_CONTEXT(2) 
PARAMETRIC_REPRESENTATION_CONTEXT() REPRESENTATION_CONTEXT('2D SPACE',''
  ) );
#3569 = PCURVE('',#3570,#3575);
#3570 = CYLINDRICAL_SURFACE('',#3571,0.9);
#3571 = AXIS2_PLACEMENT_3D('',#3572,#3573,#3574);
#3572 = CARTESIAN_POINT('',(17.899999998958,49.9,39.));
#3573 = DIRECTION('',(0.,0.,-1.));
#3574 = DIRECTION('',(-1.,0.,0.));
#3575 = DEFINITIONAL_REPRESENTATION('',(#3576),#3580);
#3576 = LINE('',#3577,#3578);
#3577 = CARTESIAN_POINT('',(0.,-3.));
#3578 = VECTOR('',#3579,1.);
#3579 = DIRECTION('',(1.,0.));
#3580 = ( GEOMETRIC_REPRESENTATION_CONTEXT(2) 
PARAMETRIC_REPRESENTATION_CONTEXT() REPRESENTATION_CONTEXT('2D SPACE',''
  ) );
#3581 = FACE_BOUND('',#3582,.F.);
#3582 = EDGE_LOOP('',(#3583));
#3583 = ORIENTED_EDGE('',*,*,#3584,.F.);
#3584 = EDGE_CURVE('',#3585,#3585,#3587,.T.);
#3585 = VERTEX_POINT('',#3586);
#3586 = CARTESIAN_POINT('',(28.,64.,42.));
#3587 = SURFACE_CURVE('',#3588,(#3593,#3600),.PCURVE_S1.);
#3588 = CIRCLE('',#3589,1.2);
#3589 = AXIS2_PLACEMENT_3D('',#3590,#3591,#3592);
#3590 = CARTESIAN_POINT('',(26.8,64.,42.));
#3591 = DIRECTION('',(0.,0.,1.));
#3592 = DIRECTION('',(1.,0.,-0.));
#3593 = PCURVE('',#144,#3594);
#3594 = DEFINITIONAL_REPRESENTATION('',(#3595),#3599);
#3595 = CIRCLE('',#3596,1.2);
#3596 = AXIS2_PLACEMENT_2D('',#3597,#3598);
#3597 = CARTESIAN_POINT('',(26.800000004541,3.999999994631));
#3598 = DIRECTION('',(1.,0.));
#3599 = ( GEOMETRIC_REPRESENTATION_CONTEXT(2) 
PARAMETRIC_REPRESENTATION_CONTEXT() REPRESENTATION_CONTEXT('2D SPACE',''
  ) );
#3600 = PCURVE('',#3601,#3606);
#3601 = CYLINDRICAL_SURFACE('',#3602,1.2);
#3602 = AXIS2_PLACEMENT_3D('',#3603,#3604,#3605);
#3603 = CARTESIAN_POINT('',(26.8,64.,38.));
#3604 = DIRECTION('',(0.,0.,1.));
#3605 = DIRECTION('',(1.,0.,-0.));
#3606 = DEFINITIONAL_REPRESENTATION('',(#3607),#3611);
#3607 = LINE('',#3608,#3609);
#3608 = CARTESIAN_POINT('',(0.,4.));
#3609 = VECTOR('',#3610,1.);
#3610 = DIRECTION('',(1.,0.));
#3611 = ( GEOMETRIC_REPRESENTATION_CONTEXT(2) 
PARAMETRIC_REPRESENTATION_CONTEXT() REPRESENTATION_CONTEXT('2D SPACE',''
  ) );
#3612 = FACE_BOUND('',#3613,.F.);
#3613 = EDGE_LOOP('',(#3614,#3642,#3668,#3694));
#3614 = ORIENTED_EDGE('',*,*,#3615,.T.);
#3615 = EDGE_CURVE('',#3616,#3618,#3620,.T.);
#3616 = VERTEX_POINT('',#3617);
#3617 = CARTESIAN_POINT('',(5.5,83.,42.));
#3618 = VERTEX_POINT('',#3619);
#3619 = CARTESIAN_POINT('',(4.1,83.,42.));
#3620 = SURFACE_CURVE('',#3621,(#3625,#3631),.PCURVE_S1.);
#3621 = LINE('',#3622,#3623);
#3622 = CARTESIAN_POINT('',(2.049999997729,83.,42.));
#3623 = VECTOR('',#3624,1.);
#3624 = DIRECTION('',(-1.,-0.,0.));
#3625 = PCURVE('',#144,#3626);
#3626 = DEFINITIONAL_REPRESENTATION('',(#3627),#3630);
#3627 = B_SPLINE_CURVE_WITH_KNOTS('',1,(#3628,#3629),.UNSPECIFIED.,.F.,
  .F.,(2,2),(-3.450000002271,-2.050000002271),.PIECEWISE_BEZIER_KNOTS.);
#3628 = CARTESIAN_POINT('',(5.500000004541,22.999999994631));
#3629 = CARTESIAN_POINT('',(4.100000004541,22.999999994631));
#3630 = ( GEOMETRIC_REPRESENTATION_CONTEXT(2) 
PARAMETRIC_REPRESENTATION_CONTEXT() REPRESENTATION_CONTEXT('2D SPACE',''
  ) );
#3631 = PCURVE('',#3632,#3637);
#3632 = PLANE('',#3633);
#3633 = AXIS2_PLACEMENT_3D('',#3634,#3635,#3636);
#3634 = CARTESIAN_POINT('',(4.1,83.,33.3));
#3635 = DIRECTION('',(-0.,1.,0.));
#3636 = DIRECTION('',(0.,0.,1.));
#3637 = DEFINITIONAL_REPRESENTATION('',(#3638),#3641);
#3638 = B_SPLINE_CURVE_WITH_KNOTS('',1,(#3639,#3640),.UNSPECIFIED.,.F.,
  .F.,(2,2),(-3.450000002271,-2.050000002271),.PIECEWISE_BEZIER_KNOTS.);
#3639 = CARTESIAN_POINT('',(8.7,1.4));
#3640 = CARTESIAN_POINT('',(8.7,0.));
#3641 = ( GEOMETRIC_REPRESENTATION_CONTEXT(2) 
PARAMETRIC_REPRESENTATION_CONTEXT() REPRESENTATION_CONTEXT('2D SPACE',''
  ) );
#3642 = ORIENTED_EDGE('',*,*,#3643,.T.);
#3643 = EDGE_CURVE('',#3618,#3644,#3646,.T.);
#3644 = VERTEX_POINT('',#3645);
#3645 = CARTESIAN_POINT('',(4.1,84.1,42.));
#3646 = SURFACE_CURVE('',#3647,(#3651,#3657),.PCURVE_S1.);
#3647 = LINE('',#3648,#3649);
#3648 = CARTESIAN_POINT('',(4.1,71.500000002684,42.));
#3649 = VECTOR('',#3650,1.);
#3650 = DIRECTION('',(-0.,1.,0.));
#3651 = PCURVE('',#144,#3652);
#3652 = DEFINITIONAL_REPRESENTATION('',(#3653),#3656);
#3653 = B_SPLINE_CURVE_WITH_KNOTS('',1,(#3654,#3655),.UNSPECIFIED.,.F.,
  .F.,(2,2),(11.499999997316,12.599999997316),.PIECEWISE_BEZIER_KNOTS.);
#3654 = CARTESIAN_POINT('',(4.100000004541,22.999999994631));
#3655 = CARTESIAN_POINT('',(4.100000004541,24.099999994631));
#3656 = ( GEOMETRIC_REPRESENTATION_CONTEXT(2) 
PARAMETRIC_REPRESENTATION_CONTEXT() REPRESENTATION_CONTEXT('2D SPACE',''
  ) );
#3657 = PCURVE('',#3658,#3663);
#3658 = PLANE('',#3659);
#3659 = AXIS2_PLACEMENT_3D('',#3660,#3661,#3662);
#3660 = CARTESIAN_POINT('',(4.1,83.,33.3));
#3661 = DIRECTION('',(1.,0.,-0.));
#3662 = DIRECTION('',(0.,0.,1.));
#3663 = DEFINITIONAL_REPRESENTATION('',(#3664),#3667);
#3664 = B_SPLINE_CURVE_WITH_KNOTS('',1,(#3665,#3666),.UNSPECIFIED.,.F.,
  .F.,(2,2),(11.499999997316,12.599999997316),.PIECEWISE_BEZIER_KNOTS.);
#3665 = CARTESIAN_POINT('',(8.7,0.));
#3666 = CARTESIAN_POINT('',(8.7,-1.1));
#3667 = ( GEOMETRIC_REPRESENTATION_CONTEXT(2) 
PARAMETRIC_REPRESENTATION_CONTEXT() REPRESENTATION_CONTEXT('2D SPACE',''
  ) );
#3668 = ORIENTED_EDGE('',*,*,#3669,.F.);
#3669 = EDGE_CURVE('',#3670,#3644,#3672,.T.);
#3670 = VERTEX_POINT('',#3671);
#3671 = CARTESIAN_POINT('',(5.5,84.1,42.));
#3672 = SURFACE_CURVE('',#3673,(#3677,#3683),.PCURVE_S1.);
#3673 = LINE('',#3674,#3675);
#3674 = CARTESIAN_POINT('',(2.049999997729,84.1,42.));
#3675 = VECTOR('',#3676,1.);
#3676 = DIRECTION('',(-1.,-0.,0.));
#3677 = PCURVE('',#144,#3678);
#3678 = DEFINITIONAL_REPRESENTATION('',(#3679),#3682);
#3679 = B_SPLINE_CURVE_WITH_KNOTS('',1,(#3680,#3681),.UNSPECIFIED.,.F.,
  .F.,(2,2),(-3.450000002271,-2.050000002271),.PIECEWISE_BEZIER_KNOTS.);
#3680 = CARTESIAN_POINT('',(5.500000004541,24.099999994631));
#3681 = CARTESIAN_POINT('',(4.100000004541,24.099999994631));
#3682 = ( GEOMETRIC_REPRESENTATION_CONTEXT(2) 
PARAMETRIC_REPRESENTATION_CONTEXT() REPRESENTATION_CONTEXT('2D SPACE',''
  ) );
#3683 = PCURVE('',#3684,#3689);
#3684 = PLANE('',#3685);
#3685 = AXIS2_PLACEMENT_3D('',#3686,#3687,#3688);
#3686 = CARTESIAN_POINT('',(4.1,84.1,33.3));
#3687 = DIRECTION('',(-0.,1.,0.));
#3688 = DIRECTION('',(0.,0.,1.));
#3689 = DEFINITIONAL_REPRESENTATION('',(#3690),#3693);
#3690 = B_SPLINE_CURVE_WITH_KNOTS('',1,(#3691,#3692),.UNSPECIFIED.,.F.,
  .F.,(2,2),(-3.450000002271,-2.050000002271),.PIECEWISE_BEZIER_KNOTS.);
#3691 = CARTESIAN_POINT('',(8.7,1.4));
#3692 = CARTESIAN_POINT('',(8.7,0.));
#3693 = ( GEOMETRIC_REPRESENTATION_CONTEXT(2) 
PARAMETRIC_REPRESENTATION_CONTEXT() REPRESENTATION_CONTEXT('2D SPACE',''
  ) );
#3694 = ORIENTED_EDGE('',*,*,#3695,.F.);
#3695 = EDGE_CURVE('',#3616,#3670,#3696,.T.);
#3696 = SURFACE_CURVE('',#3697,(#3701,#3707),.PCURVE_S1.);
#3697 = LINE('',#3698,#3699);
#3698 = CARTESIAN_POINT('',(5.5,71.500000002684,42.));
#3699 = VECTOR('',#3700,1.);
#3700 = DIRECTION('',(-0.,1.,0.));
#3701 = PCURVE('',#144,#3702);
#3702 = DEFINITIONAL_REPRESENTATION('',(#3703),#3706);
#3703 = B_SPLINE_CURVE_WITH_KNOTS('',1,(#3704,#3705),.UNSPECIFIED.,.F.,
  .F.,(2,2),(11.499999997316,12.599999997316),.PIECEWISE_BEZIER_KNOTS.);
#3704 = CARTESIAN_POINT('',(5.500000004541,22.999999994631));
#3705 = CARTESIAN_POINT('',(5.500000004541,24.099999994631));
#3706 = ( GEOMETRIC_REPRESENTATION_CONTEXT(2) 
PARAMETRIC_REPRESENTATION_CONTEXT() REPRESENTATION_CONTEXT('2D SPACE',''
  ) );
#3707 = PCURVE('',#3708,#3713);
#3708 = PLANE('',#3709);
#3709 = AXIS2_PLACEMENT_3D('',#3710,#3711,#3712);
#3710 = CARTESIAN_POINT('',(5.5,83.,33.3));
#3711 = DIRECTION('',(1.,0.,-0.));
#3712 = DIRECTION('',(0.,0.,1.));
#3713 = DEFINITIONAL_REPRESENTATION('',(#3714),#3717);
#3714 = B_SPLINE_CURVE_WITH_KNOTS('',1,(#3715,#3716),.UNSPECIFIED.,.F.,
  .F.,(2,2),(11.499999997316,12.599999997316),.PIECEWISE_BEZIER_KNOTS.);
#3715 = CARTESIAN_POINT('',(8.7,0.));
#3716 = CARTESIAN_POINT('',(8.7,-1.1));
#3717 = ( GEOMETRIC_REPRESENTATION_CONTEXT(2) 
PARAMETRIC_REPRESENTATION_CONTEXT() REPRESENTATION_CONTEXT('2D SPACE',''
  ) );
#3718 = ADVANCED_FACE('',(#3719,#4357,#4383,#4581,#4607,#4805,#4831,
    #5029),#90,.T.);
#3719 = FACE_BOUND('',#3720,.T.);
#3720 = EDGE_LOOP('',(#3721,#3722,#3723,#3747,#3770,#3794,#4193,#4217,
    #4240,#4264,#4288,#4311,#4335,#4356));
#3721 = ORIENTED_EDGE('',*,*,#74,.F.);
#3722 = ORIENTED_EDGE('',*,*,#160,.T.);
#3723 = ORIENTED_EDGE('',*,*,#3724,.T.);
#3724 = EDGE_CURVE('',#161,#3725,#3727,.T.);
#3725 = VERTEX_POINT('',#3726);
#3726 = CARTESIAN_POINT('',(-24.5,27.000000007362,44.));
#3727 = SURFACE_CURVE('',#3728,(#3733,#3740),.PCURVE_S1.);
#3728 = CIRCLE('',#3729,23.);
#3729 = AXIS2_PLACEMENT_3D('',#3730,#3731,#3732);
#3730 = CARTESIAN_POINT('',(-1.5,27.000000007362,44.));
#3731 = DIRECTION('',(0.,0.,1.));
#3732 = DIRECTION('',(1.,0.,0.));
#3733 = PCURVE('',#90,#3734);
#3734 = DEFINITIONAL_REPRESENTATION('',(#3735),#3739);
#3735 = CIRCLE('',#3736,23.);
#3736 = AXIS2_PLACEMENT_2D('',#3737,#3738);
#3737 = CARTESIAN_POINT('',(-1.499999995459,-32.999999998));
#3738 = DIRECTION('',(1.,0.));
#3739 = ( GEOMETRIC_REPRESENTATION_CONTEXT(2) 
PARAMETRIC_REPRESENTATION_CONTEXT() REPRESENTATION_CONTEXT('2D SPACE',''
  ) );
#3740 = PCURVE('',#200,#3741);
#3741 = DEFINITIONAL_REPRESENTATION('',(#3742),#3746);
#3742 = LINE('',#3743,#3744);
#3743 = CARTESIAN_POINT('',(-0.,-2.));
#3744 = VECTOR('',#3745,1.);
#3745 = DIRECTION('',(-1.,0.));
#3746 = ( GEOMETRIC_REPRESENTATION_CONTEXT(2) 
PARAMETRIC_REPRESENTATION_CONTEXT() REPRESENTATION_CONTEXT('2D SPACE',''
  ) );
#3747 = ORIENTED_EDGE('',*,*,#3748,.F.);
#3748 = EDGE_CURVE('',#3749,#3725,#3751,.T.);
#3749 = VERTEX_POINT('',#3750);
#3750 = CARTESIAN_POINT('',(-24.5,24.999999990218,44.));
#3751 = SURFACE_CURVE('',#3752,(#3756,#3763),.PCURVE_S1.);
#3752 = LINE('',#3753,#3754);
#3753 = CARTESIAN_POINT('',(-24.5,26.000000009782,44.));
#3754 = VECTOR('',#3755,1.);
#3755 = DIRECTION('',(0.,1.,0.));
#3756 = PCURVE('',#90,#3757);
#3757 = DEFINITIONAL_REPRESENTATION('',(#3758),#3762);
#3758 = LINE('',#3759,#3760);
#3759 = CARTESIAN_POINT('',(-24.49999999545,-33.99999999558));
#3760 = VECTOR('',#3761,1.);
#3761 = DIRECTION('',(0.,1.));
#3762 = ( GEOMETRIC_REPRESENTATION_CONTEXT(2) 
PARAMETRIC_REPRESENTATION_CONTEXT() REPRESENTATION_CONTEXT('2D SPACE',''
  ) );
#3763 = PCURVE('',#357,#3764);
#3764 = DEFINITIONAL_REPRESENTATION('',(#3765),#3769);
#3765 = LINE('',#3766,#3767);
#3766 = CARTESIAN_POINT('',(1.000000019564,-2.));
#3767 = VECTOR('',#3768,1.);
#3768 = DIRECTION('',(1.,0.));
#3769 = ( GEOMETRIC_REPRESENTATION_CONTEXT(2) 
PARAMETRIC_REPRESENTATION_CONTEXT() REPRESENTATION_CONTEXT('2D SPACE',''
  ) );
#3770 = ORIENTED_EDGE('',*,*,#3771,.T.);
#3771 = EDGE_CURVE('',#3749,#3772,#3774,.T.);
#3772 = VERTEX_POINT('',#3773);
#3773 = CARTESIAN_POINT('',(-10.18359637174,3.702226537283,44.));
#3774 = SURFACE_CURVE('',#3775,(#3780,#3787),.PCURVE_S1.);
#3775 = CIRCLE('',#3776,23.);
#3776 = AXIS2_PLACEMENT_3D('',#3777,#3778,#3779);
#3777 = CARTESIAN_POINT('',(-1.5,24.999999990218,44.));
#3778 = DIRECTION('',(0.,0.,1.));
#3779 = DIRECTION('',(1.,0.,0.));
#3780 = PCURVE('',#90,#3781);
#3781 = DEFINITIONAL_REPRESENTATION('',(#3782),#3786);
#3782 = CIRCLE('',#3783,23.);
#3783 = AXIS2_PLACEMENT_2D('',#3784,#3785);
#3784 = CARTESIAN_POINT('',(-1.499999995459,-35.00000001515));
#3785 = DIRECTION('',(1.,0.));
#3786 = ( GEOMETRIC_REPRESENTATION_CONTEXT(2) 
PARAMETRIC_REPRESENTATION_CONTEXT() REPRESENTATION_CONTEXT('2D SPACE',''
  ) );
#3787 = PCURVE('',#390,#3788);
#3788 = DEFINITIONAL_REPRESENTATION('',(#3789),#3793);
#3789 = LINE('',#3790,#3791);
#3790 = CARTESIAN_POINT('',(-0.,-2.));
#3791 = VECTOR('',#3792,1.);
#3792 = DIRECTION('',(-1.,0.));
#3793 = ( GEOMETRIC_REPRESENTATION_CONTEXT(2) 
PARAMETRIC_REPRESENTATION_CONTEXT() REPRESENTATION_CONTEXT('2D SPACE',''
  ) );
#3794 = ORIENTED_EDGE('',*,*,#3795,.T.);
#3795 = EDGE_CURVE('',#3772,#3796,#3798,.T.);
#3796 = VERTEX_POINT('',#3797);
#3797 = CARTESIAN_POINT('',(10.183596379088,3.702226561319,44.));
#3798 = SURFACE_CURVE('',#3799,(#3914,#4032),.PCURVE_S1.);
#3799 = B_SPLINE_CURVE_WITH_KNOTS('',8,(#3800,#3801,#3802,#3803,#3804,
    #3805,#3806,#3807,#3808,#3809,#3810,#3811,#3812,#3813,#3814,#3815,
    #3816,#3817,#3818,#3819,#3820,#3821,#3822,#3823,#3824,#3825,#3826,
    #3827,#3828,#3829,#3830,#3831,#3832,#3833,#3834,#3835,#3836,#3837,
    #3838,#3839,#3840,#3841,#3842,#3843,#3844,#3845,#3846,#3847,#3848,
    #3849,#3850,#3851,#3852,#3853,#3854,#3855,#3856,#3857,#3858,#3859,
    #3860,#3861,#3862,#3863,#3864,#3865,#3866,#3867,#3868,#3869,#3870,
    #3871,#3872,#3873,#3874,#3875,#3876,#3877,#3878,#3879,#3880,#3881,
    #3882,#3883,#3884,#3885,#3886,#3887,#3888,#3889,#3890,#3891,#3892,
    #3893,#3894,#3895,#3896,#3897,#3898,#3899,#3900,#3901,#3902,#3903,
    #3904,#3905,#3906,#3907,#3908,#3909,#3910,#3911,#3912,#3913),
  .UNSPECIFIED.,.F.,.F.,(9,7,7,7,7,7,7,7,7,7,7,7,7,7,7,7,9),(
    6.270855589168E-02,0.105391403173,0.150828741255,0.174019705013,
    0.216954709287,0.294670025214,0.334669814641,0.354548270752,
    0.374425560766,0.549501437063,0.690559506761,0.741516565631,
    0.801785865888,0.87338128922,0.923553729644,1.,1.044054557665),
  .UNSPECIFIED.);
#3800 = CARTESIAN_POINT('',(-10.18359634449,3.702226545604,44.));
#3801 = CARTESIAN_POINT('',(-10.23169893005,3.859755234634,44.));
#3802 = CARTESIAN_POINT('',(-10.273454027,4.019200191856,44.));
#3803 = CARTESIAN_POINT('',(-10.30862025402,4.180308553405,44.));
#3804 = CARTESIAN_POINT('',(-10.33698830124,4.342800831497,44.));
#3805 = CARTESIAN_POINT('',(-10.35838783739,4.506369486027,44.));
#3806 = CARTESIAN_POINT('',(-10.37269606413,4.670677227382,44.));
#3807 = CARTESIAN_POINT('',(-10.37984791767,4.835355050473,44.));
#3808 = CARTESIAN_POINT('',(-10.37984791767,5.175270131016,44.));
#3809 = CARTESIAN_POINT('',(-10.37174336333,5.350558837511,44.));
#3810 = CARTESIAN_POINT('',(-10.3555313505,5.525400778964,44.));
#3811 = CARTESIAN_POINT('',(-10.3312937621,5.699363462995,44.));
#3812 = CARTESIAN_POINT('',(-10.29918449802,5.872045553235,44.));
#3813 = CARTESIAN_POINT('',(-10.25941888389,6.043075444976,44.));
#3814 = CARTESIAN_POINT('',(-10.21226525879,6.212110108621,44.));
#3815 = CARTESIAN_POINT('',(-10.1303618301,6.46392924708,44.));
#3816 = CARTESIAN_POINT('',(-10.10084043558,6.548428402093,44.));
#3817 = CARTESIAN_POINT('',(-10.06951486382,6.632293175617,44.));
#3818 = CARTESIAN_POINT('',(-10.03642749078,6.715488620663,44.));
#3819 = CARTESIAN_POINT('',(-10.00162231494,6.797983156965,44.));
#3820 = CARTESIAN_POINT('',(-9.96514450953,6.879748394353,44.));
#3821 = CARTESIAN_POINT('',(-9.927039974634,6.960758956136,44.));
#3822 = CARTESIAN_POINT('',(-9.813883199388,7.189533738859,44.));
#3823 = CARTESIAN_POINT('',(-9.734995341838,7.335408048645,44.));
#3824 = CARTESIAN_POINT('',(-9.650983173197,7.478478436771,44.));
#3825 = CARTESIAN_POINT('',(-9.562139718194,7.618640190989,44.));
#3826 = CARTESIAN_POINT('',(-9.468753920681,7.755817398144,44.));
#3827 = CARTESIAN_POINT('',(-9.371105394423,7.889959660449,44.));
#3828 = CARTESIAN_POINT('',(-9.269459173882,8.021038811765,44.));
#3829 = CARTESIAN_POINT('',(-8.973281540034,8.380746801495,44.));
#3830 = CARTESIAN_POINT('',(-8.770258215509,8.602322637302,44.));
#3831 = CARTESIAN_POINT('',(-8.556405831375,8.813795564827,44.));
#3832 = CARTESIAN_POINT('',(-8.333009814812,9.015271049154,44.));
#3833 = CARTESIAN_POINT('',(-8.101214289721,9.206923792092,44.));
#3834 = CARTESIAN_POINT('',(-7.86201068621,9.388983927338,44.));
#3835 = CARTESIAN_POINT('',(-7.616226350082,9.561723215647,44.));
#3836 = CARTESIAN_POINT('',(-7.234957288259,9.809706309505,44.));
#3837 = CARTESIAN_POINT('',(-7.10384321778,9.89157355349,44.));
#3838 = CARTESIAN_POINT('',(-6.971267511954,9.971079562063,44.));
#3839 = CARTESIAN_POINT('',(-6.837320559145,10.048260217965,44.));
#3840 = CARTESIAN_POINT('',(-6.702086565012,10.123150696557,44.));
#3841 = CARTESIAN_POINT('',(-6.56564355251,10.195785465821,44.));
#3842 = CARTESIAN_POINT('',(-6.428063361892,10.26619828636,44.));
#3843 = CARTESIAN_POINT('',(-6.220506739083,10.368327047373,44.));
#3844 = CARTESIAN_POINT('',(-6.151426827614,10.401647180168,44.));
#3845 = CARTESIAN_POINT('',(-6.082188479915,10.434385585954,44.));
#3846 = CARTESIAN_POINT('',(-6.012807904763,10.466545458779,44.));
#3847 = CARTESIAN_POINT('',(-5.943300956093,10.49813021057,44.));
#3848 = CARTESIAN_POINT('',(-5.873683133006,10.52914347113,44.));
#3849 = CARTESIAN_POINT('',(-5.80396957976,10.55958908814,44.));
#3850 = CARTESIAN_POINT('',(-5.664384686033,10.619351413261,44.));
#3851 = CARTESIAN_POINT('',(-5.594504108457,10.648672075345,44.));
#3852 = CARTESIAN_POINT('',(-5.524563184832,10.677430840679,44.));
#3853 = CARTESIAN_POINT('',(-5.454558907522,10.705638306821,44.));
#3854 = CARTESIAN_POINT('',(-5.384548240736,10.733283197227,44.));
#3855 = CARTESIAN_POINT('',(-5.31448553514,10.760392311853,44.));
#3856 = CARTESIAN_POINT('',(-5.244425600914,10.786954988118,44.));
#3857 = CARTESIAN_POINT('',(-4.55702407978,11.042315939017,44.));
#3858 = CARTESIAN_POINT('',(-3.92577120407,11.235212673446,44.));
#3859 = CARTESIAN_POINT('',(-3.283866719365,11.393730182914,44.));
#3860 = CARTESIAN_POINT('',(-2.634092475613,11.519194209314,44.));
#3861 = CARTESIAN_POINT('',(-1.978844874861,11.612579322549,44.));
#3862 = CARTESIAN_POINT('',(-1.320164845605,11.674594671762,44.));
#3863 = CARTESIAN_POINT('',(-0.659730379326,11.705612167818,44.));
#3864 = CARTESIAN_POINT('',(0.533594548208,11.705527771241,44.));
#3865 = CARTESIAN_POINT('',(1.066029046587,11.685324429381,44.));
#3866 = CARTESIAN_POINT('',(1.597654664828,11.64495718621,44.));
#3867 = CARTESIAN_POINT('',(2.127577529375,11.584258244845,44.));
#3868 = CARTESIAN_POINT('',(2.654794090902,11.502916709446,44.));
#3869 = CARTESIAN_POINT('',(3.178190590609,11.400489516653,44.));
#3870 = CARTESIAN_POINT('',(3.696536064205,11.276369898509,44.));
#3871 = CARTESIAN_POINT('',(4.393394592064,11.076697240521,44.));
#3872 = CARTESIAN_POINT('',(4.577476182847,11.0207672539,44.));
#3873 = CARTESIAN_POINT('',(4.760637269416,10.96185742518,44.));
#3874 = CARTESIAN_POINT('',(4.942801925277,10.899926054096,44.));
#3875 = CARTESIAN_POINT('',(5.123887636661,10.834928509167,44.));
#3876 = CARTESIAN_POINT('',(5.303805167917,10.766816923894,44.));
#3877 = CARTESIAN_POINT('',(5.482458426898,10.695539892957,44.));
#3878 = CARTESIAN_POINT('',(5.869428672095,10.532930220249,44.));
#3879 = CARTESIAN_POINT('',(6.077192754336,10.44031615491,44.));
#3880 = CARTESIAN_POINT('',(6.282870479927,10.343106387804,44.));
#3881 = CARTESIAN_POINT('',(6.486271540237,10.241204090927,44.));
#3882 = CARTESIAN_POINT('',(6.687180979744,10.134508632542,44.));
#3883 = CARTESIAN_POINT('',(6.885358760625,10.022915016866,44.));
#3884 = CARTESIAN_POINT('',(7.080539327354,9.906313323758,44.));
#3885 = CARTESIAN_POINT('',(7.500384337191,9.639987739537,44.));
#3886 = CARTESIAN_POINT('',(7.723664110329,9.488177674791,44.));
#3887 = CARTESIAN_POINT('',(7.94180459487,9.328952907109,44.));
#3888 = CARTESIAN_POINT('',(8.15423597962,9.162123720455,44.));
#3889 = CARTESIAN_POINT('',(8.360289506359,8.987522309876,44.));
#3890 = CARTESIAN_POINT('',(8.559202438181,8.805009361563,44.));
#3891 = CARTESIAN_POINT('',(8.750123027834,8.614480632909,44.));
#3892 = CARTESIAN_POINT('',(9.059651651669,8.276694204537,44.));
#3893 = CARTESIAN_POINT('',(9.182788695309,8.133563556016,44.));
#3894 = CARTESIAN_POINT('',(9.301198002089,7.986470124734,44.));
#3895 = CARTESIAN_POINT('',(9.414518376839,7.835429681833,44.));
#3896 = CARTESIAN_POINT('',(9.522361234001,7.680489044172,44.));
#3897 = CARTESIAN_POINT('',(9.624317703125,7.521731107966,44.));
#3898 = CARTESIAN_POINT('',(9.719967649943,7.359281103737,44.));
#3899 = CARTESIAN_POINT('',(9.944379913911,6.940434993418,44.));
#3900 = CARTESIAN_POINT('',(10.064352628824,6.679203297258,44.));
#3901 = CARTESIAN_POINT('',(10.167147900748,6.410467324577,44.));
#3902 = CARTESIAN_POINT('',(10.251238743588,6.135289174979,44.));
#3903 = CARTESIAN_POINT('',(10.315313540556,5.854962647584,44.));
#3904 = CARTESIAN_POINT('',(10.358369256314,5.57103388112,44.));
#3905 = CARTESIAN_POINT('',(10.379847917671,5.285329865922,44.));
#3906 = CARTESIAN_POINT('',(10.379847917671,4.835569727948,44.));
#3907 = CARTESIAN_POINT('',(10.372714700839,4.671021779336,44.));
#3908 = CARTESIAN_POINT('',(10.358430802627,4.506781032146,44.));
#3909 = CARTESIAN_POINT('',(10.33705390399,4.343228770215,44.));
#3910 = CARTESIAN_POINT('',(10.308700933878,4.180707029849,44.));
#3911 = CARTESIAN_POINT('',(10.273535474849,4.019522137459,44.));
#3912 = CARTESIAN_POINT('',(10.231757737415,3.859947606814,44.));
#3913 = CARTESIAN_POINT('',(10.18359636872,3.702226564485,44.));
#3914 = PCURVE('',#90,#3915);
#3915 = DEFINITIONAL_REPRESENTATION('',(#3916),#4031);
#3916 = B_SPLINE_CURVE_WITH_KNOTS('',8,(#3917,#3918,#3919,#3920,#3921,
    #3922,#3923,#3924,#3925,#3926,#3927,#3928,#3929,#3930,#3931,#3932,
    #3933,#3934,#3935,#3936,#3937,#3938,#3939,#3940,#3941,#3942,#3943,
    #3944,#3945,#3946,#3947,#3948,#3949,#3950,#3951,#3952,#3953,#3954,
    #3955,#3956,#3957,#3958,#3959,#3960,#3961,#3962,#3963,#3964,#3965,
    #3966,#3967,#3968,#3969,#3970,#3971,#3972,#3973,#3974,#3975,#3976,
    #3977,#3978,#3979,#3980,#3981,#3982,#3983,#3984,#3985,#3986,#3987,
    #3988,#3989,#3990,#3991,#3992,#3993,#3994,#3995,#3996,#3997,#3998,
    #3999,#4000,#4001,#4002,#4003,#4004,#4005,#4006,#4007,#4008,#4009,
    #4010,#4011,#4012,#4013,#4014,#4015,#4016,#4017,#4018,#4019,#4020,
    #4021,#4022,#4023,#4024,#4025,#4026,#4027,#4028,#4029,#4030),
  .UNSPECIFIED.,.F.,.F.,(9,7,7,7,7,7,7,7,7,7,7,7,7,7,7,7,9),(
    6.270855589168E-02,0.105391403173,0.150828741255,0.174019705013,
    0.216954709287,0.294670025214,0.334669814641,0.354548270752,
    0.374425560766,0.549501437063,0.690559506761,0.741516565631,
    0.801785865888,0.87338128922,0.923553729644,1.,1.044054557665),
  .UNSPECIFIED.);
#3917 = CARTESIAN_POINT('',(-10.18359633995,-56.29777345976));
#3918 = CARTESIAN_POINT('',(-10.2316989255,-56.14024477073));
#3919 = CARTESIAN_POINT('',(-10.27345402246,-55.98079981351));
#3920 = CARTESIAN_POINT('',(-10.30862024948,-55.81969145196));
#3921 = CARTESIAN_POINT('',(-10.3369882967,-55.65719917387));
#3922 = CARTESIAN_POINT('',(-10.35838783285,-55.49363051934));
#3923 = CARTESIAN_POINT('',(-10.37269605959,-55.32932277798));
#3924 = CARTESIAN_POINT('',(-10.37984791313,-55.16464495489));
#3925 = CARTESIAN_POINT('',(-10.37984791313,-54.82472987435));
#3926 = CARTESIAN_POINT('',(-10.37174335879,-54.64944116785));
#3927 = CARTESIAN_POINT('',(-10.35553134596,-54.4745992264));
#3928 = CARTESIAN_POINT('',(-10.33129375756,-54.30063654237));
#3929 = CARTESIAN_POINT('',(-10.29918449348,-54.12795445213));
#3930 = CARTESIAN_POINT('',(-10.25941887935,-53.95692456039));
#3931 = CARTESIAN_POINT('',(-10.21226525425,-53.78788989674));
#3932 = CARTESIAN_POINT('',(-10.13036182556,-53.53607075828));
#3933 = CARTESIAN_POINT('',(-10.10084043104,-53.45157160327));
#3934 = CARTESIAN_POINT('',(-10.06951485928,-53.36770682975));
#3935 = CARTESIAN_POINT('',(-10.03642748623,-53.2845113847));
#3936 = CARTESIAN_POINT('',(-10.0016223104,-53.2020168484));
#3937 = CARTESIAN_POINT('',(-9.965144504988,-53.12025161101));
#3938 = CARTESIAN_POINT('',(-9.927039970093,-53.03924104923));
#3939 = CARTESIAN_POINT('',(-9.813883194847,-52.81046626651));
#3940 = CARTESIAN_POINT('',(-9.734995337297,-52.66459195672));
#3941 = CARTESIAN_POINT('',(-9.650983168656,-52.52152156859));
#3942 = CARTESIAN_POINT('',(-9.562139713653,-52.38135981438));
#3943 = CARTESIAN_POINT('',(-9.46875391614,-52.24418260722));
#3944 = CARTESIAN_POINT('',(-9.371105389882,-52.11004034492));
#3945 = CARTESIAN_POINT('',(-9.26945916934,-51.9789611936));
#3946 = CARTESIAN_POINT('',(-8.973281535493,-51.61925320387));
#3947 = CARTESIAN_POINT('',(-8.770258210968,-51.39767736806));
#3948 = CARTESIAN_POINT('',(-8.556405826834,-51.18620444054));
#3949 = CARTESIAN_POINT('',(-8.333009810271,-50.98472895621));
#3950 = CARTESIAN_POINT('',(-8.10121428518,-50.79307621327));
#3951 = CARTESIAN_POINT('',(-7.862010681668,-50.61101607803));
#3952 = CARTESIAN_POINT('',(-7.616226345541,-50.43827678972));
#3953 = CARTESIAN_POINT('',(-7.234957283717,-50.19029369586));
#3954 = CARTESIAN_POINT('',(-7.103843213238,-50.10842645187));
#3955 = CARTESIAN_POINT('',(-6.971267507413,-50.0289204433));
#3956 = CARTESIAN_POINT('',(-6.837320554604,-49.9517397874));
#3957 = CARTESIAN_POINT('',(-6.702086560471,-49.87684930881));
#3958 = CARTESIAN_POINT('',(-6.565643547969,-49.80421453954));
#3959 = CARTESIAN_POINT('',(-6.428063357351,-49.733801719));
#3960 = CARTESIAN_POINT('',(-6.220506734542,-49.63167295799));
#3961 = CARTESIAN_POINT('',(-6.151426823073,-49.5983528252));
#3962 = CARTESIAN_POINT('',(-6.082188475374,-49.56561441941));
#3963 = CARTESIAN_POINT('',(-6.012807900221,-49.53345454659));
#3964 = CARTESIAN_POINT('',(-5.943300951552,-49.50186979479));
#3965 = CARTESIAN_POINT('',(-5.873683128465,-49.47085653423));
#3966 = CARTESIAN_POINT('',(-5.803969575219,-49.44041091722));
#3967 = CARTESIAN_POINT('',(-5.664384681492,-49.3806485921));
#3968 = CARTESIAN_POINT('',(-5.594504103915,-49.35132793002));
#3969 = CARTESIAN_POINT('',(-5.52456318029,-49.32256916469));
#3970 = CARTESIAN_POINT('',(-5.45455890298,-49.29436169854));
#3971 = CARTESIAN_POINT('',(-5.384548236195,-49.26671680814));
#3972 = CARTESIAN_POINT('',(-5.314485530599,-49.23960769351));
#3973 = CARTESIAN_POINT('',(-5.244425596373,-49.21304501725));
#3974 = CARTESIAN_POINT('',(-4.557024075239,-48.95768406635));
#3975 = CARTESIAN_POINT('',(-3.925771199529,-48.76478733192));
#3976 = CARTESIAN_POINT('',(-3.283866714823,-48.60626982245));
#3977 = CARTESIAN_POINT('',(-2.634092471071,-48.48080579605));
#3978 = CARTESIAN_POINT('',(-1.97884487032,-48.38742068282));
#3979 = CARTESIAN_POINT('',(-1.320164841063,-48.3254053336));
#3980 = CARTESIAN_POINT('',(-0.659730374785,-48.29438783755));
#3981 = CARTESIAN_POINT('',(0.53359455275,-48.29447223412));
#3982 = CARTESIAN_POINT('',(1.066029051129,-48.31467557598));
#3983 = CARTESIAN_POINT('',(1.597654669369,-48.35504281915));
#3984 = CARTESIAN_POINT('',(2.127577533916,-48.41574176052));
#3985 = CARTESIAN_POINT('',(2.654794095443,-48.49708329592));
#3986 = CARTESIAN_POINT('',(3.178190595151,-48.59951048871));
#3987 = CARTESIAN_POINT('',(3.696536068746,-48.72363010686));
#3988 = CARTESIAN_POINT('',(4.393394596605,-48.92330276484));
#3989 = CARTESIAN_POINT('',(4.577476187388,-48.97923275146));
#3990 = CARTESIAN_POINT('',(4.760637273958,-49.03814258018));
#3991 = CARTESIAN_POINT('',(4.942801929818,-49.10007395127));
#3992 = CARTESIAN_POINT('',(5.123887641202,-49.1650714962));
#3993 = CARTESIAN_POINT('',(5.303805172458,-49.23318308147));
#3994 = CARTESIAN_POINT('',(5.482458431439,-49.30446011241));
#3995 = CARTESIAN_POINT('',(5.869428676636,-49.46706978512));
#3996 = CARTESIAN_POINT('',(6.077192758877,-49.55968385045));
#3997 = CARTESIAN_POINT('',(6.282870484468,-49.65689361756));
#3998 = CARTESIAN_POINT('',(6.486271544778,-49.75879591444));
#3999 = CARTESIAN_POINT('',(6.687180984285,-49.86549137282));
#4000 = CARTESIAN_POINT('',(6.885358765167,-49.9770849885));
#4001 = CARTESIAN_POINT('',(7.080539331895,-50.09368668161));
#4002 = CARTESIAN_POINT('',(7.500384341732,-50.36001226583));
#4003 = CARTESIAN_POINT('',(7.72366411487,-50.51182233057));
#4004 = CARTESIAN_POINT('',(7.941804599411,-50.67104709826));
#4005 = CARTESIAN_POINT('',(8.154235984161,-50.83787628491));
#4006 = CARTESIAN_POINT('',(8.3602895109,-51.01247769549));
#4007 = CARTESIAN_POINT('',(8.559202442723,-51.1949906438));
#4008 = CARTESIAN_POINT('',(8.750123032375,-51.38551937246));
#4009 = CARTESIAN_POINT('',(9.05965165621,-51.72330580083));
#4010 = CARTESIAN_POINT('',(9.18278869985,-51.86643644935));
#4011 = CARTESIAN_POINT('',(9.301198006631,-52.01352988063));
#4012 = CARTESIAN_POINT('',(9.414518381381,-52.16457032353));
#4013 = CARTESIAN_POINT('',(9.522361238543,-52.31951096119));
#4014 = CARTESIAN_POINT('',(9.624317707667,-52.4782688974));
#4015 = CARTESIAN_POINT('',(9.719967654484,-52.64071890163));
#4016 = CARTESIAN_POINT('',(9.944379918452,-53.05956501195));
#4017 = CARTESIAN_POINT('',(10.064352633365,-53.32079670811));
#4018 = CARTESIAN_POINT('',(10.16714790529,-53.58953268079));
#4019 = CARTESIAN_POINT('',(10.25123874813,-53.86471083038));
#4020 = CARTESIAN_POINT('',(10.315313545098,-54.14503735778));
#4021 = CARTESIAN_POINT('',(10.358369260855,-54.42896612424));
#4022 = CARTESIAN_POINT('',(10.379847922212,-54.71467013944));
#4023 = CARTESIAN_POINT('',(10.379847922212,-55.16443027742));
#4024 = CARTESIAN_POINT('',(10.37271470538,-55.32897822603));
#4025 = CARTESIAN_POINT('',(10.358430807168,-55.49321897322));
#4026 = CARTESIAN_POINT('',(10.337053908531,-55.65677123515));
#4027 = CARTESIAN_POINT('',(10.308700938419,-55.81929297552));
#4028 = CARTESIAN_POINT('',(10.27353547939,-55.98047786791));
#4029 = CARTESIAN_POINT('',(10.231757741956,-56.14005239855));
#4030 = CARTESIAN_POINT('',(10.183596373261,-56.29777344088));
#4031 = ( GEOMETRIC_REPRESENTATION_CONTEXT(2) 
PARAMETRIC_REPRESENTATION_CONTEXT() REPRESENTATION_CONTEXT('2D SPACE',''
  ) );
#4032 = PCURVE('',#640,#4033);
#4033 = DEFINITIONAL_REPRESENTATION('',(#4034),#4192);
#4034 = B_SPLINE_CURVE_WITH_KNOTS('',3,(#4035,#4036,#4037,#4038,#4039,
    #4040,#4041,#4042,#4043,#4044,#4045,#4046,#4047,#4048,#4049,#4050,
    #4051,#4052,#4053,#4054,#4055,#4056,#4057,#4058,#4059,#4060,#4061,
    #4062,#4063,#4064,#4065,#4066,#4067,#4068,#4069,#4070,#4071,#4072,
    #4073,#4074,#4075,#4076,#4077,#4078,#4079,#4080,#4081,#4082,#4083,
    #4084,#4085,#4086,#4087,#4088,#4089,#4090,#4091,#4092,#4093,#4094,
    #4095,#4096,#4097,#4098,#4099,#4100,#4101,#4102,#4103,#4104,#4105,
    #4106,#4107,#4108,#4109,#4110,#4111,#4112,#4113,#4114,#4115,#4116,
    #4117,#4118,#4119,#4120,#4121,#4122,#4123,#4124,#4125,#4126,#4127,
    #4128,#4129,#4130,#4131,#4132,#4133,#4134,#4135,#4136,#4137,#4138,
    #4139,#4140,#4141,#4142,#4143,#4144,#4145,#4146,#4147,#4148,#4149,
    #4150,#4151,#4152,#4153,#4154,#4155,#4156,#4157,#4158,#4159,#4160,
    #4161,#4162,#4163,#4164,#4165,#4166,#4167,#4168,#4169,#4170,#4171,
    #4172,#4173,#4174,#4175,#4176,#4177,#4178,#4179,#4180,#4181,#4182,
    #4183,#4184,#4185,#4186,#4187,#4188,#4189,#4190,#4191),
  .UNSPECIFIED.,.F.,.F.,(4,1,1,1,1,1,1,1,1,1,1,1,1,1,1,1,1,1,1,1,1,1,1,1
    ,1,1,1,1,1,1,1,1,1,1,1,1,1,1,1,1,1,1,1,1,1,1,1,1,1,1,1,1,1,1,1,1,1,1
    ,1,1,1,1,1,1,1,1,1,1,1,1,1,1,1,1,1,1,1,1,1,1,1,1,1,1,1,1,1,1,1,1,1,1
    ,1,1,1,1,1,1,1,1,1,1,1,1,1,1,1,1,1,1,1,1,1,1,1,1,1,1,1,1,1,1,1,1,1,1
    ,1,1,1,1,1,1,1,1,1,1,1,1,1,1,1,1,1,1,1,1,1,1,1,1,1,1,1,1,4),(
    6.270855589168E-02,6.908093252657E-02,7.545330916147E-02,
    8.182568579636E-02,8.819806243125E-02,9.457043906615E-02,
    0.100942815701,0.107315192336,0.113687568971,0.120059945606,
    0.126432322241,0.132804698876,0.13917707551,0.145549452145,
    0.15192182878,0.158294205415,0.16466658205,0.171038958685,
    0.17741133532,0.183783711955,0.19015608859,0.196528465224,
    0.202900841859,0.209273218494,0.215645595129,0.222017971764,
    0.228390348399,0.234762725034,0.241135101669,0.247507478304,
    0.253879854938,0.260252231573,0.266624608208,0.272996984843,
    0.279369361478,0.285741738113,0.292114114748,0.298486491383,
    0.304858868018,0.311231244653,0.317603621287,0.323975997922,
    0.330348374557,0.336720751192,0.343093127827,0.349465504462,
    0.355837881097,0.362210257732,0.368582634367,0.374955011001,
    0.381327387636,0.387699764271,0.394072140906,0.400444517541,
    0.406816894176,0.413189270811,0.419561647446,0.425934024081,
    0.432306400716,0.43867877735,0.445051153985,0.45142353062,
    0.457795907255,0.46416828389,0.470540660525,0.47691303716,
    0.483285413795,0.48965779043,0.496030167064,0.502402543699,
    0.508774920334,0.515147296969,0.521519673604,0.527892050239,
    0.534264426874,0.540636803509,0.547009180144,0.553381556779,
    0.559753933413,0.566126310048,0.572498686683,0.578871063318,
    0.585243439953,0.591615816588,0.597988193223,0.604360569858,
    0.610732946493,0.617105323127,0.623477699762,0.629850076397,
    0.636222453032,0.642594829667,0.648967206302,0.655339582937,
    0.661711959572,0.668084336207,0.674456712841,0.680829089476,
    0.687201466111,0.693573842746,0.699946219381,0.706318596016,
    0.712690972651,0.719063349286,0.725435725921,0.731808102556,
    0.73818047919,0.744552855825,0.75092523246,0.757297609095,
    0.76366998573,0.770042362365,0.776414739,0.782787115635,
    0.78915949227,0.795531868904,0.801904245539,0.808276622174,
    0.814648998809,0.821021375444,0.827393752079,0.833766128714,
    0.840138505349,0.846510881984,0.852883258619,0.859255635253,
    0.865628011888,0.872000388523,0.878372765158,0.884745141793,
    0.891117518428,0.897489895063,0.903862271698,0.910234648333,
    0.916607024967,0.922979401602,0.929351778237,0.935724154872,
    0.942096531507,0.948468908142,0.954841284777,0.961213661412,
    0.967586038047,0.973958414682,0.980330791316,0.986703167951,
    0.993075544586,0.999447921221,1.005820297856,1.012192674491,
    1.018565051126,1.024937427761,1.031309804396,1.03768218103,
    1.044054557665),.QUASI_UNIFORM_KNOTS.);
#4035 = CARTESIAN_POINT('',(9.601971490341,0.421670142778));
#4036 = CARTESIAN_POINT('',(9.593243595496,0.421670142832));
#4037 = CARTESIAN_POINT('',(9.575750044728,0.421670142751));
#4038 = CARTESIAN_POINT('',(9.549410095612,0.421670142414));
#4039 = CARTESIAN_POINT('',(9.522983584669,0.421670142249));
#4040 = CARTESIAN_POINT('',(9.496485670007,0.421670142515));
#4041 = CARTESIAN_POINT('',(9.469933546085,0.421670142958));
#4042 = CARTESIAN_POINT('',(9.443346191722,0.421670142759));
#4043 = CARTESIAN_POINT('',(9.416747976471,0.421670142508));
#4044 = CARTESIAN_POINT('',(9.390155024492,0.421670142602));
#4045 = CARTESIAN_POINT('',(9.363588311524,0.421670142535));
#4046 = CARTESIAN_POINT('',(9.337067656633,0.421670142551));
#4047 = CARTESIAN_POINT('',(9.31061075088,0.421670142583));
#4048 = CARTESIAN_POINT('',(9.284234027965,0.42167014256));
#4049 = CARTESIAN_POINT('',(9.257952523347,0.42167014253));
#4050 = CARTESIAN_POINT('',(9.231781684603,0.421670142573));
#4051 = CARTESIAN_POINT('',(9.205731839671,0.421670142566));
#4052 = CARTESIAN_POINT('',(9.179810598296,0.42167014255));
#4053 = CARTESIAN_POINT('',(9.154024815565,0.42167014254));
#4054 = CARTESIAN_POINT('',(9.128378942511,0.421670142747));
#4055 = CARTESIAN_POINT('',(9.102875806018,0.421670143193));
#4056 = CARTESIAN_POINT('',(9.077515326223,0.421670142346));
#4057 = CARTESIAN_POINT('',(9.052296137428,0.421670142065));
#4058 = CARTESIAN_POINT('',(9.027215395555,0.421670142678));
#4059 = CARTESIAN_POINT('',(9.002269043246,0.421670143182));
#4060 = CARTESIAN_POINT('',(8.977451396311,0.421670142465));
#4061 = CARTESIAN_POINT('',(8.952756755467,0.421670142555));
#4062 = CARTESIAN_POINT('',(8.928179442279,0.421670142416));
#4063 = CARTESIAN_POINT('',(8.903709001704,0.421670142418));
#4064 = CARTESIAN_POINT('',(8.879336172984,0.421670142494));
#4065 = CARTESIAN_POINT('',(8.855051346736,0.421670142608));
#4066 = CARTESIAN_POINT('',(8.830844903918,0.421670142686));
#4067 = CARTESIAN_POINT('',(8.806707047742,0.421670142683));
#4068 = CARTESIAN_POINT('',(8.782627768968,0.421670142595));
#4069 = CARTESIAN_POINT('',(8.758596769528,0.421670142467));
#4070 = CARTESIAN_POINT('',(8.734603401989,0.421670142387));
#4071 = CARTESIAN_POINT('',(8.710636567634,0.42167014241));
#4072 = CARTESIAN_POINT('',(8.686684742175,0.421670142588));
#4073 = CARTESIAN_POINT('',(8.662735507841,0.421670142478));
#4074 = CARTESIAN_POINT('',(8.638779990574,0.42167014217));
#4075 = CARTESIAN_POINT('',(8.614806567194,0.4216701424));
#4076 = CARTESIAN_POINT('',(8.590804493469,0.421670142749));
#4077 = CARTESIAN_POINT('',(8.566761434851,0.421670142872));
#4078 = CARTESIAN_POINT('',(8.542670455896,0.421670142616));
#4079 = CARTESIAN_POINT('',(8.518504134006,0.421670142558));
#4080 = CARTESIAN_POINT('',(8.494333035321,0.421670142616));
#4081 = CARTESIAN_POINT('',(8.470162667746,0.421670142471));
#4082 = CARTESIAN_POINT('',(8.445994151143,0.421670142599));
#4083 = CARTESIAN_POINT('',(8.421816778107,0.42167014256));
#4084 = CARTESIAN_POINT('',(8.39766316446,0.421670142549));
#4085 = CARTESIAN_POINT('',(8.373427977,0.4216701426));
#4086 = CARTESIAN_POINT('',(8.349519908064,0.421670142401));
#4087 = CARTESIAN_POINT('',(8.326028572054,0.421670142208));
#4088 = CARTESIAN_POINT('',(8.302904802428,0.42167014219));
#4089 = CARTESIAN_POINT('',(8.280138103996,0.421670142316));
#4090 = CARTESIAN_POINT('',(8.257708972051,0.421670142512));
#4091 = CARTESIAN_POINT('',(8.235601549164,0.421670142696));
#4092 = CARTESIAN_POINT('',(8.213800126352,0.421670142809));
#4093 = CARTESIAN_POINT('',(8.192289983515,0.421670142829));
#4094 = CARTESIAN_POINT('',(8.171057076324,0.421670142762));
#4095 = CARTESIAN_POINT('',(8.150088040254,0.421670142637));
#4096 = CARTESIAN_POINT('',(8.129370116743,0.421670142496));
#4097 = CARTESIAN_POINT('',(8.108891106491,0.421670142379));
#4098 = CARTESIAN_POINT('',(8.088639321002,0.421670142317));
#4099 = CARTESIAN_POINT('',(8.068603539477,0.421670142326));
#4100 = CARTESIAN_POINT('',(8.048772968566,0.421670142401));
#4101 = CARTESIAN_POINT('',(8.029137205144,0.421670142522));
#4102 = CARTESIAN_POINT('',(8.009686201606,0.421670142656));
#4103 = CARTESIAN_POINT('',(7.990410233413,0.421670142766));
#4104 = CARTESIAN_POINT('',(7.971299868616,0.421670142816));
#4105 = CARTESIAN_POINT('',(7.952345939077,0.421670142787));
#4106 = CARTESIAN_POINT('',(7.933539513221,0.421670142678));
#4107 = CARTESIAN_POINT('',(7.914871870017,0.421670142515));
#4108 = CARTESIAN_POINT('',(7.896334474275,0.421670142346));
#4109 = CARTESIAN_POINT('',(7.877918952176,0.421670142234));
#4110 = CARTESIAN_POINT('',(7.85961707024,0.421670142238));
#4111 = CARTESIAN_POINT('',(7.841420705127,0.421670142369));
#4112 = CARTESIAN_POINT('',(7.823321850641,0.421670142576));
#4113 = CARTESIAN_POINT('',(7.805312488273,0.42167014255));
#4114 = CARTESIAN_POINT('',(7.787388647457,0.42167014251));
#4115 = CARTESIAN_POINT('',(7.769542282858,0.421670142503));
#4116 = CARTESIAN_POINT('',(7.751766278282,0.421670142528));
#4117 = CARTESIAN_POINT('',(7.734053474794,0.421670142565));
#4118 = CARTESIAN_POINT('',(7.716396904094,0.421670142595));
#4119 = CARTESIAN_POINT('',(7.698789699934,0.421670142604));
#4120 = CARTESIAN_POINT('',(7.681225096621,0.421670142593));
#4121 = CARTESIAN_POINT('',(7.663696404832,0.421670142567));
#4122 = CARTESIAN_POINT('',(7.646196993978,0.421670142538));
#4123 = CARTESIAN_POINT('',(7.628720273112,0.42167014252));
#4124 = CARTESIAN_POINT('',(7.611259672357,0.421670142519));
#4125 = CARTESIAN_POINT('',(7.593808624135,0.421670142536));
#4126 = CARTESIAN_POINT('',(7.576360544221,0.421670142565));
#4127 = CARTESIAN_POINT('',(7.558908812395,0.421670142593));
#4128 = CARTESIAN_POINT('',(7.541446752615,0.421670142608));
#4129 = CARTESIAN_POINT('',(7.52396761233,0.421670142599));
#4130 = CARTESIAN_POINT('',(7.506464541443,0.421670142567));
#4131 = CARTESIAN_POINT('',(7.488930568219,0.421670142523));
#4132 = CARTESIAN_POINT('',(7.471358581213,0.421670142494));
#4133 = CARTESIAN_POINT('',(7.453741282386,0.4216701425));
#4134 = CARTESIAN_POINT('',(7.436071240252,0.421670142558));
#4135 = CARTESIAN_POINT('',(7.418340560985,0.421670142554));
#4136 = CARTESIAN_POINT('',(7.400542761075,0.421670142483));
#4137 = CARTESIAN_POINT('',(7.382670021513,0.421670142535));
#4138 = CARTESIAN_POINT('',(7.364714475624,0.421670142607));
#4139 = CARTESIAN_POINT('',(7.346668062255,0.421670142613));
#4140 = CARTESIAN_POINT('',(7.328522526014,0.421670142543));
#4141 = CARTESIAN_POINT('',(7.310269368307,0.421670142477));
#4142 = CARTESIAN_POINT('',(7.291899834019,0.42167014255));
#4143 = CARTESIAN_POINT('',(7.273404789166,0.421670142552));
#4144 = CARTESIAN_POINT('',(7.254775300042,0.421670142258));
#4145 = CARTESIAN_POINT('',(7.236001495708,0.421670142333));
#4146 = CARTESIAN_POINT('',(7.217073374872,0.421670142602));
#4147 = CARTESIAN_POINT('',(7.197980651039,0.421670142808));
#4148 = CARTESIAN_POINT('',(7.1787127314,0.421670142756));
#4149 = CARTESIAN_POINT('',(7.159258666052,0.421670142483));
#4150 = CARTESIAN_POINT('',(7.139607057037,0.421670142238));
#4151 = CARTESIAN_POINT('',(7.119746129672,0.42167014233));
#4152 = CARTESIAN_POINT('',(7.099663163643,0.421670142658));
#4153 = CARTESIAN_POINT('',(7.079346290055,0.421670142398));
#4154 = CARTESIAN_POINT('',(7.058782544918,0.421670142275));
#4155 = CARTESIAN_POINT('',(7.037957525115,0.421670142361));
#4156 = CARTESIAN_POINT('',(7.016856970975,0.421670142577));
#4157 = CARTESIAN_POINT('',(6.995466262915,0.42167014276));
#4158 = CARTESIAN_POINT('',(6.973770474234,0.421670142788));
#4159 = CARTESIAN_POINT('',(6.951754270327,0.421670142641));
#4160 = CARTESIAN_POINT('',(6.929401848655,0.42167014241));
#4161 = CARTESIAN_POINT('',(6.906696849016,0.421670142264));
#4162 = CARTESIAN_POINT('',(6.883622318701,0.42167014234));
#4163 = CARTESIAN_POINT('',(6.860160461354,0.42167014261));
#4164 = CARTESIAN_POINT('',(6.836293166245,0.421670142509));
#4165 = CARTESIAN_POINT('',(6.81200470552,0.421670142542));
#4166 = CARTESIAN_POINT('',(6.787276967887,0.421670142598));
#4167 = CARTESIAN_POINT('',(6.762092789652,0.421670142572));
#4168 = CARTESIAN_POINT('',(6.736435136499,0.421670142521));
#4169 = CARTESIAN_POINT('',(6.71028754455,0.421670142548));
#4170 = CARTESIAN_POINT('',(6.683633497545,0.421670142622));
#4171 = CARTESIAN_POINT('',(6.656458993354,0.42167014254));
#4172 = CARTESIAN_POINT('',(6.628743652783,0.421670142583));
#4173 = CARTESIAN_POINT('',(6.600470495033,0.421670142572));
#4174 = CARTESIAN_POINT('',(6.571635645987,0.421670142548));
#4175 = CARTESIAN_POINT('',(6.542232417889,0.421670142546));
#4176 = CARTESIAN_POINT('',(6.512255793545,0.421670142563));
#4177 = CARTESIAN_POINT('',(6.481701495092,0.421670142575));
#4178 = CARTESIAN_POINT('',(6.450566920391,0.421670142567));
#4179 = CARTESIAN_POINT('',(6.418850391293,0.421670142548));
#4180 = CARTESIAN_POINT('',(6.38655571698,0.421670142547));
#4181 = CARTESIAN_POINT('',(6.353677690974,0.421670142561));
#4182 = CARTESIAN_POINT('',(6.320259132706,0.421670142606));
#4183 = CARTESIAN_POINT('',(6.286181513017,0.421670142467));
#4184 = CARTESIAN_POINT('',(6.251950509694,0.421670142886));
#4185 = CARTESIAN_POINT('',(6.218454199817,0.421670143118));
#4186 = CARTESIAN_POINT('',(6.185480648663,0.421670142753));
#4187 = CARTESIAN_POINT('',(6.153099011644,0.421670142316));
#4188 = CARTESIAN_POINT('',(6.121297218748,0.421670142147));
#4189 = CARTESIAN_POINT('',(6.090080476145,0.421670142326));
#4190 = CARTESIAN_POINT('',(6.069656651639,0.421670142536));
#4191 = CARTESIAN_POINT('',(6.059541340124,0.421670142643));
#4192 = ( GEOMETRIC_REPRESENTATION_CONTEXT(2) 
PARAMETRIC_REPRESENTATION_CONTEXT() REPRESENTATION_CONTEXT('2D SPACE',''
  ) );
#4193 = ORIENTED_EDGE('',*,*,#4194,.T.);
#4194 = EDGE_CURVE('',#3796,#4195,#4197,.T.);
#4195 = VERTEX_POINT('',#4196);
#4196 = CARTESIAN_POINT('',(24.499999998185,25.000000009782,44.));
#4197 = SURFACE_CURVE('',#4198,(#4203,#4210),.PCURVE_S1.);
#4198 = CIRCLE('',#4199,23.);
#4199 = AXIS2_PLACEMENT_3D('',#4200,#4201,#4202);
#4200 = CARTESIAN_POINT('',(1.49999999637,25.000000009782,44.));
#4201 = DIRECTION('',(0.,0.,1.));
#4202 = DIRECTION('',(1.,0.,0.));
#4203 = PCURVE('',#90,#4204);
#4204 = DEFINITIONAL_REPRESENTATION('',(#4205),#4209);
#4205 = CIRCLE('',#4206,23.);
#4206 = AXIS2_PLACEMENT_2D('',#4207,#4208);
#4207 = CARTESIAN_POINT('',(1.500000000912,-34.99999999558));
#4208 = DIRECTION('',(1.,0.));
#4209 = ( GEOMETRIC_REPRESENTATION_CONTEXT(2) 
PARAMETRIC_REPRESENTATION_CONTEXT() REPRESENTATION_CONTEXT('2D SPACE',''
  ) );
#4210 = PCURVE('',#1236,#4211);
#4211 = DEFINITIONAL_REPRESENTATION('',(#4212),#4216);
#4212 = LINE('',#4213,#4214);
#4213 = CARTESIAN_POINT('',(-0.,-2.));
#4214 = VECTOR('',#4215,1.);
#4215 = DIRECTION('',(-1.,0.));
#4216 = ( GEOMETRIC_REPRESENTATION_CONTEXT(2) 
PARAMETRIC_REPRESENTATION_CONTEXT() REPRESENTATION_CONTEXT('2D SPACE',''
  ) );
#4217 = ORIENTED_EDGE('',*,*,#4218,.T.);
#4218 = EDGE_CURVE('',#4195,#4219,#4221,.T.);
#4219 = VERTEX_POINT('',#4220);
#4220 = CARTESIAN_POINT('',(24.5,27.000000007362,44.));
#4221 = SURFACE_CURVE('',#4222,(#4226,#4233),.PCURVE_S1.);
#4222 = LINE('',#4223,#4224);
#4223 = CARTESIAN_POINT('',(24.5,26.000000009782,44.));
#4224 = VECTOR('',#4225,1.);
#4225 = DIRECTION('',(0.,1.,0.));
#4226 = PCURVE('',#90,#4227);
#4227 = DEFINITIONAL_REPRESENTATION('',(#4228),#4232);
#4228 = LINE('',#4229,#4230);
#4229 = CARTESIAN_POINT('',(24.500000004541,-33.99999999558));
#4230 = VECTOR('',#4231,1.);
#4231 = DIRECTION('',(0.,1.));
#4232 = ( GEOMETRIC_REPRESENTATION_CONTEXT(2) 
PARAMETRIC_REPRESENTATION_CONTEXT() REPRESENTATION_CONTEXT('2D SPACE',''
  ) );
#4233 = PCURVE('',#1264,#4234);
#4234 = DEFINITIONAL_REPRESENTATION('',(#4235),#4239);
#4235 = LINE('',#4236,#4237);
#4236 = CARTESIAN_POINT('',(1.,-2.));
#4237 = VECTOR('',#4238,1.);
#4238 = DIRECTION('',(1.,0.));
#4239 = ( GEOMETRIC_REPRESENTATION_CONTEXT(2) 
PARAMETRIC_REPRESENTATION_CONTEXT() REPRESENTATION_CONTEXT('2D SPACE',''
  ) );
#4240 = ORIENTED_EDGE('',*,*,#4241,.T.);
#4241 = EDGE_CURVE('',#4219,#4242,#4244,.T.);
#4242 = VERTEX_POINT('',#4243);
#4243 = CARTESIAN_POINT('',(21.163004226424,38.931733527335,44.));
#4244 = SURFACE_CURVE('',#4245,(#4250,#4257),.PCURVE_S1.);
#4245 = CIRCLE('',#4246,23.);
#4246 = AXIS2_PLACEMENT_3D('',#4247,#4248,#4249);
#4247 = CARTESIAN_POINT('',(1.5,27.000000007362,44.));
#4248 = DIRECTION('',(0.,0.,1.));
#4249 = DIRECTION('',(1.,0.,0.));
#4250 = PCURVE('',#90,#4251);
#4251 = DEFINITIONAL_REPRESENTATION('',(#4252),#4256);
#4252 = CIRCLE('',#4253,23.);
#4253 = AXIS2_PLACEMENT_2D('',#4254,#4255);
#4254 = CARTESIAN_POINT('',(1.500000004541,-32.999999998));
#4255 = DIRECTION('',(1.,0.));
#4256 = ( GEOMETRIC_REPRESENTATION_CONTEXT(2) 
PARAMETRIC_REPRESENTATION_CONTEXT() REPRESENTATION_CONTEXT('2D SPACE',''
  ) );
#4257 = PCURVE('',#1293,#4258);
#4258 = DEFINITIONAL_REPRESENTATION('',(#4259),#4263);
#4259 = LINE('',#4260,#4261);
#4260 = CARTESIAN_POINT('',(-0.,-2.));
#4261 = VECTOR('',#4262,1.);
#4262 = DIRECTION('',(-1.,0.));
#4263 = ( GEOMETRIC_REPRESENTATION_CONTEXT(2) 
PARAMETRIC_REPRESENTATION_CONTEXT() REPRESENTATION_CONTEXT('2D SPACE',''
  ) );
#4264 = ORIENTED_EDGE('',*,*,#4265,.T.);
#4265 = EDGE_CURVE('',#4242,#4266,#4268,.T.);
#4266 = VERTEX_POINT('',#4267);
#4267 = CARTESIAN_POINT('',(31.999999997619,59.000000009765,44.));
#4268 = SURFACE_CURVE('',#4269,(#4274,#4281),.PCURVE_S1.);
#4269 = CIRCLE('',#4270,24.);
#4270 = AXIS2_PLACEMENT_3D('',#4271,#4272,#4273);
#4271 = CARTESIAN_POINT('',(7.999999995238,59.000000009765,44.));
#4272 = DIRECTION('',(0.,0.,1.));
#4273 = DIRECTION('',(1.,0.,0.));
#4274 = PCURVE('',#90,#4275);
#4275 = DEFINITIONAL_REPRESENTATION('',(#4276),#4280);
#4276 = CIRCLE('',#4277,24.);
#4277 = AXIS2_PLACEMENT_2D('',#4278,#4279);
#4278 = CARTESIAN_POINT('',(7.99999999978,-0.999999995604));
#4279 = DIRECTION('',(1.,0.));
#4280 = ( GEOMETRIC_REPRESENTATION_CONTEXT(2) 
PARAMETRIC_REPRESENTATION_CONTEXT() REPRESENTATION_CONTEXT('2D SPACE',''
  ) );
#4281 = PCURVE('',#1322,#4282);
#4282 = DEFINITIONAL_REPRESENTATION('',(#4283),#4287);
#4283 = LINE('',#4284,#4285);
#4284 = CARTESIAN_POINT('',(-0.,-2.));
#4285 = VECTOR('',#4286,1.);
#4286 = DIRECTION('',(-1.,0.));
#4287 = ( GEOMETRIC_REPRESENTATION_CONTEXT(2) 
PARAMETRIC_REPRESENTATION_CONTEXT() REPRESENTATION_CONTEXT('2D SPACE',''
  ) );
#4288 = ORIENTED_EDGE('',*,*,#4289,.T.);
#4289 = EDGE_CURVE('',#4266,#4290,#4292,.T.);
#4290 = VERTEX_POINT('',#4291);
#4291 = CARTESIAN_POINT('',(32.,61.000000007345,44.));
#4292 = SURFACE_CURVE('',#4293,(#4297,#4304),.PCURVE_S1.);
#4293 = LINE('',#4294,#4295);
#4294 = CARTESIAN_POINT('',(32.,60.000000009765,44.));
#4295 = VECTOR('',#4296,1.);
#4296 = DIRECTION('',(0.,1.,0.));
#4297 = PCURVE('',#90,#4298);
#4298 = DEFINITIONAL_REPRESENTATION('',(#4299),#4303);
#4299 = LINE('',#4300,#4301);
#4300 = CARTESIAN_POINT('',(32.000000004541,4.3959076379E-09));
#4301 = VECTOR('',#4302,1.);
#4302 = DIRECTION('',(0.,1.));
#4303 = ( GEOMETRIC_REPRESENTATION_CONTEXT(2) 
PARAMETRIC_REPRESENTATION_CONTEXT() REPRESENTATION_CONTEXT('2D SPACE',''
  ) );
#4304 = PCURVE('',#1350,#4305);
#4305 = DEFINITIONAL_REPRESENTATION('',(#4306),#4310);
#4306 = LINE('',#4307,#4308);
#4307 = CARTESIAN_POINT('',(1.,-2.));
#4308 = VECTOR('',#4309,1.);
#4309 = DIRECTION('',(1.,0.));
#4310 = ( GEOMETRIC_REPRESENTATION_CONTEXT(2) 
PARAMETRIC_REPRESENTATION_CONTEXT() REPRESENTATION_CONTEXT('2D SPACE',''
  ) );
#4311 = ORIENTED_EDGE('',*,*,#4312,.T.);
#4312 = EDGE_CURVE('',#4290,#4313,#4315,.T.);
#4313 = VERTEX_POINT('',#4314);
#4314 = CARTESIAN_POINT('',(8.,85.000000008555,44.));
#4315 = SURFACE_CURVE('',#4316,(#4321,#4328),.PCURVE_S1.);
#4316 = CIRCLE('',#4317,24.);
#4317 = AXIS2_PLACEMENT_3D('',#4318,#4319,#4320);
#4318 = CARTESIAN_POINT('',(8.,61.000000007345,44.));
#4319 = DIRECTION('',(0.,0.,1.));
#4320 = DIRECTION('',(1.,0.,0.));
#4321 = PCURVE('',#90,#4322);
#4322 = DEFINITIONAL_REPRESENTATION('',(#4323),#4327);
#4323 = CIRCLE('',#4324,24.);
#4324 = AXIS2_PLACEMENT_2D('',#4325,#4326);
#4325 = CARTESIAN_POINT('',(8.000000004541,1.000000001976));
#4326 = DIRECTION('',(1.,0.));
#4327 = ( GEOMETRIC_REPRESENTATION_CONTEXT(2) 
PARAMETRIC_REPRESENTATION_CONTEXT() REPRESENTATION_CONTEXT('2D SPACE',''
  ) );
#4328 = PCURVE('',#1379,#4329);
#4329 = DEFINITIONAL_REPRESENTATION('',(#4330),#4334);
#4330 = LINE('',#4331,#4332);
#4331 = CARTESIAN_POINT('',(-0.,-2.));
#4332 = VECTOR('',#4333,1.);
#4333 = DIRECTION('',(-1.,0.));
#4334 = ( GEOMETRIC_REPRESENTATION_CONTEXT(2) 
PARAMETRIC_REPRESENTATION_CONTEXT() REPRESENTATION_CONTEXT('2D SPACE',''
  ) );
#4335 = ORIENTED_EDGE('',*,*,#4336,.F.);
#4336 = EDGE_CURVE('',#240,#4313,#4337,.T.);
#4337 = SURFACE_CURVE('',#4338,(#4342,#4349),.PCURVE_S1.);
#4338 = LINE('',#4339,#4340);
#4339 = CARTESIAN_POINT('',(0.,85.000000009765,44.));
#4340 = VECTOR('',#4341,1.);
#4341 = DIRECTION('',(1.,0.,0.));
#4342 = PCURVE('',#90,#4343);
#4343 = DEFINITIONAL_REPRESENTATION('',(#4344),#4348);
#4344 = LINE('',#4345,#4346);
#4345 = CARTESIAN_POINT('',(4.541314921844E-09,25.000000004396));
#4346 = VECTOR('',#4347,1.);
#4347 = DIRECTION('',(1.,0.));
#4348 = ( GEOMETRIC_REPRESENTATION_CONTEXT(2) 
PARAMETRIC_REPRESENTATION_CONTEXT() REPRESENTATION_CONTEXT('2D SPACE',''
  ) );
#4349 = PCURVE('',#255,#4350);
#4350 = DEFINITIONAL_REPRESENTATION('',(#4351),#4355);
#4351 = LINE('',#4352,#4353);
#4352 = CARTESIAN_POINT('',(8.,-2.));
#4353 = VECTOR('',#4354,1.);
#4354 = DIRECTION('',(1.,0.));
#4355 = ( GEOMETRIC_REPRESENTATION_CONTEXT(2) 
PARAMETRIC_REPRESENTATION_CONTEXT() REPRESENTATION_CONTEXT('2D SPACE',''
  ) );
#4356 = ORIENTED_EDGE('',*,*,#267,.T.);
#4357 = FACE_BOUND('',#4358,.T.);
#4358 = EDGE_LOOP('',(#4359));
#4359 = ORIENTED_EDGE('',*,*,#4360,.F.);
#4360 = EDGE_CURVE('',#4361,#4361,#4363,.T.);
#4361 = VERTEX_POINT('',#4362);
#4362 = CARTESIAN_POINT('',(-18.3,15.,44.));
#4363 = SURFACE_CURVE('',#4364,(#4369,#4376),.PCURVE_S1.);
#4364 = CIRCLE('',#4365,1.2);
#4365 = AXIS2_PLACEMENT_3D('',#4366,#4367,#4368);
#4366 = CARTESIAN_POINT('',(-19.5,15.,44.));
#4367 = DIRECTION('',(0.,0.,1.));
#4368 = DIRECTION('',(1.,0.,-0.));
#4369 = PCURVE('',#90,#4370);
#4370 = DEFINITIONAL_REPRESENTATION('',(#4371),#4375);
#4371 = CIRCLE('',#4372,1.2);
#4372 = AXIS2_PLACEMENT_2D('',#4373,#4374);
#4373 = CARTESIAN_POINT('',(-19.49999999545,-45.00000000536));
#4374 = DIRECTION('',(1.,0.));
#4375 = ( GEOMETRIC_REPRESENTATION_CONTEXT(2) 
PARAMETRIC_REPRESENTATION_CONTEXT() REPRESENTATION_CONTEXT('2D SPACE',''
  ) );
#4376 = PCURVE('',#1432,#4377);
#4377 = DEFINITIONAL_REPRESENTATION('',(#4378),#4382);
#4378 = LINE('',#4379,#4380);
#4379 = CARTESIAN_POINT('',(0.,6.));
#4380 = VECTOR('',#4381,1.);
#4381 = DIRECTION('',(1.,0.));
#4382 = ( GEOMETRIC_REPRESENTATION_CONTEXT(2) 
PARAMETRIC_REPRESENTATION_CONTEXT() REPRESENTATION_CONTEXT('2D SPACE',''
  ) );
#4383 = FACE_BOUND('',#4384,.T.);
#4384 = EDGE_LOOP('',(#4385,#4408,#4436,#4457,#4485,#4506,#4534,#4555));
#4385 = ORIENTED_EDGE('',*,*,#4386,.F.);
#4386 = EDGE_CURVE('',#4387,#4389,#4391,.T.);
#4387 = VERTEX_POINT('',#4388);
#4388 = CARTESIAN_POINT('',(-8.,25.299999948861,44.));
#4389 = VERTEX_POINT('',#4390);
#4390 = CARTESIAN_POINT('',(-8.,15.3,44.));
#4391 = SURFACE_CURVE('',#4392,(#4396,#4402),.PCURVE_S1.);
#4392 = LINE('',#4393,#4394);
#4393 = CARTESIAN_POINT('',(-8.,37.650000002684,44.));
#4394 = VECTOR('',#4395,1.);
#4395 = DIRECTION('',(0.,-1.,0.));
#4396 = PCURVE('',#90,#4397);
#4397 = DEFINITIONAL_REPRESENTATION('',(#4398),#4401);
#4398 = B_SPLINE_CURVE_WITH_KNOTS('',1,(#4399,#4400),.UNSPECIFIED.,.F.,
  .F.,(2,2),(12.350000053824,22.350000002684),.PIECEWISE_BEZIER_KNOTS.);
#4399 = CARTESIAN_POINT('',(-7.999999995459,-34.7000000565));
#4400 = CARTESIAN_POINT('',(-7.999999995459,-44.70000000536));
#4401 = ( GEOMETRIC_REPRESENTATION_CONTEXT(2) 
PARAMETRIC_REPRESENTATION_CONTEXT() REPRESENTATION_CONTEXT('2D SPACE',''
  ) );
#4402 = PCURVE('',#1569,#4403);
#4403 = DEFINITIONAL_REPRESENTATION('',(#4404),#4407);
#4404 = B_SPLINE_CURVE_WITH_KNOTS('',1,(#4405,#4406),.UNSPECIFIED.,.F.,
  .F.,(2,2),(12.350000053824,22.350000002684),.PIECEWISE_BEZIER_KNOTS.);
#4405 = CARTESIAN_POINT('',(9.999999948861,-6.));
#4406 = CARTESIAN_POINT('',(0.,-6.));
#4407 = ( GEOMETRIC_REPRESENTATION_CONTEXT(2) 
PARAMETRIC_REPRESENTATION_CONTEXT() REPRESENTATION_CONTEXT('2D SPACE',''
  ) );
#4408 = ORIENTED_EDGE('',*,*,#4409,.T.);
#4409 = EDGE_CURVE('',#4387,#4410,#4412,.T.);
#4410 = VERTEX_POINT('',#4411);
#4411 = CARTESIAN_POINT('',(-6.,27.29999997443,44.));
#4412 = SURFACE_CURVE('',#4413,(#4418,#4429),.PCURVE_S1.);
#4413 = CIRCLE('',#4414,2.);
#4414 = AXIS2_PLACEMENT_3D('',#4415,#4416,#4417);
#4415 = CARTESIAN_POINT('',(-6.,25.299999948861,44.));
#4416 = DIRECTION('',(0.,0.,-1.));
#4417 = DIRECTION('',(-1.,0.,0.));
#4418 = PCURVE('',#90,#4419);
#4419 = DEFINITIONAL_REPRESENTATION('',(#4420),#4428);
#4420 = ( BOUNDED_CURVE() B_SPLINE_CURVE(2,(#4421,#4422,#4423,#4424,
#4425,#4426,#4427),.UNSPECIFIED.,.T.,.F.) B_SPLINE_CURVE_WITH_KNOTS((1,2
    ,2,2,2,1),(-2.094395102393,0.,2.094395102393,4.188790204786,
6.28318530718,8.377580409573),.UNSPECIFIED.) CURVE() 
GEOMETRIC_REPRESENTATION_ITEM() RATIONAL_B_SPLINE_CURVE((1.,0.5,1.,0.5,
1.,0.5,1.)) REPRESENTATION_ITEM('') );
#4421 = CARTESIAN_POINT('',(-7.999999995459,-34.7000000565));
#4422 = CARTESIAN_POINT('',(-7.999999995459,-31.23589844137));
#4423 = CARTESIAN_POINT('',(-4.999999995459,-32.96794924894));
#4424 = CARTESIAN_POINT('',(-1.999999995459,-34.7000000565));
#4425 = CARTESIAN_POINT('',(-4.999999995459,-36.43205086407));
#4426 = CARTESIAN_POINT('',(-7.999999995459,-38.16410167164));
#4427 = CARTESIAN_POINT('',(-7.999999995459,-34.7000000565));
#4428 = ( GEOMETRIC_REPRESENTATION_CONTEXT(2) 
PARAMETRIC_REPRESENTATION_CONTEXT() REPRESENTATION_CONTEXT('2D SPACE',''
  ) );
#4429 = PCURVE('',#1601,#4430);
#4430 = DEFINITIONAL_REPRESENTATION('',(#4431),#4435);
#4431 = LINE('',#4432,#4433);
#4432 = CARTESIAN_POINT('',(0.,-6.));
#4433 = VECTOR('',#4434,1.);
#4434 = DIRECTION('',(1.,0.));
#4435 = ( GEOMETRIC_REPRESENTATION_CONTEXT(2) 
PARAMETRIC_REPRESENTATION_CONTEXT() REPRESENTATION_CONTEXT('2D SPACE',''
  ) );
#4436 = ORIENTED_EDGE('',*,*,#4437,.F.);
#4437 = EDGE_CURVE('',#4438,#4410,#4440,.T.);
#4438 = VERTEX_POINT('',#4439);
#4439 = CARTESIAN_POINT('',(6.,27.29999997443,44.));
#4440 = SURFACE_CURVE('',#4441,(#4445,#4451),.PCURVE_S1.);
#4441 = LINE('',#4442,#4443);
#4442 = CARTESIAN_POINT('',(-3.000000002271,27.3,44.));
#4443 = VECTOR('',#4444,1.);
#4444 = DIRECTION('',(-1.,0.,0.));
#4445 = PCURVE('',#90,#4446);
#4446 = DEFINITIONAL_REPRESENTATION('',(#4447),#4450);
#4447 = B_SPLINE_CURVE_WITH_KNOTS('',1,(#4448,#4449),.UNSPECIFIED.,.F.,
  .F.,(2,2),(-9.000000002271,2.999999997729),.PIECEWISE_BEZIER_KNOTS.);
#4448 = CARTESIAN_POINT('',(6.000000004541,-32.70000000536));
#4449 = CARTESIAN_POINT('',(-5.999999995459,-32.70000000536));
#4450 = ( GEOMETRIC_REPRESENTATION_CONTEXT(2) 
PARAMETRIC_REPRESENTATION_CONTEXT() REPRESENTATION_CONTEXT('2D SPACE',''
  ) );
#4451 = PCURVE('',#1628,#4452);
#4452 = DEFINITIONAL_REPRESENTATION('',(#4453),#4456);
#4453 = B_SPLINE_CURVE_WITH_KNOTS('',1,(#4454,#4455),.UNSPECIFIED.,.F.,
  .F.,(2,2),(-9.000000002271,2.999999997729),.PIECEWISE_BEZIER_KNOTS.);
#4454 = CARTESIAN_POINT('',(12.,-6.));
#4455 = CARTESIAN_POINT('',(0.,-6.));
#4456 = ( GEOMETRIC_REPRESENTATION_CONTEXT(2) 
PARAMETRIC_REPRESENTATION_CONTEXT() REPRESENTATION_CONTEXT('2D SPACE',''
  ) );
#4457 = ORIENTED_EDGE('',*,*,#4458,.T.);
#4458 = EDGE_CURVE('',#4438,#4459,#4461,.T.);
#4459 = VERTEX_POINT('',#4460);
#4460 = CARTESIAN_POINT('',(8.,25.299999948861,44.));
#4461 = SURFACE_CURVE('',#4462,(#4467,#4478),.PCURVE_S1.);
#4462 = CIRCLE('',#4463,2.);
#4463 = AXIS2_PLACEMENT_3D('',#4464,#4465,#4466);
#4464 = CARTESIAN_POINT('',(6.,25.299999948861,44.));
#4465 = DIRECTION('',(0.,0.,-1.));
#4466 = DIRECTION('',(-1.,0.,0.));
#4467 = PCURVE('',#90,#4468);
#4468 = DEFINITIONAL_REPRESENTATION('',(#4469),#4477);
#4469 = ( BOUNDED_CURVE() B_SPLINE_CURVE(2,(#4470,#4471,#4472,#4473,
#4474,#4475,#4476),.UNSPECIFIED.,.T.,.F.) B_SPLINE_CURVE_WITH_KNOTS((1,2
    ,2,2,2,1),(-2.094395102393,0.,2.094395102393,4.188790204786,
6.28318530718,8.377580409573),.UNSPECIFIED.) CURVE() 
GEOMETRIC_REPRESENTATION_ITEM() RATIONAL_B_SPLINE_CURVE((1.,0.5,1.,0.5,
1.,0.5,1.)) REPRESENTATION_ITEM('') );
#4470 = CARTESIAN_POINT('',(4.000000004541,-34.7000000565));
#4471 = CARTESIAN_POINT('',(4.000000004541,-31.23589844137));
#4472 = CARTESIAN_POINT('',(7.000000004541,-32.96794924894));
#4473 = CARTESIAN_POINT('',(10.000000004541,-34.7000000565));
#4474 = CARTESIAN_POINT('',(7.000000004541,-36.43205086407));
#4475 = CARTESIAN_POINT('',(4.000000004541,-38.16410167164));
#4476 = CARTESIAN_POINT('',(4.000000004541,-34.7000000565));
#4477 = ( GEOMETRIC_REPRESENTATION_CONTEXT(2) 
PARAMETRIC_REPRESENTATION_CONTEXT() REPRESENTATION_CONTEXT('2D SPACE',''
  ) );
#4478 = PCURVE('',#1660,#4479);
#4479 = DEFINITIONAL_REPRESENTATION('',(#4480),#4484);
#4480 = LINE('',#4481,#4482);
#4481 = CARTESIAN_POINT('',(0.,-6.));
#4482 = VECTOR('',#4483,1.);
#4483 = DIRECTION('',(1.,0.));
#4484 = ( GEOMETRIC_REPRESENTATION_CONTEXT(2) 
PARAMETRIC_REPRESENTATION_CONTEXT() REPRESENTATION_CONTEXT('2D SPACE',''
  ) );
#4485 = ORIENTED_EDGE('',*,*,#4486,.T.);
#4486 = EDGE_CURVE('',#4459,#4487,#4489,.T.);
#4487 = VERTEX_POINT('',#4488);
#4488 = CARTESIAN_POINT('',(7.999999963746,15.3,44.));
#4489 = SURFACE_CURVE('',#4490,(#4494,#4500),.PCURVE_S1.);
#4490 = LINE('',#4491,#4492);
#4491 = CARTESIAN_POINT('',(8.,37.650000002684,44.));
#4492 = VECTOR('',#4493,1.);
#4493 = DIRECTION('',(0.,-1.,0.));
#4494 = PCURVE('',#90,#4495);
#4495 = DEFINITIONAL_REPRESENTATION('',(#4496),#4499);
#4496 = B_SPLINE_CURVE_WITH_KNOTS('',1,(#4497,#4498),.UNSPECIFIED.,.F.,
  .F.,(2,2),(12.350000053824,22.350000002684),.PIECEWISE_BEZIER_KNOTS.);
#4497 = CARTESIAN_POINT('',(8.000000004541,-34.7000000565));
#4498 = CARTESIAN_POINT('',(8.000000004541,-44.70000000536));
#4499 = ( GEOMETRIC_REPRESENTATION_CONTEXT(2) 
PARAMETRIC_REPRESENTATION_CONTEXT() REPRESENTATION_CONTEXT('2D SPACE',''
  ) );
#4500 = PCURVE('',#1687,#4501);
#4501 = DEFINITIONAL_REPRESENTATION('',(#4502),#4505);
#4502 = B_SPLINE_CURVE_WITH_KNOTS('',1,(#4503,#4504),.UNSPECIFIED.,.F.,
  .F.,(2,2),(12.350000053824,22.350000002684),.PIECEWISE_BEZIER_KNOTS.);
#4503 = CARTESIAN_POINT('',(9.999999948861,-6.));
#4504 = CARTESIAN_POINT('',(0.,-6.));
#4505 = ( GEOMETRIC_REPRESENTATION_CONTEXT(2) 
PARAMETRIC_REPRESENTATION_CONTEXT() REPRESENTATION_CONTEXT('2D SPACE',''
  ) );
#4506 = ORIENTED_EDGE('',*,*,#4507,.T.);
#4507 = EDGE_CURVE('',#4487,#4508,#4510,.T.);
#4508 = VERTEX_POINT('',#4509);
#4509 = CARTESIAN_POINT('',(5.999999927492,13.3,44.));
#4510 = SURFACE_CURVE('',#4511,(#4516,#4527),.PCURVE_S1.);
#4511 = CIRCLE('',#4512,2.);
#4512 = AXIS2_PLACEMENT_3D('',#4513,#4514,#4515);
#4513 = CARTESIAN_POINT('',(5.999999927492,15.3,44.));
#4514 = DIRECTION('',(0.,0.,-1.));
#4515 = DIRECTION('',(-1.,0.,0.));
#4516 = PCURVE('',#90,#4517);
#4517 = DEFINITIONAL_REPRESENTATION('',(#4518),#4526);
#4518 = ( BOUNDED_CURVE() B_SPLINE_CURVE(2,(#4519,#4520,#4521,#4522,
#4523,#4524,#4525),.UNSPECIFIED.,.T.,.F.) B_SPLINE_CURVE_WITH_KNOTS((1,2
    ,2,2,2,1),(-2.094395102393,0.,2.094395102393,4.188790204786,
6.28318530718,8.377580409573),.UNSPECIFIED.) CURVE() 
GEOMETRIC_REPRESENTATION_ITEM() RATIONAL_B_SPLINE_CURVE((1.,0.5,1.,0.5,
1.,0.5,1.)) REPRESENTATION_ITEM('') );
#4519 = CARTESIAN_POINT('',(3.999999932034,-44.70000000536));
#4520 = CARTESIAN_POINT('',(3.999999932034,-41.23589839023));
#4521 = CARTESIAN_POINT('',(6.999999932034,-42.9679491978));
#4522 = CARTESIAN_POINT('',(9.999999932034,-44.70000000536));
#4523 = CARTESIAN_POINT('',(6.999999932034,-46.43205081293));
#4524 = CARTESIAN_POINT('',(3.999999932034,-48.1641016205));
#4525 = CARTESIAN_POINT('',(3.999999932034,-44.70000000536));
#4526 = ( GEOMETRIC_REPRESENTATION_CONTEXT(2) 
PARAMETRIC_REPRESENTATION_CONTEXT() REPRESENTATION_CONTEXT('2D SPACE',''
  ) );
#4527 = PCURVE('',#1719,#4528);
#4528 = DEFINITIONAL_REPRESENTATION('',(#4529),#4533);
#4529 = LINE('',#4530,#4531);
#4530 = CARTESIAN_POINT('',(0.,-6.));
#4531 = VECTOR('',#4532,1.);
#4532 = DIRECTION('',(1.,0.));
#4533 = ( GEOMETRIC_REPRESENTATION_CONTEXT(2) 
PARAMETRIC_REPRESENTATION_CONTEXT() REPRESENTATION_CONTEXT('2D SPACE',''
  ) );
#4534 = ORIENTED_EDGE('',*,*,#4535,.T.);
#4535 = EDGE_CURVE('',#4508,#4536,#4538,.T.);
#4536 = VERTEX_POINT('',#4537);
#4537 = CARTESIAN_POINT('',(-6.,13.3,44.));
#4538 = SURFACE_CURVE('',#4539,(#4543,#4549),.PCURVE_S1.);
#4539 = LINE('',#4540,#4541);
#4540 = CARTESIAN_POINT('',(-3.000000002271,13.3,44.));
#4541 = VECTOR('',#4542,1.);
#4542 = DIRECTION('',(-1.,0.,0.));
#4543 = PCURVE('',#90,#4544);
#4544 = DEFINITIONAL_REPRESENTATION('',(#4545),#4548);
#4545 = B_SPLINE_CURVE_WITH_KNOTS('',1,(#4546,#4547),.UNSPECIFIED.,.F.,
  .F.,(2,2),(-8.999999929763,2.999999997729),.PIECEWISE_BEZIER_KNOTS.);
#4546 = CARTESIAN_POINT('',(5.999999932034,-46.70000000536));
#4547 = CARTESIAN_POINT('',(-5.999999995459,-46.70000000536));
#4548 = ( GEOMETRIC_REPRESENTATION_CONTEXT(2) 
PARAMETRIC_REPRESENTATION_CONTEXT() REPRESENTATION_CONTEXT('2D SPACE',''
  ) );
#4549 = PCURVE('',#1746,#4550);
#4550 = DEFINITIONAL_REPRESENTATION('',(#4551),#4554);
#4551 = B_SPLINE_CURVE_WITH_KNOTS('',1,(#4552,#4553),.UNSPECIFIED.,.F.,
  .F.,(2,2),(-8.999999929763,2.999999997729),.PIECEWISE_BEZIER_KNOTS.);
#4552 = CARTESIAN_POINT('',(11.999999927492,-6.));
#4553 = CARTESIAN_POINT('',(0.,-6.));
#4554 = ( GEOMETRIC_REPRESENTATION_CONTEXT(2) 
PARAMETRIC_REPRESENTATION_CONTEXT() REPRESENTATION_CONTEXT('2D SPACE',''
  ) );
#4555 = ORIENTED_EDGE('',*,*,#4556,.T.);
#4556 = EDGE_CURVE('',#4536,#4389,#4557,.T.);
#4557 = SURFACE_CURVE('',#4558,(#4563,#4574),.PCURVE_S1.);
#4558 = CIRCLE('',#4559,2.);
#4559 = AXIS2_PLACEMENT_3D('',#4560,#4561,#4562);
#4560 = CARTESIAN_POINT('',(-6.,15.3,44.));
#4561 = DIRECTION('',(0.,0.,-1.));
#4562 = DIRECTION('',(-1.,0.,0.));
#4563 = PCURVE('',#90,#4564);
#4564 = DEFINITIONAL_REPRESENTATION('',(#4565),#4573);
#4565 = ( BOUNDED_CURVE() B_SPLINE_CURVE(2,(#4566,#4567,#4568,#4569,
#4570,#4571,#4572),.UNSPECIFIED.,.T.,.F.) B_SPLINE_CURVE_WITH_KNOTS((1,2
    ,2,2,2,1),(-2.094395102393,0.,2.094395102393,4.188790204786,
6.28318530718,8.377580409573),.UNSPECIFIED.) CURVE() 
GEOMETRIC_REPRESENTATION_ITEM() RATIONAL_B_SPLINE_CURVE((1.,0.5,1.,0.5,
1.,0.5,1.)) REPRESENTATION_ITEM('') );
#4566 = CARTESIAN_POINT('',(-7.999999995459,-44.70000000536));
#4567 = CARTESIAN_POINT('',(-7.999999995459,-41.23589839023));
#4568 = CARTESIAN_POINT('',(-4.999999995459,-42.9679491978));
#4569 = CARTESIAN_POINT('',(-1.999999995459,-44.70000000536));
#4570 = CARTESIAN_POINT('',(-4.999999995459,-46.43205081293));
#4571 = CARTESIAN_POINT('',(-7.999999995459,-48.1641016205));
#4572 = CARTESIAN_POINT('',(-7.999999995459,-44.70000000536));
#4573 = ( GEOMETRIC_REPRESENTATION_CONTEXT(2) 
PARAMETRIC_REPRESENTATION_CONTEXT() REPRESENTATION_CONTEXT('2D SPACE',''
  ) );
#4574 = PCURVE('',#1776,#4575);
#4575 = DEFINITIONAL_REPRESENTATION('',(#4576),#4580);
#4576 = LINE('',#4577,#4578);
#4577 = CARTESIAN_POINT('',(0.,-6.));
#4578 = VECTOR('',#4579,1.);
#4579 = DIRECTION('',(1.,0.));
#4580 = ( GEOMETRIC_REPRESENTATION_CONTEXT(2) 
PARAMETRIC_REPRESENTATION_CONTEXT() REPRESENTATION_CONTEXT('2D SPACE',''
  ) );
#4581 = FACE_BOUND('',#4582,.T.);
#4582 = EDGE_LOOP('',(#4583));
#4583 = ORIENTED_EDGE('',*,*,#4584,.F.);
#4584 = EDGE_CURVE('',#4585,#4585,#4587,.T.);
#4585 = VERTEX_POINT('',#4586);
#4586 = CARTESIAN_POINT('',(20.7,15.,44.));
#4587 = SURFACE_CURVE('',#4588,(#4593,#4600),.PCURVE_S1.);
#4588 = CIRCLE('',#4589,1.2);
#4589 = AXIS2_PLACEMENT_3D('',#4590,#4591,#4592);
#4590 = CARTESIAN_POINT('',(19.5,15.,44.));
#4591 = DIRECTION('',(0.,0.,1.));
#4592 = DIRECTION('',(1.,0.,-0.));
#4593 = PCURVE('',#90,#4594);
#4594 = DEFINITIONAL_REPRESENTATION('',(#4595),#4599);
#4595 = CIRCLE('',#4596,1.2);
#4596 = AXIS2_PLACEMENT_2D('',#4597,#4598);
#4597 = CARTESIAN_POINT('',(19.500000004541,-45.00000000536));
#4598 = DIRECTION('',(1.,0.));
#4599 = ( GEOMETRIC_REPRESENTATION_CONTEXT(2) 
PARAMETRIC_REPRESENTATION_CONTEXT() REPRESENTATION_CONTEXT('2D SPACE',''
  ) );
#4600 = PCURVE('',#2312,#4601);
#4601 = DEFINITIONAL_REPRESENTATION('',(#4602),#4606);
#4602 = LINE('',#4603,#4604);
#4603 = CARTESIAN_POINT('',(0.,6.));
#4604 = VECTOR('',#4605,1.);
#4605 = DIRECTION('',(1.,0.));
#4606 = ( GEOMETRIC_REPRESENTATION_CONTEXT(2) 
PARAMETRIC_REPRESENTATION_CONTEXT() REPRESENTATION_CONTEXT('2D SPACE',''
  ) );
#4607 = FACE_BOUND('',#4608,.T.);
#4608 = EDGE_LOOP('',(#4609,#4632,#4660,#4681,#4709,#4730,#4758,#4779));
#4609 = ORIENTED_EDGE('',*,*,#4610,.F.);
#4610 = EDGE_CURVE('',#4611,#4613,#4615,.T.);
#4611 = VERTEX_POINT('',#4612);
#4612 = CARTESIAN_POINT('',(-19.,58.1,44.));
#4613 = VERTEX_POINT('',#4614);
#4614 = CARTESIAN_POINT('',(-19.,49.9,44.));
#4615 = SURFACE_CURVE('',#4616,(#4620,#4626),.PCURVE_S1.);
#4616 = LINE('',#4617,#4618);
#4617 = CARTESIAN_POINT('',(-18.99999999895,54.950000002684,44.));
#4618 = VECTOR('',#4619,1.);
#4619 = DIRECTION('',(0.,-1.,0.));
#4620 = PCURVE('',#90,#4621);
#4621 = DEFINITIONAL_REPRESENTATION('',(#4622),#4625);
#4622 = B_SPLINE_CURVE_WITH_KNOTS('',1,(#4623,#4624),.UNSPECIFIED.,.F.,
  .F.,(2,2),(-3.149999997316,5.050000002684),.PIECEWISE_BEZIER_KNOTS.);
#4623 = CARTESIAN_POINT('',(-18.99999999441,-1.900000005369));
#4624 = CARTESIAN_POINT('',(-18.99999999441,-10.10000000536));
#4625 = ( GEOMETRIC_REPRESENTATION_CONTEXT(2) 
PARAMETRIC_REPRESENTATION_CONTEXT() REPRESENTATION_CONTEXT('2D SPACE',''
  ) );
#4626 = PCURVE('',#2742,#4627);
#4627 = DEFINITIONAL_REPRESENTATION('',(#4628),#4631);
#4628 = B_SPLINE_CURVE_WITH_KNOTS('',1,(#4629,#4630),.UNSPECIFIED.,.F.,
  .F.,(2,2),(-3.149999997316,5.050000002684),.PIECEWISE_BEZIER_KNOTS.);
#4629 = CARTESIAN_POINT('',(8.2,-5.));
#4630 = CARTESIAN_POINT('',(0.,-5.));
#4631 = ( GEOMETRIC_REPRESENTATION_CONTEXT(2) 
PARAMETRIC_REPRESENTATION_CONTEXT() REPRESENTATION_CONTEXT('2D SPACE',''
  ) );
#4632 = ORIENTED_EDGE('',*,*,#4633,.T.);
#4633 = EDGE_CURVE('',#4611,#4634,#4636,.T.);
#4634 = VERTEX_POINT('',#4635);
#4635 = CARTESIAN_POINT('',(-18.10000000104,59.,44.));
#4636 = SURFACE_CURVE('',#4637,(#4642,#4653),.PCURVE_S1.);
#4637 = CIRCLE('',#4638,0.9);
#4638 = AXIS2_PLACEMENT_3D('',#4639,#4640,#4641);
#4639 = CARTESIAN_POINT('',(-18.10000000104,58.1,44.));
#4640 = DIRECTION('',(0.,0.,-1.));
#4641 = DIRECTION('',(-1.,0.,0.));
#4642 = PCURVE('',#90,#4643);
#4643 = DEFINITIONAL_REPRESENTATION('',(#4644),#4652);
#4644 = ( BOUNDED_CURVE() B_SPLINE_CURVE(2,(#4645,#4646,#4647,#4648,
#4649,#4650,#4651),.UNSPECIFIED.,.T.,.F.) B_SPLINE_CURVE_WITH_KNOTS((1,2
    ,2,2,2,1),(-2.094395102393,0.,2.094395102393,4.188790204786,
6.28318530718,8.377580409573),.UNSPECIFIED.) CURVE() 
GEOMETRIC_REPRESENTATION_ITEM() RATIONAL_B_SPLINE_CURVE((1.,0.5,1.,0.5,
1.,0.5,1.)) REPRESENTATION_ITEM('') );
#4645 = CARTESIAN_POINT('',(-18.9999999965,-1.900000005369));
#4646 = CARTESIAN_POINT('',(-18.9999999965,-0.341154278557));
#4647 = CARTESIAN_POINT('',(-17.6499999965,-1.120577141963));
#4648 = CARTESIAN_POINT('',(-16.2999999965,-1.900000005369));
#4649 = CARTESIAN_POINT('',(-17.6499999965,-2.679422868775));
#4650 = CARTESIAN_POINT('',(-18.9999999965,-3.458845732181));
#4651 = CARTESIAN_POINT('',(-18.9999999965,-1.900000005369));
#4652 = ( GEOMETRIC_REPRESENTATION_CONTEXT(2) 
PARAMETRIC_REPRESENTATION_CONTEXT() REPRESENTATION_CONTEXT('2D SPACE',''
  ) );
#4653 = PCURVE('',#2774,#4654);
#4654 = DEFINITIONAL_REPRESENTATION('',(#4655),#4659);
#4655 = LINE('',#4656,#4657);
#4656 = CARTESIAN_POINT('',(0.,-5.));
#4657 = VECTOR('',#4658,1.);
#4658 = DIRECTION('',(1.,0.));
#4659 = ( GEOMETRIC_REPRESENTATION_CONTEXT(2) 
PARAMETRIC_REPRESENTATION_CONTEXT() REPRESENTATION_CONTEXT('2D SPACE',''
  ) );
#4660 = ORIENTED_EDGE('',*,*,#4661,.F.);
#4661 = EDGE_CURVE('',#4662,#4634,#4664,.T.);
#4662 = VERTEX_POINT('',#4663);
#4663 = CARTESIAN_POINT('',(-17.90000001088,59.,44.));
#4664 = SURFACE_CURVE('',#4665,(#4669,#4675),.PCURVE_S1.);
#4665 = LINE('',#4666,#4667);
#4666 = CARTESIAN_POINT('',(-9.050000002792,59.,44.));
#4667 = VECTOR('',#4668,1.);
#4668 = DIRECTION('',(-1.,0.,0.));
#4669 = PCURVE('',#90,#4670);
#4670 = DEFINITIONAL_REPRESENTATION('',(#4671),#4674);
#4671 = B_SPLINE_CURVE_WITH_KNOTS('',1,(#4672,#4673),.UNSPECIFIED.,.F.,
  .F.,(2,2),(8.850000008096,9.04999999825),.PIECEWISE_BEZIER_KNOTS.);
#4672 = CARTESIAN_POINT('',(-17.90000000634,-1.000000005369));
#4673 = CARTESIAN_POINT('',(-18.0999999965,-1.000000005369));
#4674 = ( GEOMETRIC_REPRESENTATION_CONTEXT(2) 
PARAMETRIC_REPRESENTATION_CONTEXT() REPRESENTATION_CONTEXT('2D SPACE',''
  ) );
#4675 = PCURVE('',#2801,#4676);
#4676 = DEFINITIONAL_REPRESENTATION('',(#4677),#4680);
#4677 = B_SPLINE_CURVE_WITH_KNOTS('',1,(#4678,#4679),.UNSPECIFIED.,.F.,
  .F.,(2,2),(8.850000008096,9.04999999825),.PIECEWISE_BEZIER_KNOTS.);
#4678 = CARTESIAN_POINT('',(0.199999990154,-5.));
#4679 = CARTESIAN_POINT('',(0.,-5.));
#4680 = ( GEOMETRIC_REPRESENTATION_CONTEXT(2) 
PARAMETRIC_REPRESENTATION_CONTEXT() REPRESENTATION_CONTEXT('2D SPACE',''
  ) );
#4681 = ORIENTED_EDGE('',*,*,#4682,.T.);
#4682 = EDGE_CURVE('',#4662,#4683,#4685,.T.);
#4683 = VERTEX_POINT('',#4684);
#4684 = CARTESIAN_POINT('',(-17.00000000492,58.1,44.));
#4685 = SURFACE_CURVE('',#4686,(#4691,#4702),.PCURVE_S1.);
#4686 = CIRCLE('',#4687,0.9);
#4687 = AXIS2_PLACEMENT_3D('',#4688,#4689,#4690);
#4688 = CARTESIAN_POINT('',(-17.90000001088,58.1,44.));
#4689 = DIRECTION('',(0.,0.,-1.));
#4690 = DIRECTION('',(-1.,0.,0.));
#4691 = PCURVE('',#90,#4692);
#4692 = DEFINITIONAL_REPRESENTATION('',(#4693),#4701);
#4693 = ( BOUNDED_CURVE() B_SPLINE_CURVE(2,(#4694,#4695,#4696,#4697,
#4698,#4699,#4700),.UNSPECIFIED.,.T.,.F.) B_SPLINE_CURVE_WITH_KNOTS((1,2
    ,2,2,2,1),(-2.094395102393,0.,2.094395102393,4.188790204786,
6.28318530718,8.377580409573),.UNSPECIFIED.) CURVE() 
GEOMETRIC_REPRESENTATION_ITEM() RATIONAL_B_SPLINE_CURVE((1.,0.5,1.,0.5,
1.,0.5,1.)) REPRESENTATION_ITEM('') );
#4694 = CARTESIAN_POINT('',(-18.80000000634,-1.900000005369));
#4695 = CARTESIAN_POINT('',(-18.80000000634,-0.341154278557));
#4696 = CARTESIAN_POINT('',(-17.45000000634,-1.120577141963));
#4697 = CARTESIAN_POINT('',(-16.10000000634,-1.900000005369));
#4698 = CARTESIAN_POINT('',(-17.45000000634,-2.679422868775));
#4699 = CARTESIAN_POINT('',(-18.80000000634,-3.458845732181));
#4700 = CARTESIAN_POINT('',(-18.80000000634,-1.900000005369));
#4701 = ( GEOMETRIC_REPRESENTATION_CONTEXT(2) 
PARAMETRIC_REPRESENTATION_CONTEXT() REPRESENTATION_CONTEXT('2D SPACE',''
  ) );
#4702 = PCURVE('',#2833,#4703);
#4703 = DEFINITIONAL_REPRESENTATION('',(#4704),#4708);
#4704 = LINE('',#4705,#4706);
#4705 = CARTESIAN_POINT('',(0.,-5.));
#4706 = VECTOR('',#4707,1.);
#4707 = DIRECTION('',(1.,0.));
#4708 = ( GEOMETRIC_REPRESENTATION_CONTEXT(2) 
PARAMETRIC_REPRESENTATION_CONTEXT() REPRESENTATION_CONTEXT('2D SPACE',''
  ) );
#4709 = ORIENTED_EDGE('',*,*,#4710,.T.);
#4710 = EDGE_CURVE('',#4683,#4711,#4713,.T.);
#4711 = VERTEX_POINT('',#4712);
#4712 = CARTESIAN_POINT('',(-17.00000000492,49.9,44.));
#4713 = SURFACE_CURVE('',#4714,(#4718,#4724),.PCURVE_S1.);
#4714 = LINE('',#4715,#4716);
#4715 = CARTESIAN_POINT('',(-16.99999999895,54.950000002684,44.));
#4716 = VECTOR('',#4717,1.);
#4717 = DIRECTION('',(0.,-1.,0.));
#4718 = PCURVE('',#90,#4719);
#4719 = DEFINITIONAL_REPRESENTATION('',(#4720),#4723);
#4720 = B_SPLINE_CURVE_WITH_KNOTS('',1,(#4721,#4722),.UNSPECIFIED.,.F.,
  .F.,(2,2),(-3.149999997316,5.050000002684),.PIECEWISE_BEZIER_KNOTS.);
#4721 = CARTESIAN_POINT('',(-16.99999999441,-1.900000005369));
#4722 = CARTESIAN_POINT('',(-16.99999999441,-10.10000000536));
#4723 = ( GEOMETRIC_REPRESENTATION_CONTEXT(2) 
PARAMETRIC_REPRESENTATION_CONTEXT() REPRESENTATION_CONTEXT('2D SPACE',''
  ) );
#4724 = PCURVE('',#2860,#4725);
#4725 = DEFINITIONAL_REPRESENTATION('',(#4726),#4729);
#4726 = B_SPLINE_CURVE_WITH_KNOTS('',1,(#4727,#4728),.UNSPECIFIED.,.F.,
  .F.,(2,2),(-3.149999997316,5.050000002684),.PIECEWISE_BEZIER_KNOTS.);
#4727 = CARTESIAN_POINT('',(8.2,-5.));
#4728 = CARTESIAN_POINT('',(0.,-5.));
#4729 = ( GEOMETRIC_REPRESENTATION_CONTEXT(2) 
PARAMETRIC_REPRESENTATION_CONTEXT() REPRESENTATION_CONTEXT('2D SPACE',''
  ) );
#4730 = ORIENTED_EDGE('',*,*,#4731,.T.);
#4731 = EDGE_CURVE('',#4711,#4732,#4734,.T.);
#4732 = VERTEX_POINT('',#4733);
#4733 = CARTESIAN_POINT('',(-17.90000001088,49.,44.));
#4734 = SURFACE_CURVE('',#4735,(#4740,#4751),.PCURVE_S1.);
#4735 = CIRCLE('',#4736,0.9);
#4736 = AXIS2_PLACEMENT_3D('',#4737,#4738,#4739);
#4737 = CARTESIAN_POINT('',(-17.90000001088,49.9,44.));
#4738 = DIRECTION('',(0.,0.,-1.));
#4739 = DIRECTION('',(-1.,0.,0.));
#4740 = PCURVE('',#90,#4741);
#4741 = DEFINITIONAL_REPRESENTATION('',(#4742),#4750);
#4742 = ( BOUNDED_CURVE() B_SPLINE_CURVE(2,(#4743,#4744,#4745,#4746,
#4747,#4748,#4749),.UNSPECIFIED.,.T.,.F.) B_SPLINE_CURVE_WITH_KNOTS((1,2
    ,2,2,2,1),(-2.094395102393,0.,2.094395102393,4.188790204786,
6.28318530718,8.377580409573),.UNSPECIFIED.) CURVE() 
GEOMETRIC_REPRESENTATION_ITEM() RATIONAL_B_SPLINE_CURVE((1.,0.5,1.,0.5,
1.,0.5,1.)) REPRESENTATION_ITEM('') );
#4743 = CARTESIAN_POINT('',(-18.80000000634,-10.10000000536));
#4744 = CARTESIAN_POINT('',(-18.80000000634,-8.541154278557));
#4745 = CARTESIAN_POINT('',(-17.45000000634,-9.320577141963));
#4746 = CARTESIAN_POINT('',(-16.10000000634,-10.10000000536));
#4747 = CARTESIAN_POINT('',(-17.45000000634,-10.87942286877));
#4748 = CARTESIAN_POINT('',(-18.80000000634,-11.65884573218));
#4749 = CARTESIAN_POINT('',(-18.80000000634,-10.10000000536));
#4750 = ( GEOMETRIC_REPRESENTATION_CONTEXT(2) 
PARAMETRIC_REPRESENTATION_CONTEXT() REPRESENTATION_CONTEXT('2D SPACE',''
  ) );
#4751 = PCURVE('',#2892,#4752);
#4752 = DEFINITIONAL_REPRESENTATION('',(#4753),#4757);
#4753 = LINE('',#4754,#4755);
#4754 = CARTESIAN_POINT('',(0.,-5.));
#4755 = VECTOR('',#4756,1.);
#4756 = DIRECTION('',(1.,0.));
#4757 = ( GEOMETRIC_REPRESENTATION_CONTEXT(2) 
PARAMETRIC_REPRESENTATION_CONTEXT() REPRESENTATION_CONTEXT('2D SPACE',''
  ) );
#4758 = ORIENTED_EDGE('',*,*,#4759,.T.);
#4759 = EDGE_CURVE('',#4732,#4760,#4762,.T.);
#4760 = VERTEX_POINT('',#4761);
#4761 = CARTESIAN_POINT('',(-18.10000000104,49.,44.));
#4762 = SURFACE_CURVE('',#4763,(#4767,#4773),.PCURVE_S1.);
#4763 = LINE('',#4764,#4765);
#4764 = CARTESIAN_POINT('',(-9.050000002792,49.,44.));
#4765 = VECTOR('',#4766,1.);
#4766 = DIRECTION('',(-1.,0.,0.));
#4767 = PCURVE('',#90,#4768);
#4768 = DEFINITIONAL_REPRESENTATION('',(#4769),#4772);
#4769 = B_SPLINE_CURVE_WITH_KNOTS('',1,(#4770,#4771),.UNSPECIFIED.,.F.,
  .F.,(2,2),(8.850000008096,9.04999999825),.PIECEWISE_BEZIER_KNOTS.);
#4770 = CARTESIAN_POINT('',(-17.90000000634,-11.00000000536));
#4771 = CARTESIAN_POINT('',(-18.0999999965,-11.00000000536));
#4772 = ( GEOMETRIC_REPRESENTATION_CONTEXT(2) 
PARAMETRIC_REPRESENTATION_CONTEXT() REPRESENTATION_CONTEXT('2D SPACE',''
  ) );
#4773 = PCURVE('',#2919,#4774);
#4774 = DEFINITIONAL_REPRESENTATION('',(#4775),#4778);
#4775 = B_SPLINE_CURVE_WITH_KNOTS('',1,(#4776,#4777),.UNSPECIFIED.,.F.,
  .F.,(2,2),(8.850000008096,9.04999999825),.PIECEWISE_BEZIER_KNOTS.);
#4776 = CARTESIAN_POINT('',(0.199999990154,-5.));
#4777 = CARTESIAN_POINT('',(0.,-5.));
#4778 = ( GEOMETRIC_REPRESENTATION_CONTEXT(2) 
PARAMETRIC_REPRESENTATION_CONTEXT() REPRESENTATION_CONTEXT('2D SPACE',''
  ) );
#4779 = ORIENTED_EDGE('',*,*,#4780,.T.);
#4780 = EDGE_CURVE('',#4760,#4613,#4781,.T.);
#4781 = SURFACE_CURVE('',#4782,(#4787,#4798),.PCURVE_S1.);
#4782 = CIRCLE('',#4783,0.9);
#4783 = AXIS2_PLACEMENT_3D('',#4784,#4785,#4786);
#4784 = CARTESIAN_POINT('',(-18.10000000104,49.9,44.));
#4785 = DIRECTION('',(0.,0.,-1.));
#4786 = DIRECTION('',(-1.,0.,0.));
#4787 = PCURVE('',#90,#4788);
#4788 = DEFINITIONAL_REPRESENTATION('',(#4789),#4797);
#4789 = ( BOUNDED_CURVE() B_SPLINE_CURVE(2,(#4790,#4791,#4792,#4793,
#4794,#4795,#4796),.UNSPECIFIED.,.T.,.F.) B_SPLINE_CURVE_WITH_KNOTS((1,2
    ,2,2,2,1),(-2.094395102393,0.,2.094395102393,4.188790204786,
6.28318530718,8.377580409573),.UNSPECIFIED.) CURVE() 
GEOMETRIC_REPRESENTATION_ITEM() RATIONAL_B_SPLINE_CURVE((1.,0.5,1.,0.5,
1.,0.5,1.)) REPRESENTATION_ITEM('') );
#4790 = CARTESIAN_POINT('',(-18.9999999965,-10.10000000536));
#4791 = CARTESIAN_POINT('',(-18.9999999965,-8.541154278557));
#4792 = CARTESIAN_POINT('',(-17.6499999965,-9.320577141963));
#4793 = CARTESIAN_POINT('',(-16.2999999965,-10.10000000536));
#4794 = CARTESIAN_POINT('',(-17.6499999965,-10.87942286877));
#4795 = CARTESIAN_POINT('',(-18.9999999965,-11.65884573218));
#4796 = CARTESIAN_POINT('',(-18.9999999965,-10.10000000536));
#4797 = ( GEOMETRIC_REPRESENTATION_CONTEXT(2) 
PARAMETRIC_REPRESENTATION_CONTEXT() REPRESENTATION_CONTEXT('2D SPACE',''
  ) );
#4798 = PCURVE('',#2949,#4799);
#4799 = DEFINITIONAL_REPRESENTATION('',(#4800),#4804);
#4800 = LINE('',#4801,#4802);
#4801 = CARTESIAN_POINT('',(0.,-5.));
#4802 = VECTOR('',#4803,1.);
#4803 = DIRECTION('',(1.,0.));
#4804 = ( GEOMETRIC_REPRESENTATION_CONTEXT(2) 
PARAMETRIC_REPRESENTATION_CONTEXT() REPRESENTATION_CONTEXT('2D SPACE',''
  ) );
#4805 = FACE_BOUND('',#4806,.T.);
#4806 = EDGE_LOOP('',(#4807));
#4807 = ORIENTED_EDGE('',*,*,#4808,.F.);
#4808 = EDGE_CURVE('',#4809,#4809,#4811,.T.);
#4809 = VERTEX_POINT('',#4810);
#4810 = CARTESIAN_POINT('',(-25.6,64.,44.));
#4811 = SURFACE_CURVE('',#4812,(#4817,#4824),.PCURVE_S1.);
#4812 = CIRCLE('',#4813,1.2);
#4813 = AXIS2_PLACEMENT_3D('',#4814,#4815,#4816);
#4814 = CARTESIAN_POINT('',(-26.8,64.,44.));
#4815 = DIRECTION('',(0.,0.,1.));
#4816 = DIRECTION('',(1.,0.,-0.));
#4817 = PCURVE('',#90,#4818);
#4818 = DEFINITIONAL_REPRESENTATION('',(#4819),#4823);
#4819 = CIRCLE('',#4820,1.2);
#4820 = AXIS2_PLACEMENT_2D('',#4821,#4822);
#4821 = CARTESIAN_POINT('',(-26.79999999545,3.999999994631));
#4822 = DIRECTION('',(1.,0.));
#4823 = ( GEOMETRIC_REPRESENTATION_CONTEXT(2) 
PARAMETRIC_REPRESENTATION_CONTEXT() REPRESENTATION_CONTEXT('2D SPACE',''
  ) );
#4824 = PCURVE('',#2980,#4825);
#4825 = DEFINITIONAL_REPRESENTATION('',(#4826),#4830);
#4826 = LINE('',#4827,#4828);
#4827 = CARTESIAN_POINT('',(0.,6.));
#4828 = VECTOR('',#4829,1.);
#4829 = DIRECTION('',(1.,0.));
#4830 = ( GEOMETRIC_REPRESENTATION_CONTEXT(2) 
PARAMETRIC_REPRESENTATION_CONTEXT() REPRESENTATION_CONTEXT('2D SPACE',''
  ) );
#4831 = FACE_BOUND('',#4832,.T.);
#4832 = EDGE_LOOP('',(#4833,#4856,#4884,#4905,#4933,#4954,#4982,#5003));
#4833 = ORIENTED_EDGE('',*,*,#4834,.F.);
#4834 = EDGE_CURVE('',#4835,#4837,#4839,.T.);
#4835 = VERTEX_POINT('',#4836);
#4836 = CARTESIAN_POINT('',(17.,58.1,44.));
#4837 = VERTEX_POINT('',#4838);
#4838 = CARTESIAN_POINT('',(17.,49.9,44.));
#4839 = SURFACE_CURVE('',#4840,(#4844,#4850),.PCURVE_S1.);
#4840 = LINE('',#4841,#4842);
#4841 = CARTESIAN_POINT('',(17.000000001042,54.950000002684,44.));
#4842 = VECTOR('',#4843,1.);
#4843 = DIRECTION('',(0.,-1.,0.));
#4844 = PCURVE('',#90,#4845);
#4845 = DEFINITIONAL_REPRESENTATION('',(#4846),#4849);
#4846 = B_SPLINE_CURVE_WITH_KNOTS('',1,(#4847,#4848),.UNSPECIFIED.,.F.,
  .F.,(2,2),(-3.149999997316,5.050000002684),.PIECEWISE_BEZIER_KNOTS.);
#4847 = CARTESIAN_POINT('',(17.000000005583,-1.900000005369));
#4848 = CARTESIAN_POINT('',(17.000000005583,-10.10000000536));
#4849 = ( GEOMETRIC_REPRESENTATION_CONTEXT(2) 
PARAMETRIC_REPRESENTATION_CONTEXT() REPRESENTATION_CONTEXT('2D SPACE',''
  ) );
#4850 = PCURVE('',#3363,#4851);
#4851 = DEFINITIONAL_REPRESENTATION('',(#4852),#4855);
#4852 = B_SPLINE_CURVE_WITH_KNOTS('',1,(#4853,#4854),.UNSPECIFIED.,.F.,
  .F.,(2,2),(-3.149999997316,5.050000002684),.PIECEWISE_BEZIER_KNOTS.);
#4853 = CARTESIAN_POINT('',(8.2,-5.));
#4854 = CARTESIAN_POINT('',(0.,-5.));
#4855 = ( GEOMETRIC_REPRESENTATION_CONTEXT(2) 
PARAMETRIC_REPRESENTATION_CONTEXT() REPRESENTATION_CONTEXT('2D SPACE',''
  ) );
#4856 = ORIENTED_EDGE('',*,*,#4857,.T.);
#4857 = EDGE_CURVE('',#4835,#4858,#4860,.T.);
#4858 = VERTEX_POINT('',#4859);
#4859 = CARTESIAN_POINT('',(17.899999998958,59.,44.));
#4860 = SURFACE_CURVE('',#4861,(#4866,#4877),.PCURVE_S1.);
#4861 = CIRCLE('',#4862,0.9);
#4862 = AXIS2_PLACEMENT_3D('',#4863,#4864,#4865);
#4863 = CARTESIAN_POINT('',(17.899999998958,58.1,44.));
#4864 = DIRECTION('',(0.,0.,-1.));
#4865 = DIRECTION('',(-1.,0.,0.));
#4866 = PCURVE('',#90,#4867);
#4867 = DEFINITIONAL_REPRESENTATION('',(#4868),#4876);
#4868 = ( BOUNDED_CURVE() B_SPLINE_CURVE(2,(#4869,#4870,#4871,#4872,
#4873,#4874,#4875),.UNSPECIFIED.,.T.,.F.) B_SPLINE_CURVE_WITH_KNOTS((1,2
    ,2,2,2,1),(-2.094395102393,0.,2.094395102393,4.188790204786,
6.28318530718,8.377580409573),.UNSPECIFIED.) CURVE() 
GEOMETRIC_REPRESENTATION_ITEM() RATIONAL_B_SPLINE_CURVE((1.,0.5,1.,0.5,
1.,0.5,1.)) REPRESENTATION_ITEM('') );
#4869 = CARTESIAN_POINT('',(17.0000000035,-1.900000005369));
#4870 = CARTESIAN_POINT('',(17.0000000035,-0.341154278557));
#4871 = CARTESIAN_POINT('',(18.3500000035,-1.120577141963));
#4872 = CARTESIAN_POINT('',(19.7000000035,-1.900000005369));
#4873 = CARTESIAN_POINT('',(18.3500000035,-2.679422868775));
#4874 = CARTESIAN_POINT('',(17.0000000035,-3.458845732181));
#4875 = CARTESIAN_POINT('',(17.0000000035,-1.900000005369));
#4876 = ( GEOMETRIC_REPRESENTATION_CONTEXT(2) 
PARAMETRIC_REPRESENTATION_CONTEXT() REPRESENTATION_CONTEXT('2D SPACE',''
  ) );
#4877 = PCURVE('',#3395,#4878);
#4878 = DEFINITIONAL_REPRESENTATION('',(#4879),#4883);
#4879 = LINE('',#4880,#4881);
#4880 = CARTESIAN_POINT('',(0.,-5.));
#4881 = VECTOR('',#4882,1.);
#4882 = DIRECTION('',(1.,0.));
#4883 = ( GEOMETRIC_REPRESENTATION_CONTEXT(2) 
PARAMETRIC_REPRESENTATION_CONTEXT() REPRESENTATION_CONTEXT('2D SPACE',''
  ) );
#4884 = ORIENTED_EDGE('',*,*,#4885,.F.);
#4885 = EDGE_CURVE('',#4886,#4858,#4888,.T.);
#4886 = VERTEX_POINT('',#4887);
#4887 = CARTESIAN_POINT('',(18.099999989112,59.,44.));
#4888 = SURFACE_CURVE('',#4889,(#4893,#4899),.PCURVE_S1.);
#4889 = LINE('',#4890,#4891);
#4890 = CARTESIAN_POINT('',(8.949999997208,59.,44.));
#4891 = VECTOR('',#4892,1.);
#4892 = DIRECTION('',(-1.,0.,0.));
#4893 = PCURVE('',#90,#4894);
#4894 = DEFINITIONAL_REPRESENTATION('',(#4895),#4898);
#4895 = B_SPLINE_CURVE_WITH_KNOTS('',1,(#4896,#4897),.UNSPECIFIED.,.F.,
  .F.,(2,2),(-9.149999991904,-8.95000000175),.PIECEWISE_BEZIER_KNOTS.);
#4896 = CARTESIAN_POINT('',(18.099999993654,-1.000000005369));
#4897 = CARTESIAN_POINT('',(17.9000000035,-1.000000005369));
#4898 = ( GEOMETRIC_REPRESENTATION_CONTEXT(2) 
PARAMETRIC_REPRESENTATION_CONTEXT() REPRESENTATION_CONTEXT('2D SPACE',''
  ) );
#4899 = PCURVE('',#3422,#4900);
#4900 = DEFINITIONAL_REPRESENTATION('',(#4901),#4904);
#4901 = B_SPLINE_CURVE_WITH_KNOTS('',1,(#4902,#4903),.UNSPECIFIED.,.F.,
  .F.,(2,2),(-9.149999991904,-8.95000000175),.PIECEWISE_BEZIER_KNOTS.);
#4902 = CARTESIAN_POINT('',(0.199999990154,-5.));
#4903 = CARTESIAN_POINT('',(0.,-5.));
#4904 = ( GEOMETRIC_REPRESENTATION_CONTEXT(2) 
PARAMETRIC_REPRESENTATION_CONTEXT() REPRESENTATION_CONTEXT('2D SPACE',''
  ) );
#4905 = ORIENTED_EDGE('',*,*,#4906,.T.);
#4906 = EDGE_CURVE('',#4886,#4907,#4909,.T.);
#4907 = VERTEX_POINT('',#4908);
#4908 = CARTESIAN_POINT('',(18.999999995077,58.1,44.));
#4909 = SURFACE_CURVE('',#4910,(#4915,#4926),.PCURVE_S1.);
#4910 = CIRCLE('',#4911,0.9);
#4911 = AXIS2_PLACEMENT_3D('',#4912,#4913,#4914);
#4912 = CARTESIAN_POINT('',(18.099999989112,58.1,44.));
#4913 = DIRECTION('',(0.,0.,-1.));
#4914 = DIRECTION('',(-1.,0.,0.));
#4915 = PCURVE('',#90,#4916);
#4916 = DEFINITIONAL_REPRESENTATION('',(#4917),#4925);
#4917 = ( BOUNDED_CURVE() B_SPLINE_CURVE(2,(#4918,#4919,#4920,#4921,
#4922,#4923,#4924),.UNSPECIFIED.,.T.,.F.) B_SPLINE_CURVE_WITH_KNOTS((1,2
    ,2,2,2,1),(-2.094395102393,0.,2.094395102393,4.188790204786,
6.28318530718,8.377580409573),.UNSPECIFIED.) CURVE() 
GEOMETRIC_REPRESENTATION_ITEM() RATIONAL_B_SPLINE_CURVE((1.,0.5,1.,0.5,
1.,0.5,1.)) REPRESENTATION_ITEM('') );
#4918 = CARTESIAN_POINT('',(17.199999993654,-1.900000005369));
#4919 = CARTESIAN_POINT('',(17.199999993654,-0.341154278557));
#4920 = CARTESIAN_POINT('',(18.549999993654,-1.120577141963));
#4921 = CARTESIAN_POINT('',(19.899999993654,-1.900000005369));
#4922 = CARTESIAN_POINT('',(18.549999993654,-2.679422868775));
#4923 = CARTESIAN_POINT('',(17.199999993654,-3.458845732181));
#4924 = CARTESIAN_POINT('',(17.199999993654,-1.900000005369));
#4925 = ( GEOMETRIC_REPRESENTATION_CONTEXT(2) 
PARAMETRIC_REPRESENTATION_CONTEXT() REPRESENTATION_CONTEXT('2D SPACE',''
  ) );
#4926 = PCURVE('',#3454,#4927);
#4927 = DEFINITIONAL_REPRESENTATION('',(#4928),#4932);
#4928 = LINE('',#4929,#4930);
#4929 = CARTESIAN_POINT('',(0.,-5.));
#4930 = VECTOR('',#4931,1.);
#4931 = DIRECTION('',(1.,0.));
#4932 = ( GEOMETRIC_REPRESENTATION_CONTEXT(2) 
PARAMETRIC_REPRESENTATION_CONTEXT() REPRESENTATION_CONTEXT('2D SPACE',''
  ) );
#4933 = ORIENTED_EDGE('',*,*,#4934,.T.);
#4934 = EDGE_CURVE('',#4907,#4935,#4937,.T.);
#4935 = VERTEX_POINT('',#4936);
#4936 = CARTESIAN_POINT('',(18.999999995077,49.9,44.));
#4937 = SURFACE_CURVE('',#4938,(#4942,#4948),.PCURVE_S1.);
#4938 = LINE('',#4939,#4940);
#4939 = CARTESIAN_POINT('',(19.000000001042,54.950000002684,44.));
#4940 = VECTOR('',#4941,1.);
#4941 = DIRECTION('',(0.,-1.,0.));
#4942 = PCURVE('',#90,#4943);
#4943 = DEFINITIONAL_REPRESENTATION('',(#4944),#4947);
#4944 = B_SPLINE_CURVE_WITH_KNOTS('',1,(#4945,#4946),.UNSPECIFIED.,.F.,
  .F.,(2,2),(-3.149999997316,5.050000002684),.PIECEWISE_BEZIER_KNOTS.);
#4945 = CARTESIAN_POINT('',(19.000000005583,-1.900000005369));
#4946 = CARTESIAN_POINT('',(19.000000005583,-10.10000000536));
#4947 = ( GEOMETRIC_REPRESENTATION_CONTEXT(2) 
PARAMETRIC_REPRESENTATION_CONTEXT() REPRESENTATION_CONTEXT('2D SPACE',''
  ) );
#4948 = PCURVE('',#3481,#4949);
#4949 = DEFINITIONAL_REPRESENTATION('',(#4950),#4953);
#4950 = B_SPLINE_CURVE_WITH_KNOTS('',1,(#4951,#4952),.UNSPECIFIED.,.F.,
  .F.,(2,2),(-3.149999997316,5.050000002684),.PIECEWISE_BEZIER_KNOTS.);
#4951 = CARTESIAN_POINT('',(8.2,-5.));
#4952 = CARTESIAN_POINT('',(0.,-5.));
#4953 = ( GEOMETRIC_REPRESENTATION_CONTEXT(2) 
PARAMETRIC_REPRESENTATION_CONTEXT() REPRESENTATION_CONTEXT('2D SPACE',''
  ) );
#4954 = ORIENTED_EDGE('',*,*,#4955,.T.);
#4955 = EDGE_CURVE('',#4935,#4956,#4958,.T.);
#4956 = VERTEX_POINT('',#4957);
#4957 = CARTESIAN_POINT('',(18.099999989112,49.,44.));
#4958 = SURFACE_CURVE('',#4959,(#4964,#4975),.PCURVE_S1.);
#4959 = CIRCLE('',#4960,0.9);
#4960 = AXIS2_PLACEMENT_3D('',#4961,#4962,#4963);
#4961 = CARTESIAN_POINT('',(18.099999989112,49.9,44.));
#4962 = DIRECTION('',(0.,0.,-1.));
#4963 = DIRECTION('',(-1.,0.,0.));
#4964 = PCURVE('',#90,#4965);
#4965 = DEFINITIONAL_REPRESENTATION('',(#4966),#4974);
#4966 = ( BOUNDED_CURVE() B_SPLINE_CURVE(2,(#4967,#4968,#4969,#4970,
#4971,#4972,#4973),.UNSPECIFIED.,.T.,.F.) B_SPLINE_CURVE_WITH_KNOTS((1,2
    ,2,2,2,1),(-2.094395102393,0.,2.094395102393,4.188790204786,
6.28318530718,8.377580409573),.UNSPECIFIED.) CURVE() 
GEOMETRIC_REPRESENTATION_ITEM() RATIONAL_B_SPLINE_CURVE((1.,0.5,1.,0.5,
1.,0.5,1.)) REPRESENTATION_ITEM('') );
#4967 = CARTESIAN_POINT('',(17.199999993654,-10.10000000536));
#4968 = CARTESIAN_POINT('',(17.199999993654,-8.541154278557));
#4969 = CARTESIAN_POINT('',(18.549999993654,-9.320577141963));
#4970 = CARTESIAN_POINT('',(19.899999993654,-10.10000000536));
#4971 = CARTESIAN_POINT('',(18.549999993654,-10.87942286877));
#4972 = CARTESIAN_POINT('',(17.199999993654,-11.65884573218));
#4973 = CARTESIAN_POINT('',(17.199999993654,-10.10000000536));
#4974 = ( GEOMETRIC_REPRESENTATION_CONTEXT(2) 
PARAMETRIC_REPRESENTATION_CONTEXT() REPRESENTATION_CONTEXT('2D SPACE',''
  ) );
#4975 = PCURVE('',#3513,#4976);
#4976 = DEFINITIONAL_REPRESENTATION('',(#4977),#4981);
#4977 = LINE('',#4978,#4979);
#4978 = CARTESIAN_POINT('',(0.,-5.));
#4979 = VECTOR('',#4980,1.);
#4980 = DIRECTION('',(1.,0.));
#4981 = ( GEOMETRIC_REPRESENTATION_CONTEXT(2) 
PARAMETRIC_REPRESENTATION_CONTEXT() REPRESENTATION_CONTEXT('2D SPACE',''
  ) );
#4982 = ORIENTED_EDGE('',*,*,#4983,.T.);
#4983 = EDGE_CURVE('',#4956,#4984,#4986,.T.);
#4984 = VERTEX_POINT('',#4985);
#4985 = CARTESIAN_POINT('',(17.899999998958,49.,44.));
#4986 = SURFACE_CURVE('',#4987,(#4991,#4997),.PCURVE_S1.);
#4987 = LINE('',#4988,#4989);
#4988 = CARTESIAN_POINT('',(8.949999997208,49.,44.));
#4989 = VECTOR('',#4990,1.);
#4990 = DIRECTION('',(-1.,0.,0.));
#4991 = PCURVE('',#90,#4992);
#4992 = DEFINITIONAL_REPRESENTATION('',(#4993),#4996);
#4993 = B_SPLINE_CURVE_WITH_KNOTS('',1,(#4994,#4995),.UNSPECIFIED.,.F.,
  .F.,(2,2),(-9.149999991904,-8.95000000175),.PIECEWISE_BEZIER_KNOTS.);
#4994 = CARTESIAN_POINT('',(18.099999993654,-11.00000000536));
#4995 = CARTESIAN_POINT('',(17.9000000035,-11.00000000536));
#4996 = ( GEOMETRIC_REPRESENTATION_CONTEXT(2) 
PARAMETRIC_REPRESENTATION_CONTEXT() REPRESENTATION_CONTEXT('2D SPACE',''
  ) );
#4997 = PCURVE('',#3540,#4998);
#4998 = DEFINITIONAL_REPRESENTATION('',(#4999),#5002);
#4999 = B_SPLINE_CURVE_WITH_KNOTS('',1,(#5000,#5001),.UNSPECIFIED.,.F.,
  .F.,(2,2),(-9.149999991904,-8.95000000175),.PIECEWISE_BEZIER_KNOTS.);
#5000 = CARTESIAN_POINT('',(0.199999990154,-5.));
#5001 = CARTESIAN_POINT('',(0.,-5.));
#5002 = ( GEOMETRIC_REPRESENTATION_CONTEXT(2) 
PARAMETRIC_REPRESENTATION_CONTEXT() REPRESENTATION_CONTEXT('2D SPACE',''
  ) );
#5003 = ORIENTED_EDGE('',*,*,#5004,.T.);
#5004 = EDGE_CURVE('',#4984,#4837,#5005,.T.);
#5005 = SURFACE_CURVE('',#5006,(#5011,#5022),.PCURVE_S1.);
#5006 = CIRCLE('',#5007,0.9);
#5007 = AXIS2_PLACEMENT_3D('',#5008,#5009,#5010);
#5008 = CARTESIAN_POINT('',(17.899999998958,49.9,44.));
#5009 = DIRECTION('',(0.,0.,-1.));
#5010 = DIRECTION('',(-1.,0.,0.));
#5011 = PCURVE('',#90,#5012);
#5012 = DEFINITIONAL_REPRESENTATION('',(#5013),#5021);
#5013 = ( BOUNDED_CURVE() B_SPLINE_CURVE(2,(#5014,#5015,#5016,#5017,
#5018,#5019,#5020),.UNSPECIFIED.,.T.,.F.) B_SPLINE_CURVE_WITH_KNOTS((1,2
    ,2,2,2,1),(-2.094395102393,0.,2.094395102393,4.188790204786,
6.28318530718,8.377580409573),.UNSPECIFIED.) CURVE() 
GEOMETRIC_REPRESENTATION_ITEM() RATIONAL_B_SPLINE_CURVE((1.,0.5,1.,0.5,
1.,0.5,1.)) REPRESENTATION_ITEM('') );
#5014 = CARTESIAN_POINT('',(17.0000000035,-10.10000000536));
#5015 = CARTESIAN_POINT('',(17.0000000035,-8.541154278557));
#5016 = CARTESIAN_POINT('',(18.3500000035,-9.320577141963));
#5017 = CARTESIAN_POINT('',(19.7000000035,-10.10000000536));
#5018 = CARTESIAN_POINT('',(18.3500000035,-10.87942286877));
#5019 = CARTESIAN_POINT('',(17.0000000035,-11.65884573218));
#5020 = CARTESIAN_POINT('',(17.0000000035,-10.10000000536));
#5021 = ( GEOMETRIC_REPRESENTATION_CONTEXT(2) 
PARAMETRIC_REPRESENTATION_CONTEXT() REPRESENTATION_CONTEXT('2D SPACE',''
  ) );
#5022 = PCURVE('',#3570,#5023);
#5023 = DEFINITIONAL_REPRESENTATION('',(#5024),#5028);
#5024 = LINE('',#5025,#5026);
#5025 = CARTESIAN_POINT('',(0.,-5.));
#5026 = VECTOR('',#5027,1.);
#5027 = DIRECTION('',(1.,0.));
#5028 = ( GEOMETRIC_REPRESENTATION_CONTEXT(2) 
PARAMETRIC_REPRESENTATION_CONTEXT() REPRESENTATION_CONTEXT('2D SPACE',''
  ) );
#5029 = FACE_BOUND('',#5030,.T.);
#5030 = EDGE_LOOP('',(#5031));
#5031 = ORIENTED_EDGE('',*,*,#5032,.F.);
#5032 = EDGE_CURVE('',#5033,#5033,#5035,.T.);
#5033 = VERTEX_POINT('',#5034);
#5034 = CARTESIAN_POINT('',(28.,64.,44.));
#5035 = SURFACE_CURVE('',#5036,(#5041,#5048),.PCURVE_S1.);
#5036 = CIRCLE('',#5037,1.2);
#5037 = AXIS2_PLACEMENT_3D('',#5038,#5039,#5040);
#5038 = CARTESIAN_POINT('',(26.8,64.,44.));
#5039 = DIRECTION('',(0.,0.,1.));
#5040 = DIRECTION('',(1.,0.,-0.));
#5041 = PCURVE('',#90,#5042);
#5042 = DEFINITIONAL_REPRESENTATION('',(#5043),#5047);
#5043 = CIRCLE('',#5044,1.2);
#5044 = AXIS2_PLACEMENT_2D('',#5045,#5046);
#5045 = CARTESIAN_POINT('',(26.800000004541,3.999999994631));
#5046 = DIRECTION('',(1.,0.));
#5047 = ( GEOMETRIC_REPRESENTATION_CONTEXT(2) 
PARAMETRIC_REPRESENTATION_CONTEXT() REPRESENTATION_CONTEXT('2D SPACE',''
  ) );
#5048 = PCURVE('',#3601,#5049);
#5049 = DEFINITIONAL_REPRESENTATION('',(#5050),#5054);
#5050 = LINE('',#5051,#5052);
#5051 = CARTESIAN_POINT('',(0.,6.));
#5052 = VECTOR('',#5053,1.);
#5053 = DIRECTION('',(1.,0.));
#5054 = ( GEOMETRIC_REPRESENTATION_CONTEXT(2) 
PARAMETRIC_REPRESENTATION_CONTEXT() REPRESENTATION_CONTEXT('2D SPACE',''
  ) );
#5055 = ADVANCED_FACE('',(#5056),#200,.T.);
#5056 = FACE_BOUND('',#5057,.F.);
#5057 = EDGE_LOOP('',(#5058,#5059,#5060,#5081));
#5058 = ORIENTED_EDGE('',*,*,#184,.T.);
#5059 = ORIENTED_EDGE('',*,*,#3724,.T.);
#5060 = ORIENTED_EDGE('',*,*,#5061,.F.);
#5061 = EDGE_CURVE('',#318,#3725,#5062,.T.);
#5062 = SURFACE_CURVE('',#5063,(#5067,#5074),.PCURVE_S1.);
#5063 = LINE('',#5064,#5065);
#5064 = CARTESIAN_POINT('',(-24.5,27.000000007362,42.));
#5065 = VECTOR('',#5066,1.);
#5066 = DIRECTION('',(0.,0.,1.));
#5067 = PCURVE('',#200,#5068);
#5068 = DEFINITIONAL_REPRESENTATION('',(#5069),#5073);
#5069 = LINE('',#5070,#5071);
#5070 = CARTESIAN_POINT('',(-3.14159265359,0.));
#5071 = VECTOR('',#5072,1.);
#5072 = DIRECTION('',(-0.,-1.));
#5073 = ( GEOMETRIC_REPRESENTATION_CONTEXT(2) 
PARAMETRIC_REPRESENTATION_CONTEXT() REPRESENTATION_CONTEXT('2D SPACE',''
  ) );
#5074 = PCURVE('',#357,#5075);
#5075 = DEFINITIONAL_REPRESENTATION('',(#5076),#5080);
#5076 = LINE('',#5077,#5078);
#5077 = CARTESIAN_POINT('',(2.000000017144,0.));
#5078 = VECTOR('',#5079,1.);
#5079 = DIRECTION('',(0.,-1.));
#5080 = ( GEOMETRIC_REPRESENTATION_CONTEXT(2) 
PARAMETRIC_REPRESENTATION_CONTEXT() REPRESENTATION_CONTEXT('2D SPACE',''
  ) );
#5081 = ORIENTED_EDGE('',*,*,#317,.F.);
#5082 = ADVANCED_FACE('',(#5083),#255,.T.);
#5083 = FACE_BOUND('',#5084,.T.);
#5084 = EDGE_LOOP('',(#5085,#5086,#5087,#5108));
#5085 = ORIENTED_EDGE('',*,*,#237,.T.);
#5086 = ORIENTED_EDGE('',*,*,#4336,.T.);
#5087 = ORIENTED_EDGE('',*,*,#5088,.F.);
#5088 = EDGE_CURVE('',#1363,#4313,#5089,.T.);
#5089 = SURFACE_CURVE('',#5090,(#5094,#5101),.PCURVE_S1.);
#5090 = LINE('',#5091,#5092);
#5091 = CARTESIAN_POINT('',(8.,85.000000008555,42.));
#5092 = VECTOR('',#5093,1.);
#5093 = DIRECTION('',(0.,0.,1.));
#5094 = PCURVE('',#255,#5095);
#5095 = DEFINITIONAL_REPRESENTATION('',(#5096),#5100);
#5096 = LINE('',#5097,#5098);
#5097 = CARTESIAN_POINT('',(16.,0.));
#5098 = VECTOR('',#5099,1.);
#5099 = DIRECTION('',(0.,-1.));
#5100 = ( GEOMETRIC_REPRESENTATION_CONTEXT(2) 
PARAMETRIC_REPRESENTATION_CONTEXT() REPRESENTATION_CONTEXT('2D SPACE',''
  ) );
#5101 = PCURVE('',#1379,#5102);
#5102 = DEFINITIONAL_REPRESENTATION('',(#5103),#5107);
#5103 = LINE('',#5104,#5105);
#5104 = CARTESIAN_POINT('',(-1.570796326795,0.));
#5105 = VECTOR('',#5106,1.);
#5106 = DIRECTION('',(-0.,-1.));
#5107 = ( GEOMETRIC_REPRESENTATION_CONTEXT(2) 
PARAMETRIC_REPRESENTATION_CONTEXT() REPRESENTATION_CONTEXT('2D SPACE',''
  ) );
#5108 = ORIENTED_EDGE('',*,*,#1391,.F.);
#5109 = ADVANCED_FACE('',(#5110),#357,.T.);
#5110 = FACE_BOUND('',#5111,.T.);
#5111 = EDGE_LOOP('',(#5112,#5133,#5134,#5135));
#5112 = ORIENTED_EDGE('',*,*,#5113,.T.);
#5113 = EDGE_CURVE('',#342,#3749,#5114,.T.);
#5114 = SURFACE_CURVE('',#5115,(#5119,#5126),.PCURVE_S1.);
#5115 = LINE('',#5116,#5117);
#5116 = CARTESIAN_POINT('',(-24.5,24.999999990218,42.));
#5117 = VECTOR('',#5118,1.);
#5118 = DIRECTION('',(0.,0.,1.));
#5119 = PCURVE('',#357,#5120);
#5120 = DEFINITIONAL_REPRESENTATION('',(#5121),#5125);
#5121 = LINE('',#5122,#5123);
#5122 = CARTESIAN_POINT('',(3.552713678801E-15,0.));
#5123 = VECTOR('',#5124,1.);
#5124 = DIRECTION('',(0.,-1.));
#5125 = ( GEOMETRIC_REPRESENTATION_CONTEXT(2) 
PARAMETRIC_REPRESENTATION_CONTEXT() REPRESENTATION_CONTEXT('2D SPACE',''
  ) );
#5126 = PCURVE('',#390,#5127);
#5127 = DEFINITIONAL_REPRESENTATION('',(#5128),#5132);
#5128 = LINE('',#5129,#5130);
#5129 = CARTESIAN_POINT('',(-3.14159265359,0.));
#5130 = VECTOR('',#5131,1.);
#5131 = DIRECTION('',(-0.,-1.));
#5132 = ( GEOMETRIC_REPRESENTATION_CONTEXT(2) 
PARAMETRIC_REPRESENTATION_CONTEXT() REPRESENTATION_CONTEXT('2D SPACE',''
  ) );
#5133 = ORIENTED_EDGE('',*,*,#3748,.T.);
#5134 = ORIENTED_EDGE('',*,*,#5061,.F.);
#5135 = ORIENTED_EDGE('',*,*,#341,.F.);
#5136 = ADVANCED_FACE('',(#5137),#1379,.T.);
#5137 = FACE_BOUND('',#5138,.F.);
#5138 = EDGE_LOOP('',(#5139,#5160,#5161,#5162));
#5139 = ORIENTED_EDGE('',*,*,#5140,.T.);
#5140 = EDGE_CURVE('',#1335,#4290,#5141,.T.);
#5141 = SURFACE_CURVE('',#5142,(#5146,#5153),.PCURVE_S1.);
#5142 = LINE('',#5143,#5144);
#5143 = CARTESIAN_POINT('',(32.,61.000000007345,42.));
#5144 = VECTOR('',#5145,1.);
#5145 = DIRECTION('',(0.,0.,1.));
#5146 = PCURVE('',#1379,#5147);
#5147 = DEFINITIONAL_REPRESENTATION('',(#5148),#5152);
#5148 = LINE('',#5149,#5150);
#5149 = CARTESIAN_POINT('',(-0.,0.));
#5150 = VECTOR('',#5151,1.);
#5151 = DIRECTION('',(-0.,-1.));
#5152 = ( GEOMETRIC_REPRESENTATION_CONTEXT(2) 
PARAMETRIC_REPRESENTATION_CONTEXT() REPRESENTATION_CONTEXT('2D SPACE',''
  ) );
#5153 = PCURVE('',#1350,#5154);
#5154 = DEFINITIONAL_REPRESENTATION('',(#5155),#5159);
#5155 = LINE('',#5156,#5157);
#5156 = CARTESIAN_POINT('',(1.99999999758,0.));
#5157 = VECTOR('',#5158,1.);
#5158 = DIRECTION('',(0.,-1.));
#5159 = ( GEOMETRIC_REPRESENTATION_CONTEXT(2) 
PARAMETRIC_REPRESENTATION_CONTEXT() REPRESENTATION_CONTEXT('2D SPACE',''
  ) );
#5160 = ORIENTED_EDGE('',*,*,#4312,.T.);
#5161 = ORIENTED_EDGE('',*,*,#5088,.F.);
#5162 = ORIENTED_EDGE('',*,*,#1362,.F.);
#5163 = ADVANCED_FACE('',(#5164),#390,.T.);
#5164 = FACE_BOUND('',#5165,.F.);
#5165 = EDGE_LOOP('',(#5166,#5167,#5168,#5169));
#5166 = ORIENTED_EDGE('',*,*,#369,.T.);
#5167 = ORIENTED_EDGE('',*,*,#5113,.T.);
#5168 = ORIENTED_EDGE('',*,*,#3771,.T.);
#5169 = ORIENTED_EDGE('',*,*,#5170,.F.);
#5170 = EDGE_CURVE('',#370,#3772,#5171,.T.);
#5171 = SURFACE_CURVE('',#5172,(#5184,#5199),.PCURVE_S1.);
#5172 = B_SPLINE_CURVE_WITH_KNOTS('',4,(#5173,#5174,#5175,#5176,#5177,
    #5178,#5179,#5180,#5181,#5182,#5183),.UNSPECIFIED.,.F.,.F.,(5,3,3,5)
  ,(0.,0.488309714201,0.744974509885,1.),.UNSPECIFIED.);
#5173 = CARTESIAN_POINT('',(-10.57558816573,3.866289964621,41.99999454)
  );
#5174 = CARTESIAN_POINT('',(-10.53402145502,3.848439698514,
    42.245061214972));
#5175 = CARTESIAN_POINT('',(-10.49047436216,3.829868111639,
    42.489932302524));
#5176 = CARTESIAN_POINT('',(-10.44489192941,3.810578521169,
    42.73458927053));
#5177 = CARTESIAN_POINT('',(-10.3721452235,3.780061775328,
    43.107482590624));
#5178 = CARTESIAN_POINT('',(-10.34651914219,3.769358248695,
    43.235799116757));
#5179 = CARTESIAN_POINT('',(-10.32032529998,3.75846754295,
    43.363942872967));
#5180 = CARTESIAN_POINT('',(-10.26696310882,3.736388202234,
    43.619033251078));
#5181 = CARTESIAN_POINT('',(-10.23977758187,3.725191791161,
    43.746099228294));
#5182 = CARTESIAN_POINT('',(-10.21199199281,3.713804088094,
    43.873091209008));
#5183 = CARTESIAN_POINT('',(-10.18359515008,3.702226039182,44.00000546)
  );
#5184 = PCURVE('',#390,#5185);
#5185 = DEFINITIONAL_REPRESENTATION('',(#5186),#5198);
#5186 = B_SPLINE_CURVE_WITH_KNOTS('',4,(#5187,#5188,#5189,#5190,#5191,
    #5192,#5193,#5194,#5195,#5196,#5197),.UNSPECIFIED.,.F.,.F.,(5,3,3,5)
  ,(0.,0.488309714201,0.744974509885,1.),.UNSPECIFIED.);
#5187 = CARTESIAN_POINT('',(-4.306766518932,5.460000000124E-06));
#5188 = CARTESIAN_POINT('',(-4.308733362929,-0.245061214972));
#5189 = CARTESIAN_POINT('',(-4.310791698998,-0.489932302524));
#5190 = CARTESIAN_POINT('',(-4.312943685276,-0.73458927053));
#5191 = CARTESIAN_POINT('',(-4.316373608916,-1.107482590624));
#5192 = CARTESIAN_POINT('',(-4.317581068167,-1.235799116757));
#5193 = CARTESIAN_POINT('',(-4.318814443423,-1.363942872967));
#5194 = CARTESIAN_POINT('',(-4.321325297265,-1.619033251078));
#5195 = CARTESIAN_POINT('',(-4.322603595254,-1.746099228294));
#5196 = CARTESIAN_POINT('',(-4.323909185806,-1.873091209008));
#5197 = CARTESIAN_POINT('',(-4.325242510242,-2.00000546));
#5198 = ( GEOMETRIC_REPRESENTATION_CONTEXT(2) 
PARAMETRIC_REPRESENTATION_CONTEXT() REPRESENTATION_CONTEXT('2D SPACE',''
  ) );
#5199 = PCURVE('',#640,#5200);
#5200 = DEFINITIONAL_REPRESENTATION('',(#5201),#5213);
#5201 = B_SPLINE_CURVE_WITH_KNOTS('',4,(#5202,#5203,#5204,#5205,#5206,
    #5207,#5208,#5209,#5210,#5211,#5212),.UNSPECIFIED.,.F.,.F.,(5,3,3,5)
  ,(0.,0.488309714201,0.744974509885,1.),.UNSPECIFIED.);
#5202 = CARTESIAN_POINT('',(9.574247598814,0.337761526447));
#5203 = CARTESIAN_POINT('',(9.577148806808,0.347981014287));
#5204 = CARTESIAN_POINT('',(9.580198791663,0.358205874076));
#5205 = CARTESIAN_POINT('',(9.583403859514,0.368440051297));
#5206 = CARTESIAN_POINT('',(9.588542163437,0.384073978154));
#5207 = CARTESIAN_POINT('',(9.590356225742,0.389460218198));
#5208 = CARTESIAN_POINT('',(9.592214869488,0.3948463651));
#5209 = CARTESIAN_POINT('',(9.596010904514,0.405584065541));
#5210 = CARTESIAN_POINT('',(9.597949200852,0.410940495375));
#5211 = CARTESIAN_POINT('',(9.59993608437,0.416302479276));
#5212 = CARTESIAN_POINT('',(9.601971783886,0.421670411307));
#5213 = ( GEOMETRIC_REPRESENTATION_CONTEXT(2) 
PARAMETRIC_REPRESENTATION_CONTEXT() REPRESENTATION_CONTEXT('2D SPACE',''
  ) );
#5214 = ADVANCED_FACE('',(#5215),#1350,.F.);
#5215 = FACE_BOUND('',#5216,.F.);
#5216 = EDGE_LOOP('',(#5217,#5238,#5239,#5240));
#5217 = ORIENTED_EDGE('',*,*,#5218,.T.);
#5218 = EDGE_CURVE('',#1306,#4266,#5219,.T.);
#5219 = SURFACE_CURVE('',#5220,(#5224,#5231),.PCURVE_S1.);
#5220 = LINE('',#5221,#5222);
#5221 = CARTESIAN_POINT('',(31.999999997619,59.000000009765,42.));
#5222 = VECTOR('',#5223,1.);
#5223 = DIRECTION('',(0.,0.,1.));
#5224 = PCURVE('',#1350,#5225);
#5225 = DEFINITIONAL_REPRESENTATION('',(#5226),#5230);
#5226 = LINE('',#5227,#5228);
#5227 = CARTESIAN_POINT('',(0.,0.));
#5228 = VECTOR('',#5229,1.);
#5229 = DIRECTION('',(0.,-1.));
#5230 = ( GEOMETRIC_REPRESENTATION_CONTEXT(2) 
PARAMETRIC_REPRESENTATION_CONTEXT() REPRESENTATION_CONTEXT('2D SPACE',''
  ) );
#5231 = PCURVE('',#1322,#5232);
#5232 = DEFINITIONAL_REPRESENTATION('',(#5233),#5237);
#5233 = LINE('',#5234,#5235);
#5234 = CARTESIAN_POINT('',(-6.28318530718,0.));
#5235 = VECTOR('',#5236,1.);
#5236 = DIRECTION('',(-0.,-1.));
#5237 = ( GEOMETRIC_REPRESENTATION_CONTEXT(2) 
PARAMETRIC_REPRESENTATION_CONTEXT() REPRESENTATION_CONTEXT('2D SPACE',''
  ) );
#5238 = ORIENTED_EDGE('',*,*,#4289,.T.);
#5239 = ORIENTED_EDGE('',*,*,#5140,.F.);
#5240 = ORIENTED_EDGE('',*,*,#1334,.F.);
#5241 = ADVANCED_FACE('',(#5242),#640,.F.);
#5242 = FACE_BOUND('',#5243,.F.);
#5243 = EDGE_LOOP('',(#5244,#5245,#5277,#5526,#5580,#5581,#5637,#5886,
    #5940,#5941,#5942,#5943));
#5244 = ORIENTED_EDGE('',*,*,#1144,.T.);
#5245 = ORIENTED_EDGE('',*,*,#5246,.T.);
#5246 = EDGE_CURVE('',#1112,#5247,#5249,.T.);
#5247 = VERTEX_POINT('',#5248);
#5248 = CARTESIAN_POINT('',(10.641185872921,6.874638750806,39.5));
#5249 = SURFACE_CURVE('',#5250,(#5257,#5267),.PCURVE_S1.);
#5250 = B_SPLINE_CURVE_WITH_KNOTS('',5,(#5251,#5252,#5253,#5254,#5255,
    #5256),.UNSPECIFIED.,.F.,.F.,(6,6),(0.,1.),
  .PIECEWISE_BEZIER_KNOTS.);
#5251 = CARTESIAN_POINT('',(10.375162284122,6.742905652681,42.00000546)
  );
#5252 = CARTESIAN_POINT('',(10.439387078186,6.774126692517,
    41.500771006865));
#5253 = CARTESIAN_POINT('',(10.497890932186,6.802915790282,
    41.001090235887));
#5254 = CARTESIAN_POINT('',(10.550909376911,6.829266163553,
    40.50103006893));
#5255 = CARTESIAN_POINT('',(10.598626077803,6.853174515293,
    40.000648343336));
#5256 = CARTESIAN_POINT('',(10.641186337072,6.874638984892,39.49999454)
  );
#5257 = PCURVE('',#640,#5258);
#5258 = DEFINITIONAL_REPRESENTATION('',(#5259),#5266);
#5259 = B_SPLINE_CURVE_WITH_KNOTS('',5,(#5260,#5261,#5262,#5263,#5264,
    #5265),.UNSPECIFIED.,.F.,.F.,(6,6),(0.,0.999997818852),
  .PIECEWISE_BEZIER_KNOTS.);
#5260 = CARTESIAN_POINT('',(6.57121116231,0.33776198182));
#5261 = CARTESIAN_POINT('',(6.574254296155,0.316943526917));
#5262 = CARTESIAN_POINT('',(6.577021072083,0.296159084616));
#5263 = CARTESIAN_POINT('',(6.579524744531,0.275380109738));
#5264 = CARTESIAN_POINT('',(6.581775412405,0.254580018198));
#5265 = CARTESIAN_POINT('',(6.583781002193,0.233732550023));
#5266 = ( GEOMETRIC_REPRESENTATION_CONTEXT(2) 
PARAMETRIC_REPRESENTATION_CONTEXT() REPRESENTATION_CONTEXT('2D SPACE',''
  ) );
#5267 = PCURVE('',#1132,#5268);
#5268 = DEFINITIONAL_REPRESENTATION('',(#5269),#5276);
#5269 = B_SPLINE_CURVE_WITH_KNOTS('',5,(#5270,#5271,#5272,#5273,#5274,
    #5275),.UNSPECIFIED.,.F.,.F.,(6,6),(0.,1.),
  .PIECEWISE_BEZIER_KNOTS.);
#5270 = CARTESIAN_POINT('',(-5.164872104441,-2.50000546));
#5271 = CARTESIAN_POINT('',(-5.168389903758,-2.000771006865));
#5272 = CARTESIAN_POINT('',(-5.171601868086,-1.501090235887));
#5273 = CARTESIAN_POINT('',(-5.174518375613,-1.00103006893));
#5274 = CARTESIAN_POINT('',(-5.177147493155,-0.500648343336));
#5275 = CARTESIAN_POINT('',(-5.179495598619,5.460000000124E-06));
#5276 = ( GEOMETRIC_REPRESENTATION_CONTEXT(2) 
PARAMETRIC_REPRESENTATION_CONTEXT() REPRESENTATION_CONTEXT('2D SPACE',''
  ) );
#5277 = ORIENTED_EDGE('',*,*,#5278,.F.);
#5278 = EDGE_CURVE('',#5279,#5247,#5281,.T.);
#5279 = VERTEX_POINT('',#5280);
#5280 = CARTESIAN_POINT('',(9.878080520197,8.170033677873,39.5));
#5281 = SURFACE_CURVE('',#5282,(#5390,#5410),.PCURVE_S1.);
#5282 = B_SPLINE_CURVE_WITH_KNOTS('',8,(#5283,#5284,#5285,#5286,#5287,
    #5288,#5289,#5290,#5291,#5292,#5293,#5294,#5295,#5296,#5297,#5298,
    #5299,#5300,#5301,#5302,#5303,#5304,#5305,#5306,#5307,#5308,#5309,
    #5310,#5311,#5312,#5313,#5314,#5315,#5316,#5317,#5318,#5319,#5320,
    #5321,#5322,#5323,#5324,#5325,#5326,#5327,#5328,#5329,#5330,#5331,
    #5332,#5333,#5334,#5335,#5336,#5337,#5338,#5339,#5340,#5341,#5342,
    #5343,#5344,#5345,#5346,#5347,#5348,#5349,#5350,#5351,#5352,#5353,
    #5354,#5355,#5356,#5357,#5358,#5359,#5360,#5361,#5362,#5363,#5364,
    #5365,#5366,#5367,#5368,#5369,#5370,#5371,#5372,#5373,#5374,#5375,
    #5376,#5377,#5378,#5379,#5380,#5381,#5382,#5383,#5384,#5385,#5386,
    #5387,#5388,#5389),.UNSPECIFIED.,.F.,.F.,(9,7,7,7,7,7,7,7,7,7,7,7,7,
    7,7,9),(0.,8.989549004224E-03,9.691853324862E-02,0.153340532038,
    0.233246362139,0.303524249221,0.317004718505,0.34020041398,
    0.363393576456,0.516139746479,0.667686856113,0.722431649272,
    0.787176440104,0.864076009154,0.917950890301,1.),.UNSPECIFIED.);
#5283 = CARTESIAN_POINT('',(-11.01997499265,4.699999990164,39.5));
#5284 = CARTESIAN_POINT('',(-11.02201602915,4.731289426767,39.5));
#5285 = CARTESIAN_POINT('',(-11.02381436855,4.762594626125,39.5));
#5286 = CARTESIAN_POINT('',(-11.02536962342,4.793913402453,39.5));
#5287 = CARTESIAN_POINT('',(-11.02668147021,4.825243567369,39.5));
#5288 = CARTESIAN_POINT('',(-11.02774964929,4.856582929899,39.5));
#5289 = CARTESIAN_POINT('',(-11.0285739649,4.887929296478,39.5));
#5290 = CARTESIAN_POINT('',(-11.0291542852,4.919280470944,39.5));
#5291 = CARTESIAN_POINT('',(-11.03277955472,5.257313304078,39.5));
#5292 = CARTESIAN_POINT('',(-11.01271995841,5.564376813283,39.5));
#5293 = CARTESIAN_POINT('',(-10.96921214885,5.869464772489,39.5));
#5294 = CARTESIAN_POINT('',(-10.90288885902,6.170583264305,39.5));
#5295 = CARTESIAN_POINT('',(-10.81487104194,6.466052339318,39.5));
#5296 = CARTESIAN_POINT('',(-10.70661384971,6.754472386671,39.5));
#5297 = CARTESIAN_POINT('',(-10.57980312069,7.034701027326,39.5));
#5298 = CARTESIAN_POINT('',(-10.34415626847,7.479811400183,39.5));
#5299 = CARTESIAN_POINT('',(-10.24511624604,7.650129656161,39.5));
#5300 = CARTESIAN_POINT('',(-10.13957457108,7.816614511995,39.5));
#5301 = CARTESIAN_POINT('',(-10.02796175929,7.979142667591,39.5));
#5302 = CARTESIAN_POINT('',(-9.910696291005,8.137633032031,39.5));
#5303 = CARTESIAN_POINT('',(-9.788175755163,8.292040602572,39.5));
#5304 = CARTESIAN_POINT('',(-9.660769836447,8.442351527156,39.5));
#5305 = CARTESIAN_POINT('',(-9.341938584237,8.795669773576,39.5));
#5306 = CARTESIAN_POINT('',(-9.145967952958,8.994538581898,39.5));
#5307 = CARTESIAN_POINT('',(-8.941841394526,9.185252404132,39.5));
#5308 = CARTESIAN_POINT('',(-8.730413973241,9.36791825343,39.5));
#5309 = CARTESIAN_POINT('',(-8.512452923116,9.542677400301,39.5));
#5310 = CARTESIAN_POINT('',(-8.288632896138,9.709699245549,39.5));
#5311 = CARTESIAN_POINT('',(-8.059531210536,9.869175193201,39.5));
#5312 = CARTESIAN_POINT('',(-7.619898838032,10.155118656256,39.5));
#5313 = CARTESIAN_POINT('',(-7.410481570567,10.283232046573,39.5));
#5314 = CARTESIAN_POINT('',(-7.197708526877,10.405786452162,39.5));
#5315 = CARTESIAN_POINT('',(-6.981886423859,10.522909131349,39.5));
#5316 = CARTESIAN_POINT('',(-6.763292033661,10.634721577616,39.5));
#5317 = CARTESIAN_POINT('',(-6.542172752261,10.741340254198,39.5));
#5318 = CARTESIAN_POINT('',(-6.318747168054,10.842877328692,39.5));
#5319 = CARTESIAN_POINT('',(-6.049943006925,10.957964006357,39.5));
#5320 = CARTESIAN_POINT('',(-6.006651113591,10.976282818882,39.5));
#5321 = CARTESIAN_POINT('',(-5.963333067399,10.994398699005,39.5));
#5322 = CARTESIAN_POINT('',(-5.919991939821,11.012312521987,39.5));
#5323 = CARTESIAN_POINT('',(-5.87663075684,11.03002518457,39.5));
#5324 = CARTESIAN_POINT('',(-5.833252498952,11.047537604973,39.5));
#5325 = CARTESIAN_POINT('',(-5.789860101162,11.0648507229,39.5));
#5326 = CARTESIAN_POINT('',(-5.671772272164,11.111414707754,39.5));
#5327 = CARTESIAN_POINT('',(-5.597681735107,11.140029561548,39.5));
#5328 = CARTESIAN_POINT('',(-5.523572806311,11.168078817793,39.5));
#5329 = CARTESIAN_POINT('',(-5.449100185203,11.195701494926,39.5));
#5330 = CARTESIAN_POINT('',(-5.373789120483,11.223065995446,39.5));
#5331 = CARTESIAN_POINT('',(-5.297653794922,11.250149192201,39.5));
#5332 = CARTESIAN_POINT('',(-5.220623983344,11.276962318164,39.5));
#5333 = CARTESIAN_POINT('',(-5.065168628734,11.32989513217,39.5));
#5334 = CARTESIAN_POINT('',(-4.986681742137,11.356035983977,39.5));
#5335 = CARTESIAN_POINT('',(-4.907432646706,11.381841999117,39.5));
#5336 = CARTESIAN_POINT('',(-4.827423061711,11.407302340267,39.5));
#5337 = CARTESIAN_POINT('',(-4.746655181017,11.432406059413,39.5));
#5338 = CARTESIAN_POINT('',(-4.665131673089,11.457142097853,39.5));
#5339 = CARTESIAN_POINT('',(-4.582855680987,11.481499286193,39.5));
#5340 = CARTESIAN_POINT('',(-3.95304341537,11.663309257929,39.5));
#5341 = CARTESIAN_POINT('',(-3.3990501412,11.796935705446,39.5));
#5342 = CARTESIAN_POINT('',(-2.839373066577,11.907244223852,39.5));
#5343 = CARTESIAN_POINT('',(-2.275374200663,11.994863305847,39.5));
#5344 = CARTESIAN_POINT('',(-1.70828014174,12.060251575966,39.5));
#5345 = CARTESIAN_POINT('',(-1.139190618459,12.103727981587,39.5));
#5346 = CARTESIAN_POINT('',(-0.569078956163,12.125457400641,39.5));
#5347 = CARTESIAN_POINT('',(0.567017198882,12.125377051504,39.5));
#5348 = CARTESIAN_POINT('',(1.132792821784,12.103907745049,39.5));
#5349 = CARTESIAN_POINT('',(1.697702944475,12.061012215533,39.5));
#5350 = CARTESIAN_POINT('',(2.260800230746,11.996512706939,39.5));
#5351 = CARTESIAN_POINT('',(2.821020607562,11.910078939561,39.5));
#5352 = CARTESIAN_POINT('',(3.377182827935,11.801239798928,39.5));
#5353 = CARTESIAN_POINT('',(3.927981159344,11.669349701489,39.5));
#5354 = CARTESIAN_POINT('',(4.668471967811,11.457174974438,39.5));
#5355 = CARTESIAN_POINT('',(4.864076493729,11.397744021703,39.5));
#5356 = CARTESIAN_POINT('',(5.058703809493,11.335146467983,39.5));
#5357 = CARTESIAN_POINT('',(5.252273354153,11.269337911147,39.5));
#5358 = CARTESIAN_POINT('',(5.444697565989,11.200270818611,39.5));
#5359 = CARTESIAN_POINT('',(5.635881740125,11.127894200854,39.5));
#5360 = CARTESIAN_POINT('',(5.825723886151,11.052153284934,39.5));
#5361 = CARTESIAN_POINT('',(6.236917810206,10.87936452342,39.5));
#5362 = CARTESIAN_POINT('',(6.457682932716,10.780955355732,39.5));
#5363 = CARTESIAN_POINT('',(6.676233704145,10.677661957325,39.5));
#5364 = CARTESIAN_POINT('',(6.89236813443,10.569381117711,39.5));
#5365 = CARTESIAN_POINT('',(7.105858027081,10.456005527914,39.5));
#5366 = CARTESIAN_POINT('',(7.316448513701,10.337423164862,39.5));
#5367 = CARTESIAN_POINT('',(7.523857588513,10.213516675779,39.5));
#5368 = CARTESIAN_POINT('',(7.969975985187,9.930524762473,39.5));
#5369 = CARTESIAN_POINT('',(8.207216868963,9.769223836636,39.5));
#5370 = CARTESIAN_POINT('',(8.43900384727,9.600040959531,39.5));
#5371 = CARTESIAN_POINT('',(8.664731905008,9.42277328334,39.5));
#5372 = CARTESIAN_POINT('',(8.88369067421,9.237241026691,39.5));
#5373 = CARTESIAN_POINT('',(9.095069649335,9.0432943634,39.5));
#5374 = CARTESIAN_POINT('',(9.297963402573,8.840820311206,39.5));
#5375 = CARTESIAN_POINT('',(9.626879817951,8.481876121144,39.5));
#5376 = CARTESIAN_POINT('',(9.757714021315,8.329800167025,39.5));
#5377 = CARTESIAN_POINT('',(9.883530259271,8.173508621096,39.5));
#5378 = CARTESIAN_POINT('',(10.003944552592,8.013017242372,39.5));
#5379 = CARTESIAN_POINT('',(10.118543602178,7.848374729466,39.5));
#5380 = CARTESIAN_POINT('',(10.226892324758,7.679668063451,39.5));
#5381 = CARTESIAN_POINT('',(10.328543414911,7.507029150093,39.5));
#5382 = CARTESIAN_POINT('',(10.566976743287,7.062013933922,39.5));
#5383 = CARTESIAN_POINT('',(10.694437945271,6.784494035365,39.5));
#5384 = CARTESIAN_POINT('',(10.803665968579,6.498979162666,39.5));
#5385 = CARTESIAN_POINT('',(10.893033970724,6.206593237517,39.5));
#5386 = CARTESIAN_POINT('',(10.961142008457,5.908707330529,39.5));
#5387 = CARTESIAN_POINT('',(11.006916360034,5.606961831029,39.5));
#5388 = CARTESIAN_POINT('',(11.029755253186,5.303297319533,39.5));
#5389 = CARTESIAN_POINT('',(11.029755253186,5.,39.5));
#5390 = PCURVE('',#640,#5391);
#5391 = DEFINITIONAL_REPRESENTATION('',(#5392),#5409);
#5392 = B_SPLINE_CURVE_WITH_KNOTS('',8,(#5393,#5394,#5395,#5396,#5397,
    #5398,#5399,#5400,#5401,#5402,#5403,#5404,#5405,#5406,#5407,#5408),
  .UNSPECIFIED.,.F.,.F.,(9,7,9),(0.884260069634,0.917950890301,
    0.934970219826),.UNSPECIFIED.);
#5393 = CARTESIAN_POINT('',(6.783047136506,0.233732550023));
#5394 = CARTESIAN_POINT('',(6.767641572016,0.233732550023));
#5395 = CARTESIAN_POINT('',(6.752036813763,0.233732550023));
#5396 = CARTESIAN_POINT('',(6.736226758796,0.233732550023));
#5397 = CARTESIAN_POINT('',(6.720205419739,0.233732550023));
#5398 = CARTESIAN_POINT('',(6.703966943705,0.233732550023));
#5399 = CARTESIAN_POINT('',(6.687505654813,0.233732550023));
#5400 = CARTESIAN_POINT('',(6.670816120313,0.233732550023));
#5401 = CARTESIAN_POINT('',(6.645344440788,0.233732550023));
#5402 = CARTESIAN_POINT('',(6.636734778479,0.233732550023));
#5403 = CARTESIAN_POINT('',(6.628063930424,0.233732550023));
#5404 = CARTESIAN_POINT('',(6.619331577299,0.233732550023));
#5405 = CARTESIAN_POINT('',(6.610537405991,0.233732550023));
#5406 = CARTESIAN_POINT('',(6.601681112231,0.233732550023));
#5407 = CARTESIAN_POINT('',(6.592762403478,0.233732550023));
#5408 = CARTESIAN_POINT('',(6.583781002271,0.233732550023));
#5409 = ( GEOMETRIC_REPRESENTATION_CONTEXT(2) 
PARAMETRIC_REPRESENTATION_CONTEXT() REPRESENTATION_CONTEXT('2D SPACE',''
  ) );
#5410 = PCURVE('',#5411,#5416);
#5411 = PLANE('',#5412);
#5412 = AXIS2_PLACEMENT_3D('',#5413,#5414,#5415);
#5413 = CARTESIAN_POINT('',(-3.990281904321E-09,60.000000005171,39.5));
#5414 = DIRECTION('',(0.,0.,1.));
#5415 = DIRECTION('',(1.,0.,-0.));
#5416 = DEFINITIONAL_REPRESENTATION('',(#5417),#5525);
#5417 = B_SPLINE_CURVE_WITH_KNOTS('',8,(#5418,#5419,#5420,#5421,#5422,
    #5423,#5424,#5425,#5426,#5427,#5428,#5429,#5430,#5431,#5432,#5433,
    #5434,#5435,#5436,#5437,#5438,#5439,#5440,#5441,#5442,#5443,#5444,
    #5445,#5446,#5447,#5448,#5449,#5450,#5451,#5452,#5453,#5454,#5455,
    #5456,#5457,#5458,#5459,#5460,#5461,#5462,#5463,#5464,#5465,#5466,
    #5467,#5468,#5469,#5470,#5471,#5472,#5473,#5474,#5475,#5476,#5477,
    #5478,#5479,#5480,#5481,#5482,#5483,#5484,#5485,#5486,#5487,#5488,
    #5489,#5490,#5491,#5492,#5493,#5494,#5495,#5496,#5497,#5498,#5499,
    #5500,#5501,#5502,#5503,#5504,#5505,#5506,#5507,#5508,#5509,#5510,
    #5511,#5512,#5513,#5514,#5515,#5516,#5517,#5518,#5519,#5520,#5521,
    #5522,#5523,#5524),.UNSPECIFIED.,.F.,.F.,(9,7,7,7,7,7,7,7,7,7,7,7,7,
    7,7,9),(0.,8.989549004224E-03,9.691853324862E-02,0.153340532038,
    0.233246362139,0.303524249221,0.317004718505,0.34020041398,
    0.363393576456,0.516139746479,0.667686856113,0.722431649272,
    0.787176440104,0.864076009154,0.917950890301,1.),.UNSPECIFIED.);
#5418 = CARTESIAN_POINT('',(-11.01997498866,-55.300000015));
#5419 = CARTESIAN_POINT('',(-11.02201602516,-55.2687105784));
#5420 = CARTESIAN_POINT('',(-11.02381436456,-55.23740537904));
#5421 = CARTESIAN_POINT('',(-11.02536961943,-55.20608660271));
#5422 = CARTESIAN_POINT('',(-11.02668146622,-55.1747564378));
#5423 = CARTESIAN_POINT('',(-11.0277496453,-55.14341707527));
#5424 = CARTESIAN_POINT('',(-11.02857396091,-55.11207070869));
#5425 = CARTESIAN_POINT('',(-11.02915428121,-55.08071953422));
#5426 = CARTESIAN_POINT('',(-11.03277955073,-54.74268670109));
#5427 = CARTESIAN_POINT('',(-11.01271995442,-54.43562319188));
#5428 = CARTESIAN_POINT('',(-10.96921214486,-54.13053523268));
#5429 = CARTESIAN_POINT('',(-10.90288885503,-53.82941674086));
#5430 = CARTESIAN_POINT('',(-10.81487103795,-53.53394766585));
#5431 = CARTESIAN_POINT('',(-10.70661384572,-53.2455276185));
#5432 = CARTESIAN_POINT('',(-10.5798031167,-52.96529897784));
#5433 = CARTESIAN_POINT('',(-10.34415626448,-52.52018860498));
#5434 = CARTESIAN_POINT('',(-10.24511624205,-52.34987034901));
#5435 = CARTESIAN_POINT('',(-10.13957456709,-52.18338549317));
#5436 = CARTESIAN_POINT('',(-10.0279617553,-52.02085733758));
#5437 = CARTESIAN_POINT('',(-9.910696287014,-51.86236697314));
#5438 = CARTESIAN_POINT('',(-9.788175751173,-51.7079594026));
#5439 = CARTESIAN_POINT('',(-9.660769832457,-51.55764847801));
#5440 = CARTESIAN_POINT('',(-9.341938580247,-51.20433023159));
#5441 = CARTESIAN_POINT('',(-9.145967948967,-51.00546142327));
#5442 = CARTESIAN_POINT('',(-8.941841390536,-50.81474760103));
#5443 = CARTESIAN_POINT('',(-8.730413969251,-50.63208175174));
#5444 = CARTESIAN_POINT('',(-8.512452919126,-50.45732260487));
#5445 = CARTESIAN_POINT('',(-8.288632892148,-50.29030075962));
#5446 = CARTESIAN_POINT('',(-8.059531206545,-50.13082481197));
#5447 = CARTESIAN_POINT('',(-7.619898834042,-49.84488134891));
#5448 = CARTESIAN_POINT('',(-7.410481566577,-49.71676795859));
#5449 = CARTESIAN_POINT('',(-7.197708522886,-49.59421355301));
#5450 = CARTESIAN_POINT('',(-6.981886419869,-49.47709087382));
#5451 = CARTESIAN_POINT('',(-6.763292029671,-49.36527842755));
#5452 = CARTESIAN_POINT('',(-6.542172748271,-49.25865975097));
#5453 = CARTESIAN_POINT('',(-6.318747164064,-49.15712267648));
#5454 = CARTESIAN_POINT('',(-6.049943002934,-49.04203599881));
#5455 = CARTESIAN_POINT('',(-6.006651109601,-49.02371718629));
#5456 = CARTESIAN_POINT('',(-5.963333063409,-49.00560130616));
#5457 = CARTESIAN_POINT('',(-5.919991935831,-48.98768748318));
#5458 = CARTESIAN_POINT('',(-5.87663075285,-48.9699748206));
#5459 = CARTESIAN_POINT('',(-5.833252494962,-48.95246240019));
#5460 = CARTESIAN_POINT('',(-5.789860097172,-48.93514928227));
#5461 = CARTESIAN_POINT('',(-5.671772268173,-48.88858529741));
#5462 = CARTESIAN_POINT('',(-5.597681731117,-48.85997044362));
#5463 = CARTESIAN_POINT('',(-5.52357280232,-48.83192118737));
#5464 = CARTESIAN_POINT('',(-5.449100181212,-48.80429851024));
#5465 = CARTESIAN_POINT('',(-5.373789116492,-48.77693400972));
#5466 = CARTESIAN_POINT('',(-5.297653790932,-48.74985081297));
#5467 = CARTESIAN_POINT('',(-5.220623979354,-48.723037687));
#5468 = CARTESIAN_POINT('',(-5.065168624744,-48.670104873));
#5469 = CARTESIAN_POINT('',(-4.986681738146,-48.64396402119));
#5470 = CARTESIAN_POINT('',(-4.907432642716,-48.61815800605));
#5471 = CARTESIAN_POINT('',(-4.82742305772,-48.5926976649));
#5472 = CARTESIAN_POINT('',(-4.746655177027,-48.56759394575));
#5473 = CARTESIAN_POINT('',(-4.665131669098,-48.54285790731));
#5474 = CARTESIAN_POINT('',(-4.582855676997,-48.51850071897));
#5475 = CARTESIAN_POINT('',(-3.95304341138,-48.33669074724));
#5476 = CARTESIAN_POINT('',(-3.39905013721,-48.20306429972));
#5477 = CARTESIAN_POINT('',(-2.839373062587,-48.09275578132));
#5478 = CARTESIAN_POINT('',(-2.275374196673,-48.00513669932));
#5479 = CARTESIAN_POINT('',(-1.70828013775,-47.9397484292));
#5480 = CARTESIAN_POINT('',(-1.139190614469,-47.89627202358));
#5481 = CARTESIAN_POINT('',(-0.569078952172,-47.87454260453));
#5482 = CARTESIAN_POINT('',(0.567017202873,-47.87462295366));
#5483 = CARTESIAN_POINT('',(1.132792825774,-47.89609226012));
#5484 = CARTESIAN_POINT('',(1.697702948465,-47.93898778963));
#5485 = CARTESIAN_POINT('',(2.260800234737,-48.00348729823));
#5486 = CARTESIAN_POINT('',(2.821020611552,-48.08992106561));
#5487 = CARTESIAN_POINT('',(3.377182831925,-48.19876020624));
#5488 = CARTESIAN_POINT('',(3.927981163335,-48.33065030368));
#5489 = CARTESIAN_POINT('',(4.668471971801,-48.54282503073));
#5490 = CARTESIAN_POINT('',(4.864076497719,-48.60225598346));
#5491 = CARTESIAN_POINT('',(5.058703813484,-48.66485353718));
#5492 = CARTESIAN_POINT('',(5.252273358144,-48.73066209402));
#5493 = CARTESIAN_POINT('',(5.444697569979,-48.79972918656));
#5494 = CARTESIAN_POINT('',(5.635881744115,-48.87210580431));
#5495 = CARTESIAN_POINT('',(5.825723890141,-48.94784672023));
#5496 = CARTESIAN_POINT('',(6.236917814197,-49.12063548175));
#5497 = CARTESIAN_POINT('',(6.457682936706,-49.21904464944));
#5498 = CARTESIAN_POINT('',(6.676233708135,-49.32233804784));
#5499 = CARTESIAN_POINT('',(6.892368138421,-49.43061888746));
#5500 = CARTESIAN_POINT('',(7.105858031071,-49.54399447725));
#5501 = CARTESIAN_POINT('',(7.316448517691,-49.66257684031));
#5502 = CARTESIAN_POINT('',(7.523857592503,-49.78648332939));
#5503 = CARTESIAN_POINT('',(7.969975989178,-50.06947524269));
#5504 = CARTESIAN_POINT('',(8.207216872953,-50.23077616853));
#5505 = CARTESIAN_POINT('',(8.439003851261,-50.39995904564));
#5506 = CARTESIAN_POINT('',(8.664731908999,-50.57722672183));
#5507 = CARTESIAN_POINT('',(8.8836906782,-50.76275897848));
#5508 = CARTESIAN_POINT('',(9.095069653325,-50.95670564177));
#5509 = CARTESIAN_POINT('',(9.297963406563,-51.15917969396));
#5510 = CARTESIAN_POINT('',(9.626879821941,-51.51812388402));
#5511 = CARTESIAN_POINT('',(9.757714025306,-51.67019983814));
#5512 = CARTESIAN_POINT('',(9.883530263262,-51.82649138407));
#5513 = CARTESIAN_POINT('',(10.003944556583,-51.98698276279));
#5514 = CARTESIAN_POINT('',(10.118543606168,-52.1516252757));
#5515 = CARTESIAN_POINT('',(10.226892328748,-52.32033194172));
#5516 = CARTESIAN_POINT('',(10.328543418901,-52.49297085507));
#5517 = CARTESIAN_POINT('',(10.566976747278,-52.93798607124));
#5518 = CARTESIAN_POINT('',(10.694437949262,-53.2155059698));
#5519 = CARTESIAN_POINT('',(10.803665972569,-53.5010208425));
#5520 = CARTESIAN_POINT('',(10.893033974714,-53.79340676765));
#5521 = CARTESIAN_POINT('',(10.961142012447,-54.09129267464));
#5522 = CARTESIAN_POINT('',(11.006916364024,-54.39303817414));
#5523 = CARTESIAN_POINT('',(11.029755257176,-54.69670268563));
#5524 = CARTESIAN_POINT('',(11.029755257176,-55.00000000517));
#5525 = ( GEOMETRIC_REPRESENTATION_CONTEXT(2) 
PARAMETRIC_REPRESENTATION_CONTEXT() REPRESENTATION_CONTEXT('2D SPACE',''
  ) );
#5526 = ORIENTED_EDGE('',*,*,#5527,.T.);
#5527 = EDGE_CURVE('',#5279,#799,#5528,.T.);
#5528 = SURFACE_CURVE('',#5529,(#5544,#5562),.PCURVE_S1.);
#5529 = B_SPLINE_CURVE_WITH_KNOTS('',4,(#5530,#5531,#5532,#5533,#5534,
    #5535,#5536,#5537,#5538,#5539,#5540,#5541,#5542,#5543),
  .UNSPECIFIED.,.F.,.F.,(5,3,3,3,5),(0.,0.221711412774,0.606643030163,
    0.813972397666,1.),.UNSPECIFIED.);
#5530 = CARTESIAN_POINT('',(9.87808095877,8.170033896197,39.49999454));
#5531 = CARTESIAN_POINT('',(9.866936140744,8.164485923593,
    39.638741898297));
#5532 = CARTESIAN_POINT('',(9.855391882558,8.158751386233,
    39.777469502673));
#5533 = CARTESIAN_POINT('',(9.843444413259,8.152830360105,
    39.916176126542));
#5534 = CARTESIAN_POINT('',(9.809638981956,8.136119303203,40.29564190038
    ));
#5535 = CARTESIAN_POINT('',(9.786960199293,8.124953791698,
    40.536356169443));
#5536 = CARTESIAN_POINT('',(9.763030817238,8.113226841733,
    40.776996506709));
#5537 = CARTESIAN_POINT('',(9.724247033955,8.094320822191,
    41.147123544946));
#5538 = CARTESIAN_POINT('',(9.710300104342,8.087540080121,
    41.276663150114));
#5539 = CARTESIAN_POINT('',(9.695980442085,8.080597806461,
    41.406158196138));
#5540 = CARTESIAN_POINT('',(9.668100474164,8.06712225549,41.651728125625
    ));
#5541 = CARTESIAN_POINT('',(9.654610133462,8.060618705021,
    41.767842817493));
#5542 = CARTESIAN_POINT('',(9.640811191408,8.053984608804,
    41.883935588614));
#5543 = CARTESIAN_POINT('',(9.626699962886,8.047220071048,42.00000546));
#5544 = PCURVE('',#640,#5545);
#5545 = DEFINITIONAL_REPRESENTATION('',(#5546),#5561);
#5546 = B_SPLINE_CURVE_WITH_KNOTS('',4,(#5547,#5548,#5549,#5550,#5551,
    #5552,#5553,#5554,#5555,#5556,#5557,#5558,#5559,#5560),
  .UNSPECIFIED.,.F.,.F.,(5,3,3,3,5),(0.,0.221711412774,0.606643030163,
    0.813972397666,0.999997812286),.UNSPECIFIED.);
#5547 = CARTESIAN_POINT('',(6.783046930176,0.233732244011));
#5548 = CARTESIAN_POINT('',(6.782801750426,0.239509764323));
#5549 = CARTESIAN_POINT('',(6.782548956431,0.245283686139));
#5550 = CARTESIAN_POINT('',(6.78228733081,0.251054276703));
#5551 = CARTESIAN_POINT('',(6.781550235645,0.266837567669));
#5552 = CARTESIAN_POINT('',(6.781058312818,0.276845480648));
#5553 = CARTESIAN_POINT('',(6.780542372833,0.286850179572));
#5554 = CARTESIAN_POINT('',(6.779712036791,0.302244632478));
#5555 = CARTESIAN_POINT('',(6.779414494436,0.307633678079));
#5556 = CARTESIAN_POINT('',(6.779110160922,0.313022722578));
#5557 = CARTESIAN_POINT('',(6.77852007143,0.323247063102));
#5558 = CARTESIAN_POINT('',(6.77823576026,0.32808340596));
#5559 = CARTESIAN_POINT('',(6.777945454202,0.332921693253));
#5560 = CARTESIAN_POINT('',(6.777650157594,0.337761848435));
#5561 = ( GEOMETRIC_REPRESENTATION_CONTEXT(2) 
PARAMETRIC_REPRESENTATION_CONTEXT() REPRESENTATION_CONTEXT('2D SPACE',''
  ) );
#5562 = PCURVE('',#1070,#5563);
#5563 = DEFINITIONAL_REPRESENTATION('',(#5564),#5579);
#5564 = B_SPLINE_CURVE_WITH_KNOTS('',4,(#5565,#5566,#5567,#5568,#5569,
    #5570,#5571,#5572,#5573,#5574,#5575,#5576,#5577,#5578),
  .UNSPECIFIED.,.F.,.F.,(5,3,3,3,5),(0.,0.221711412774,0.606643030163,
    0.813972397666,1.),.UNSPECIFIED.);
#5565 = CARTESIAN_POINT('',(4.250497023173,5.460000000124E-06));
#5566 = CARTESIAN_POINT('',(4.251159224037,-0.138741898297));
#5567 = CARTESIAN_POINT('',(4.251844867691,-0.277469502673));
#5568 = CARTESIAN_POINT('',(4.252554132658,-0.416176126542));
#5569 = CARTESIAN_POINT('',(4.254559999596,-0.79564190038));
#5570 = CARTESIAN_POINT('',(4.255904591891,-1.036356169443));
#5571 = CARTESIAN_POINT('',(4.257322056383,-1.276996506709));
#5572 = CARTESIAN_POINT('',(4.259617082336,-1.647123544946));
#5573 = CARTESIAN_POINT('',(4.260441970782,-1.776663150114));
#5574 = CARTESIAN_POINT('',(4.261288447006,-1.906158196138));
#5575 = CARTESIAN_POINT('',(4.262935566016,-2.151728125625));
#5576 = CARTESIAN_POINT('',(4.263732170027,-2.267842817493));
#5577 = CARTESIAN_POINT('',(4.264546576258,-2.383935588614));
#5578 = CARTESIAN_POINT('',(4.265378960596,-2.50000546));
#5579 = ( GEOMETRIC_REPRESENTATION_CONTEXT(2) 
PARAMETRIC_REPRESENTATION_CONTEXT() REPRESENTATION_CONTEXT('2D SPACE',''
  ) );
#5580 = ORIENTED_EDGE('',*,*,#798,.F.);
#5581 = ORIENTED_EDGE('',*,*,#5582,.T.);
#5582 = EDGE_CURVE('',#766,#5583,#5585,.T.);
#5583 = VERTEX_POINT('',#5584);
#5584 = CARTESIAN_POINT('',(-9.878080532183,8.170033662286,39.5));
#5585 = SURFACE_CURVE('',#5586,(#5601,#5619),.PCURVE_S1.);
#5586 = B_SPLINE_CURVE_WITH_KNOTS('',5,(#5587,#5588,#5589,#5590,#5591,
    #5592,#5593,#5594,#5595,#5596,#5597,#5598,#5599,#5600),
  .UNSPECIFIED.,.F.,.F.,(6,4,4,6),(0.,0.47426193428,0.74079392783,1.),
  .UNSPECIFIED.);
#5587 = CARTESIAN_POINT('',(-9.626699974837,8.047220055291,42.00000546)
  );
#5588 = CARTESIAN_POINT('',(-9.655497803743,8.061024948426,
    41.763133005592));
#5589 = CARTESIAN_POINT('',(-9.683076389914,8.074320558365,
    41.526171159049));
#5590 = CARTESIAN_POINT('',(-9.70945996317,8.087106120746,
    41.289126387475));
#5591 = CARTESIAN_POINT('',(-9.734670333287,8.09938101903,
    41.052004688043));
#5592 = CARTESIAN_POINT('',(-9.772246511865,8.117755940993,
    40.681510672947));
#5593 = CARTESIAN_POINT('',(-9.785401060395,8.124205337954,
    40.548193742979));
#5594 = CARTESIAN_POINT('',(-9.79819280047,8.130492305499,
    40.414874245137));
#5595 = CARTESIAN_POINT('',(-9.810624056612,8.136616311869,
    40.281565430024));
#5596 = CARTESIAN_POINT('',(-9.834438525545,8.148373780012,
    40.018658758737));
#5597 = CARTESIAN_POINT('',(-9.845844873507,8.154017934847,
    39.889018561449));
#5598 = CARTESIAN_POINT('',(-9.856919025092,8.159509366103,
    39.759360585621));
#5599 = CARTESIAN_POINT('',(-9.8676635904,8.164848031886,39.629685654681
    ));
#5600 = CARTESIAN_POINT('',(-9.878080970755,8.17003388061,39.49999454));
#5601 = PCURVE('',#640,#5602);
#5602 = DEFINITIONAL_REPRESENTATION('',(#5603),#5618);
#5603 = B_SPLINE_CURVE_WITH_KNOTS('',5,(#5604,#5605,#5606,#5607,#5608,
    #5609,#5610,#5611,#5612,#5613,#5614,#5615,#5616,#5617),
  .UNSPECIFIED.,.F.,.F.,(6,4,4,6),(2.186383515415E-06,0.47426193428,
    0.74079392783,1.),.UNSPECIFIED.);
#5604 = CARTESIAN_POINT('',(9.004293158006,0.337761763862));
#5605 = CARTESIAN_POINT('',(9.003712093531,0.327884027198));
#5606 = CARTESIAN_POINT('',(9.003150967407,0.31801439482));
#5607 = CARTESIAN_POINT('',(9.002610155793,0.308149817016));
#5608 = CARTESIAN_POINT('',(9.002089942385,0.298287304995));
#5609 = CARTESIAN_POINT('',(9.001309844228,0.282880755918));
#5610 = CARTESIAN_POINT('',(9.001035754172,0.277337582107));
#5611 = CARTESIAN_POINT('',(9.000768313187,0.271794409575));
#5612 = CARTESIAN_POINT('',(9.000507576652,0.266251238431));
#5613 = CARTESIAN_POINT('',(9.000006585187,0.255317259155));
#5614 = CARTESIAN_POINT('',(8.999766109342,0.24992466041));
#5615 = CARTESIAN_POINT('',(8.999531130808,0.244530201872));
#5616 = CARTESIAN_POINT('',(8.999303671358,0.239132678993));
#5617 = CARTESIAN_POINT('',(8.999082051845,0.233732265915));
#5618 = ( GEOMETRIC_REPRESENTATION_CONTEXT(2) 
PARAMETRIC_REPRESENTATION_CONTEXT() REPRESENTATION_CONTEXT('2D SPACE',''
  ) );
#5619 = PCURVE('',#786,#5620);
#5620 = DEFINITIONAL_REPRESENTATION('',(#5621),#5636);
#5621 = B_SPLINE_CURVE_WITH_KNOTS('',5,(#5622,#5623,#5624,#5625,#5626,
    #5627,#5628,#5629,#5630,#5631,#5632,#5633,#5634,#5635),
  .UNSPECIFIED.,.F.,.F.,(6,4,4,6),(0.,0.47426193428,0.74079392783,1.),
  .UNSPECIFIED.);
#5622 = CARTESIAN_POINT('',(5.159399000664,-2.50000546));
#5623 = CARTESIAN_POINT('',(5.161097709018,-2.263133005592));
#5624 = CARTESIAN_POINT('',(5.162726226372,-2.026171159049));
#5625 = CARTESIAN_POINT('',(5.164285707107,-1.789126387475));
#5626 = CARTESIAN_POINT('',(5.165777189002,-1.552004688043));
#5627 = CARTESIAN_POINT('',(5.16800209875,-1.181510672947));
#5628 = CARTESIAN_POINT('',(5.168781379746,-1.048193742979));
#5629 = CARTESIAN_POINT('',(5.169539529837,-0.914874245137));
#5630 = CARTESIAN_POINT('',(5.170276648431,-0.781565430024));
#5631 = CARTESIAN_POINT('',(5.171689347685,-0.518658758737));
#5632 = CARTESIAN_POINT('',(5.172366283585,-0.389018561449));
#5633 = CARTESIAN_POINT('',(5.173023779699,-0.259360585621));
#5634 = CARTESIAN_POINT('',(5.173661959996,-0.129685654681));
#5635 = CARTESIAN_POINT('',(5.174280938093,5.460000000124E-06));
#5636 = ( GEOMETRIC_REPRESENTATION_CONTEXT(2) 
PARAMETRIC_REPRESENTATION_CONTEXT() REPRESENTATION_CONTEXT('2D SPACE',''
  ) );
#5637 = ORIENTED_EDGE('',*,*,#5638,.F.);
#5638 = EDGE_CURVE('',#5639,#5583,#5641,.T.);
#5639 = VERTEX_POINT('',#5640);
#5640 = CARTESIAN_POINT('',(-10.6411858804,6.874638733077,39.5));
#5641 = SURFACE_CURVE('',#5642,(#5750,#5770),.PCURVE_S1.);
#5642 = B_SPLINE_CURVE_WITH_KNOTS('',8,(#5643,#5644,#5645,#5646,#5647,
    #5648,#5649,#5650,#5651,#5652,#5653,#5654,#5655,#5656,#5657,#5658,
    #5659,#5660,#5661,#5662,#5663,#5664,#5665,#5666,#5667,#5668,#5669,
    #5670,#5671,#5672,#5673,#5674,#5675,#5676,#5677,#5678,#5679,#5680,
    #5681,#5682,#5683,#5684,#5685,#5686,#5687,#5688,#5689,#5690,#5691,
    #5692,#5693,#5694,#5695,#5696,#5697,#5698,#5699,#5700,#5701,#5702,
    #5703,#5704,#5705,#5706,#5707,#5708,#5709,#5710,#5711,#5712,#5713,
    #5714,#5715,#5716,#5717,#5718,#5719,#5720,#5721,#5722,#5723,#5724,
    #5725,#5726,#5727,#5728,#5729,#5730,#5731,#5732,#5733,#5734,#5735,
    #5736,#5737,#5738,#5739,#5740,#5741,#5742,#5743,#5744,#5745,#5746,
    #5747,#5748,#5749),.UNSPECIFIED.,.F.,.F.,(9,7,7,7,7,7,7,7,7,7,7,7,7,
    7,7,9),(0.,8.989549004224E-03,9.691853324862E-02,0.153340532038,
    0.233246362139,0.303524249221,0.317004718505,0.34020041398,
    0.363393576456,0.516139746479,0.667686856113,0.722431649272,
    0.787176440104,0.864076009154,0.917950890301,1.),.UNSPECIFIED.);
#5643 = CARTESIAN_POINT('',(-11.01997499265,4.699999990164,39.5));
#5644 = CARTESIAN_POINT('',(-11.02201602915,4.731289426767,39.5));
#5645 = CARTESIAN_POINT('',(-11.02381436855,4.762594626125,39.5));
#5646 = CARTESIAN_POINT('',(-11.02536962342,4.793913402453,39.5));
#5647 = CARTESIAN_POINT('',(-11.02668147021,4.825243567369,39.5));
#5648 = CARTESIAN_POINT('',(-11.02774964929,4.856582929899,39.5));
#5649 = CARTESIAN_POINT('',(-11.0285739649,4.887929296478,39.5));
#5650 = CARTESIAN_POINT('',(-11.0291542852,4.919280470944,39.5));
#5651 = CARTESIAN_POINT('',(-11.03277955472,5.257313304078,39.5));
#5652 = CARTESIAN_POINT('',(-11.01271995841,5.564376813283,39.5));
#5653 = CARTESIAN_POINT('',(-10.96921214885,5.869464772489,39.5));
#5654 = CARTESIAN_POINT('',(-10.90288885902,6.170583264305,39.5));
#5655 = CARTESIAN_POINT('',(-10.81487104194,6.466052339318,39.5));
#5656 = CARTESIAN_POINT('',(-10.70661384971,6.754472386671,39.5));
#5657 = CARTESIAN_POINT('',(-10.57980312069,7.034701027326,39.5));
#5658 = CARTESIAN_POINT('',(-10.34415626847,7.479811400183,39.5));
#5659 = CARTESIAN_POINT('',(-10.24511624604,7.650129656161,39.5));
#5660 = CARTESIAN_POINT('',(-10.13957457108,7.816614511995,39.5));
#5661 = CARTESIAN_POINT('',(-10.02796175929,7.979142667591,39.5));
#5662 = CARTESIAN_POINT('',(-9.910696291005,8.137633032031,39.5));
#5663 = CARTESIAN_POINT('',(-9.788175755163,8.292040602572,39.5));
#5664 = CARTESIAN_POINT('',(-9.660769836447,8.442351527156,39.5));
#5665 = CARTESIAN_POINT('',(-9.341938584237,8.795669773576,39.5));
#5666 = CARTESIAN_POINT('',(-9.145967952958,8.994538581898,39.5));
#5667 = CARTESIAN_POINT('',(-8.941841394526,9.185252404132,39.5));
#5668 = CARTESIAN_POINT('',(-8.730413973241,9.36791825343,39.5));
#5669 = CARTESIAN_POINT('',(-8.512452923116,9.542677400301,39.5));
#5670 = CARTESIAN_POINT('',(-8.288632896138,9.709699245549,39.5));
#5671 = CARTESIAN_POINT('',(-8.059531210536,9.869175193201,39.5));
#5672 = CARTESIAN_POINT('',(-7.619898838032,10.155118656256,39.5));
#5673 = CARTESIAN_POINT('',(-7.410481570567,10.283232046573,39.5));
#5674 = CARTESIAN_POINT('',(-7.197708526877,10.405786452162,39.5));
#5675 = CARTESIAN_POINT('',(-6.981886423859,10.522909131349,39.5));
#5676 = CARTESIAN_POINT('',(-6.763292033661,10.634721577616,39.5));
#5677 = CARTESIAN_POINT('',(-6.542172752261,10.741340254198,39.5));
#5678 = CARTESIAN_POINT('',(-6.318747168054,10.842877328692,39.5));
#5679 = CARTESIAN_POINT('',(-6.049943006925,10.957964006357,39.5));
#5680 = CARTESIAN_POINT('',(-6.006651113591,10.976282818882,39.5));
#5681 = CARTESIAN_POINT('',(-5.963333067399,10.994398699005,39.5));
#5682 = CARTESIAN_POINT('',(-5.919991939821,11.012312521987,39.5));
#5683 = CARTESIAN_POINT('',(-5.87663075684,11.03002518457,39.5));
#5684 = CARTESIAN_POINT('',(-5.833252498952,11.047537604973,39.5));
#5685 = CARTESIAN_POINT('',(-5.789860101162,11.0648507229,39.5));
#5686 = CARTESIAN_POINT('',(-5.671772272164,11.111414707754,39.5));
#5687 = CARTESIAN_POINT('',(-5.597681735107,11.140029561548,39.5));
#5688 = CARTESIAN_POINT('',(-5.523572806311,11.168078817793,39.5));
#5689 = CARTESIAN_POINT('',(-5.449100185203,11.195701494926,39.5));
#5690 = CARTESIAN_POINT('',(-5.373789120483,11.223065995446,39.5));
#5691 = CARTESIAN_POINT('',(-5.297653794922,11.250149192201,39.5));
#5692 = CARTESIAN_POINT('',(-5.220623983344,11.276962318164,39.5));
#5693 = CARTESIAN_POINT('',(-5.065168628734,11.32989513217,39.5));
#5694 = CARTESIAN_POINT('',(-4.986681742137,11.356035983977,39.5));
#5695 = CARTESIAN_POINT('',(-4.907432646706,11.381841999117,39.5));
#5696 = CARTESIAN_POINT('',(-4.827423061711,11.407302340267,39.5));
#5697 = CARTESIAN_POINT('',(-4.746655181017,11.432406059413,39.5));
#5698 = CARTESIAN_POINT('',(-4.665131673089,11.457142097853,39.5));
#5699 = CARTESIAN_POINT('',(-4.582855680987,11.481499286193,39.5));
#5700 = CARTESIAN_POINT('',(-3.95304341537,11.663309257929,39.5));
#5701 = CARTESIAN_POINT('',(-3.3990501412,11.796935705446,39.5));
#5702 = CARTESIAN_POINT('',(-2.839373066577,11.907244223852,39.5));
#5703 = CARTESIAN_POINT('',(-2.275374200663,11.994863305847,39.5));
#5704 = CARTESIAN_POINT('',(-1.70828014174,12.060251575966,39.5));
#5705 = CARTESIAN_POINT('',(-1.139190618459,12.103727981587,39.5));
#5706 = CARTESIAN_POINT('',(-0.569078956163,12.125457400641,39.5));
#5707 = CARTESIAN_POINT('',(0.567017198882,12.125377051504,39.5));
#5708 = CARTESIAN_POINT('',(1.132792821784,12.103907745049,39.5));
#5709 = CARTESIAN_POINT('',(1.697702944475,12.061012215533,39.5));
#5710 = CARTESIAN_POINT('',(2.260800230746,11.996512706939,39.5));
#5711 = CARTESIAN_POINT('',(2.821020607562,11.910078939561,39.5));
#5712 = CARTESIAN_POINT('',(3.377182827935,11.801239798928,39.5));
#5713 = CARTESIAN_POINT('',(3.927981159344,11.669349701489,39.5));
#5714 = CARTESIAN_POINT('',(4.668471967811,11.457174974438,39.5));
#5715 = CARTESIAN_POINT('',(4.864076493729,11.397744021703,39.5));
#5716 = CARTESIAN_POINT('',(5.058703809493,11.335146467983,39.5));
#5717 = CARTESIAN_POINT('',(5.252273354153,11.269337911147,39.5));
#5718 = CARTESIAN_POINT('',(5.444697565989,11.200270818611,39.5));
#5719 = CARTESIAN_POINT('',(5.635881740125,11.127894200854,39.5));
#5720 = CARTESIAN_POINT('',(5.825723886151,11.052153284934,39.5));
#5721 = CARTESIAN_POINT('',(6.236917810206,10.87936452342,39.5));
#5722 = CARTESIAN_POINT('',(6.457682932716,10.780955355732,39.5));
#5723 = CARTESIAN_POINT('',(6.676233704145,10.677661957325,39.5));
#5724 = CARTESIAN_POINT('',(6.89236813443,10.569381117711,39.5));
#5725 = CARTESIAN_POINT('',(7.105858027081,10.456005527914,39.5));
#5726 = CARTESIAN_POINT('',(7.316448513701,10.337423164862,39.5));
#5727 = CARTESIAN_POINT('',(7.523857588513,10.213516675779,39.5));
#5728 = CARTESIAN_POINT('',(7.969975985187,9.930524762473,39.5));
#5729 = CARTESIAN_POINT('',(8.207216868963,9.769223836636,39.5));
#5730 = CARTESIAN_POINT('',(8.43900384727,9.600040959531,39.5));
#5731 = CARTESIAN_POINT('',(8.664731905008,9.42277328334,39.5));
#5732 = CARTESIAN_POINT('',(8.88369067421,9.237241026691,39.5));
#5733 = CARTESIAN_POINT('',(9.095069649335,9.0432943634,39.5));
#5734 = CARTESIAN_POINT('',(9.297963402573,8.840820311206,39.5));
#5735 = CARTESIAN_POINT('',(9.626879817951,8.481876121144,39.5));
#5736 = CARTESIAN_POINT('',(9.757714021315,8.329800167025,39.5));
#5737 = CARTESIAN_POINT('',(9.883530259271,8.173508621096,39.5));
#5738 = CARTESIAN_POINT('',(10.003944552592,8.013017242372,39.5));
#5739 = CARTESIAN_POINT('',(10.118543602178,7.848374729466,39.5));
#5740 = CARTESIAN_POINT('',(10.226892324758,7.679668063451,39.5));
#5741 = CARTESIAN_POINT('',(10.328543414911,7.507029150093,39.5));
#5742 = CARTESIAN_POINT('',(10.566976743287,7.062013933922,39.5));
#5743 = CARTESIAN_POINT('',(10.694437945271,6.784494035365,39.5));
#5744 = CARTESIAN_POINT('',(10.803665968579,6.498979162666,39.5));
#5745 = CARTESIAN_POINT('',(10.893033970724,6.206593237517,39.5));
#5746 = CARTESIAN_POINT('',(10.961142008457,5.908707330529,39.5));
#5747 = CARTESIAN_POINT('',(11.006916360034,5.606961831029,39.5));
#5748 = CARTESIAN_POINT('',(11.029755253186,5.303297319533,39.5));
#5749 = CARTESIAN_POINT('',(11.029755253186,5.,39.5));
#5750 = PCURVE('',#640,#5751);
#5751 = DEFINITIONAL_REPRESENTATION('',(#5752),#5769);
#5752 = B_SPLINE_CURVE_WITH_KNOTS('',8,(#5753,#5754,#5755,#5756,#5757,
    #5758,#5759,#5760,#5761,#5762,#5763,#5764,#5765,#5766,#5767,#5768),
  .UNSPECIFIED.,.F.,.F.,(9,7,9),(7.981345730916E-02,9.691853324862E-02,
    0.133814116062),.UNSPECIFIED.);
#5753 = CARTESIAN_POINT('',(9.181901938191,0.233732550023));
#5754 = CARTESIAN_POINT('',(9.174515767868,0.233732550023));
#5755 = CARTESIAN_POINT('',(9.167142296191,0.233732550023));
#5756 = CARTESIAN_POINT('',(9.159781836805,0.233732550023));
#5757 = CARTESIAN_POINT('',(9.152434693103,0.233732550023));
#5758 = CARTESIAN_POINT('',(9.145101159769,0.233732550023));
#5759 = CARTESIAN_POINT('',(9.137781524146,0.233732550023));
#5760 = CARTESIAN_POINT('',(9.130476067469,0.233732550023));
#5761 = CARTESIAN_POINT('',(9.107458404037,0.233732550023));
#5762 = CARTESIAN_POINT('',(9.091793962756,0.233732550023));
#5763 = CARTESIAN_POINT('',(9.076191767014,0.233732550023));
#5764 = CARTESIAN_POINT('',(9.060651320588,0.233732550023));
#5765 = CARTESIAN_POINT('',(9.045171671271,0.233732550023));
#5766 = CARTESIAN_POINT('',(9.029751454467,0.233732550023));
#5767 = CARTESIAN_POINT('',(9.014388915302,0.233732550023));
#5768 = CARTESIAN_POINT('',(8.999081909264,0.233732550023));
#5769 = ( GEOMETRIC_REPRESENTATION_CONTEXT(2) 
PARAMETRIC_REPRESENTATION_CONTEXT() REPRESENTATION_CONTEXT('2D SPACE',''
  ) );
#5770 = PCURVE('',#5771,#5776);
#5771 = PLANE('',#5772);
#5772 = AXIS2_PLACEMENT_3D('',#5773,#5774,#5775);
#5773 = CARTESIAN_POINT('',(-3.990281904321E-09,60.000000005171,39.5));
#5774 = DIRECTION('',(0.,0.,1.));
#5775 = DIRECTION('',(1.,0.,-0.));
#5776 = DEFINITIONAL_REPRESENTATION('',(#5777),#5885);
#5777 = B_SPLINE_CURVE_WITH_KNOTS('',8,(#5778,#5779,#5780,#5781,#5782,
    #5783,#5784,#5785,#5786,#5787,#5788,#5789,#5790,#5791,#5792,#5793,
    #5794,#5795,#5796,#5797,#5798,#5799,#5800,#5801,#5802,#5803,#5804,
    #5805,#5806,#5807,#5808,#5809,#5810,#5811,#5812,#5813,#5814,#5815,
    #5816,#5817,#5818,#5819,#5820,#5821,#5822,#5823,#5824,#5825,#5826,
    #5827,#5828,#5829,#5830,#5831,#5832,#5833,#5834,#5835,#5836,#5837,
    #5838,#5839,#5840,#5841,#5842,#5843,#5844,#5845,#5846,#5847,#5848,
    #5849,#5850,#5851,#5852,#5853,#5854,#5855,#5856,#5857,#5858,#5859,
    #5860,#5861,#5862,#5863,#5864,#5865,#5866,#5867,#5868,#5869,#5870,
    #5871,#5872,#5873,#5874,#5875,#5876,#5877,#5878,#5879,#5880,#5881,
    #5882,#5883,#5884),.UNSPECIFIED.,.F.,.F.,(9,7,7,7,7,7,7,7,7,7,7,7,7,
    7,7,9),(0.,8.989549004224E-03,9.691853324862E-02,0.153340532038,
    0.233246362139,0.303524249221,0.317004718505,0.34020041398,
    0.363393576456,0.516139746479,0.667686856113,0.722431649272,
    0.787176440104,0.864076009154,0.917950890301,1.),.UNSPECIFIED.);
#5778 = CARTESIAN_POINT('',(-11.01997498866,-55.300000015));
#5779 = CARTESIAN_POINT('',(-11.02201602516,-55.2687105784));
#5780 = CARTESIAN_POINT('',(-11.02381436456,-55.23740537904));
#5781 = CARTESIAN_POINT('',(-11.02536961943,-55.20608660271));
#5782 = CARTESIAN_POINT('',(-11.02668146622,-55.1747564378));
#5783 = CARTESIAN_POINT('',(-11.0277496453,-55.14341707527));
#5784 = CARTESIAN_POINT('',(-11.02857396091,-55.11207070869));
#5785 = CARTESIAN_POINT('',(-11.02915428121,-55.08071953422));
#5786 = CARTESIAN_POINT('',(-11.03277955073,-54.74268670109));
#5787 = CARTESIAN_POINT('',(-11.01271995442,-54.43562319188));
#5788 = CARTESIAN_POINT('',(-10.96921214486,-54.13053523268));
#5789 = CARTESIAN_POINT('',(-10.90288885503,-53.82941674086));
#5790 = CARTESIAN_POINT('',(-10.81487103795,-53.53394766585));
#5791 = CARTESIAN_POINT('',(-10.70661384572,-53.2455276185));
#5792 = CARTESIAN_POINT('',(-10.5798031167,-52.96529897784));
#5793 = CARTESIAN_POINT('',(-10.34415626448,-52.52018860498));
#5794 = CARTESIAN_POINT('',(-10.24511624205,-52.34987034901));
#5795 = CARTESIAN_POINT('',(-10.13957456709,-52.18338549317));
#5796 = CARTESIAN_POINT('',(-10.0279617553,-52.02085733758));
#5797 = CARTESIAN_POINT('',(-9.910696287014,-51.86236697314));
#5798 = CARTESIAN_POINT('',(-9.788175751173,-51.7079594026));
#5799 = CARTESIAN_POINT('',(-9.660769832457,-51.55764847801));
#5800 = CARTESIAN_POINT('',(-9.341938580247,-51.20433023159));
#5801 = CARTESIAN_POINT('',(-9.145967948967,-51.00546142327));
#5802 = CARTESIAN_POINT('',(-8.941841390536,-50.81474760103));
#5803 = CARTESIAN_POINT('',(-8.730413969251,-50.63208175174));
#5804 = CARTESIAN_POINT('',(-8.512452919126,-50.45732260487));
#5805 = CARTESIAN_POINT('',(-8.288632892148,-50.29030075962));
#5806 = CARTESIAN_POINT('',(-8.059531206545,-50.13082481197));
#5807 = CARTESIAN_POINT('',(-7.619898834042,-49.84488134891));
#5808 = CARTESIAN_POINT('',(-7.410481566577,-49.71676795859));
#5809 = CARTESIAN_POINT('',(-7.197708522886,-49.59421355301));
#5810 = CARTESIAN_POINT('',(-6.981886419869,-49.47709087382));
#5811 = CARTESIAN_POINT('',(-6.763292029671,-49.36527842755));
#5812 = CARTESIAN_POINT('',(-6.542172748271,-49.25865975097));
#5813 = CARTESIAN_POINT('',(-6.318747164064,-49.15712267648));
#5814 = CARTESIAN_POINT('',(-6.049943002934,-49.04203599881));
#5815 = CARTESIAN_POINT('',(-6.006651109601,-49.02371718629));
#5816 = CARTESIAN_POINT('',(-5.963333063409,-49.00560130616));
#5817 = CARTESIAN_POINT('',(-5.919991935831,-48.98768748318));
#5818 = CARTESIAN_POINT('',(-5.87663075285,-48.9699748206));
#5819 = CARTESIAN_POINT('',(-5.833252494962,-48.95246240019));
#5820 = CARTESIAN_POINT('',(-5.789860097172,-48.93514928227));
#5821 = CARTESIAN_POINT('',(-5.671772268173,-48.88858529741));
#5822 = CARTESIAN_POINT('',(-5.597681731117,-48.85997044362));
#5823 = CARTESIAN_POINT('',(-5.52357280232,-48.83192118737));
#5824 = CARTESIAN_POINT('',(-5.449100181212,-48.80429851024));
#5825 = CARTESIAN_POINT('',(-5.373789116492,-48.77693400972));
#5826 = CARTESIAN_POINT('',(-5.297653790932,-48.74985081297));
#5827 = CARTESIAN_POINT('',(-5.220623979354,-48.723037687));
#5828 = CARTESIAN_POINT('',(-5.065168624744,-48.670104873));
#5829 = CARTESIAN_POINT('',(-4.986681738146,-48.64396402119));
#5830 = CARTESIAN_POINT('',(-4.907432642716,-48.61815800605));
#5831 = CARTESIAN_POINT('',(-4.82742305772,-48.5926976649));
#5832 = CARTESIAN_POINT('',(-4.746655177027,-48.56759394575));
#5833 = CARTESIAN_POINT('',(-4.665131669098,-48.54285790731));
#5834 = CARTESIAN_POINT('',(-4.582855676997,-48.51850071897));
#5835 = CARTESIAN_POINT('',(-3.95304341138,-48.33669074724));
#5836 = CARTESIAN_POINT('',(-3.39905013721,-48.20306429972));
#5837 = CARTESIAN_POINT('',(-2.839373062587,-48.09275578132));
#5838 = CARTESIAN_POINT('',(-2.275374196673,-48.00513669932));
#5839 = CARTESIAN_POINT('',(-1.70828013775,-47.9397484292));
#5840 = CARTESIAN_POINT('',(-1.139190614469,-47.89627202358));
#5841 = CARTESIAN_POINT('',(-0.569078952172,-47.87454260453));
#5842 = CARTESIAN_POINT('',(0.567017202873,-47.87462295366));
#5843 = CARTESIAN_POINT('',(1.132792825774,-47.89609226012));
#5844 = CARTESIAN_POINT('',(1.697702948465,-47.93898778963));
#5845 = CARTESIAN_POINT('',(2.260800234737,-48.00348729823));
#5846 = CARTESIAN_POINT('',(2.821020611552,-48.08992106561));
#5847 = CARTESIAN_POINT('',(3.377182831925,-48.19876020624));
#5848 = CARTESIAN_POINT('',(3.927981163335,-48.33065030368));
#5849 = CARTESIAN_POINT('',(4.668471971801,-48.54282503073));
#5850 = CARTESIAN_POINT('',(4.864076497719,-48.60225598346));
#5851 = CARTESIAN_POINT('',(5.058703813484,-48.66485353718));
#5852 = CARTESIAN_POINT('',(5.252273358144,-48.73066209402));
#5853 = CARTESIAN_POINT('',(5.444697569979,-48.79972918656));
#5854 = CARTESIAN_POINT('',(5.635881744115,-48.87210580431));
#5855 = CARTESIAN_POINT('',(5.825723890141,-48.94784672023));
#5856 = CARTESIAN_POINT('',(6.236917814197,-49.12063548175));
#5857 = CARTESIAN_POINT('',(6.457682936706,-49.21904464944));
#5858 = CARTESIAN_POINT('',(6.676233708135,-49.32233804784));
#5859 = CARTESIAN_POINT('',(6.892368138421,-49.43061888746));
#5860 = CARTESIAN_POINT('',(7.105858031071,-49.54399447725));
#5861 = CARTESIAN_POINT('',(7.316448517691,-49.66257684031));
#5862 = CARTESIAN_POINT('',(7.523857592503,-49.78648332939));
#5863 = CARTESIAN_POINT('',(7.969975989178,-50.06947524269));
#5864 = CARTESIAN_POINT('',(8.207216872953,-50.23077616853));
#5865 = CARTESIAN_POINT('',(8.439003851261,-50.39995904564));
#5866 = CARTESIAN_POINT('',(8.664731908999,-50.57722672183));
#5867 = CARTESIAN_POINT('',(8.8836906782,-50.76275897848));
#5868 = CARTESIAN_POINT('',(9.095069653325,-50.95670564177));
#5869 = CARTESIAN_POINT('',(9.297963406563,-51.15917969396));
#5870 = CARTESIAN_POINT('',(9.626879821941,-51.51812388402));
#5871 = CARTESIAN_POINT('',(9.757714025306,-51.67019983814));
#5872 = CARTESIAN_POINT('',(9.883530263262,-51.82649138407));
#5873 = CARTESIAN_POINT('',(10.003944556583,-51.98698276279));
#5874 = CARTESIAN_POINT('',(10.118543606168,-52.1516252757));
#5875 = CARTESIAN_POINT('',(10.226892328748,-52.32033194172));
#5876 = CARTESIAN_POINT('',(10.328543418901,-52.49297085507));
#5877 = CARTESIAN_POINT('',(10.566976747278,-52.93798607124));
#5878 = CARTESIAN_POINT('',(10.694437949262,-53.2155059698));
#5879 = CARTESIAN_POINT('',(10.803665972569,-53.5010208425));
#5880 = CARTESIAN_POINT('',(10.893033974714,-53.79340676765));
#5881 = CARTESIAN_POINT('',(10.961142012447,-54.09129267464));
#5882 = CARTESIAN_POINT('',(11.006916364024,-54.39303817414));
#5883 = CARTESIAN_POINT('',(11.029755257176,-54.69670268563));
#5884 = CARTESIAN_POINT('',(11.029755257176,-55.00000000517));
#5885 = ( GEOMETRIC_REPRESENTATION_CONTEXT(2) 
PARAMETRIC_REPRESENTATION_CONTEXT() REPRESENTATION_CONTEXT('2D SPACE',''
  ) );
#5886 = ORIENTED_EDGE('',*,*,#5887,.T.);
#5887 = EDGE_CURVE('',#5639,#403,#5888,.T.);
#5888 = SURFACE_CURVE('',#5889,(#5904,#5922),.PCURVE_S1.);
#5889 = B_SPLINE_CURVE_WITH_KNOTS('',5,(#5890,#5891,#5892,#5893,#5894,
    #5895,#5896,#5897,#5898,#5899,#5900,#5901,#5902,#5903),
  .UNSPECIFIED.,.F.,.F.,(6,4,4,6),(0.,0.494285729802,0.76084958438,1.),
  .UNSPECIFIED.);
#5890 = CARTESIAN_POINT('',(-10.64118634455,6.874638967163,39.49999454)
  );
#5891 = CARTESIAN_POINT('',(-10.62014873151,6.864029041061,
    39.747468619136));
#5892 = CARTESIAN_POINT('',(-10.59785118874,6.852821989363,
    39.994876329466));
#5893 = CARTESIAN_POINT('',(-10.57427626427,6.84101802732,
    40.242211606385));
#5894 = CARTESIAN_POINT('',(-10.54940400014,6.828617484139,
    40.489467947896));
#5895 = CARTESIAN_POINT('',(-10.5090867855,6.80861180957,40.86993522731)
  );
#5896 = CARTESIAN_POINT('',(-10.4945763707,6.801428735661,
    41.003220451173));
#5897 = CARTESIAN_POINT('',(-10.47967830068,6.794072228232,
    41.136480685734));
#5898 = CARTESIAN_POINT('',(-10.46439026184,6.786543085823,
    41.269702352739));
#5899 = CARTESIAN_POINT('',(-10.43464232407,6.771933384696,
    41.522345898202));
#5900 = CARTESIAN_POINT('',(-10.42025668104,6.764885209676,
    41.641797248209));
#5901 = CARTESIAN_POINT('',(-10.40555018233,6.757697799755,
    41.761224897302));
#5902 = CARTESIAN_POINT('',(-10.39051980109,6.750371247143,
    41.880627940743));
#5903 = CARTESIAN_POINT('',(-10.37516229133,6.742905634752,42.00000546)
  );
#5904 = PCURVE('',#640,#5905);
#5905 = DEFINITIONAL_REPRESENTATION('',(#5906),#5921);
#5906 = B_SPLINE_CURVE_WITH_KNOTS('',5,(#5907,#5908,#5909,#5910,#5911,
    #5912,#5913,#5914,#5915,#5916,#5917,#5918,#5919,#5920),
  .UNSPECIFIED.,.F.,.F.,(6,4,4,6),(2.181076981563E-06,0.494285729802,
    0.76084958438,1.),.UNSPECIFIED.);
#5907 = CARTESIAN_POINT('',(9.1819019381,0.233732550023));
#5908 = CARTESIAN_POINT('',(9.182764868677,0.244037468196));
#5909 = CARTESIAN_POINT('',(9.183679373964,0.254330817957));
#5910 = CARTESIAN_POINT('',(9.184646149896,0.26461575671));
#5911 = CARTESIAN_POINT('',(9.185665997019,0.274895488984));
#5912 = CARTESIAN_POINT('',(9.187318926403,0.290716003951));
#5913 = CARTESIAN_POINT('',(9.18791378905,0.296258730198));
#5914 = CARTESIAN_POINT('',(9.188524503868,0.301801445033));
#5915 = CARTESIAN_POINT('',(9.189151163683,0.307344148325));
#5916 = CARTESIAN_POINT('',(9.190370458943,0.317859520926));
#5917 = CARTESIAN_POINT('',(9.190960272043,0.322833042432));
#5918 = CARTESIAN_POINT('',(9.191562398976,0.327807553709));
#5919 = CARTESIAN_POINT('',(9.192178882732,0.332783871677));
#5920 = CARTESIAN_POINT('',(9.192808213978,0.337762015542));
#5921 = ( GEOMETRIC_REPRESENTATION_CONTEXT(2) 
PARAMETRIC_REPRESENTATION_CONTEXT() REPRESENTATION_CONTEXT('2D SPACE',''
  ) );
#5922 = PCURVE('',#724,#5923);
#5923 = DEFINITIONAL_REPRESENTATION('',(#5924),#5939);
#5924 = B_SPLINE_CURVE_WITH_KNOTS('',5,(#5925,#5926,#5927,#5928,#5929,
    #5930,#5931,#5932,#5933,#5934,#5935,#5936,#5937,#5938),
  .UNSPECIFIED.,.F.,.F.,(6,4,4,6),(0.,0.494285729802,0.76084958438,1.),
  .UNSPECIFIED.);
#5925 = CARTESIAN_POINT('',(-4.245282361938,5.460000000124E-06));
#5926 = CARTESIAN_POINT('',(-4.24644303471,-0.247468619136));
#5927 = CARTESIAN_POINT('',(-4.247672370042,-0.494876329466));
#5928 = CARTESIAN_POINT('',(-4.248971133677,-0.742211606385));
#5929 = CARTESIAN_POINT('',(-4.250340202201,-0.989467947896));
#5930 = CARTESIAN_POINT('',(-4.252557336711,-1.36993522731));
#5931 = CARTESIAN_POINT('',(-4.253354922882,-1.503220451173));
#5932 = CARTESIAN_POINT('',(-4.254173413693,-1.636480685734));
#5933 = CARTESIAN_POINT('',(-4.255012895072,-1.769702352739));
#5934 = CARTESIAN_POINT('',(-4.256645499224,-2.022345898202));
#5935 = CARTESIAN_POINT('',(-4.257434635444,-2.141797248209));
#5936 = CARTESIAN_POINT('',(-4.258240983269,-2.261224897302));
#5937 = CARTESIAN_POINT('',(-4.259064675744,-2.380627940743));
#5938 = CARTESIAN_POINT('',(-4.259905856132,-2.50000546));
#5939 = ( GEOMETRIC_REPRESENTATION_CONTEXT(2) 
PARAMETRIC_REPRESENTATION_CONTEXT() REPRESENTATION_CONTEXT('2D SPACE',''
  ) );
#5940 = ORIENTED_EDGE('',*,*,#402,.F.);
#5941 = ORIENTED_EDGE('',*,*,#5170,.T.);
#5942 = ORIENTED_EDGE('',*,*,#3795,.T.);
#5943 = ORIENTED_EDGE('',*,*,#5944,.F.);
#5944 = EDGE_CURVE('',#1145,#3796,#5945,.T.);
#5945 = SURFACE_CURVE('',#5946,(#5953,#5963),.PCURVE_S1.);
#5946 = B_SPLINE_CURVE_WITH_KNOTS('',5,(#5947,#5948,#5949,#5950,#5951,
    #5952),.UNSPECIFIED.,.F.,.F.,(6,6),(0.,1.),
  .PIECEWISE_BEZIER_KNOTS.);
#5947 = CARTESIAN_POINT('',(10.57558817183,3.866289988362,41.99999454));
#5948 = CARTESIAN_POINT('',(10.507551706321,3.837072641231,
    42.401120107732));
#5949 = CARTESIAN_POINT('',(10.434541485312,3.806043644353,
    42.801753132668));
#5950 = CARTESIAN_POINT('',(10.356368382402,3.773214480834,
    43.201830974504));
#5951 = CARTESIAN_POINT('',(10.272809652881,3.738600876989,
    43.601278231379));
#5952 = CARTESIAN_POINT('',(10.183595157424,3.702226063218,44.00000546)
  );
#5953 = PCURVE('',#640,#5954);
#5954 = DEFINITIONAL_REPRESENTATION('',(#5955),#5962);
#5955 = B_SPLINE_CURVE_WITH_KNOTS('',5,(#5956,#5957,#5958,#5959,#5960,
    #5961),.UNSPECIFIED.,.F.,.F.,(6,6),(2.722339573559E-06,
    0.999997261286),.PIECEWISE_BEZIER_KNOTS.);
#5956 = CARTESIAN_POINT('',(6.092943632594,0.337761754133));
#5957 = CARTESIAN_POINT('',(6.087174118875,0.354488938732));
#5958 = CARTESIAN_POINT('',(6.080971454748,0.371229557761));
#5959 = CARTESIAN_POINT('',(6.074315604346,0.387997196452));
#5960 = CARTESIAN_POINT('',(6.067182445121,0.404805772644));
#5961 = CARTESIAN_POINT('',(6.059541340114,0.42167014256));
#5962 = ( GEOMETRIC_REPRESENTATION_CONTEXT(2) 
PARAMETRIC_REPRESENTATION_CONTEXT() REPRESENTATION_CONTEXT('2D SPACE',''
  ) );
#5963 = PCURVE('',#1236,#5964);
#5964 = DEFINITIONAL_REPRESENTATION('',(#5965),#5972);
#5965 = B_SPLINE_CURVE_WITH_KNOTS('',5,(#5966,#5967,#5968,#5969,#5970,
    #5971),.UNSPECIFIED.,.F.,.F.,(6,6),(0.,1.),
  .PIECEWISE_BEZIER_KNOTS.);
#5966 = CARTESIAN_POINT('',(-5.118011442298,5.460000000124E-06));
#5967 = CARTESIAN_POINT('',(-5.114792108568,-0.401120107732));
#5968 = CARTESIAN_POINT('',(-5.111342991094,-0.801753132668));
#5969 = CARTESIAN_POINT('',(-5.107656660612,-1.201830974504));
#5970 = CARTESIAN_POINT('',(-5.103724362789,-1.601278231379));
#5971 = CARTESIAN_POINT('',(-5.099535451042,-2.00000546));
#5972 = ( GEOMETRIC_REPRESENTATION_CONTEXT(2) 
PARAMETRIC_REPRESENTATION_CONTEXT() REPRESENTATION_CONTEXT('2D SPACE',''
  ) );
#5973 = ADVANCED_FACE('',(#5974),#1322,.T.);
#5974 = FACE_BOUND('',#5975,.F.);
#5975 = EDGE_LOOP('',(#5976,#5997,#5998,#5999));
#5976 = ORIENTED_EDGE('',*,*,#5977,.T.);
#5977 = EDGE_CURVE('',#1277,#4242,#5978,.T.);
#5978 = SURFACE_CURVE('',#5979,(#5983,#5990),.PCURVE_S1.);
#5979 = LINE('',#5980,#5981);
#5980 = CARTESIAN_POINT('',(21.163004226424,38.931733527335,42.));
#5981 = VECTOR('',#5982,1.);
#5982 = DIRECTION('',(0.,0.,1.));
#5983 = PCURVE('',#1322,#5984);
#5984 = DEFINITIONAL_REPRESENTATION('',(#5985),#5989);
#5985 = LINE('',#5986,#5987);
#5986 = CARTESIAN_POINT('',(-5.292908605315,0.));
#5987 = VECTOR('',#5988,1.);
#5988 = DIRECTION('',(-0.,-1.));
#5989 = ( GEOMETRIC_REPRESENTATION_CONTEXT(2) 
PARAMETRIC_REPRESENTATION_CONTEXT() REPRESENTATION_CONTEXT('2D SPACE',''
  ) );
#5990 = PCURVE('',#1293,#5991);
#5991 = DEFINITIONAL_REPRESENTATION('',(#5992),#5996);
#5992 = LINE('',#5993,#5994);
#5993 = CARTESIAN_POINT('',(-0.545412776299,0.));
#5994 = VECTOR('',#5995,1.);
#5995 = DIRECTION('',(-0.,-1.));
#5996 = ( GEOMETRIC_REPRESENTATION_CONTEXT(2) 
PARAMETRIC_REPRESENTATION_CONTEXT() REPRESENTATION_CONTEXT('2D SPACE',''
  ) );
#5997 = ORIENTED_EDGE('',*,*,#4265,.T.);
#5998 = ORIENTED_EDGE('',*,*,#5218,.F.);
#5999 = ORIENTED_EDGE('',*,*,#1305,.F.);
#6000 = ADVANCED_FACE('',(#6001),#724,.T.);
#6001 = FACE_BOUND('',#6002,.F.);
#6002 = EDGE_LOOP('',(#6003,#6027,#6046,#6047));
#6003 = ORIENTED_EDGE('',*,*,#6004,.F.);
#6004 = EDGE_CURVE('',#6005,#5639,#6007,.T.);
#6005 = VERTEX_POINT('',#6006);
#6006 = CARTESIAN_POINT('',(-17.21696028673,12.152153503492,39.5));
#6007 = SURFACE_CURVE('',#6008,(#6013,#6020),.PCURVE_S1.);
#6008 = CIRCLE('',#6009,20.3);
#6009 = AXIS2_PLACEMENT_3D('',#6010,#6011,#6012);
#6010 = CARTESIAN_POINT('',(-1.5,24.999999990164,39.5));
#6011 = DIRECTION('',(0.,0.,1.));
#6012 = DIRECTION('',(1.,0.,0.));
#6013 = PCURVE('',#724,#6014);
#6014 = DEFINITIONAL_REPRESENTATION('',(#6015),#6019);
#6015 = LINE('',#6016,#6017);
#6016 = CARTESIAN_POINT('',(-0.,0.));
#6017 = VECTOR('',#6018,1.);
#6018 = DIRECTION('',(-1.,0.));
#6019 = ( GEOMETRIC_REPRESENTATION_CONTEXT(2) 
PARAMETRIC_REPRESENTATION_CONTEXT() REPRESENTATION_CONTEXT('2D SPACE',''
  ) );
#6020 = PCURVE('',#5771,#6021);
#6021 = DEFINITIONAL_REPRESENTATION('',(#6022),#6026);
#6022 = CIRCLE('',#6023,20.3);
#6023 = AXIS2_PLACEMENT_2D('',#6024,#6025);
#6024 = CARTESIAN_POINT('',(-1.49999999601,-35.000000015));
#6025 = DIRECTION('',(1.,0.));
#6026 = ( GEOMETRIC_REPRESENTATION_CONTEXT(2) 
PARAMETRIC_REPRESENTATION_CONTEXT() REPRESENTATION_CONTEXT('2D SPACE',''
  ) );
#6027 = ORIENTED_EDGE('',*,*,#6028,.F.);
#6028 = EDGE_CURVE('',#704,#6005,#6029,.T.);
#6029 = SURFACE_CURVE('',#6030,(#6034,#6040),.PCURVE_S1.);
#6030 = LINE('',#6031,#6032);
#6031 = CARTESIAN_POINT('',(-17.21696028673,12.152153503492,39.5));
#6032 = VECTOR('',#6033,1.);
#6033 = DIRECTION('',(-0.,-0.,-1.));
#6034 = PCURVE('',#724,#6035);
#6035 = DEFINITIONAL_REPRESENTATION('',(#6036),#6039);
#6036 = B_SPLINE_CURVE_WITH_KNOTS('',1,(#6037,#6038),.UNSPECIFIED.,.F.,
  .F.,(2,2),(-2.5000006,6.000000070117E-07),.PIECEWISE_BEZIER_KNOTS.);
#6037 = CARTESIAN_POINT('',(-3.826884300732,-2.5000006));
#6038 = CARTESIAN_POINT('',(-3.826884300732,6.000000070117E-07));
#6039 = ( GEOMETRIC_REPRESENTATION_CONTEXT(2) 
PARAMETRIC_REPRESENTATION_CONTEXT() REPRESENTATION_CONTEXT('2D SPACE',''
  ) );
#6040 = PCURVE('',#753,#6041);
#6041 = DEFINITIONAL_REPRESENTATION('',(#6042),#6045);
#6042 = B_SPLINE_CURVE_WITH_KNOTS('',1,(#6043,#6044),.UNSPECIFIED.,.F.,
  .F.,(2,2),(-2.5000006,6.000000070117E-07),.PIECEWISE_BEZIER_KNOTS.);
#6043 = CARTESIAN_POINT('',(5.388148799563,3.0000006));
#6044 = CARTESIAN_POINT('',(5.388148799563,0.4999994));
#6045 = ( GEOMETRIC_REPRESENTATION_CONTEXT(2) 
PARAMETRIC_REPRESENTATION_CONTEXT() REPRESENTATION_CONTEXT('2D SPACE',''
  ) );
#6046 = ORIENTED_EDGE('',*,*,#703,.F.);
#6047 = ORIENTED_EDGE('',*,*,#5887,.F.);
#6048 = ADVANCED_FACE('',(#6049),#1293,.T.);
#6049 = FACE_BOUND('',#6050,.F.);
#6050 = EDGE_LOOP('',(#6051,#6072,#6073,#6074));
#6051 = ORIENTED_EDGE('',*,*,#6052,.T.);
#6052 = EDGE_CURVE('',#1249,#4219,#6053,.T.);
#6053 = SURFACE_CURVE('',#6054,(#6058,#6065),.PCURVE_S1.);
#6054 = LINE('',#6055,#6056);
#6055 = CARTESIAN_POINT('',(24.5,27.000000007362,42.));
#6056 = VECTOR('',#6057,1.);
#6057 = DIRECTION('',(0.,0.,1.));
#6058 = PCURVE('',#1293,#6059);
#6059 = DEFINITIONAL_REPRESENTATION('',(#6060),#6064);
#6060 = LINE('',#6061,#6062);
#6061 = CARTESIAN_POINT('',(-0.,0.));
#6062 = VECTOR('',#6063,1.);
#6063 = DIRECTION('',(-0.,-1.));
#6064 = ( GEOMETRIC_REPRESENTATION_CONTEXT(2) 
PARAMETRIC_REPRESENTATION_CONTEXT() REPRESENTATION_CONTEXT('2D SPACE',''
  ) );
#6065 = PCURVE('',#1264,#6066);
#6066 = DEFINITIONAL_REPRESENTATION('',(#6067),#6071);
#6067 = LINE('',#6068,#6069);
#6068 = CARTESIAN_POINT('',(1.99999999758,0.));
#6069 = VECTOR('',#6070,1.);
#6070 = DIRECTION('',(0.,-1.));
#6071 = ( GEOMETRIC_REPRESENTATION_CONTEXT(2) 
PARAMETRIC_REPRESENTATION_CONTEXT() REPRESENTATION_CONTEXT('2D SPACE',''
  ) );
#6072 = ORIENTED_EDGE('',*,*,#4241,.T.);
#6073 = ORIENTED_EDGE('',*,*,#5977,.F.);
#6074 = ORIENTED_EDGE('',*,*,#1276,.F.);
#6075 = ADVANCED_FACE('',(#6076),#753,.F.);
#6076 = FACE_BOUND('',#6077,.F.);
#6077 = EDGE_LOOP('',(#6078,#6099,#6100,#6101));
#6078 = ORIENTED_EDGE('',*,*,#6079,.F.);
#6079 = EDGE_CURVE('',#737,#6080,#6082,.T.);
#6080 = VERTEX_POINT('',#6081);
#6081 = CARTESIAN_POINT('',(-16.24854997081,13.341514935948,39.5));
#6082 = SURFACE_CURVE('',#6083,(#6087,#6093),.PCURVE_S1.);
#6083 = LINE('',#6084,#6085);
#6084 = CARTESIAN_POINT('',(-16.24854997081,13.341514935948,39.5));
#6085 = VECTOR('',#6086,1.);
#6086 = DIRECTION('',(0.,0.,-1.));
#6087 = PCURVE('',#753,#6088);
#6088 = DEFINITIONAL_REPRESENTATION('',(#6089),#6092);
#6089 = B_SPLINE_CURVE_WITH_KNOTS('',1,(#6090,#6091),.UNSPECIFIED.,.F.,
  .F.,(2,2),(-2.5000006,6.059999996921E-06),.PIECEWISE_BEZIER_KNOTS.);
#6090 = CARTESIAN_POINT('',(5.811509809481,3.0000006));
#6091 = CARTESIAN_POINT('',(5.811509809481,0.49999394));
#6092 = ( GEOMETRIC_REPRESENTATION_CONTEXT(2) 
PARAMETRIC_REPRESENTATION_CONTEXT() REPRESENTATION_CONTEXT('2D SPACE',''
  ) );
#6093 = PCURVE('',#786,#6094);
#6094 = DEFINITIONAL_REPRESENTATION('',(#6095),#6098);
#6095 = B_SPLINE_CURVE_WITH_KNOTS('',1,(#6096,#6097),.UNSPECIFIED.,.F.,
  .F.,(2,2),(-2.5000006,6.059999996921E-06),.PIECEWISE_BEZIER_KNOTS.);
#6096 = CARTESIAN_POINT('',(5.614274120382,-2.5000006));
#6097 = CARTESIAN_POINT('',(5.614274120382,6.059999996921E-06));
#6098 = ( GEOMETRIC_REPRESENTATION_CONTEXT(2) 
PARAMETRIC_REPRESENTATION_CONTEXT() REPRESENTATION_CONTEXT('2D SPACE',''
  ) );
#6099 = ORIENTED_EDGE('',*,*,#736,.F.);
#6100 = ORIENTED_EDGE('',*,*,#6028,.T.);
#6101 = ORIENTED_EDGE('',*,*,#6102,.T.);
#6102 = EDGE_CURVE('',#6005,#6080,#6103,.T.);
#6103 = SURFACE_CURVE('',#6104,(#6109,#6116),.PCURVE_S1.);
#6104 = CIRCLE('',#6105,3.65);
#6105 = AXIS2_PLACEMENT_3D('',#6106,#6107,#6108);
#6106 = CARTESIAN_POINT('',(-19.5,15.,39.5));
#6107 = DIRECTION('',(0.,0.,1.));
#6108 = DIRECTION('',(1.,0.,-0.));
#6109 = PCURVE('',#753,#6110);
#6110 = DEFINITIONAL_REPRESENTATION('',(#6111),#6115);
#6111 = LINE('',#6112,#6113);
#6112 = CARTESIAN_POINT('',(0.,0.5));
#6113 = VECTOR('',#6114,1.);
#6114 = DIRECTION('',(1.,0.));
#6115 = ( GEOMETRIC_REPRESENTATION_CONTEXT(2) 
PARAMETRIC_REPRESENTATION_CONTEXT() REPRESENTATION_CONTEXT('2D SPACE',''
  ) );
#6116 = PCURVE('',#5771,#6117);
#6117 = DEFINITIONAL_REPRESENTATION('',(#6118),#6122);
#6118 = CIRCLE('',#6119,3.65);
#6119 = AXIS2_PLACEMENT_2D('',#6120,#6121);
#6120 = CARTESIAN_POINT('',(-19.49999999601,-45.00000000517));
#6121 = DIRECTION('',(1.,0.));
#6122 = ( GEOMETRIC_REPRESENTATION_CONTEXT(2) 
PARAMETRIC_REPRESENTATION_CONTEXT() REPRESENTATION_CONTEXT('2D SPACE',''
  ) );
#6123 = ADVANCED_FACE('',(#6124),#1264,.F.);
#6124 = FACE_BOUND('',#6125,.F.);
#6125 = EDGE_LOOP('',(#6126,#6147,#6148,#6149));
#6126 = ORIENTED_EDGE('',*,*,#6127,.T.);
#6127 = EDGE_CURVE('',#1216,#4195,#6128,.T.);
#6128 = SURFACE_CURVE('',#6129,(#6133,#6140),.PCURVE_S1.);
#6129 = LINE('',#6130,#6131);
#6130 = CARTESIAN_POINT('',(24.499999998185,25.000000009782,42.));
#6131 = VECTOR('',#6132,1.);
#6132 = DIRECTION('',(0.,0.,1.));
#6133 = PCURVE('',#1264,#6134);
#6134 = DEFINITIONAL_REPRESENTATION('',(#6135),#6139);
#6135 = LINE('',#6136,#6137);
#6136 = CARTESIAN_POINT('',(-3.552713678801E-15,0.));
#6137 = VECTOR('',#6138,1.);
#6138 = DIRECTION('',(0.,-1.));
#6139 = ( GEOMETRIC_REPRESENTATION_CONTEXT(2) 
PARAMETRIC_REPRESENTATION_CONTEXT() REPRESENTATION_CONTEXT('2D SPACE',''
  ) );
#6140 = PCURVE('',#1236,#6141);
#6141 = DEFINITIONAL_REPRESENTATION('',(#6142),#6146);
#6142 = LINE('',#6143,#6144);
#6143 = CARTESIAN_POINT('',(-6.28318530718,0.));
#6144 = VECTOR('',#6145,1.);
#6145 = DIRECTION('',(-0.,-1.));
#6146 = ( GEOMETRIC_REPRESENTATION_CONTEXT(2) 
PARAMETRIC_REPRESENTATION_CONTEXT() REPRESENTATION_CONTEXT('2D SPACE',''
  ) );
#6147 = ORIENTED_EDGE('',*,*,#4218,.T.);
#6148 = ORIENTED_EDGE('',*,*,#6052,.F.);
#6149 = ORIENTED_EDGE('',*,*,#1248,.F.);
#6150 = ADVANCED_FACE('',(#6151),#786,.F.);
#6151 = FACE_BOUND('',#6152,.F.);
#6152 = EDGE_LOOP('',(#6153,#6179,#6180,#6181));
#6153 = ORIENTED_EDGE('',*,*,#6154,.F.);
#6154 = EDGE_CURVE('',#5583,#6080,#6155,.T.);
#6155 = SURFACE_CURVE('',#6156,(#6161,#6168),.PCURVE_S1.);
#6156 = CIRCLE('',#6157,18.8);
#6157 = AXIS2_PLACEMENT_3D('',#6158,#6159,#6160);
#6158 = CARTESIAN_POINT('',(-1.5,24.999999990127,39.5));
#6159 = DIRECTION('',(0.,0.,-1.));
#6160 = DIRECTION('',(-1.,0.,0.));
#6161 = PCURVE('',#786,#6162);
#6162 = DEFINITIONAL_REPRESENTATION('',(#6163),#6167);
#6163 = LINE('',#6164,#6165);
#6164 = CARTESIAN_POINT('',(0.,0.));
#6165 = VECTOR('',#6166,1.);
#6166 = DIRECTION('',(1.,0.));
#6167 = ( GEOMETRIC_REPRESENTATION_CONTEXT(2) 
PARAMETRIC_REPRESENTATION_CONTEXT() REPRESENTATION_CONTEXT('2D SPACE',''
  ) );
#6168 = PCURVE('',#5771,#6169);
#6169 = DEFINITIONAL_REPRESENTATION('',(#6170),#6178);
#6170 = ( BOUNDED_CURVE() B_SPLINE_CURVE(2,(#6171,#6172,#6173,#6174,
#6175,#6176,#6177),.UNSPECIFIED.,.T.,.F.) B_SPLINE_CURVE_WITH_KNOTS((1,2
    ,2,2,2,1),(-2.094395102393,0.,2.094395102393,4.188790204786,
6.28318530718,8.377580409573),.UNSPECIFIED.) CURVE() 
GEOMETRIC_REPRESENTATION_ITEM() RATIONAL_B_SPLINE_CURVE((1.,0.5,1.,0.5,
1.,0.5,1.)) REPRESENTATION_ITEM('') );
#6171 = CARTESIAN_POINT('',(-20.29999999601,-35.00000001504));
#6172 = CARTESIAN_POINT('',(-20.29999999601,-2.43744483275));
#6173 = CARTESIAN_POINT('',(7.90000000399,-18.71872242389));
#6174 = CARTESIAN_POINT('',(36.10000000399,-35.00000001504));
#6175 = CARTESIAN_POINT('',(7.90000000399,-51.28127760619));
#6176 = CARTESIAN_POINT('',(-20.29999999601,-67.56255519734));
#6177 = CARTESIAN_POINT('',(-20.29999999601,-35.00000001504));
#6178 = ( GEOMETRIC_REPRESENTATION_CONTEXT(2) 
PARAMETRIC_REPRESENTATION_CONTEXT() REPRESENTATION_CONTEXT('2D SPACE',''
  ) );
#6179 = ORIENTED_EDGE('',*,*,#5582,.F.);
#6180 = ORIENTED_EDGE('',*,*,#765,.T.);
#6181 = ORIENTED_EDGE('',*,*,#6079,.T.);
#6182 = ADVANCED_FACE('',(#6183),#1236,.T.);
#6183 = FACE_BOUND('',#6184,.F.);
#6184 = EDGE_LOOP('',(#6185,#6186,#6187,#6188));
#6185 = ORIENTED_EDGE('',*,*,#1215,.T.);
#6186 = ORIENTED_EDGE('',*,*,#5944,.T.);
#6187 = ORIENTED_EDGE('',*,*,#4194,.T.);
#6188 = ORIENTED_EDGE('',*,*,#6127,.F.);
#6189 = ADVANCED_FACE('',(#6190),#1070,.F.);
#6190 = FACE_BOUND('',#6191,.F.);
#6191 = EDGE_LOOP('',(#6192,#6220,#6239,#6240));
#6192 = ORIENTED_EDGE('',*,*,#6193,.F.);
#6193 = EDGE_CURVE('',#6194,#5279,#6196,.T.);
#6194 = VERTEX_POINT('',#6195);
#6195 = CARTESIAN_POINT('',(16.248549963265,13.341514950741,39.5));
#6196 = SURFACE_CURVE('',#6197,(#6202,#6209),.PCURVE_S1.);
#6197 = CIRCLE('',#6198,18.8);
#6198 = AXIS2_PLACEMENT_3D('',#6199,#6200,#6201);
#6199 = CARTESIAN_POINT('',(1.49999999637,25.000000009873,39.5));
#6200 = DIRECTION('',(0.,0.,-1.));
#6201 = DIRECTION('',(-1.,0.,0.));
#6202 = PCURVE('',#1070,#6203);
#6203 = DEFINITIONAL_REPRESENTATION('',(#6204),#6208);
#6204 = LINE('',#6205,#6206);
#6205 = CARTESIAN_POINT('',(0.,0.));
#6206 = VECTOR('',#6207,1.);
#6207 = DIRECTION('',(1.,0.));
#6208 = ( GEOMETRIC_REPRESENTATION_CONTEXT(2) 
PARAMETRIC_REPRESENTATION_CONTEXT() REPRESENTATION_CONTEXT('2D SPACE',''
  ) );
#6209 = PCURVE('',#5411,#6210);
#6210 = DEFINITIONAL_REPRESENTATION('',(#6211),#6219);
#6211 = ( BOUNDED_CURVE() B_SPLINE_CURVE(2,(#6212,#6213,#6214,#6215,
#6216,#6217,#6218),.UNSPECIFIED.,.T.,.F.) B_SPLINE_CURVE_WITH_KNOTS((1,2
    ,2,2,2,1),(-2.094395102393,0.,2.094395102393,4.188790204786,
6.28318530718,8.377580409573),.UNSPECIFIED.) CURVE() 
GEOMETRIC_REPRESENTATION_ITEM() RATIONAL_B_SPLINE_CURVE((1.,0.5,1.,0.5,
1.,0.5,1.)) REPRESENTATION_ITEM('') );
#6212 = CARTESIAN_POINT('',(-17.29999999963,-34.99999999529));
#6213 = CARTESIAN_POINT('',(-17.29999999963,-2.437444813003));
#6214 = CARTESIAN_POINT('',(10.900000000361,-18.71872240415));
#6215 = CARTESIAN_POINT('',(39.100000000361,-34.99999999529));
#6216 = CARTESIAN_POINT('',(10.900000000361,-51.28127758644));
#6217 = CARTESIAN_POINT('',(-17.29999999963,-67.56255517759));
#6218 = CARTESIAN_POINT('',(-17.29999999963,-34.99999999529));
#6219 = ( GEOMETRIC_REPRESENTATION_CONTEXT(2) 
PARAMETRIC_REPRESENTATION_CONTEXT() REPRESENTATION_CONTEXT('2D SPACE',''
  ) );
#6220 = ORIENTED_EDGE('',*,*,#6221,.F.);
#6221 = EDGE_CURVE('',#1050,#6194,#6222,.T.);
#6222 = SURFACE_CURVE('',#6223,(#6227,#6233),.PCURVE_S1.);
#6223 = LINE('',#6224,#6225);
#6224 = CARTESIAN_POINT('',(16.248549963265,13.341514950741,39.5));
#6225 = VECTOR('',#6226,1.);
#6226 = DIRECTION('',(0.,0.,-1.));
#6227 = PCURVE('',#1070,#6228);
#6228 = DEFINITIONAL_REPRESENTATION('',(#6229),#6232);
#6229 = B_SPLINE_CURVE_WITH_KNOTS('',1,(#6230,#6231),.UNSPECIFIED.,.F.,
  .F.,(2,2),(-2.5000006,6.059999996921E-06),.PIECEWISE_BEZIER_KNOTS.);
#6230 = CARTESIAN_POINT('',(3.810503840723,-2.5000006));
#6231 = CARTESIAN_POINT('',(3.810503840723,6.059999996921E-06));
#6232 = ( GEOMETRIC_REPRESENTATION_CONTEXT(2) 
PARAMETRIC_REPRESENTATION_CONTEXT() REPRESENTATION_CONTEXT('2D SPACE',''
  ) );
#6233 = PCURVE('',#1099,#6234);
#6234 = DEFINITIONAL_REPRESENTATION('',(#6235),#6238);
#6235 = B_SPLINE_CURVE_WITH_KNOTS('',1,(#6236,#6237),.UNSPECIFIED.,.F.,
  .F.,(2,2),(-2.5000006,6.059999996921E-06),.PIECEWISE_BEZIER_KNOTS.);
#6236 = CARTESIAN_POINT('',(3.613268146739,3.0000006));
#6237 = CARTESIAN_POINT('',(3.613268146739,0.49999394));
#6238 = ( GEOMETRIC_REPRESENTATION_CONTEXT(2) 
PARAMETRIC_REPRESENTATION_CONTEXT() REPRESENTATION_CONTEXT('2D SPACE',''
  ) );
#6239 = ORIENTED_EDGE('',*,*,#1049,.T.);
#6240 = ORIENTED_EDGE('',*,*,#5527,.F.);
#6241 = ADVANCED_FACE('',(#6242),#1132,.T.);
#6242 = FACE_BOUND('',#6243,.F.);
#6243 = EDGE_LOOP('',(#6244,#6268,#6269,#6270));
#6244 = ORIENTED_EDGE('',*,*,#6245,.F.);
#6245 = EDGE_CURVE('',#5247,#6246,#6248,.T.);
#6246 = VERTEX_POINT('',#6247);
#6247 = CARTESIAN_POINT('',(17.216960274831,12.152153513038,39.5));
#6248 = SURFACE_CURVE('',#6249,(#6254,#6261),.PCURVE_S1.);
#6249 = CIRCLE('',#6250,20.3);
#6250 = AXIS2_PLACEMENT_3D('',#6251,#6252,#6253);
#6251 = CARTESIAN_POINT('',(1.49999999637,25.000000009836,39.5));
#6252 = DIRECTION('',(0.,0.,1.));
#6253 = DIRECTION('',(1.,0.,0.));
#6254 = PCURVE('',#1132,#6255);
#6255 = DEFINITIONAL_REPRESENTATION('',(#6256),#6260);
#6256 = LINE('',#6257,#6258);
#6257 = CARTESIAN_POINT('',(-0.,0.));
#6258 = VECTOR('',#6259,1.);
#6259 = DIRECTION('',(-1.,0.));
#6260 = ( GEOMETRIC_REPRESENTATION_CONTEXT(2) 
PARAMETRIC_REPRESENTATION_CONTEXT() REPRESENTATION_CONTEXT('2D SPACE',''
  ) );
#6261 = PCURVE('',#5411,#6262);
#6262 = DEFINITIONAL_REPRESENTATION('',(#6263),#6267);
#6263 = CIRCLE('',#6264,20.3);
#6264 = AXIS2_PLACEMENT_2D('',#6265,#6266);
#6265 = CARTESIAN_POINT('',(1.500000000361,-34.99999999533));
#6266 = DIRECTION('',(1.,0.));
#6267 = ( GEOMETRIC_REPRESENTATION_CONTEXT(2) 
PARAMETRIC_REPRESENTATION_CONTEXT() REPRESENTATION_CONTEXT('2D SPACE',''
  ) );
#6268 = ORIENTED_EDGE('',*,*,#5246,.F.);
#6269 = ORIENTED_EDGE('',*,*,#1111,.F.);
#6270 = ORIENTED_EDGE('',*,*,#6271,.T.);
#6271 = EDGE_CURVE('',#1083,#6246,#6272,.T.);
#6272 = SURFACE_CURVE('',#6273,(#6277,#6283),.PCURVE_S1.);
#6273 = LINE('',#6274,#6275);
#6274 = CARTESIAN_POINT('',(17.216960274831,12.152153513038,39.5));
#6275 = VECTOR('',#6276,1.);
#6276 = DIRECTION('',(-0.,-0.,-1.));
#6277 = PCURVE('',#1132,#6278);
#6278 = DEFINITIONAL_REPRESENTATION('',(#6279),#6282);
#6279 = B_SPLINE_CURVE_WITH_KNOTS('',1,(#6280,#6281),.UNSPECIFIED.,.F.,
  .F.,(2,2),(-2.5000006,6.000000070117E-07),.PIECEWISE_BEZIER_KNOTS.);
#6280 = CARTESIAN_POINT('',(-5.597893659393,-2.5000006));
#6281 = CARTESIAN_POINT('',(-5.597893659393,6.000000070117E-07));
#6282 = ( GEOMETRIC_REPRESENTATION_CONTEXT(2) 
PARAMETRIC_REPRESENTATION_CONTEXT() REPRESENTATION_CONTEXT('2D SPACE',''
  ) );
#6283 = PCURVE('',#1099,#6284);
#6284 = DEFINITIONAL_REPRESENTATION('',(#6285),#6288);
#6285 = B_SPLINE_CURVE_WITH_KNOTS('',1,(#6286,#6287),.UNSPECIFIED.,.F.,
  .F.,(2,2),(-2.5000006,6.000000070117E-07),.PIECEWISE_BEZIER_KNOTS.);
#6286 = CARTESIAN_POINT('',(4.036629157025,3.0000006));
#6287 = CARTESIAN_POINT('',(4.036629157025,0.4999994));
#6288 = ( GEOMETRIC_REPRESENTATION_CONTEXT(2) 
PARAMETRIC_REPRESENTATION_CONTEXT() REPRESENTATION_CONTEXT('2D SPACE',''
  ) );
#6289 = ADVANCED_FACE('',(#6290),#1099,.F.);
#6290 = FACE_BOUND('',#6291,.F.);
#6291 = EDGE_LOOP('',(#6292,#6293,#6294,#6295));
#6292 = ORIENTED_EDGE('',*,*,#6271,.F.);
#6293 = ORIENTED_EDGE('',*,*,#1082,.F.);
#6294 = ORIENTED_EDGE('',*,*,#6221,.T.);
#6295 = ORIENTED_EDGE('',*,*,#6296,.T.);
#6296 = EDGE_CURVE('',#6194,#6246,#6297,.T.);
#6297 = SURFACE_CURVE('',#6298,(#6303,#6310),.PCURVE_S1.);
#6298 = CIRCLE('',#6299,3.65);
#6299 = AXIS2_PLACEMENT_3D('',#6300,#6301,#6302);
#6300 = CARTESIAN_POINT('',(19.5,15.,39.5));
#6301 = DIRECTION('',(0.,0.,1.));
#6302 = DIRECTION('',(1.,0.,-0.));
#6303 = PCURVE('',#1099,#6304);
#6304 = DEFINITIONAL_REPRESENTATION('',(#6305),#6309);
#6305 = LINE('',#6306,#6307);
#6306 = CARTESIAN_POINT('',(0.,0.5));
#6307 = VECTOR('',#6308,1.);
#6308 = DIRECTION('',(1.,0.));
#6309 = ( GEOMETRIC_REPRESENTATION_CONTEXT(2) 
PARAMETRIC_REPRESENTATION_CONTEXT() REPRESENTATION_CONTEXT('2D SPACE',''
  ) );
#6310 = PCURVE('',#5411,#6311);
#6311 = DEFINITIONAL_REPRESENTATION('',(#6312),#6316);
#6312 = CIRCLE('',#6313,3.65);
#6313 = AXIS2_PLACEMENT_2D('',#6314,#6315);
#6314 = CARTESIAN_POINT('',(19.50000000399,-45.00000000517));
#6315 = DIRECTION('',(1.,0.));
#6316 = ( GEOMETRIC_REPRESENTATION_CONTEXT(2) 
PARAMETRIC_REPRESENTATION_CONTEXT() REPRESENTATION_CONTEXT('2D SPACE',''
  ) );
#6317 = ADVANCED_FACE('',(#6318),#1432,.F.);
#6318 = FACE_BOUND('',#6319,.F.);
#6319 = EDGE_LOOP('',(#6320,#6341,#6342,#6343));
#6320 = ORIENTED_EDGE('',*,*,#6321,.T.);
#6321 = EDGE_CURVE('',#1416,#4361,#6322,.T.);
#6322 = SEAM_CURVE('',#6323,(#6327,#6334),.PCURVE_S1.);
#6323 = LINE('',#6324,#6325);
#6324 = CARTESIAN_POINT('',(-18.3,15.,38.));
#6325 = VECTOR('',#6326,1.);
#6326 = DIRECTION('',(0.,0.,1.));
#6327 = PCURVE('',#1432,#6328);
#6328 = DEFINITIONAL_REPRESENTATION('',(#6329),#6333);
#6329 = LINE('',#6330,#6331);
#6330 = CARTESIAN_POINT('',(6.28318530718,-0.));
#6331 = VECTOR('',#6332,1.);
#6332 = DIRECTION('',(0.,1.));
#6333 = ( GEOMETRIC_REPRESENTATION_CONTEXT(2) 
PARAMETRIC_REPRESENTATION_CONTEXT() REPRESENTATION_CONTEXT('2D SPACE',''
  ) );
#6334 = PCURVE('',#1432,#6335);
#6335 = DEFINITIONAL_REPRESENTATION('',(#6336),#6340);
#6336 = LINE('',#6337,#6338);
#6337 = CARTESIAN_POINT('',(0.,-0.));
#6338 = VECTOR('',#6339,1.);
#6339 = DIRECTION('',(0.,1.));
#6340 = ( GEOMETRIC_REPRESENTATION_CONTEXT(2) 
PARAMETRIC_REPRESENTATION_CONTEXT() REPRESENTATION_CONTEXT('2D SPACE',''
  ) );
#6341 = ORIENTED_EDGE('',*,*,#4360,.F.);
#6342 = ORIENTED_EDGE('',*,*,#6321,.F.);
#6343 = ORIENTED_EDGE('',*,*,#1415,.T.);
#6344 = ADVANCED_FACE('',(#6345),#1463,.F.);
#6345 = FACE_BOUND('',#6346,.F.);
#6346 = EDGE_LOOP('',(#6347,#6370,#6398,#6419));
#6347 = ORIENTED_EDGE('',*,*,#6348,.F.);
#6348 = EDGE_CURVE('',#6349,#1447,#6351,.T.);
#6349 = VERTEX_POINT('',#6350);
#6350 = CARTESIAN_POINT('',(-12.1,13.,41.5));
#6351 = SURFACE_CURVE('',#6352,(#6356,#6363),.PCURVE_S1.);
#6352 = LINE('',#6353,#6354);
#6353 = CARTESIAN_POINT('',(-12.1,13.,41.5));
#6354 = VECTOR('',#6355,1.);
#6355 = DIRECTION('',(0.,0.,1.));
#6356 = PCURVE('',#1463,#6357);
#6357 = DEFINITIONAL_REPRESENTATION('',(#6358),#6362);
#6358 = LINE('',#6359,#6360);
#6359 = CARTESIAN_POINT('',(0.,1.4));
#6360 = VECTOR('',#6361,1.);
#6361 = DIRECTION('',(1.,0.));
#6362 = ( GEOMETRIC_REPRESENTATION_CONTEXT(2) 
PARAMETRIC_REPRESENTATION_CONTEXT() REPRESENTATION_CONTEXT('2D SPACE',''
  ) );
#6363 = PCURVE('',#1539,#6364);
#6364 = DEFINITIONAL_REPRESENTATION('',(#6365),#6369);
#6365 = LINE('',#6366,#6367);
#6366 = CARTESIAN_POINT('',(0.,0.));
#6367 = VECTOR('',#6368,1.);
#6368 = DIRECTION('',(1.,0.));
#6369 = ( GEOMETRIC_REPRESENTATION_CONTEXT(2) 
PARAMETRIC_REPRESENTATION_CONTEXT() REPRESENTATION_CONTEXT('2D SPACE',''
  ) );
#6370 = ORIENTED_EDGE('',*,*,#6371,.F.);
#6371 = EDGE_CURVE('',#6372,#6349,#6374,.T.);
#6372 = VERTEX_POINT('',#6373);
#6373 = CARTESIAN_POINT('',(-13.5,13.,41.5));
#6374 = SURFACE_CURVE('',#6375,(#6379,#6386),.PCURVE_S1.);
#6375 = LINE('',#6376,#6377);
#6376 = CARTESIAN_POINT('',(-13.5,13.,41.5));
#6377 = VECTOR('',#6378,1.);
#6378 = DIRECTION('',(1.,0.,-0.));
#6379 = PCURVE('',#1463,#6380);
#6380 = DEFINITIONAL_REPRESENTATION('',(#6381),#6385);
#6381 = LINE('',#6382,#6383);
#6382 = CARTESIAN_POINT('',(0.,0.));
#6383 = VECTOR('',#6384,1.);
#6384 = DIRECTION('',(0.,1.));
#6385 = ( GEOMETRIC_REPRESENTATION_CONTEXT(2) 
PARAMETRIC_REPRESENTATION_CONTEXT() REPRESENTATION_CONTEXT('2D SPACE',''
  ) );
#6386 = PCURVE('',#6387,#6392);
#6387 = PLANE('',#6388);
#6388 = AXIS2_PLACEMENT_3D('',#6389,#6390,#6391);
#6389 = CARTESIAN_POINT('',(-13.5,13.,41.5));
#6390 = DIRECTION('',(0.,0.,1.));
#6391 = DIRECTION('',(1.,0.,-0.));
#6392 = DEFINITIONAL_REPRESENTATION('',(#6393),#6397);
#6393 = LINE('',#6394,#6395);
#6394 = CARTESIAN_POINT('',(0.,0.));
#6395 = VECTOR('',#6396,1.);
#6396 = DIRECTION('',(1.,0.));
#6397 = ( GEOMETRIC_REPRESENTATION_CONTEXT(2) 
PARAMETRIC_REPRESENTATION_CONTEXT() REPRESENTATION_CONTEXT('2D SPACE',''
  ) );
#6398 = ORIENTED_EDGE('',*,*,#6399,.T.);
#6399 = EDGE_CURVE('',#6372,#1449,#6400,.T.);
#6400 = SURFACE_CURVE('',#6401,(#6405,#6412),.PCURVE_S1.);
#6401 = LINE('',#6402,#6403);
#6402 = CARTESIAN_POINT('',(-13.5,13.,41.5));
#6403 = VECTOR('',#6404,1.);
#6404 = DIRECTION('',(0.,0.,1.));
#6405 = PCURVE('',#1463,#6406);
#6406 = DEFINITIONAL_REPRESENTATION('',(#6407),#6411);
#6407 = LINE('',#6408,#6409);
#6408 = CARTESIAN_POINT('',(0.,0.));
#6409 = VECTOR('',#6410,1.);
#6410 = DIRECTION('',(1.,0.));
#6411 = ( GEOMETRIC_REPRESENTATION_CONTEXT(2) 
PARAMETRIC_REPRESENTATION_CONTEXT() REPRESENTATION_CONTEXT('2D SPACE',''
  ) );
#6412 = PCURVE('',#1489,#6413);
#6413 = DEFINITIONAL_REPRESENTATION('',(#6414),#6418);
#6414 = LINE('',#6415,#6416);
#6415 = CARTESIAN_POINT('',(0.,0.));
#6416 = VECTOR('',#6417,1.);
#6417 = DIRECTION('',(1.,0.));
#6418 = ( GEOMETRIC_REPRESENTATION_CONTEXT(2) 
PARAMETRIC_REPRESENTATION_CONTEXT() REPRESENTATION_CONTEXT('2D SPACE',''
  ) );
#6419 = ORIENTED_EDGE('',*,*,#1446,.F.);
#6420 = ADVANCED_FACE('',(#6421),#1539,.T.);
#6421 = FACE_BOUND('',#6422,.T.);
#6422 = EDGE_LOOP('',(#6423,#6424,#6447,#6468));
#6423 = ORIENTED_EDGE('',*,*,#6348,.F.);
#6424 = ORIENTED_EDGE('',*,*,#6425,.T.);
#6425 = EDGE_CURVE('',#6349,#6426,#6428,.T.);
#6426 = VERTEX_POINT('',#6427);
#6427 = CARTESIAN_POINT('',(-12.1,14.6,41.5));
#6428 = SURFACE_CURVE('',#6429,(#6433,#6440),.PCURVE_S1.);
#6429 = LINE('',#6430,#6431);
#6430 = CARTESIAN_POINT('',(-12.1,13.,41.5));
#6431 = VECTOR('',#6432,1.);
#6432 = DIRECTION('',(-0.,1.,0.));
#6433 = PCURVE('',#1539,#6434);
#6434 = DEFINITIONAL_REPRESENTATION('',(#6435),#6439);
#6435 = LINE('',#6436,#6437);
#6436 = CARTESIAN_POINT('',(0.,0.));
#6437 = VECTOR('',#6438,1.);
#6438 = DIRECTION('',(0.,-1.));
#6439 = ( GEOMETRIC_REPRESENTATION_CONTEXT(2) 
PARAMETRIC_REPRESENTATION_CONTEXT() REPRESENTATION_CONTEXT('2D SPACE',''
  ) );
#6440 = PCURVE('',#6387,#6441);
#6441 = DEFINITIONAL_REPRESENTATION('',(#6442),#6446);
#6442 = LINE('',#6443,#6444);
#6443 = CARTESIAN_POINT('',(1.4,0.));
#6444 = VECTOR('',#6445,1.);
#6445 = DIRECTION('',(0.,1.));
#6446 = ( GEOMETRIC_REPRESENTATION_CONTEXT(2) 
PARAMETRIC_REPRESENTATION_CONTEXT() REPRESENTATION_CONTEXT('2D SPACE',''
  ) );
#6447 = ORIENTED_EDGE('',*,*,#6448,.T.);
#6448 = EDGE_CURVE('',#6426,#1501,#6449,.T.);
#6449 = SURFACE_CURVE('',#6450,(#6454,#6461),.PCURVE_S1.);
#6450 = LINE('',#6451,#6452);
#6451 = CARTESIAN_POINT('',(-12.1,14.6,41.5));
#6452 = VECTOR('',#6453,1.);
#6453 = DIRECTION('',(0.,0.,1.));
#6454 = PCURVE('',#1539,#6455);
#6455 = DEFINITIONAL_REPRESENTATION('',(#6456),#6460);
#6456 = LINE('',#6457,#6458);
#6457 = CARTESIAN_POINT('',(0.,-1.6));
#6458 = VECTOR('',#6459,1.);
#6459 = DIRECTION('',(1.,0.));
#6460 = ( GEOMETRIC_REPRESENTATION_CONTEXT(2) 
PARAMETRIC_REPRESENTATION_CONTEXT() REPRESENTATION_CONTEXT('2D SPACE',''
  ) );
#6461 = PCURVE('',#1515,#6462);
#6462 = DEFINITIONAL_REPRESENTATION('',(#6463),#6467);
#6463 = LINE('',#6464,#6465);
#6464 = CARTESIAN_POINT('',(0.,1.4));
#6465 = VECTOR('',#6466,1.);
#6466 = DIRECTION('',(1.,0.));
#6467 = ( GEOMETRIC_REPRESENTATION_CONTEXT(2) 
PARAMETRIC_REPRESENTATION_CONTEXT() REPRESENTATION_CONTEXT('2D SPACE',''
  ) );
#6468 = ORIENTED_EDGE('',*,*,#1526,.F.);
#6469 = ADVANCED_FACE('',(#6470),#1489,.F.);
#6470 = FACE_BOUND('',#6471,.F.);
#6471 = EDGE_LOOP('',(#6472,#6473,#6496,#6517));
#6472 = ORIENTED_EDGE('',*,*,#6399,.F.);
#6473 = ORIENTED_EDGE('',*,*,#6474,.T.);
#6474 = EDGE_CURVE('',#6372,#6475,#6477,.T.);
#6475 = VERTEX_POINT('',#6476);
#6476 = CARTESIAN_POINT('',(-13.5,14.6,41.5));
#6477 = SURFACE_CURVE('',#6478,(#6482,#6489),.PCURVE_S1.);
#6478 = LINE('',#6479,#6480);
#6479 = CARTESIAN_POINT('',(-13.5,13.,41.5));
#6480 = VECTOR('',#6481,1.);
#6481 = DIRECTION('',(-0.,1.,0.));
#6482 = PCURVE('',#1489,#6483);
#6483 = DEFINITIONAL_REPRESENTATION('',(#6484),#6488);
#6484 = LINE('',#6485,#6486);
#6485 = CARTESIAN_POINT('',(0.,0.));
#6486 = VECTOR('',#6487,1.);
#6487 = DIRECTION('',(0.,-1.));
#6488 = ( GEOMETRIC_REPRESENTATION_CONTEXT(2) 
PARAMETRIC_REPRESENTATION_CONTEXT() REPRESENTATION_CONTEXT('2D SPACE',''
  ) );
#6489 = PCURVE('',#6387,#6490);
#6490 = DEFINITIONAL_REPRESENTATION('',(#6491),#6495);
#6491 = LINE('',#6492,#6493);
#6492 = CARTESIAN_POINT('',(0.,0.));
#6493 = VECTOR('',#6494,1.);
#6494 = DIRECTION('',(0.,1.));
#6495 = ( GEOMETRIC_REPRESENTATION_CONTEXT(2) 
PARAMETRIC_REPRESENTATION_CONTEXT() REPRESENTATION_CONTEXT('2D SPACE',''
  ) );
#6496 = ORIENTED_EDGE('',*,*,#6497,.T.);
#6497 = EDGE_CURVE('',#6475,#1475,#6498,.T.);
#6498 = SURFACE_CURVE('',#6499,(#6503,#6510),.PCURVE_S1.);
#6499 = LINE('',#6500,#6501);
#6500 = CARTESIAN_POINT('',(-13.5,14.6,41.5));
#6501 = VECTOR('',#6502,1.);
#6502 = DIRECTION('',(0.,0.,1.));
#6503 = PCURVE('',#1489,#6504);
#6504 = DEFINITIONAL_REPRESENTATION('',(#6505),#6509);
#6505 = LINE('',#6506,#6507);
#6506 = CARTESIAN_POINT('',(0.,-1.6));
#6507 = VECTOR('',#6508,1.);
#6508 = DIRECTION('',(1.,0.));
#6509 = ( GEOMETRIC_REPRESENTATION_CONTEXT(2) 
PARAMETRIC_REPRESENTATION_CONTEXT() REPRESENTATION_CONTEXT('2D SPACE',''
  ) );
#6510 = PCURVE('',#1515,#6511);
#6511 = DEFINITIONAL_REPRESENTATION('',(#6512),#6516);
#6512 = LINE('',#6513,#6514);
#6513 = CARTESIAN_POINT('',(0.,0.));
#6514 = VECTOR('',#6515,1.);
#6515 = DIRECTION('',(1.,0.));
#6516 = ( GEOMETRIC_REPRESENTATION_CONTEXT(2) 
PARAMETRIC_REPRESENTATION_CONTEXT() REPRESENTATION_CONTEXT('2D SPACE',''
  ) );
#6517 = ORIENTED_EDGE('',*,*,#1474,.F.);
#6518 = ADVANCED_FACE('',(#6519),#1515,.T.);
#6519 = FACE_BOUND('',#6520,.T.);
#6520 = EDGE_LOOP('',(#6521,#6522,#6543,#6544));
#6521 = ORIENTED_EDGE('',*,*,#6448,.F.);
#6522 = ORIENTED_EDGE('',*,*,#6523,.F.);
#6523 = EDGE_CURVE('',#6475,#6426,#6524,.T.);
#6524 = SURFACE_CURVE('',#6525,(#6529,#6536),.PCURVE_S1.);
#6525 = LINE('',#6526,#6527);
#6526 = CARTESIAN_POINT('',(-13.5,14.6,41.5));
#6527 = VECTOR('',#6528,1.);
#6528 = DIRECTION('',(1.,0.,-0.));
#6529 = PCURVE('',#1515,#6530);
#6530 = DEFINITIONAL_REPRESENTATION('',(#6531),#6535);
#6531 = LINE('',#6532,#6533);
#6532 = CARTESIAN_POINT('',(0.,0.));
#6533 = VECTOR('',#6534,1.);
#6534 = DIRECTION('',(0.,1.));
#6535 = ( GEOMETRIC_REPRESENTATION_CONTEXT(2) 
PARAMETRIC_REPRESENTATION_CONTEXT() REPRESENTATION_CONTEXT('2D SPACE',''
  ) );
#6536 = PCURVE('',#6387,#6537);
#6537 = DEFINITIONAL_REPRESENTATION('',(#6538),#6542);
#6538 = LINE('',#6539,#6540);
#6539 = CARTESIAN_POINT('',(0.,1.6));
#6540 = VECTOR('',#6541,1.);
#6541 = DIRECTION('',(1.,0.));
#6542 = ( GEOMETRIC_REPRESENTATION_CONTEXT(2) 
PARAMETRIC_REPRESENTATION_CONTEXT() REPRESENTATION_CONTEXT('2D SPACE',''
  ) );
#6543 = ORIENTED_EDGE('',*,*,#6497,.T.);
#6544 = ORIENTED_EDGE('',*,*,#1500,.F.);
#6545 = ADVANCED_FACE('',(#6546),#1569,.F.);
#6546 = FACE_BOUND('',#6547,.F.);
#6547 = EDGE_LOOP('',(#6548,#6549,#6570,#6571));
#6548 = ORIENTED_EDGE('',*,*,#1552,.T.);
#6549 = ORIENTED_EDGE('',*,*,#6550,.T.);
#6550 = EDGE_CURVE('',#1555,#4389,#6551,.T.);
#6551 = SURFACE_CURVE('',#6552,(#6556,#6563),.PCURVE_S1.);
#6552 = LINE('',#6553,#6554);
#6553 = CARTESIAN_POINT('',(-8.,15.3,38.));
#6554 = VECTOR('',#6555,1.);
#6555 = DIRECTION('',(0.,0.,1.));
#6556 = PCURVE('',#1569,#6557);
#6557 = DEFINITIONAL_REPRESENTATION('',(#6558),#6562);
#6558 = LINE('',#6559,#6560);
#6559 = CARTESIAN_POINT('',(0.,0.));
#6560 = VECTOR('',#6561,1.);
#6561 = DIRECTION('',(0.,-1.));
#6562 = ( GEOMETRIC_REPRESENTATION_CONTEXT(2) 
PARAMETRIC_REPRESENTATION_CONTEXT() REPRESENTATION_CONTEXT('2D SPACE',''
  ) );
#6563 = PCURVE('',#1776,#6564);
#6564 = DEFINITIONAL_REPRESENTATION('',(#6565),#6569);
#6565 = LINE('',#6566,#6567);
#6566 = CARTESIAN_POINT('',(6.28318530718,0.));
#6567 = VECTOR('',#6568,1.);
#6568 = DIRECTION('',(0.,-1.));
#6569 = ( GEOMETRIC_REPRESENTATION_CONTEXT(2) 
PARAMETRIC_REPRESENTATION_CONTEXT() REPRESENTATION_CONTEXT('2D SPACE',''
  ) );
#6570 = ORIENTED_EDGE('',*,*,#4386,.F.);
#6571 = ORIENTED_EDGE('',*,*,#6572,.F.);
#6572 = EDGE_CURVE('',#1553,#4387,#6573,.T.);
#6573 = SURFACE_CURVE('',#6574,(#6578,#6585),.PCURVE_S1.);
#6574 = LINE('',#6575,#6576);
#6575 = CARTESIAN_POINT('',(-8.,25.299999948861,38.));
#6576 = VECTOR('',#6577,1.);
#6577 = DIRECTION('',(0.,0.,1.));
#6578 = PCURVE('',#1569,#6579);
#6579 = DEFINITIONAL_REPRESENTATION('',(#6580),#6584);
#6580 = LINE('',#6581,#6582);
#6581 = CARTESIAN_POINT('',(9.999999948861,0.));
#6582 = VECTOR('',#6583,1.);
#6583 = DIRECTION('',(0.,-1.));
#6584 = ( GEOMETRIC_REPRESENTATION_CONTEXT(2) 
PARAMETRIC_REPRESENTATION_CONTEXT() REPRESENTATION_CONTEXT('2D SPACE',''
  ) );
#6585 = PCURVE('',#1601,#6586);
#6586 = DEFINITIONAL_REPRESENTATION('',(#6587),#6591);
#6587 = LINE('',#6588,#6589);
#6588 = CARTESIAN_POINT('',(0.,0.));
#6589 = VECTOR('',#6590,1.);
#6590 = DIRECTION('',(0.,-1.));
#6591 = ( GEOMETRIC_REPRESENTATION_CONTEXT(2) 
PARAMETRIC_REPRESENTATION_CONTEXT() REPRESENTATION_CONTEXT('2D SPACE',''
  ) );
#6592 = ADVANCED_FACE('',(#6593),#1601,.F.);
#6593 = FACE_BOUND('',#6594,.F.);
#6594 = EDGE_LOOP('',(#6595,#6596,#6597,#6598));
#6595 = ORIENTED_EDGE('',*,*,#1580,.F.);
#6596 = ORIENTED_EDGE('',*,*,#6572,.T.);
#6597 = ORIENTED_EDGE('',*,*,#4409,.T.);
#6598 = ORIENTED_EDGE('',*,*,#6599,.F.);
#6599 = EDGE_CURVE('',#1581,#4410,#6600,.T.);
#6600 = SURFACE_CURVE('',#6601,(#6605,#6612),.PCURVE_S1.);
#6601 = LINE('',#6602,#6603);
#6602 = CARTESIAN_POINT('',(-6.,27.29999997443,38.));
#6603 = VECTOR('',#6604,1.);
#6604 = DIRECTION('',(0.,0.,1.));
#6605 = PCURVE('',#1601,#6606);
#6606 = DEFINITIONAL_REPRESENTATION('',(#6607),#6611);
#6607 = LINE('',#6608,#6609);
#6608 = CARTESIAN_POINT('',(1.570796326795,0.));
#6609 = VECTOR('',#6610,1.);
#6610 = DIRECTION('',(0.,-1.));
#6611 = ( GEOMETRIC_REPRESENTATION_CONTEXT(2) 
PARAMETRIC_REPRESENTATION_CONTEXT() REPRESENTATION_CONTEXT('2D SPACE',''
  ) );
#6612 = PCURVE('',#1628,#6613);
#6613 = DEFINITIONAL_REPRESENTATION('',(#6614),#6618);
#6614 = LINE('',#6615,#6616);
#6615 = CARTESIAN_POINT('',(0.,0.));
#6616 = VECTOR('',#6617,1.);
#6617 = DIRECTION('',(0.,-1.));
#6618 = ( GEOMETRIC_REPRESENTATION_CONTEXT(2) 
PARAMETRIC_REPRESENTATION_CONTEXT() REPRESENTATION_CONTEXT('2D SPACE',''
  ) );
#6619 = ADVANCED_FACE('',(#6620),#1776,.F.);
#6620 = FACE_BOUND('',#6621,.F.);
#6621 = EDGE_LOOP('',(#6622,#6623,#6644,#6645));
#6622 = ORIENTED_EDGE('',*,*,#1757,.F.);
#6623 = ORIENTED_EDGE('',*,*,#6624,.T.);
#6624 = EDGE_CURVE('',#1732,#4536,#6625,.T.);
#6625 = SURFACE_CURVE('',#6626,(#6630,#6637),.PCURVE_S1.);
#6626 = LINE('',#6627,#6628);
#6627 = CARTESIAN_POINT('',(-6.,13.3,38.));
#6628 = VECTOR('',#6629,1.);
#6629 = DIRECTION('',(0.,0.,1.));
#6630 = PCURVE('',#1776,#6631);
#6631 = DEFINITIONAL_REPRESENTATION('',(#6632),#6636);
#6632 = LINE('',#6633,#6634);
#6633 = CARTESIAN_POINT('',(4.712388980385,0.));
#6634 = VECTOR('',#6635,1.);
#6635 = DIRECTION('',(0.,-1.));
#6636 = ( GEOMETRIC_REPRESENTATION_CONTEXT(2) 
PARAMETRIC_REPRESENTATION_CONTEXT() REPRESENTATION_CONTEXT('2D SPACE',''
  ) );
#6637 = PCURVE('',#1746,#6638);
#6638 = DEFINITIONAL_REPRESENTATION('',(#6639),#6643);
#6639 = LINE('',#6640,#6641);
#6640 = CARTESIAN_POINT('',(0.,0.));
#6641 = VECTOR('',#6642,1.);
#6642 = DIRECTION('',(0.,-1.));
#6643 = ( GEOMETRIC_REPRESENTATION_CONTEXT(2) 
PARAMETRIC_REPRESENTATION_CONTEXT() REPRESENTATION_CONTEXT('2D SPACE',''
  ) );
#6644 = ORIENTED_EDGE('',*,*,#4556,.T.);
#6645 = ORIENTED_EDGE('',*,*,#6550,.F.);
#6646 = ADVANCED_FACE('',(#6647),#1628,.F.);
#6647 = FACE_BOUND('',#6648,.F.);
#6648 = EDGE_LOOP('',(#6649,#6650,#6651,#6652));
#6649 = ORIENTED_EDGE('',*,*,#1613,.T.);
#6650 = ORIENTED_EDGE('',*,*,#6599,.T.);
#6651 = ORIENTED_EDGE('',*,*,#4437,.F.);
#6652 = ORIENTED_EDGE('',*,*,#6653,.F.);
#6653 = EDGE_CURVE('',#1614,#4438,#6654,.T.);
#6654 = SURFACE_CURVE('',#6655,(#6659,#6666),.PCURVE_S1.);
#6655 = LINE('',#6656,#6657);
#6656 = CARTESIAN_POINT('',(6.,27.29999997443,38.));
#6657 = VECTOR('',#6658,1.);
#6658 = DIRECTION('',(0.,0.,1.));
#6659 = PCURVE('',#1628,#6660);
#6660 = DEFINITIONAL_REPRESENTATION('',(#6661),#6665);
#6661 = LINE('',#6662,#6663);
#6662 = CARTESIAN_POINT('',(12.,0.));
#6663 = VECTOR('',#6664,1.);
#6664 = DIRECTION('',(0.,-1.));
#6665 = ( GEOMETRIC_REPRESENTATION_CONTEXT(2) 
PARAMETRIC_REPRESENTATION_CONTEXT() REPRESENTATION_CONTEXT('2D SPACE',''
  ) );
#6666 = PCURVE('',#1660,#6667);
#6667 = DEFINITIONAL_REPRESENTATION('',(#6668),#6672);
#6668 = LINE('',#6669,#6670);
#6669 = CARTESIAN_POINT('',(1.570796326795,0.));
#6670 = VECTOR('',#6671,1.);
#6671 = DIRECTION('',(0.,-1.));
#6672 = ( GEOMETRIC_REPRESENTATION_CONTEXT(2) 
PARAMETRIC_REPRESENTATION_CONTEXT() REPRESENTATION_CONTEXT('2D SPACE',''
  ) );
#6673 = ADVANCED_FACE('',(#6674),#1746,.T.);
#6674 = FACE_BOUND('',#6675,.T.);
#6675 = EDGE_LOOP('',(#6676,#6677,#6678,#6679));
#6676 = ORIENTED_EDGE('',*,*,#1731,.T.);
#6677 = ORIENTED_EDGE('',*,*,#6624,.T.);
#6678 = ORIENTED_EDGE('',*,*,#4535,.F.);
#6679 = ORIENTED_EDGE('',*,*,#6680,.F.);
#6680 = EDGE_CURVE('',#1699,#4508,#6681,.T.);
#6681 = SURFACE_CURVE('',#6682,(#6686,#6693),.PCURVE_S1.);
#6682 = LINE('',#6683,#6684);
#6683 = CARTESIAN_POINT('',(5.999999927492,13.3,38.));
#6684 = VECTOR('',#6685,1.);
#6685 = DIRECTION('',(0.,0.,1.));
#6686 = PCURVE('',#1746,#6687);
#6687 = DEFINITIONAL_REPRESENTATION('',(#6688),#6692);
#6688 = LINE('',#6689,#6690);
#6689 = CARTESIAN_POINT('',(11.999999927492,0.));
#6690 = VECTOR('',#6691,1.);
#6691 = DIRECTION('',(0.,-1.));
#6692 = ( GEOMETRIC_REPRESENTATION_CONTEXT(2) 
PARAMETRIC_REPRESENTATION_CONTEXT() REPRESENTATION_CONTEXT('2D SPACE',''
  ) );
#6693 = PCURVE('',#1719,#6694);
#6694 = DEFINITIONAL_REPRESENTATION('',(#6695),#6699);
#6695 = LINE('',#6696,#6697);
#6696 = CARTESIAN_POINT('',(4.712388980385,0.));
#6697 = VECTOR('',#6698,1.);
#6698 = DIRECTION('',(0.,-1.));
#6699 = ( GEOMETRIC_REPRESENTATION_CONTEXT(2) 
PARAMETRIC_REPRESENTATION_CONTEXT() REPRESENTATION_CONTEXT('2D SPACE',''
  ) );
#6700 = ADVANCED_FACE('',(#6701),#1660,.F.);
#6701 = FACE_BOUND('',#6702,.F.);
#6702 = EDGE_LOOP('',(#6703,#6704,#6705,#6706));
#6703 = ORIENTED_EDGE('',*,*,#1639,.F.);
#6704 = ORIENTED_EDGE('',*,*,#6653,.T.);
#6705 = ORIENTED_EDGE('',*,*,#4458,.T.);
#6706 = ORIENTED_EDGE('',*,*,#6707,.F.);
#6707 = EDGE_CURVE('',#1640,#4459,#6708,.T.);
#6708 = SURFACE_CURVE('',#6709,(#6713,#6720),.PCURVE_S1.);
#6709 = LINE('',#6710,#6711);
#6710 = CARTESIAN_POINT('',(8.,25.299999948861,38.));
#6711 = VECTOR('',#6712,1.);
#6712 = DIRECTION('',(0.,0.,1.));
#6713 = PCURVE('',#1660,#6714);
#6714 = DEFINITIONAL_REPRESENTATION('',(#6715),#6719);
#6715 = LINE('',#6716,#6717);
#6716 = CARTESIAN_POINT('',(3.14159265359,0.));
#6717 = VECTOR('',#6718,1.);
#6718 = DIRECTION('',(0.,-1.));
#6719 = ( GEOMETRIC_REPRESENTATION_CONTEXT(2) 
PARAMETRIC_REPRESENTATION_CONTEXT() REPRESENTATION_CONTEXT('2D SPACE',''
  ) );
#6720 = PCURVE('',#1687,#6721);
#6721 = DEFINITIONAL_REPRESENTATION('',(#6722),#6726);
#6722 = LINE('',#6723,#6724);
#6723 = CARTESIAN_POINT('',(9.999999948861,0.));
#6724 = VECTOR('',#6725,1.);
#6725 = DIRECTION('',(0.,-1.));
#6726 = ( GEOMETRIC_REPRESENTATION_CONTEXT(2) 
PARAMETRIC_REPRESENTATION_CONTEXT() REPRESENTATION_CONTEXT('2D SPACE',''
  ) );
#6727 = ADVANCED_FACE('',(#6728),#1719,.F.);
#6728 = FACE_BOUND('',#6729,.F.);
#6729 = EDGE_LOOP('',(#6730,#6731,#6752,#6753));
#6730 = ORIENTED_EDGE('',*,*,#1698,.F.);
#6731 = ORIENTED_EDGE('',*,*,#6732,.T.);
#6732 = EDGE_CURVE('',#1673,#4487,#6733,.T.);
#6733 = SURFACE_CURVE('',#6734,(#6738,#6745),.PCURVE_S1.);
#6734 = LINE('',#6735,#6736);
#6735 = CARTESIAN_POINT('',(7.999999963746,15.3,38.));
#6736 = VECTOR('',#6737,1.);
#6737 = DIRECTION('',(0.,0.,1.));
#6738 = PCURVE('',#1719,#6739);
#6739 = DEFINITIONAL_REPRESENTATION('',(#6740),#6744);
#6740 = LINE('',#6741,#6742);
#6741 = CARTESIAN_POINT('',(3.14159265359,0.));
#6742 = VECTOR('',#6743,1.);
#6743 = DIRECTION('',(0.,-1.));
#6744 = ( GEOMETRIC_REPRESENTATION_CONTEXT(2) 
PARAMETRIC_REPRESENTATION_CONTEXT() REPRESENTATION_CONTEXT('2D SPACE',''
  ) );
#6745 = PCURVE('',#1687,#6746);
#6746 = DEFINITIONAL_REPRESENTATION('',(#6747),#6751);
#6747 = LINE('',#6748,#6749);
#6748 = CARTESIAN_POINT('',(0.,0.));
#6749 = VECTOR('',#6750,1.);
#6750 = DIRECTION('',(0.,-1.));
#6751 = ( GEOMETRIC_REPRESENTATION_CONTEXT(2) 
PARAMETRIC_REPRESENTATION_CONTEXT() REPRESENTATION_CONTEXT('2D SPACE',''
  ) );
#6752 = ORIENTED_EDGE('',*,*,#4507,.T.);
#6753 = ORIENTED_EDGE('',*,*,#6680,.F.);
#6754 = ADVANCED_FACE('',(#6755),#1687,.T.);
#6755 = FACE_BOUND('',#6756,.T.);
#6756 = EDGE_LOOP('',(#6757,#6758,#6759,#6760));
#6757 = ORIENTED_EDGE('',*,*,#1672,.T.);
#6758 = ORIENTED_EDGE('',*,*,#6732,.T.);
#6759 = ORIENTED_EDGE('',*,*,#4486,.F.);
#6760 = ORIENTED_EDGE('',*,*,#6707,.F.);
#6761 = ADVANCED_FACE('',(#6762),#1813,.F.);
#6762 = FACE_BOUND('',#6763,.F.);
#6763 = EDGE_LOOP('',(#6764,#6799,#6818,#6819));
#6764 = ORIENTED_EDGE('',*,*,#6765,.F.);
#6765 = EDGE_CURVE('',#6766,#6768,#6770,.T.);
#6766 = VERTEX_POINT('',#6767);
#6767 = CARTESIAN_POINT('',(-19.19040050761,18.636845907419,39.5));
#6768 = VERTEX_POINT('',#6769);
#6769 = CARTESIAN_POINT('',(-20.3,24.999999990127,39.5));
#6770 = SURFACE_CURVE('',#6771,(#6776,#6783),.PCURVE_S1.);
#6771 = CIRCLE('',#6772,18.8);
#6772 = AXIS2_PLACEMENT_3D('',#6773,#6774,#6775);
#6773 = CARTESIAN_POINT('',(-1.5,24.999999990127,39.5));
#6774 = DIRECTION('',(0.,0.,-1.));
#6775 = DIRECTION('',(-1.,0.,0.));
#6776 = PCURVE('',#1813,#6777);
#6777 = DEFINITIONAL_REPRESENTATION('',(#6778),#6782);
#6778 = LINE('',#6779,#6780);
#6779 = CARTESIAN_POINT('',(0.,0.));
#6780 = VECTOR('',#6781,1.);
#6781 = DIRECTION('',(1.,0.));
#6782 = ( GEOMETRIC_REPRESENTATION_CONTEXT(2) 
PARAMETRIC_REPRESENTATION_CONTEXT() REPRESENTATION_CONTEXT('2D SPACE',''
  ) );
#6783 = PCURVE('',#6784,#6789);
#6784 = PLANE('',#6785);
#6785 = AXIS2_PLACEMENT_3D('',#6786,#6787,#6788);
#6786 = CARTESIAN_POINT('',(-3.990281904321E-09,60.000000005171,39.5));
#6787 = DIRECTION('',(0.,0.,1.));
#6788 = DIRECTION('',(1.,0.,-0.));
#6789 = DEFINITIONAL_REPRESENTATION('',(#6790),#6798);
#6790 = ( BOUNDED_CURVE() B_SPLINE_CURVE(2,(#6791,#6792,#6793,#6794,
#6795,#6796,#6797),.UNSPECIFIED.,.T.,.F.) B_SPLINE_CURVE_WITH_KNOTS((1,2
    ,2,2,2,1),(-2.094395102393,0.,2.094395102393,4.188790204786,
6.28318530718,8.377580409573),.UNSPECIFIED.) CURVE() 
GEOMETRIC_REPRESENTATION_ITEM() RATIONAL_B_SPLINE_CURVE((1.,0.5,1.,0.5,
1.,0.5,1.)) REPRESENTATION_ITEM('') );
#6791 = CARTESIAN_POINT('',(-20.29999999601,-35.00000001504));
#6792 = CARTESIAN_POINT('',(-20.29999999601,-2.43744483275));
#6793 = CARTESIAN_POINT('',(7.90000000399,-18.71872242389));
#6794 = CARTESIAN_POINT('',(36.10000000399,-35.00000001504));
#6795 = CARTESIAN_POINT('',(7.90000000399,-51.28127760619));
#6796 = CARTESIAN_POINT('',(-20.29999999601,-67.56255519734));
#6797 = CARTESIAN_POINT('',(-20.29999999601,-35.00000001504));
#6798 = ( GEOMETRIC_REPRESENTATION_CONTEXT(2) 
PARAMETRIC_REPRESENTATION_CONTEXT() REPRESENTATION_CONTEXT('2D SPACE',''
  ) );
#6799 = ORIENTED_EDGE('',*,*,#6800,.F.);
#6800 = EDGE_CURVE('',#1791,#6766,#6801,.T.);
#6801 = SURFACE_CURVE('',#6802,(#6806,#6812),.PCURVE_S1.);
#6802 = LINE('',#6803,#6804);
#6803 = CARTESIAN_POINT('',(-19.19040050761,18.636845907419,39.5));
#6804 = VECTOR('',#6805,1.);
#6805 = DIRECTION('',(0.,0.,-1.));
#6806 = PCURVE('',#1813,#6807);
#6807 = DEFINITIONAL_REPRESENTATION('',(#6808),#6811);
#6808 = B_SPLINE_CURVE_WITH_KNOTS('',1,(#6809,#6810),.UNSPECIFIED.,.F.,
  .F.,(2,2),(-2.5000006,6.059999996921E-06),.PIECEWISE_BEZIER_KNOTS.);
#6809 = CARTESIAN_POINT('',(5.93789948603,-2.5000006));
#6810 = CARTESIAN_POINT('',(5.93789948603,6.059999996921E-06));
#6811 = ( GEOMETRIC_REPRESENTATION_CONTEXT(2) 
PARAMETRIC_REPRESENTATION_CONTEXT() REPRESENTATION_CONTEXT('2D SPACE',''
  ) );
#6812 = PCURVE('',#1842,#6813);
#6813 = DEFINITIONAL_REPRESENTATION('',(#6814),#6817);
#6814 = B_SPLINE_CURVE_WITH_KNOTS('',1,(#6815,#6816),.UNSPECIFIED.,.F.,
  .F.,(2,2),(-2.5000006,6.059999996921E-06),.PIECEWISE_BEZIER_KNOTS.);
#6815 = CARTESIAN_POINT('',(1.485872505645,3.0000006));
#6816 = CARTESIAN_POINT('',(1.485872505645,0.49999394));
#6817 = ( GEOMETRIC_REPRESENTATION_CONTEXT(2) 
PARAMETRIC_REPRESENTATION_CONTEXT() REPRESENTATION_CONTEXT('2D SPACE',''
  ) );
#6818 = ORIENTED_EDGE('',*,*,#1790,.T.);
#6819 = ORIENTED_EDGE('',*,*,#6820,.F.);
#6820 = EDGE_CURVE('',#6768,#1793,#6821,.T.);
#6821 = SURFACE_CURVE('',#6822,(#6826,#6833),.PCURVE_S1.);
#6822 = LINE('',#6823,#6824);
#6823 = CARTESIAN_POINT('',(-20.3,24.999999990127,39.5));
#6824 = VECTOR('',#6825,1.);
#6825 = DIRECTION('',(0.,0.,1.));
#6826 = PCURVE('',#1813,#6827);
#6827 = DEFINITIONAL_REPRESENTATION('',(#6828),#6832);
#6828 = LINE('',#6829,#6830);
#6829 = CARTESIAN_POINT('',(6.28318530718,0.));
#6830 = VECTOR('',#6831,1.);
#6831 = DIRECTION('',(0.,-1.));
#6832 = ( GEOMETRIC_REPRESENTATION_CONTEXT(2) 
PARAMETRIC_REPRESENTATION_CONTEXT() REPRESENTATION_CONTEXT('2D SPACE',''
  ) );
#6833 = PCURVE('',#2176,#6834);
#6834 = DEFINITIONAL_REPRESENTATION('',(#6835),#6839);
#6835 = LINE('',#6836,#6837);
#6836 = CARTESIAN_POINT('',(0.,0.));
#6837 = VECTOR('',#6838,1.);
#6838 = DIRECTION('',(0.,-1.));
#6839 = ( GEOMETRIC_REPRESENTATION_CONTEXT(2) 
PARAMETRIC_REPRESENTATION_CONTEXT() REPRESENTATION_CONTEXT('2D SPACE',''
  ) );
#6840 = ADVANCED_FACE('',(#6841),#1842,.F.);
#6841 = FACE_BOUND('',#6842,.F.);
#6842 = EDGE_LOOP('',(#6843,#6844,#6845,#6869));
#6843 = ORIENTED_EDGE('',*,*,#1825,.F.);
#6844 = ORIENTED_EDGE('',*,*,#6800,.T.);
#6845 = ORIENTED_EDGE('',*,*,#6846,.T.);
#6846 = EDGE_CURVE('',#6766,#6847,#6849,.T.);
#6847 = VERTEX_POINT('',#6848);
#6848 = CARTESIAN_POINT('',(-20.71184868338,18.442952623634,39.5));
#6849 = SURFACE_CURVE('',#6850,(#6855,#6862),.PCURVE_S1.);
#6850 = CIRCLE('',#6851,3.65);
#6851 = AXIS2_PLACEMENT_3D('',#6852,#6853,#6854);
#6852 = CARTESIAN_POINT('',(-19.5,15.,39.5));
#6853 = DIRECTION('',(0.,0.,1.));
#6854 = DIRECTION('',(1.,0.,-0.));
#6855 = PCURVE('',#1842,#6856);
#6856 = DEFINITIONAL_REPRESENTATION('',(#6857),#6861);
#6857 = LINE('',#6858,#6859);
#6858 = CARTESIAN_POINT('',(0.,0.5));
#6859 = VECTOR('',#6860,1.);
#6860 = DIRECTION('',(1.,0.));
#6861 = ( GEOMETRIC_REPRESENTATION_CONTEXT(2) 
PARAMETRIC_REPRESENTATION_CONTEXT() REPRESENTATION_CONTEXT('2D SPACE',''
  ) );
#6862 = PCURVE('',#6784,#6863);
#6863 = DEFINITIONAL_REPRESENTATION('',(#6864),#6868);
#6864 = CIRCLE('',#6865,3.65);
#6865 = AXIS2_PLACEMENT_2D('',#6866,#6867);
#6866 = CARTESIAN_POINT('',(-19.49999999601,-45.00000000517));
#6867 = DIRECTION('',(1.,0.));
#6868 = ( GEOMETRIC_REPRESENTATION_CONTEXT(2) 
PARAMETRIC_REPRESENTATION_CONTEXT() REPRESENTATION_CONTEXT('2D SPACE',''
  ) );
#6869 = ORIENTED_EDGE('',*,*,#6870,.F.);
#6870 = EDGE_CURVE('',#1826,#6847,#6871,.T.);
#6871 = SURFACE_CURVE('',#6872,(#6876,#6882),.PCURVE_S1.);
#6872 = LINE('',#6873,#6874);
#6873 = CARTESIAN_POINT('',(-20.71184868338,18.442952623634,39.5));
#6874 = VECTOR('',#6875,1.);
#6875 = DIRECTION('',(-0.,-0.,-1.));
#6876 = PCURVE('',#1842,#6877);
#6877 = DEFINITIONAL_REPRESENTATION('',(#6878),#6881);
#6878 = B_SPLINE_CURVE_WITH_KNOTS('',1,(#6879,#6880),.UNSPECIFIED.,.F.,
  .F.,(2,2),(-2.5000006,5.999999999062E-07),.PIECEWISE_BEZIER_KNOTS.);
#6879 = CARTESIAN_POINT('',(1.909233515566,3.0000006));
#6880 = CARTESIAN_POINT('',(1.909233515566,0.4999994));
#6881 = ( GEOMETRIC_REPRESENTATION_CONTEXT(2) 
PARAMETRIC_REPRESENTATION_CONTEXT() REPRESENTATION_CONTEXT('2D SPACE',''
  ) );
#6882 = PCURVE('',#1875,#6883);
#6883 = DEFINITIONAL_REPRESENTATION('',(#6884),#6887);
#6884 = B_SPLINE_CURVE_WITH_KNOTS('',1,(#6885,#6886),.UNSPECIFIED.,.F.,
  .F.,(2,2),(-2.5000006,5.999999999062E-07),.PIECEWISE_BEZIER_KNOTS.);
#6885 = CARTESIAN_POINT('',(-3.470498014397,-2.5000006));
#6886 = CARTESIAN_POINT('',(-3.470498014397,5.999999999062E-07));
#6887 = ( GEOMETRIC_REPRESENTATION_CONTEXT(2) 
PARAMETRIC_REPRESENTATION_CONTEXT() REPRESENTATION_CONTEXT('2D SPACE',''
  ) );
#6888 = ADVANCED_FACE('',(#6889),#2176,.F.);
#6889 = FACE_BOUND('',#6890,.F.);
#6890 = EDGE_LOOP('',(#6891,#6914,#6915,#6916));
#6891 = ORIENTED_EDGE('',*,*,#6892,.F.);
#6892 = EDGE_CURVE('',#6768,#6893,#6895,.T.);
#6893 = VERTEX_POINT('',#6894);
#6894 = CARTESIAN_POINT('',(-20.3,27.000000007453,39.5));
#6895 = SURFACE_CURVE('',#6896,(#6900,#6907),.PCURVE_S1.);
#6896 = LINE('',#6897,#6898);
#6897 = CARTESIAN_POINT('',(-20.3,26.000000009873,39.5));
#6898 = VECTOR('',#6899,1.);
#6899 = DIRECTION('',(0.,1.,0.));
#6900 = PCURVE('',#2176,#6901);
#6901 = DEFINITIONAL_REPRESENTATION('',(#6902),#6906);
#6902 = LINE('',#6903,#6904);
#6903 = CARTESIAN_POINT('',(1.000000019746,0.));
#6904 = VECTOR('',#6905,1.);
#6905 = DIRECTION('',(1.,0.));
#6906 = ( GEOMETRIC_REPRESENTATION_CONTEXT(2) 
PARAMETRIC_REPRESENTATION_CONTEXT() REPRESENTATION_CONTEXT('2D SPACE',''
  ) );
#6907 = PCURVE('',#6784,#6908);
#6908 = DEFINITIONAL_REPRESENTATION('',(#6909),#6913);
#6909 = LINE('',#6910,#6911);
#6910 = CARTESIAN_POINT('',(-20.29999999601,-33.99999999529));
#6911 = VECTOR('',#6912,1.);
#6912 = DIRECTION('',(0.,1.));
#6913 = ( GEOMETRIC_REPRESENTATION_CONTEXT(2) 
PARAMETRIC_REPRESENTATION_CONTEXT() REPRESENTATION_CONTEXT('2D SPACE',''
  ) );
#6914 = ORIENTED_EDGE('',*,*,#6820,.T.);
#6915 = ORIENTED_EDGE('',*,*,#2162,.F.);
#6916 = ORIENTED_EDGE('',*,*,#6917,.F.);
#6917 = EDGE_CURVE('',#6893,#2130,#6918,.T.);
#6918 = SURFACE_CURVE('',#6919,(#6923,#6930),.PCURVE_S1.);
#6919 = LINE('',#6920,#6921);
#6920 = CARTESIAN_POINT('',(-20.3,27.000000007453,39.5));
#6921 = VECTOR('',#6922,1.);
#6922 = DIRECTION('',(0.,0.,1.));
#6923 = PCURVE('',#2176,#6924);
#6924 = DEFINITIONAL_REPRESENTATION('',(#6925),#6929);
#6925 = LINE('',#6926,#6927);
#6926 = CARTESIAN_POINT('',(2.000000017327,0.));
#6927 = VECTOR('',#6928,1.);
#6928 = DIRECTION('',(0.,-1.));
#6929 = ( GEOMETRIC_REPRESENTATION_CONTEXT(2) 
PARAMETRIC_REPRESENTATION_CONTEXT() REPRESENTATION_CONTEXT('2D SPACE',''
  ) );
#6930 = PCURVE('',#2150,#6931);
#6931 = DEFINITIONAL_REPRESENTATION('',(#6932),#6936);
#6932 = LINE('',#6933,#6934);
#6933 = CARTESIAN_POINT('',(0.,0.));
#6934 = VECTOR('',#6935,1.);
#6935 = DIRECTION('',(0.,-1.));
#6936 = ( GEOMETRIC_REPRESENTATION_CONTEXT(2) 
PARAMETRIC_REPRESENTATION_CONTEXT() REPRESENTATION_CONTEXT('2D SPACE',''
  ) );
#6937 = ADVANCED_FACE('',(#6938),#1875,.T.);
#6938 = FACE_BOUND('',#6939,.F.);
#6939 = EDGE_LOOP('',(#6940,#6964,#6985,#6986));
#6940 = ORIENTED_EDGE('',*,*,#6941,.F.);
#6941 = EDGE_CURVE('',#6942,#6847,#6944,.T.);
#6942 = VERTEX_POINT('',#6943);
#6943 = CARTESIAN_POINT('',(-21.8,24.999999990164,39.5));
#6944 = SURFACE_CURVE('',#6945,(#6950,#6957),.PCURVE_S1.);
#6945 = CIRCLE('',#6946,20.3);
#6946 = AXIS2_PLACEMENT_3D('',#6947,#6948,#6949);
#6947 = CARTESIAN_POINT('',(-1.5,24.999999990164,39.5));
#6948 = DIRECTION('',(0.,0.,1.));
#6949 = DIRECTION('',(1.,0.,0.));
#6950 = PCURVE('',#1875,#6951);
#6951 = DEFINITIONAL_REPRESENTATION('',(#6952),#6956);
#6952 = LINE('',#6953,#6954);
#6953 = CARTESIAN_POINT('',(-0.,0.));
#6954 = VECTOR('',#6955,1.);
#6955 = DIRECTION('',(-1.,0.));
#6956 = ( GEOMETRIC_REPRESENTATION_CONTEXT(2) 
PARAMETRIC_REPRESENTATION_CONTEXT() REPRESENTATION_CONTEXT('2D SPACE',''
  ) );
#6957 = PCURVE('',#6784,#6958);
#6958 = DEFINITIONAL_REPRESENTATION('',(#6959),#6963);
#6959 = CIRCLE('',#6960,20.3);
#6960 = AXIS2_PLACEMENT_2D('',#6961,#6962);
#6961 = CARTESIAN_POINT('',(-1.49999999601,-35.000000015));
#6962 = DIRECTION('',(1.,0.));
#6963 = ( GEOMETRIC_REPRESENTATION_CONTEXT(2) 
PARAMETRIC_REPRESENTATION_CONTEXT() REPRESENTATION_CONTEXT('2D SPACE',''
  ) );
#6964 = ORIENTED_EDGE('',*,*,#6965,.T.);
#6965 = EDGE_CURVE('',#6942,#1855,#6966,.T.);
#6966 = SURFACE_CURVE('',#6967,(#6971,#6978),.PCURVE_S1.);
#6967 = LINE('',#6968,#6969);
#6968 = CARTESIAN_POINT('',(-21.8,24.999999990164,39.5));
#6969 = VECTOR('',#6970,1.);
#6970 = DIRECTION('',(0.,0.,1.));
#6971 = PCURVE('',#1875,#6972);
#6972 = DEFINITIONAL_REPRESENTATION('',(#6973),#6977);
#6973 = LINE('',#6974,#6975);
#6974 = CARTESIAN_POINT('',(-3.14159265359,0.));
#6975 = VECTOR('',#6976,1.);
#6976 = DIRECTION('',(-0.,-1.));
#6977 = ( GEOMETRIC_REPRESENTATION_CONTEXT(2) 
PARAMETRIC_REPRESENTATION_CONTEXT() REPRESENTATION_CONTEXT('2D SPACE',''
  ) );
#6978 = PCURVE('',#1903,#6979);
#6979 = DEFINITIONAL_REPRESENTATION('',(#6980),#6984);
#6980 = LINE('',#6981,#6982);
#6981 = CARTESIAN_POINT('',(3.552713678801E-15,0.));
#6982 = VECTOR('',#6983,1.);
#6983 = DIRECTION('',(0.,-1.));
#6984 = ( GEOMETRIC_REPRESENTATION_CONTEXT(2) 
PARAMETRIC_REPRESENTATION_CONTEXT() REPRESENTATION_CONTEXT('2D SPACE',''
  ) );
#6985 = ORIENTED_EDGE('',*,*,#1854,.F.);
#6986 = ORIENTED_EDGE('',*,*,#6870,.T.);
#6987 = ADVANCED_FACE('',(#6988),#2150,.F.);
#6988 = FACE_BOUND('',#6989,.F.);
#6989 = EDGE_LOOP('',(#6990,#7018,#7019,#7020));
#6990 = ORIENTED_EDGE('',*,*,#6991,.F.);
#6991 = EDGE_CURVE('',#6893,#6992,#6994,.T.);
#6992 = VERTEX_POINT('',#6993);
#6993 = CARTESIAN_POINT('',(-14.71374979215,40.37298832085,39.5));
#6994 = SURFACE_CURVE('',#6995,(#7000,#7007),.PCURVE_S1.);
#6995 = CIRCLE('',#6996,18.8);
#6996 = AXIS2_PLACEMENT_3D('',#6997,#6998,#6999);
#6997 = CARTESIAN_POINT('',(-1.5,27.000000007453,39.5));
#6998 = DIRECTION('',(0.,0.,-1.));
#6999 = DIRECTION('',(-1.,0.,0.));
#7000 = PCURVE('',#2150,#7001);
#7001 = DEFINITIONAL_REPRESENTATION('',(#7002),#7006);
#7002 = LINE('',#7003,#7004);
#7003 = CARTESIAN_POINT('',(0.,0.));
#7004 = VECTOR('',#7005,1.);
#7005 = DIRECTION('',(1.,0.));
#7006 = ( GEOMETRIC_REPRESENTATION_CONTEXT(2) 
PARAMETRIC_REPRESENTATION_CONTEXT() REPRESENTATION_CONTEXT('2D SPACE',''
  ) );
#7007 = PCURVE('',#6784,#7008);
#7008 = DEFINITIONAL_REPRESENTATION('',(#7009),#7017);
#7009 = ( BOUNDED_CURVE() B_SPLINE_CURVE(2,(#7010,#7011,#7012,#7013,
#7014,#7015,#7016),.UNSPECIFIED.,.T.,.F.) B_SPLINE_CURVE_WITH_KNOTS((1,2
    ,2,2,2,1),(-2.094395102393,0.,2.094395102393,4.188790204786,
6.28318530718,8.377580409573),.UNSPECIFIED.) CURVE() 
GEOMETRIC_REPRESENTATION_ITEM() RATIONAL_B_SPLINE_CURVE((1.,0.5,1.,0.5,
1.,0.5,1.)) REPRESENTATION_ITEM('') );
#7010 = CARTESIAN_POINT('',(-20.29999999601,-32.99999999771));
#7011 = CARTESIAN_POINT('',(-20.29999999601,-0.437444815423));
#7012 = CARTESIAN_POINT('',(7.90000000399,-16.71872240657));
#7013 = CARTESIAN_POINT('',(36.10000000399,-32.99999999771));
#7014 = CARTESIAN_POINT('',(7.90000000399,-49.28127758886));
#7015 = CARTESIAN_POINT('',(-20.29999999601,-65.56255518001));
#7016 = CARTESIAN_POINT('',(-20.29999999601,-32.99999999771));
#7017 = ( GEOMETRIC_REPRESENTATION_CONTEXT(2) 
PARAMETRIC_REPRESENTATION_CONTEXT() REPRESENTATION_CONTEXT('2D SPACE',''
  ) );
#7018 = ORIENTED_EDGE('',*,*,#6917,.T.);
#7019 = ORIENTED_EDGE('',*,*,#2129,.T.);
#7020 = ORIENTED_EDGE('',*,*,#7021,.F.);
#7021 = EDGE_CURVE('',#6992,#2097,#7022,.T.);
#7022 = SURFACE_CURVE('',#7023,(#7027,#7034),.PCURVE_S1.);
#7023 = LINE('',#7024,#7025);
#7024 = CARTESIAN_POINT('',(-14.71374979215,40.37298832085,39.5));
#7025 = VECTOR('',#7026,1.);
#7026 = DIRECTION('',(0.,0.,1.));
#7027 = PCURVE('',#2150,#7028);
#7028 = DEFINITIONAL_REPRESENTATION('',(#7029),#7033);
#7029 = LINE('',#7030,#7031);
#7030 = CARTESIAN_POINT('',(0.791387488471,0.));
#7031 = VECTOR('',#7032,1.);
#7032 = DIRECTION('',(0.,-1.));
#7033 = ( GEOMETRIC_REPRESENTATION_CONTEXT(2) 
PARAMETRIC_REPRESENTATION_CONTEXT() REPRESENTATION_CONTEXT('2D SPACE',''
  ) );
#7034 = PCURVE('',#2117,#7035);
#7035 = DEFINITIONAL_REPRESENTATION('',(#7036),#7040);
#7036 = LINE('',#7037,#7038);
#7037 = CARTESIAN_POINT('',(-4.366452027181,0.));
#7038 = VECTOR('',#7039,1.);
#7039 = DIRECTION('',(-0.,-1.));
#7040 = ( GEOMETRIC_REPRESENTATION_CONTEXT(2) 
PARAMETRIC_REPRESENTATION_CONTEXT() REPRESENTATION_CONTEXT('2D SPACE',''
  ) );
#7041 = ADVANCED_FACE('',(#7042),#1903,.T.);
#7042 = FACE_BOUND('',#7043,.T.);
#7043 = EDGE_LOOP('',(#7044,#7067,#7068,#7069));
#7044 = ORIENTED_EDGE('',*,*,#7045,.F.);
#7045 = EDGE_CURVE('',#6942,#7046,#7048,.T.);
#7046 = VERTEX_POINT('',#7047);
#7047 = CARTESIAN_POINT('',(-21.8,27.000000007416,39.5));
#7048 = SURFACE_CURVE('',#7049,(#7053,#7060),.PCURVE_S1.);
#7049 = LINE('',#7050,#7051);
#7050 = CARTESIAN_POINT('',(-21.8,26.000000009836,39.5));
#7051 = VECTOR('',#7052,1.);
#7052 = DIRECTION('',(0.,1.,0.));
#7053 = PCURVE('',#1903,#7054);
#7054 = DEFINITIONAL_REPRESENTATION('',(#7055),#7059);
#7055 = LINE('',#7056,#7057);
#7056 = CARTESIAN_POINT('',(1.000000019673,0.));
#7057 = VECTOR('',#7058,1.);
#7058 = DIRECTION('',(1.,0.));
#7059 = ( GEOMETRIC_REPRESENTATION_CONTEXT(2) 
PARAMETRIC_REPRESENTATION_CONTEXT() REPRESENTATION_CONTEXT('2D SPACE',''
  ) );
#7060 = PCURVE('',#6784,#7061);
#7061 = DEFINITIONAL_REPRESENTATION('',(#7062),#7066);
#7062 = LINE('',#7063,#7064);
#7063 = CARTESIAN_POINT('',(-21.79999999601,-33.99999999533));
#7064 = VECTOR('',#7065,1.);
#7065 = DIRECTION('',(0.,1.));
#7066 = ( GEOMETRIC_REPRESENTATION_CONTEXT(2) 
PARAMETRIC_REPRESENTATION_CONTEXT() REPRESENTATION_CONTEXT('2D SPACE',''
  ) );
#7067 = ORIENTED_EDGE('',*,*,#6965,.T.);
#7068 = ORIENTED_EDGE('',*,*,#1887,.F.);
#7069 = ORIENTED_EDGE('',*,*,#7070,.F.);
#7070 = EDGE_CURVE('',#7046,#1888,#7071,.T.);
#7071 = SURFACE_CURVE('',#7072,(#7076,#7083),.PCURVE_S1.);
#7072 = LINE('',#7073,#7074);
#7073 = CARTESIAN_POINT('',(-21.8,27.000000007416,39.5));
#7074 = VECTOR('',#7075,1.);
#7075 = DIRECTION('',(0.,0.,1.));
#7076 = PCURVE('',#1903,#7077);
#7077 = DEFINITIONAL_REPRESENTATION('',(#7078),#7082);
#7078 = LINE('',#7079,#7080);
#7079 = CARTESIAN_POINT('',(2.000000017253,0.));
#7080 = VECTOR('',#7081,1.);
#7081 = DIRECTION('',(0.,-1.));
#7082 = ( GEOMETRIC_REPRESENTATION_CONTEXT(2) 
PARAMETRIC_REPRESENTATION_CONTEXT() REPRESENTATION_CONTEXT('2D SPACE',''
  ) );
#7083 = PCURVE('',#1935,#7084);
#7084 = DEFINITIONAL_REPRESENTATION('',(#7085),#7089);
#7085 = LINE('',#7086,#7087);
#7086 = CARTESIAN_POINT('',(-3.14159265359,0.));
#7087 = VECTOR('',#7088,1.);
#7088 = DIRECTION('',(-0.,-1.));
#7089 = ( GEOMETRIC_REPRESENTATION_CONTEXT(2) 
PARAMETRIC_REPRESENTATION_CONTEXT() REPRESENTATION_CONTEXT('2D SPACE',''
  ) );
#7090 = ADVANCED_FACE('',(#7091),#2117,.F.);
#7091 = FACE_BOUND('',#7092,.T.);
#7092 = EDGE_LOOP('',(#7093,#7117,#7138,#7139));
#7093 = ORIENTED_EDGE('',*,*,#7094,.F.);
#7094 = EDGE_CURVE('',#7095,#6992,#7097,.T.);
#7095 = VERTEX_POINT('',#7096);
#7096 = CARTESIAN_POINT('',(-27.8,58.999999990152,39.5));
#7097 = SURFACE_CURVE('',#7098,(#7103,#7110),.PCURVE_S1.);
#7098 = CIRCLE('',#7099,19.8);
#7099 = AXIS2_PLACEMENT_3D('',#7100,#7101,#7102);
#7100 = CARTESIAN_POINT('',(-8.,58.999999990152,39.5));
#7101 = DIRECTION('',(0.,0.,1.));
#7102 = DIRECTION('',(1.,0.,0.));
#7103 = PCURVE('',#2117,#7104);
#7104 = DEFINITIONAL_REPRESENTATION('',(#7105),#7109);
#7105 = LINE('',#7106,#7107);
#7106 = CARTESIAN_POINT('',(-0.,0.));
#7107 = VECTOR('',#7108,1.);
#7108 = DIRECTION('',(-1.,0.));
#7109 = ( GEOMETRIC_REPRESENTATION_CONTEXT(2) 
PARAMETRIC_REPRESENTATION_CONTEXT() REPRESENTATION_CONTEXT('2D SPACE',''
  ) );
#7110 = PCURVE('',#6784,#7111);
#7111 = DEFINITIONAL_REPRESENTATION('',(#7112),#7116);
#7112 = CIRCLE('',#7113,19.8);
#7113 = AXIS2_PLACEMENT_2D('',#7114,#7115);
#7114 = CARTESIAN_POINT('',(-7.99999999601,-1.000000015019));
#7115 = DIRECTION('',(1.,0.));
#7116 = ( GEOMETRIC_REPRESENTATION_CONTEXT(2) 
PARAMETRIC_REPRESENTATION_CONTEXT() REPRESENTATION_CONTEXT('2D SPACE',''
  ) );
#7117 = ORIENTED_EDGE('',*,*,#7118,.T.);
#7118 = EDGE_CURVE('',#7095,#2070,#7119,.T.);
#7119 = SURFACE_CURVE('',#7120,(#7124,#7131),.PCURVE_S1.);
#7120 = LINE('',#7121,#7122);
#7121 = CARTESIAN_POINT('',(-27.8,58.999999990152,39.5));
#7122 = VECTOR('',#7123,1.);
#7123 = DIRECTION('',(0.,0.,1.));
#7124 = PCURVE('',#2117,#7125);
#7125 = DEFINITIONAL_REPRESENTATION('',(#7126),#7130);
#7126 = LINE('',#7127,#7128);
#7127 = CARTESIAN_POINT('',(-3.14159265359,0.));
#7128 = VECTOR('',#7129,1.);
#7129 = DIRECTION('',(-0.,-1.));
#7130 = ( GEOMETRIC_REPRESENTATION_CONTEXT(2) 
PARAMETRIC_REPRESENTATION_CONTEXT() REPRESENTATION_CONTEXT('2D SPACE',''
  ) );
#7131 = PCURVE('',#2085,#7132);
#7132 = DEFINITIONAL_REPRESENTATION('',(#7133),#7137);
#7133 = LINE('',#7134,#7135);
#7134 = CARTESIAN_POINT('',(-7.105427357601E-15,0.));
#7135 = VECTOR('',#7136,1.);
#7136 = DIRECTION('',(0.,-1.));
#7137 = ( GEOMETRIC_REPRESENTATION_CONTEXT(2) 
PARAMETRIC_REPRESENTATION_CONTEXT() REPRESENTATION_CONTEXT('2D SPACE',''
  ) );
#7138 = ORIENTED_EDGE('',*,*,#2096,.F.);
#7139 = ORIENTED_EDGE('',*,*,#7021,.F.);
#7140 = ADVANCED_FACE('',(#7141),#1935,.T.);
#7141 = FACE_BOUND('',#7142,.F.);
#7142 = EDGE_LOOP('',(#7143,#7167,#7188,#7189));
#7143 = ORIENTED_EDGE('',*,*,#7144,.F.);
#7144 = EDGE_CURVE('',#7145,#7046,#7147,.T.);
#7145 = VERTEX_POINT('',#7146);
#7146 = CARTESIAN_POINT('',(-17.24647726469,39.811653052694,39.5));
#7147 = SURFACE_CURVE('',#7148,(#7153,#7160),.PCURVE_S1.);
#7148 = CIRCLE('',#7149,20.3);
#7149 = AXIS2_PLACEMENT_3D('',#7150,#7151,#7152);
#7150 = CARTESIAN_POINT('',(-1.5,27.000000007416,39.5));
#7151 = DIRECTION('',(0.,0.,1.));
#7152 = DIRECTION('',(1.,0.,0.));
#7153 = PCURVE('',#1935,#7154);
#7154 = DEFINITIONAL_REPRESENTATION('',(#7155),#7159);
#7155 = LINE('',#7156,#7157);
#7156 = CARTESIAN_POINT('',(-0.,0.));
#7157 = VECTOR('',#7158,1.);
#7158 = DIRECTION('',(-1.,0.));
#7159 = ( GEOMETRIC_REPRESENTATION_CONTEXT(2) 
PARAMETRIC_REPRESENTATION_CONTEXT() REPRESENTATION_CONTEXT('2D SPACE',''
  ) );
#7160 = PCURVE('',#6784,#7161);
#7161 = DEFINITIONAL_REPRESENTATION('',(#7162),#7166);
#7162 = CIRCLE('',#7163,20.3);
#7163 = AXIS2_PLACEMENT_2D('',#7164,#7165);
#7164 = CARTESIAN_POINT('',(-1.49999999601,-32.99999999775));
#7165 = DIRECTION('',(1.,0.));
#7166 = ( GEOMETRIC_REPRESENTATION_CONTEXT(2) 
PARAMETRIC_REPRESENTATION_CONTEXT() REPRESENTATION_CONTEXT('2D SPACE',''
  ) );
#7167 = ORIENTED_EDGE('',*,*,#7168,.T.);
#7168 = EDGE_CURVE('',#7145,#1915,#7169,.T.);
#7169 = SURFACE_CURVE('',#7170,(#7174,#7181),.PCURVE_S1.);
#7170 = LINE('',#7171,#7172);
#7171 = CARTESIAN_POINT('',(-17.24647726469,39.811653052694,39.5));
#7172 = VECTOR('',#7173,1.);
#7173 = DIRECTION('',(0.,0.,1.));
#7174 = PCURVE('',#1935,#7175);
#7175 = DEFINITIONAL_REPRESENTATION('',(#7176),#7180);
#7176 = LINE('',#7177,#7178);
#7177 = CARTESIAN_POINT('',(-2.458601672125,0.));
#7178 = VECTOR('',#7179,1.);
#7179 = DIRECTION('',(-0.,-1.));
#7180 = ( GEOMETRIC_REPRESENTATION_CONTEXT(2) 
PARAMETRIC_REPRESENTATION_CONTEXT() REPRESENTATION_CONTEXT('2D SPACE',''
  ) );
#7181 = PCURVE('',#1968,#7182);
#7182 = DEFINITIONAL_REPRESENTATION('',(#7183),#7187);
#7183 = LINE('',#7184,#7185);
#7184 = CARTESIAN_POINT('',(5.161435650925,0.));
#7185 = VECTOR('',#7186,1.);
#7186 = DIRECTION('',(0.,-1.));
#7187 = ( GEOMETRIC_REPRESENTATION_CONTEXT(2) 
PARAMETRIC_REPRESENTATION_CONTEXT() REPRESENTATION_CONTEXT('2D SPACE',''
  ) );
#7188 = ORIENTED_EDGE('',*,*,#1914,.F.);
#7189 = ORIENTED_EDGE('',*,*,#7070,.F.);
#7190 = ADVANCED_FACE('',(#7191),#2085,.F.);
#7191 = FACE_BOUND('',#7192,.F.);
#7192 = EDGE_LOOP('',(#7193,#7216,#7217,#7218));
#7193 = ORIENTED_EDGE('',*,*,#7194,.F.);
#7194 = EDGE_CURVE('',#7095,#7195,#7197,.T.);
#7195 = VERTEX_POINT('',#7196);
#7196 = CARTESIAN_POINT('',(-27.8,60.489658136306,39.5));
#7197 = SURFACE_CURVE('',#7198,(#7202,#7209),.PCURVE_S1.);
#7198 = LINE('',#7199,#7200);
#7199 = CARTESIAN_POINT('',(-27.8,60.000000009848,39.5));
#7200 = VECTOR('',#7201,1.);
#7201 = DIRECTION('',(0.,1.,0.));
#7202 = PCURVE('',#2085,#7203);
#7203 = DEFINITIONAL_REPRESENTATION('',(#7204),#7208);
#7204 = LINE('',#7205,#7206);
#7205 = CARTESIAN_POINT('',(1.000000019696,0.));
#7206 = VECTOR('',#7207,1.);
#7207 = DIRECTION('',(1.,0.));
#7208 = ( GEOMETRIC_REPRESENTATION_CONTEXT(2) 
PARAMETRIC_REPRESENTATION_CONTEXT() REPRESENTATION_CONTEXT('2D SPACE',''
  ) );
#7209 = PCURVE('',#6784,#7210);
#7210 = DEFINITIONAL_REPRESENTATION('',(#7211),#7215);
#7211 = LINE('',#7212,#7213);
#7212 = CARTESIAN_POINT('',(-27.79999999601,4.676465437115E-09));
#7213 = VECTOR('',#7214,1.);
#7214 = DIRECTION('',(0.,1.));
#7215 = ( GEOMETRIC_REPRESENTATION_CONTEXT(2) 
PARAMETRIC_REPRESENTATION_CONTEXT() REPRESENTATION_CONTEXT('2D SPACE',''
  ) );
#7216 = ORIENTED_EDGE('',*,*,#7118,.T.);
#7217 = ORIENTED_EDGE('',*,*,#2069,.F.);
#7218 = ORIENTED_EDGE('',*,*,#7219,.F.);
#7219 = EDGE_CURVE('',#7195,#2041,#7220,.T.);
#7220 = SURFACE_CURVE('',#7221,(#7225,#7231),.PCURVE_S1.);
#7221 = LINE('',#7222,#7223);
#7222 = CARTESIAN_POINT('',(-27.8,60.489658136306,39.));
#7223 = VECTOR('',#7224,1.);
#7224 = DIRECTION('',(0.,0.,1.));
#7225 = PCURVE('',#2085,#7226);
#7226 = DEFINITIONAL_REPRESENTATION('',(#7227),#7230);
#7227 = B_SPLINE_CURVE_WITH_KNOTS('',1,(#7228,#7229),.UNSPECIFIED.,.F.,
  .F.,(2,2),(0.25,3.0000006),.PIECEWISE_BEZIER_KNOTS.);
#7228 = CARTESIAN_POINT('',(1.489658146154,0.25));
#7229 = CARTESIAN_POINT('',(1.489658146154,-2.5000006));
#7230 = ( GEOMETRIC_REPRESENTATION_CONTEXT(2) 
PARAMETRIC_REPRESENTATION_CONTEXT() REPRESENTATION_CONTEXT('2D SPACE',''
  ) );
#7231 = PCURVE('',#2057,#7232);
#7232 = DEFINITIONAL_REPRESENTATION('',(#7233),#7236);
#7233 = B_SPLINE_CURVE_WITH_KNOTS('',1,(#7234,#7235),.UNSPECIFIED.,.F.,
  .F.,(2,2),(0.25,3.0000006),.PIECEWISE_BEZIER_KNOTS.);
#7234 = CARTESIAN_POINT('',(4.434867712817,0.25));
#7235 = CARTESIAN_POINT('',(4.434867712817,3.0000006));
#7236 = ( GEOMETRIC_REPRESENTATION_CONTEXT(2) 
PARAMETRIC_REPRESENTATION_CONTEXT() REPRESENTATION_CONTEXT('2D SPACE',''
  ) );
#7237 = ADVANCED_FACE('',(#7238),#1968,.T.);
#7238 = FACE_BOUND('',#7239,.T.);
#7239 = EDGE_LOOP('',(#7240,#7268,#7269,#7270));
#7240 = ORIENTED_EDGE('',*,*,#7241,.F.);
#7241 = EDGE_CURVE('',#7145,#7242,#7244,.T.);
#7242 = VERTEX_POINT('',#7243);
#7243 = CARTESIAN_POINT('',(-29.3,58.999999990185,39.5));
#7244 = SURFACE_CURVE('',#7245,(#7250,#7257),.PCURVE_S1.);
#7245 = CIRCLE('',#7246,21.3);
#7246 = AXIS2_PLACEMENT_3D('',#7247,#7248,#7249);
#7247 = CARTESIAN_POINT('',(-8.,58.999999990185,39.5));
#7248 = DIRECTION('',(0.,0.,-1.));
#7249 = DIRECTION('',(-1.,0.,0.));
#7250 = PCURVE('',#1968,#7251);
#7251 = DEFINITIONAL_REPRESENTATION('',(#7252),#7256);
#7252 = LINE('',#7253,#7254);
#7253 = CARTESIAN_POINT('',(0.,0.));
#7254 = VECTOR('',#7255,1.);
#7255 = DIRECTION('',(1.,0.));
#7256 = ( GEOMETRIC_REPRESENTATION_CONTEXT(2) 
PARAMETRIC_REPRESENTATION_CONTEXT() REPRESENTATION_CONTEXT('2D SPACE',''
  ) );
#7257 = PCURVE('',#6784,#7258);
#7258 = DEFINITIONAL_REPRESENTATION('',(#7259),#7267);
#7259 = ( BOUNDED_CURVE() B_SPLINE_CURVE(2,(#7260,#7261,#7262,#7263,
#7264,#7265,#7266),.UNSPECIFIED.,.T.,.F.) B_SPLINE_CURVE_WITH_KNOTS((1,2
    ,2,2,2,1),(-2.094395102393,0.,2.094395102393,4.188790204786,
6.28318530718,8.377580409573),.UNSPECIFIED.) CURVE() 
GEOMETRIC_REPRESENTATION_ITEM() RATIONAL_B_SPLINE_CURVE((1.,0.5,1.,0.5,
1.,0.5,1.)) REPRESENTATION_ITEM('') );
#7260 = CARTESIAN_POINT('',(-29.29999999601,-1.000000014986));
#7261 = CARTESIAN_POINT('',(-29.29999999601,35.892682186231));
#7262 = CARTESIAN_POINT('',(2.65000000399,17.446341085623));
#7263 = CARTESIAN_POINT('',(34.60000000399,-1.000000014986));
#7264 = CARTESIAN_POINT('',(2.65000000399,-19.44634111559));
#7265 = CARTESIAN_POINT('',(-29.29999999601,-37.8926822162));
#7266 = CARTESIAN_POINT('',(-29.29999999601,-1.000000014986));
#7267 = ( GEOMETRIC_REPRESENTATION_CONTEXT(2) 
PARAMETRIC_REPRESENTATION_CONTEXT() REPRESENTATION_CONTEXT('2D SPACE',''
  ) );
#7268 = ORIENTED_EDGE('',*,*,#7168,.T.);
#7269 = ORIENTED_EDGE('',*,*,#1947,.T.);
#7270 = ORIENTED_EDGE('',*,*,#7271,.F.);
#7271 = EDGE_CURVE('',#7242,#1948,#7272,.T.);
#7272 = SURFACE_CURVE('',#7273,(#7277,#7284),.PCURVE_S1.);
#7273 = LINE('',#7274,#7275);
#7274 = CARTESIAN_POINT('',(-29.3,58.999999990185,39.5));
#7275 = VECTOR('',#7276,1.);
#7276 = DIRECTION('',(0.,0.,1.));
#7277 = PCURVE('',#1968,#7278);
#7278 = DEFINITIONAL_REPRESENTATION('',(#7279),#7283);
#7279 = LINE('',#7280,#7281);
#7280 = CARTESIAN_POINT('',(6.28318530718,0.));
#7281 = VECTOR('',#7282,1.);
#7282 = DIRECTION('',(0.,-1.));
#7283 = ( GEOMETRIC_REPRESENTATION_CONTEXT(2) 
PARAMETRIC_REPRESENTATION_CONTEXT() REPRESENTATION_CONTEXT('2D SPACE',''
  ) );
#7284 = PCURVE('',#1996,#7285);
#7285 = DEFINITIONAL_REPRESENTATION('',(#7286),#7290);
#7286 = LINE('',#7287,#7288);
#7287 = CARTESIAN_POINT('',(0.,0.));
#7288 = VECTOR('',#7289,1.);
#7289 = DIRECTION('',(0.,-1.));
#7290 = ( GEOMETRIC_REPRESENTATION_CONTEXT(2) 
PARAMETRIC_REPRESENTATION_CONTEXT() REPRESENTATION_CONTEXT('2D SPACE',''
  ) );
#7291 = ADVANCED_FACE('',(#7292),#2057,.F.);
#7292 = FACE_BOUND('',#7293,.F.);
#7293 = EDGE_LOOP('',(#7294,#7295,#7296,#7317));
#7294 = ORIENTED_EDGE('',*,*,#7219,.T.);
#7295 = ORIENTED_EDGE('',*,*,#2040,.F.);
#7296 = ORIENTED_EDGE('',*,*,#7297,.T.);
#7297 = EDGE_CURVE('',#2008,#7298,#7300,.T.);
#7298 = VERTEX_POINT('',#7299);
#7299 = CARTESIAN_POINT('',(-29.29731704427,61.338063190015,39.5));
#7300 = SURFACE_CURVE('',#7301,(#7305,#7311),.PCURVE_S1.);
#7301 = LINE('',#7302,#7303);
#7302 = CARTESIAN_POINT('',(-29.29731704427,61.338063190015,39.5));
#7303 = VECTOR('',#7304,1.);
#7304 = DIRECTION('',(0.,0.,-1.));
#7305 = PCURVE('',#2057,#7306);
#7306 = DEFINITIONAL_REPRESENTATION('',(#7307),#7310);
#7307 = B_SPLINE_CURVE_WITH_KNOTS('',1,(#7308,#7309),.UNSPECIFIED.,.F.,
  .F.,(2,2),(-2.5000006,5.999999999062E-07),.PIECEWISE_BEZIER_KNOTS.);
#7308 = CARTESIAN_POINT('',(3.958887664483,3.0000006));
#7309 = CARTESIAN_POINT('',(3.958887664483,0.4999994));
#7310 = ( GEOMETRIC_REPRESENTATION_CONTEXT(2) 
PARAMETRIC_REPRESENTATION_CONTEXT() REPRESENTATION_CONTEXT('2D SPACE',''
  ) );
#7311 = PCURVE('',#2028,#7312);
#7312 = DEFINITIONAL_REPRESENTATION('',(#7313),#7316);
#7313 = B_SPLINE_CURVE_WITH_KNOTS('',1,(#7314,#7315),.UNSPECIFIED.,.F.,
  .F.,(2,2),(-2.5000006,5.999999999062E-07),.PIECEWISE_BEZIER_KNOTS.);
#7314 = CARTESIAN_POINT('',(1.58721773485E-02,-2.5000006));
#7315 = CARTESIAN_POINT('',(1.58721773485E-02,5.999999999062E-07));
#7316 = ( GEOMETRIC_REPRESENTATION_CONTEXT(2) 
PARAMETRIC_REPRESENTATION_CONTEXT() REPRESENTATION_CONTEXT('2D SPACE',''
  ) );
#7317 = ORIENTED_EDGE('',*,*,#7318,.T.);
#7318 = EDGE_CURVE('',#7298,#7195,#7319,.T.);
#7319 = SURFACE_CURVE('',#7320,(#7325,#7332),.PCURVE_S1.);
#7320 = CIRCLE('',#7321,3.65);
#7321 = AXIS2_PLACEMENT_3D('',#7322,#7323,#7324);
#7322 = CARTESIAN_POINT('',(-26.8,64.,39.5));
#7323 = DIRECTION('',(0.,0.,1.));
#7324 = DIRECTION('',(1.,0.,-0.));
#7325 = PCURVE('',#2057,#7326);
#7326 = DEFINITIONAL_REPRESENTATION('',(#7327),#7331);
#7327 = LINE('',#7328,#7329);
#7328 = CARTESIAN_POINT('',(0.,0.5));
#7329 = VECTOR('',#7330,1.);
#7330 = DIRECTION('',(1.,0.));
#7331 = ( GEOMETRIC_REPRESENTATION_CONTEXT(2) 
PARAMETRIC_REPRESENTATION_CONTEXT() REPRESENTATION_CONTEXT('2D SPACE',''
  ) );
#7332 = PCURVE('',#6784,#7333);
#7333 = DEFINITIONAL_REPRESENTATION('',(#7334),#7338);
#7334 = CIRCLE('',#7335,3.65);
#7335 = AXIS2_PLACEMENT_2D('',#7336,#7337);
#7336 = CARTESIAN_POINT('',(-26.79999999601,3.999999994829));
#7337 = DIRECTION('',(1.,0.));
#7338 = ( GEOMETRIC_REPRESENTATION_CONTEXT(2) 
PARAMETRIC_REPRESENTATION_CONTEXT() REPRESENTATION_CONTEXT('2D SPACE',''
  ) );
#7339 = ADVANCED_FACE('',(#7340),#1996,.T.);
#7340 = FACE_BOUND('',#7341,.T.);
#7341 = EDGE_LOOP('',(#7342,#7365,#7366,#7367));
#7342 = ORIENTED_EDGE('',*,*,#7343,.F.);
#7343 = EDGE_CURVE('',#7242,#7344,#7346,.T.);
#7344 = VERTEX_POINT('',#7345);
#7345 = CARTESIAN_POINT('',(-29.3,61.000000007395,39.5));
#7346 = SURFACE_CURVE('',#7347,(#7351,#7358),.PCURVE_S1.);
#7347 = LINE('',#7348,#7349);
#7348 = CARTESIAN_POINT('',(-29.3,60.000000009815,39.5));
#7349 = VECTOR('',#7350,1.);
#7350 = DIRECTION('',(0.,1.,0.));
#7351 = PCURVE('',#1996,#7352);
#7352 = DEFINITIONAL_REPRESENTATION('',(#7353),#7357);
#7353 = LINE('',#7354,#7355);
#7354 = CARTESIAN_POINT('',(1.000000019629,0.));
#7355 = VECTOR('',#7356,1.);
#7356 = DIRECTION('',(1.,0.));
#7357 = ( GEOMETRIC_REPRESENTATION_CONTEXT(2) 
PARAMETRIC_REPRESENTATION_CONTEXT() REPRESENTATION_CONTEXT('2D SPACE',''
  ) );
#7358 = PCURVE('',#6784,#7359);
#7359 = DEFINITIONAL_REPRESENTATION('',(#7360),#7364);
#7360 = LINE('',#7361,#7362);
#7361 = CARTESIAN_POINT('',(-29.29999999601,4.64302729597E-09));
#7362 = VECTOR('',#7363,1.);
#7363 = DIRECTION('',(0.,1.));
#7364 = ( GEOMETRIC_REPRESENTATION_CONTEXT(2) 
PARAMETRIC_REPRESENTATION_CONTEXT() REPRESENTATION_CONTEXT('2D SPACE',''
  ) );
#7365 = ORIENTED_EDGE('',*,*,#7271,.T.);
#7366 = ORIENTED_EDGE('',*,*,#1980,.F.);
#7367 = ORIENTED_EDGE('',*,*,#7368,.F.);
#7368 = EDGE_CURVE('',#7344,#1981,#7369,.T.);
#7369 = SURFACE_CURVE('',#7370,(#7374,#7381),.PCURVE_S1.);
#7370 = LINE('',#7371,#7372);
#7371 = CARTESIAN_POINT('',(-29.3,61.000000007395,39.5));
#7372 = VECTOR('',#7373,1.);
#7373 = DIRECTION('',(0.,0.,1.));
#7374 = PCURVE('',#1996,#7375);
#7375 = DEFINITIONAL_REPRESENTATION('',(#7376),#7380);
#7376 = LINE('',#7377,#7378);
#7377 = CARTESIAN_POINT('',(2.000000017209,0.));
#7378 = VECTOR('',#7379,1.);
#7379 = DIRECTION('',(0.,-1.));
#7380 = ( GEOMETRIC_REPRESENTATION_CONTEXT(2) 
PARAMETRIC_REPRESENTATION_CONTEXT() REPRESENTATION_CONTEXT('2D SPACE',''
  ) );
#7381 = PCURVE('',#2028,#7382);
#7382 = DEFINITIONAL_REPRESENTATION('',(#7383),#7387);
#7383 = LINE('',#7384,#7385);
#7384 = CARTESIAN_POINT('',(0.,0.));
#7385 = VECTOR('',#7386,1.);
#7386 = DIRECTION('',(0.,-1.));
#7387 = ( GEOMETRIC_REPRESENTATION_CONTEXT(2) 
PARAMETRIC_REPRESENTATION_CONTEXT() REPRESENTATION_CONTEXT('2D SPACE',''
  ) );
#7388 = ADVANCED_FACE('',(#7389),#2028,.T.);
#7389 = FACE_BOUND('',#7390,.T.);
#7390 = EDGE_LOOP('',(#7391,#7417,#7418,#7419));
#7391 = ORIENTED_EDGE('',*,*,#7392,.F.);
#7392 = EDGE_CURVE('',#7344,#7298,#7393,.T.);
#7393 = SURFACE_CURVE('',#7394,(#7399,#7406),.PCURVE_S1.);
#7394 = CIRCLE('',#7395,21.3);
#7395 = AXIS2_PLACEMENT_3D('',#7396,#7397,#7398);
#7396 = CARTESIAN_POINT('',(-8.,61.000000007395,39.5));
#7397 = DIRECTION('',(0.,0.,-1.));
#7398 = DIRECTION('',(-1.,0.,0.));
#7399 = PCURVE('',#2028,#7400);
#7400 = DEFINITIONAL_REPRESENTATION('',(#7401),#7405);
#7401 = LINE('',#7402,#7403);
#7402 = CARTESIAN_POINT('',(0.,0.));
#7403 = VECTOR('',#7404,1.);
#7404 = DIRECTION('',(1.,0.));
#7405 = ( GEOMETRIC_REPRESENTATION_CONTEXT(2) 
PARAMETRIC_REPRESENTATION_CONTEXT() REPRESENTATION_CONTEXT('2D SPACE',''
  ) );
#7406 = PCURVE('',#6784,#7407);
#7407 = DEFINITIONAL_REPRESENTATION('',(#7408),#7416);
#7408 = ( BOUNDED_CURVE() B_SPLINE_CURVE(2,(#7409,#7410,#7411,#7412,
#7413,#7414,#7415),.UNSPECIFIED.,.T.,.F.) B_SPLINE_CURVE_WITH_KNOTS((1,2
    ,2,2,2,1),(-2.094395102393,0.,2.094395102393,4.188790204786,
6.28318530718,8.377580409573),.UNSPECIFIED.) CURVE() 
GEOMETRIC_REPRESENTATION_ITEM() RATIONAL_B_SPLINE_CURVE((1.,0.5,1.,0.5,
1.,0.5,1.)) REPRESENTATION_ITEM('') );
#7409 = CARTESIAN_POINT('',(-29.29999999601,1.000000002223));
#7410 = CARTESIAN_POINT('',(-29.29999999601,37.89268220344));
#7411 = CARTESIAN_POINT('',(2.65000000399,19.446341102832));
#7412 = CARTESIAN_POINT('',(34.60000000399,1.000000002223));
#7413 = CARTESIAN_POINT('',(2.65000000399,-17.44634109838));
#7414 = CARTESIAN_POINT('',(-29.29999999601,-35.89268219899));
#7415 = CARTESIAN_POINT('',(-29.29999999601,1.000000002223));
#7416 = ( GEOMETRIC_REPRESENTATION_CONTEXT(2) 
PARAMETRIC_REPRESENTATION_CONTEXT() REPRESENTATION_CONTEXT('2D SPACE',''
  ) );
#7417 = ORIENTED_EDGE('',*,*,#7368,.T.);
#7418 = ORIENTED_EDGE('',*,*,#2007,.T.);
#7419 = ORIENTED_EDGE('',*,*,#7297,.T.);
#7420 = ADVANCED_FACE('',(#7421),#2206,.F.);
#7421 = FACE_BOUND('',#7422,.F.);
#7422 = EDGE_LOOP('',(#7423,#7446,#7474,#7495));
#7423 = ORIENTED_EDGE('',*,*,#7424,.F.);
#7424 = EDGE_CURVE('',#7425,#2190,#7427,.T.);
#7425 = VERTEX_POINT('',#7426);
#7426 = CARTESIAN_POINT('',(13.5,13.,41.5));
#7427 = SURFACE_CURVE('',#7428,(#7432,#7439),.PCURVE_S1.);
#7428 = LINE('',#7429,#7430);
#7429 = CARTESIAN_POINT('',(13.5,13.,41.5));
#7430 = VECTOR('',#7431,1.);
#7431 = DIRECTION('',(0.,0.,1.));
#7432 = PCURVE('',#2206,#7433);
#7433 = DEFINITIONAL_REPRESENTATION('',(#7434),#7438);
#7434 = LINE('',#7435,#7436);
#7435 = CARTESIAN_POINT('',(0.,1.4));
#7436 = VECTOR('',#7437,1.);
#7437 = DIRECTION('',(1.,0.));
#7438 = ( GEOMETRIC_REPRESENTATION_CONTEXT(2) 
PARAMETRIC_REPRESENTATION_CONTEXT() REPRESENTATION_CONTEXT('2D SPACE',''
  ) );
#7439 = PCURVE('',#2282,#7440);
#7440 = DEFINITIONAL_REPRESENTATION('',(#7441),#7445);
#7441 = LINE('',#7442,#7443);
#7442 = CARTESIAN_POINT('',(0.,0.));
#7443 = VECTOR('',#7444,1.);
#7444 = DIRECTION('',(1.,0.));
#7445 = ( GEOMETRIC_REPRESENTATION_CONTEXT(2) 
PARAMETRIC_REPRESENTATION_CONTEXT() REPRESENTATION_CONTEXT('2D SPACE',''
  ) );
#7446 = ORIENTED_EDGE('',*,*,#7447,.F.);
#7447 = EDGE_CURVE('',#7448,#7425,#7450,.T.);
#7448 = VERTEX_POINT('',#7449);
#7449 = CARTESIAN_POINT('',(12.1,13.,41.5));
#7450 = SURFACE_CURVE('',#7451,(#7455,#7462),.PCURVE_S1.);
#7451 = LINE('',#7452,#7453);
#7452 = CARTESIAN_POINT('',(12.1,13.,41.5));
#7453 = VECTOR('',#7454,1.);
#7454 = DIRECTION('',(1.,0.,-0.));
#7455 = PCURVE('',#2206,#7456);
#7456 = DEFINITIONAL_REPRESENTATION('',(#7457),#7461);
#7457 = LINE('',#7458,#7459);
#7458 = CARTESIAN_POINT('',(0.,0.));
#7459 = VECTOR('',#7460,1.);
#7460 = DIRECTION('',(0.,1.));
#7461 = ( GEOMETRIC_REPRESENTATION_CONTEXT(2) 
PARAMETRIC_REPRESENTATION_CONTEXT() REPRESENTATION_CONTEXT('2D SPACE',''
  ) );
#7462 = PCURVE('',#7463,#7468);
#7463 = PLANE('',#7464);
#7464 = AXIS2_PLACEMENT_3D('',#7465,#7466,#7467);
#7465 = CARTESIAN_POINT('',(12.1,13.,41.5));
#7466 = DIRECTION('',(0.,0.,1.));
#7467 = DIRECTION('',(1.,0.,-0.));
#7468 = DEFINITIONAL_REPRESENTATION('',(#7469),#7473);
#7469 = LINE('',#7470,#7471);
#7470 = CARTESIAN_POINT('',(0.,0.));
#7471 = VECTOR('',#7472,1.);
#7472 = DIRECTION('',(1.,0.));
#7473 = ( GEOMETRIC_REPRESENTATION_CONTEXT(2) 
PARAMETRIC_REPRESENTATION_CONTEXT() REPRESENTATION_CONTEXT('2D SPACE',''
  ) );
#7474 = ORIENTED_EDGE('',*,*,#7475,.T.);
#7475 = EDGE_CURVE('',#7448,#2192,#7476,.T.);
#7476 = SURFACE_CURVE('',#7477,(#7481,#7488),.PCURVE_S1.);
#7477 = LINE('',#7478,#7479);
#7478 = CARTESIAN_POINT('',(12.1,13.,41.5));
#7479 = VECTOR('',#7480,1.);
#7480 = DIRECTION('',(0.,0.,1.));
#7481 = PCURVE('',#2206,#7482);
#7482 = DEFINITIONAL_REPRESENTATION('',(#7483),#7487);
#7483 = LINE('',#7484,#7485);
#7484 = CARTESIAN_POINT('',(0.,0.));
#7485 = VECTOR('',#7486,1.);
#7486 = DIRECTION('',(1.,0.));
#7487 = ( GEOMETRIC_REPRESENTATION_CONTEXT(2) 
PARAMETRIC_REPRESENTATION_CONTEXT() REPRESENTATION_CONTEXT('2D SPACE',''
  ) );
#7488 = PCURVE('',#2232,#7489);
#7489 = DEFINITIONAL_REPRESENTATION('',(#7490),#7494);
#7490 = LINE('',#7491,#7492);
#7491 = CARTESIAN_POINT('',(0.,0.));
#7492 = VECTOR('',#7493,1.);
#7493 = DIRECTION('',(1.,0.));
#7494 = ( GEOMETRIC_REPRESENTATION_CONTEXT(2) 
PARAMETRIC_REPRESENTATION_CONTEXT() REPRESENTATION_CONTEXT('2D SPACE',''
  ) );
#7495 = ORIENTED_EDGE('',*,*,#2189,.F.);
#7496 = ADVANCED_FACE('',(#7497),#2282,.T.);
#7497 = FACE_BOUND('',#7498,.T.);
#7498 = EDGE_LOOP('',(#7499,#7500,#7523,#7544));
#7499 = ORIENTED_EDGE('',*,*,#7424,.F.);
#7500 = ORIENTED_EDGE('',*,*,#7501,.T.);
#7501 = EDGE_CURVE('',#7425,#7502,#7504,.T.);
#7502 = VERTEX_POINT('',#7503);
#7503 = CARTESIAN_POINT('',(13.5,14.6,41.5));
#7504 = SURFACE_CURVE('',#7505,(#7509,#7516),.PCURVE_S1.);
#7505 = LINE('',#7506,#7507);
#7506 = CARTESIAN_POINT('',(13.5,13.,41.5));
#7507 = VECTOR('',#7508,1.);
#7508 = DIRECTION('',(-0.,1.,0.));
#7509 = PCURVE('',#2282,#7510);
#7510 = DEFINITIONAL_REPRESENTATION('',(#7511),#7515);
#7511 = LINE('',#7512,#7513);
#7512 = CARTESIAN_POINT('',(0.,0.));
#7513 = VECTOR('',#7514,1.);
#7514 = DIRECTION('',(0.,-1.));
#7515 = ( GEOMETRIC_REPRESENTATION_CONTEXT(2) 
PARAMETRIC_REPRESENTATION_CONTEXT() REPRESENTATION_CONTEXT('2D SPACE',''
  ) );
#7516 = PCURVE('',#7463,#7517);
#7517 = DEFINITIONAL_REPRESENTATION('',(#7518),#7522);
#7518 = LINE('',#7519,#7520);
#7519 = CARTESIAN_POINT('',(1.4,0.));
#7520 = VECTOR('',#7521,1.);
#7521 = DIRECTION('',(0.,1.));
#7522 = ( GEOMETRIC_REPRESENTATION_CONTEXT(2) 
PARAMETRIC_REPRESENTATION_CONTEXT() REPRESENTATION_CONTEXT('2D SPACE',''
  ) );
#7523 = ORIENTED_EDGE('',*,*,#7524,.T.);
#7524 = EDGE_CURVE('',#7502,#2244,#7525,.T.);
#7525 = SURFACE_CURVE('',#7526,(#7530,#7537),.PCURVE_S1.);
#7526 = LINE('',#7527,#7528);
#7527 = CARTESIAN_POINT('',(13.5,14.6,41.5));
#7528 = VECTOR('',#7529,1.);
#7529 = DIRECTION('',(0.,0.,1.));
#7530 = PCURVE('',#2282,#7531);
#7531 = DEFINITIONAL_REPRESENTATION('',(#7532),#7536);
#7532 = LINE('',#7533,#7534);
#7533 = CARTESIAN_POINT('',(0.,-1.6));
#7534 = VECTOR('',#7535,1.);
#7535 = DIRECTION('',(1.,0.));
#7536 = ( GEOMETRIC_REPRESENTATION_CONTEXT(2) 
PARAMETRIC_REPRESENTATION_CONTEXT() REPRESENTATION_CONTEXT('2D SPACE',''
  ) );
#7537 = PCURVE('',#2258,#7538);
#7538 = DEFINITIONAL_REPRESENTATION('',(#7539),#7543);
#7539 = LINE('',#7540,#7541);
#7540 = CARTESIAN_POINT('',(0.,1.4));
#7541 = VECTOR('',#7542,1.);
#7542 = DIRECTION('',(1.,0.));
#7543 = ( GEOMETRIC_REPRESENTATION_CONTEXT(2) 
PARAMETRIC_REPRESENTATION_CONTEXT() REPRESENTATION_CONTEXT('2D SPACE',''
  ) );
#7544 = ORIENTED_EDGE('',*,*,#2269,.F.);
#7545 = ADVANCED_FACE('',(#7546),#2232,.F.);
#7546 = FACE_BOUND('',#7547,.F.);
#7547 = EDGE_LOOP('',(#7548,#7549,#7572,#7593));
#7548 = ORIENTED_EDGE('',*,*,#7475,.F.);
#7549 = ORIENTED_EDGE('',*,*,#7550,.T.);
#7550 = EDGE_CURVE('',#7448,#7551,#7553,.T.);
#7551 = VERTEX_POINT('',#7552);
#7552 = CARTESIAN_POINT('',(12.1,14.6,41.5));
#7553 = SURFACE_CURVE('',#7554,(#7558,#7565),.PCURVE_S1.);
#7554 = LINE('',#7555,#7556);
#7555 = CARTESIAN_POINT('',(12.1,13.,41.5));
#7556 = VECTOR('',#7557,1.);
#7557 = DIRECTION('',(-0.,1.,0.));
#7558 = PCURVE('',#2232,#7559);
#7559 = DEFINITIONAL_REPRESENTATION('',(#7560),#7564);
#7560 = LINE('',#7561,#7562);
#7561 = CARTESIAN_POINT('',(0.,0.));
#7562 = VECTOR('',#7563,1.);
#7563 = DIRECTION('',(0.,-1.));
#7564 = ( GEOMETRIC_REPRESENTATION_CONTEXT(2) 
PARAMETRIC_REPRESENTATION_CONTEXT() REPRESENTATION_CONTEXT('2D SPACE',''
  ) );
#7565 = PCURVE('',#7463,#7566);
#7566 = DEFINITIONAL_REPRESENTATION('',(#7567),#7571);
#7567 = LINE('',#7568,#7569);
#7568 = CARTESIAN_POINT('',(0.,0.));
#7569 = VECTOR('',#7570,1.);
#7570 = DIRECTION('',(0.,1.));
#7571 = ( GEOMETRIC_REPRESENTATION_CONTEXT(2) 
PARAMETRIC_REPRESENTATION_CONTEXT() REPRESENTATION_CONTEXT('2D SPACE',''
  ) );
#7572 = ORIENTED_EDGE('',*,*,#7573,.T.);
#7573 = EDGE_CURVE('',#7551,#2218,#7574,.T.);
#7574 = SURFACE_CURVE('',#7575,(#7579,#7586),.PCURVE_S1.);
#7575 = LINE('',#7576,#7577);
#7576 = CARTESIAN_POINT('',(12.1,14.6,41.5));
#7577 = VECTOR('',#7578,1.);
#7578 = DIRECTION('',(0.,0.,1.));
#7579 = PCURVE('',#2232,#7580);
#7580 = DEFINITIONAL_REPRESENTATION('',(#7581),#7585);
#7581 = LINE('',#7582,#7583);
#7582 = CARTESIAN_POINT('',(0.,-1.6));
#7583 = VECTOR('',#7584,1.);
#7584 = DIRECTION('',(1.,0.));
#7585 = ( GEOMETRIC_REPRESENTATION_CONTEXT(2) 
PARAMETRIC_REPRESENTATION_CONTEXT() REPRESENTATION_CONTEXT('2D SPACE',''
  ) );
#7586 = PCURVE('',#2258,#7587);
#7587 = DEFINITIONAL_REPRESENTATION('',(#7588),#7592);
#7588 = LINE('',#7589,#7590);
#7589 = CARTESIAN_POINT('',(0.,0.));
#7590 = VECTOR('',#7591,1.);
#7591 = DIRECTION('',(1.,0.));
#7592 = ( GEOMETRIC_REPRESENTATION_CONTEXT(2) 
PARAMETRIC_REPRESENTATION_CONTEXT() REPRESENTATION_CONTEXT('2D SPACE',''
  ) );
#7593 = ORIENTED_EDGE('',*,*,#2217,.F.);
#7594 = ADVANCED_FACE('',(#7595),#2258,.T.);
#7595 = FACE_BOUND('',#7596,.T.);
#7596 = EDGE_LOOP('',(#7597,#7598,#7619,#7620));
#7597 = ORIENTED_EDGE('',*,*,#7524,.F.);
#7598 = ORIENTED_EDGE('',*,*,#7599,.F.);
#7599 = EDGE_CURVE('',#7551,#7502,#7600,.T.);
#7600 = SURFACE_CURVE('',#7601,(#7605,#7612),.PCURVE_S1.);
#7601 = LINE('',#7602,#7603);
#7602 = CARTESIAN_POINT('',(12.1,14.6,41.5));
#7603 = VECTOR('',#7604,1.);
#7604 = DIRECTION('',(1.,0.,-0.));
#7605 = PCURVE('',#2258,#7606);
#7606 = DEFINITIONAL_REPRESENTATION('',(#7607),#7611);
#7607 = LINE('',#7608,#7609);
#7608 = CARTESIAN_POINT('',(0.,0.));
#7609 = VECTOR('',#7610,1.);
#7610 = DIRECTION('',(0.,1.));
#7611 = ( GEOMETRIC_REPRESENTATION_CONTEXT(2) 
PARAMETRIC_REPRESENTATION_CONTEXT() REPRESENTATION_CONTEXT('2D SPACE',''
  ) );
#7612 = PCURVE('',#7463,#7613);
#7613 = DEFINITIONAL_REPRESENTATION('',(#7614),#7618);
#7614 = LINE('',#7615,#7616);
#7615 = CARTESIAN_POINT('',(0.,1.6));
#7616 = VECTOR('',#7617,1.);
#7617 = DIRECTION('',(1.,0.));
#7618 = ( GEOMETRIC_REPRESENTATION_CONTEXT(2) 
PARAMETRIC_REPRESENTATION_CONTEXT() REPRESENTATION_CONTEXT('2D SPACE',''
  ) );
#7619 = ORIENTED_EDGE('',*,*,#7573,.T.);
#7620 = ORIENTED_EDGE('',*,*,#2243,.F.);
#7621 = ADVANCED_FACE('',(#7622),#2312,.F.);
#7622 = FACE_BOUND('',#7623,.F.);
#7623 = EDGE_LOOP('',(#7624,#7645,#7646,#7647));
#7624 = ORIENTED_EDGE('',*,*,#7625,.T.);
#7625 = EDGE_CURVE('',#2296,#4585,#7626,.T.);
#7626 = SEAM_CURVE('',#7627,(#7631,#7638),.PCURVE_S1.);
#7627 = LINE('',#7628,#7629);
#7628 = CARTESIAN_POINT('',(20.7,15.,38.));
#7629 = VECTOR('',#7630,1.);
#7630 = DIRECTION('',(0.,0.,1.));
#7631 = PCURVE('',#2312,#7632);
#7632 = DEFINITIONAL_REPRESENTATION('',(#7633),#7637);
#7633 = LINE('',#7634,#7635);
#7634 = CARTESIAN_POINT('',(6.28318530718,-0.));
#7635 = VECTOR('',#7636,1.);
#7636 = DIRECTION('',(0.,1.));
#7637 = ( GEOMETRIC_REPRESENTATION_CONTEXT(2) 
PARAMETRIC_REPRESENTATION_CONTEXT() REPRESENTATION_CONTEXT('2D SPACE',''
  ) );
#7638 = PCURVE('',#2312,#7639);
#7639 = DEFINITIONAL_REPRESENTATION('',(#7640),#7644);
#7640 = LINE('',#7641,#7642);
#7641 = CARTESIAN_POINT('',(0.,-0.));
#7642 = VECTOR('',#7643,1.);
#7643 = DIRECTION('',(0.,1.));
#7644 = ( GEOMETRIC_REPRESENTATION_CONTEXT(2) 
PARAMETRIC_REPRESENTATION_CONTEXT() REPRESENTATION_CONTEXT('2D SPACE',''
  ) );
#7645 = ORIENTED_EDGE('',*,*,#4584,.F.);
#7646 = ORIENTED_EDGE('',*,*,#7625,.F.);
#7647 = ORIENTED_EDGE('',*,*,#2295,.T.);
#7648 = ADVANCED_FACE('',(#7649),#2349,.T.);
#7649 = FACE_BOUND('',#7650,.F.);
#7650 = EDGE_LOOP('',(#7651,#7682,#7701,#7702));
#7651 = ORIENTED_EDGE('',*,*,#7652,.F.);
#7652 = EDGE_CURVE('',#7653,#7655,#7657,.T.);
#7653 = VERTEX_POINT('',#7654);
#7654 = CARTESIAN_POINT('',(20.711848674145,18.442952626885,39.5));
#7655 = VERTEX_POINT('',#7656);
#7656 = CARTESIAN_POINT('',(21.799999998185,25.000000009836,39.5));
#7657 = SURFACE_CURVE('',#7658,(#7663,#7670),.PCURVE_S1.);
#7658 = CIRCLE('',#7659,20.3);
#7659 = AXIS2_PLACEMENT_3D('',#7660,#7661,#7662);
#7660 = CARTESIAN_POINT('',(1.49999999637,25.000000009836,39.5));
#7661 = DIRECTION('',(0.,0.,1.));
#7662 = DIRECTION('',(1.,0.,0.));
#7663 = PCURVE('',#2349,#7664);
#7664 = DEFINITIONAL_REPRESENTATION('',(#7665),#7669);
#7665 = LINE('',#7666,#7667);
#7666 = CARTESIAN_POINT('',(-0.,0.));
#7667 = VECTOR('',#7668,1.);
#7668 = DIRECTION('',(-1.,0.));
#7669 = ( GEOMETRIC_REPRESENTATION_CONTEXT(2) 
PARAMETRIC_REPRESENTATION_CONTEXT() REPRESENTATION_CONTEXT('2D SPACE',''
  ) );
#7670 = PCURVE('',#7671,#7676);
#7671 = PLANE('',#7672);
#7672 = AXIS2_PLACEMENT_3D('',#7673,#7674,#7675);
#7673 = CARTESIAN_POINT('',(-3.990281904321E-09,60.000000005171,39.5));
#7674 = DIRECTION('',(0.,0.,1.));
#7675 = DIRECTION('',(1.,0.,-0.));
#7676 = DEFINITIONAL_REPRESENTATION('',(#7677),#7681);
#7677 = CIRCLE('',#7678,20.3);
#7678 = AXIS2_PLACEMENT_2D('',#7679,#7680);
#7679 = CARTESIAN_POINT('',(1.500000000361,-34.99999999533));
#7680 = DIRECTION('',(1.,0.));
#7681 = ( GEOMETRIC_REPRESENTATION_CONTEXT(2) 
PARAMETRIC_REPRESENTATION_CONTEXT() REPRESENTATION_CONTEXT('2D SPACE',''
  ) );
#7682 = ORIENTED_EDGE('',*,*,#7683,.F.);
#7683 = EDGE_CURVE('',#2329,#7653,#7684,.T.);
#7684 = SURFACE_CURVE('',#7685,(#7689,#7695),.PCURVE_S1.);
#7685 = LINE('',#7686,#7687);
#7686 = CARTESIAN_POINT('',(20.711848674145,18.442952626885,39.5));
#7687 = VECTOR('',#7688,1.);
#7688 = DIRECTION('',(-0.,-0.,-1.));
#7689 = PCURVE('',#2349,#7690);
#7690 = DEFINITIONAL_REPRESENTATION('',(#7691),#7694);
#7691 = B_SPLINE_CURVE_WITH_KNOTS('',1,(#7692,#7693),.UNSPECIFIED.,.F.,
  .F.,(2,2),(-2.5000006,5.999999999062E-07),.PIECEWISE_BEZIER_KNOTS.);
#7692 = CARTESIAN_POINT('',(-5.954279945517,-2.5000006));
#7693 = CARTESIAN_POINT('',(-5.954279945517,5.999999999062E-07));
#7694 = ( GEOMETRIC_REPRESENTATION_CONTEXT(2) 
PARAMETRIC_REPRESENTATION_CONTEXT() REPRESENTATION_CONTEXT('2D SPACE',''
  ) );
#7695 = PCURVE('',#2378,#7696);
#7696 = DEFINITIONAL_REPRESENTATION('',(#7697),#7700);
#7697 = B_SPLINE_CURVE_WITH_KNOTS('',1,(#7698,#7699),.UNSPECIFIED.,.F.,
  .F.,(2,2),(-2.5000006,5.999999999062E-07),.PIECEWISE_BEZIER_KNOTS.);
#7698 = CARTESIAN_POINT('',(1.232359140706,3.0000006));
#7699 = CARTESIAN_POINT('',(1.232359140706,0.4999994));
#7700 = ( GEOMETRIC_REPRESENTATION_CONTEXT(2) 
PARAMETRIC_REPRESENTATION_CONTEXT() REPRESENTATION_CONTEXT('2D SPACE',''
  ) );
#7701 = ORIENTED_EDGE('',*,*,#2326,.F.);
#7702 = ORIENTED_EDGE('',*,*,#7703,.F.);
#7703 = EDGE_CURVE('',#7655,#2327,#7704,.T.);
#7704 = SURFACE_CURVE('',#7705,(#7709,#7716),.PCURVE_S1.);
#7705 = LINE('',#7706,#7707);
#7706 = CARTESIAN_POINT('',(21.799999998185,25.000000009836,39.5));
#7707 = VECTOR('',#7708,1.);
#7708 = DIRECTION('',(0.,0.,1.));
#7709 = PCURVE('',#2349,#7710);
#7710 = DEFINITIONAL_REPRESENTATION('',(#7711),#7715);
#7711 = LINE('',#7712,#7713);
#7712 = CARTESIAN_POINT('',(-6.28318530718,0.));
#7713 = VECTOR('',#7714,1.);
#7714 = DIRECTION('',(-0.,-1.));
#7715 = ( GEOMETRIC_REPRESENTATION_CONTEXT(2) 
PARAMETRIC_REPRESENTATION_CONTEXT() REPRESENTATION_CONTEXT('2D SPACE',''
  ) );
#7716 = PCURVE('',#2712,#7717);
#7717 = DEFINITIONAL_REPRESENTATION('',(#7718),#7722);
#7718 = LINE('',#7719,#7720);
#7719 = CARTESIAN_POINT('',(-3.552713678801E-15,0.));
#7720 = VECTOR('',#7721,1.);
#7721 = DIRECTION('',(0.,-1.));
#7722 = ( GEOMETRIC_REPRESENTATION_CONTEXT(2) 
PARAMETRIC_REPRESENTATION_CONTEXT() REPRESENTATION_CONTEXT('2D SPACE',''
  ) );
#7723 = ADVANCED_FACE('',(#7724),#2712,.F.);
#7724 = FACE_BOUND('',#7725,.F.);
#7725 = EDGE_LOOP('',(#7726,#7749,#7750,#7751));
#7726 = ORIENTED_EDGE('',*,*,#7727,.F.);
#7727 = EDGE_CURVE('',#7655,#7728,#7730,.T.);
#7728 = VERTEX_POINT('',#7729);
#7729 = CARTESIAN_POINT('',(21.8,27.000000007416,39.5));
#7730 = SURFACE_CURVE('',#7731,(#7735,#7742),.PCURVE_S1.);
#7731 = LINE('',#7732,#7733);
#7732 = CARTESIAN_POINT('',(21.8,26.000000009836,39.5));
#7733 = VECTOR('',#7734,1.);
#7734 = DIRECTION('',(0.,1.,0.));
#7735 = PCURVE('',#2712,#7736);
#7736 = DEFINITIONAL_REPRESENTATION('',(#7737),#7741);
#7737 = LINE('',#7738,#7739);
#7738 = CARTESIAN_POINT('',(1.,0.));
#7739 = VECTOR('',#7740,1.);
#7740 = DIRECTION('',(1.,0.));
#7741 = ( GEOMETRIC_REPRESENTATION_CONTEXT(2) 
PARAMETRIC_REPRESENTATION_CONTEXT() REPRESENTATION_CONTEXT('2D SPACE',''
  ) );
#7742 = PCURVE('',#7671,#7743);
#7743 = DEFINITIONAL_REPRESENTATION('',(#7744),#7748);
#7744 = LINE('',#7745,#7746);
#7745 = CARTESIAN_POINT('',(21.80000000399,-33.99999999533));
#7746 = VECTOR('',#7747,1.);
#7747 = DIRECTION('',(0.,1.));
#7748 = ( GEOMETRIC_REPRESENTATION_CONTEXT(2) 
PARAMETRIC_REPRESENTATION_CONTEXT() REPRESENTATION_CONTEXT('2D SPACE',''
  ) );
#7749 = ORIENTED_EDGE('',*,*,#7703,.T.);
#7750 = ORIENTED_EDGE('',*,*,#2698,.F.);
#7751 = ORIENTED_EDGE('',*,*,#7752,.F.);
#7752 = EDGE_CURVE('',#7728,#2666,#7753,.T.);
#7753 = SURFACE_CURVE('',#7754,(#7758,#7765),.PCURVE_S1.);
#7754 = LINE('',#7755,#7756);
#7755 = CARTESIAN_POINT('',(21.8,27.000000007416,39.5));
#7756 = VECTOR('',#7757,1.);
#7757 = DIRECTION('',(0.,0.,1.));
#7758 = PCURVE('',#2712,#7759);
#7759 = DEFINITIONAL_REPRESENTATION('',(#7760),#7764);
#7760 = LINE('',#7761,#7762);
#7761 = CARTESIAN_POINT('',(1.99999999758,0.));
#7762 = VECTOR('',#7763,1.);
#7763 = DIRECTION('',(0.,-1.));
#7764 = ( GEOMETRIC_REPRESENTATION_CONTEXT(2) 
PARAMETRIC_REPRESENTATION_CONTEXT() REPRESENTATION_CONTEXT('2D SPACE',''
  ) );
#7765 = PCURVE('',#2686,#7766);
#7766 = DEFINITIONAL_REPRESENTATION('',(#7767),#7771);
#7767 = LINE('',#7768,#7769);
#7768 = CARTESIAN_POINT('',(-0.,0.));
#7769 = VECTOR('',#7770,1.);
#7770 = DIRECTION('',(-0.,-1.));
#7771 = ( GEOMETRIC_REPRESENTATION_CONTEXT(2) 
PARAMETRIC_REPRESENTATION_CONTEXT() REPRESENTATION_CONTEXT('2D SPACE',''
  ) );
#7772 = ADVANCED_FACE('',(#7773),#2378,.F.);
#7773 = FACE_BOUND('',#7774,.F.);
#7774 = EDGE_LOOP('',(#7775,#7776,#7777,#7801));
#7775 = ORIENTED_EDGE('',*,*,#2361,.F.);
#7776 = ORIENTED_EDGE('',*,*,#7683,.T.);
#7777 = ORIENTED_EDGE('',*,*,#7778,.T.);
#7778 = EDGE_CURVE('',#7653,#7779,#7781,.T.);
#7779 = VERTEX_POINT('',#7780);
#7780 = CARTESIAN_POINT('',(19.190400496541,18.636845906477,39.5));
#7781 = SURFACE_CURVE('',#7782,(#7787,#7794),.PCURVE_S1.);
#7782 = CIRCLE('',#7783,3.65);
#7783 = AXIS2_PLACEMENT_3D('',#7784,#7785,#7786);
#7784 = CARTESIAN_POINT('',(19.5,15.,39.5));
#7785 = DIRECTION('',(0.,0.,1.));
#7786 = DIRECTION('',(1.,0.,-0.));
#7787 = PCURVE('',#2378,#7788);
#7788 = DEFINITIONAL_REPRESENTATION('',(#7789),#7793);
#7789 = LINE('',#7790,#7791);
#7790 = CARTESIAN_POINT('',(0.,0.5));
#7791 = VECTOR('',#7792,1.);
#7792 = DIRECTION('',(1.,0.));
#7793 = ( GEOMETRIC_REPRESENTATION_CONTEXT(2) 
PARAMETRIC_REPRESENTATION_CONTEXT() REPRESENTATION_CONTEXT('2D SPACE',''
  ) );
#7794 = PCURVE('',#7671,#7795);
#7795 = DEFINITIONAL_REPRESENTATION('',(#7796),#7800);
#7796 = CIRCLE('',#7797,3.65);
#7797 = AXIS2_PLACEMENT_2D('',#7798,#7799);
#7798 = CARTESIAN_POINT('',(19.50000000399,-45.00000000517));
#7799 = DIRECTION('',(1.,0.));
#7800 = ( GEOMETRIC_REPRESENTATION_CONTEXT(2) 
PARAMETRIC_REPRESENTATION_CONTEXT() REPRESENTATION_CONTEXT('2D SPACE',''
  ) );
#7801 = ORIENTED_EDGE('',*,*,#7802,.F.);
#7802 = EDGE_CURVE('',#2362,#7779,#7803,.T.);
#7803 = SURFACE_CURVE('',#7804,(#7808,#7814),.PCURVE_S1.);
#7804 = LINE('',#7805,#7806);
#7805 = CARTESIAN_POINT('',(19.190400496541,18.636845906477,39.5));
#7806 = VECTOR('',#7807,1.);
#7807 = DIRECTION('',(0.,0.,-1.));
#7808 = PCURVE('',#2378,#7809);
#7809 = DEFINITIONAL_REPRESENTATION('',(#7810),#7813);
#7810 = B_SPLINE_CURVE_WITH_KNOTS('',1,(#7811,#7812),.UNSPECIFIED.,.F.,
  .F.,(2,2),(-2.5000006,6.059999996921E-06),.PIECEWISE_BEZIER_KNOTS.);
#7811 = CARTESIAN_POINT('',(1.655720150989,3.0000006));
#7812 = CARTESIAN_POINT('',(1.655720150989,0.49999394));
#7813 = ( GEOMETRIC_REPRESENTATION_CONTEXT(2) 
PARAMETRIC_REPRESENTATION_CONTEXT() REPRESENTATION_CONTEXT('2D SPACE',''
  ) );
#7814 = PCURVE('',#2411,#7815);
#7815 = DEFINITIONAL_REPRESENTATION('',(#7816),#7819);
#7816 = B_SPLINE_CURVE_WITH_KNOTS('',1,(#7817,#7818),.UNSPECIFIED.,.F.,
  .F.,(2,2),(-2.5000006,6.059999996921E-06),.PIECEWISE_BEZIER_KNOTS.);
#7817 = CARTESIAN_POINT('',(3.486878475908,-2.5000006));
#7818 = CARTESIAN_POINT('',(3.486878475908,6.059999996921E-06));
#7819 = ( GEOMETRIC_REPRESENTATION_CONTEXT(2) 
PARAMETRIC_REPRESENTATION_CONTEXT() REPRESENTATION_CONTEXT('2D SPACE',''
  ) );
#7820 = ADVANCED_FACE('',(#7821),#2686,.T.);
#7821 = FACE_BOUND('',#7822,.F.);
#7822 = EDGE_LOOP('',(#7823,#7847,#7848,#7849));
#7823 = ORIENTED_EDGE('',*,*,#7824,.F.);
#7824 = EDGE_CURVE('',#7728,#7825,#7827,.T.);
#7825 = VERTEX_POINT('',#7826);
#7826 = CARTESIAN_POINT('',(17.246477252557,39.811653067607,39.5));
#7827 = SURFACE_CURVE('',#7828,(#7833,#7840),.PCURVE_S1.);
#7828 = CIRCLE('',#7829,20.3);
#7829 = AXIS2_PLACEMENT_3D('',#7830,#7831,#7832);
#7830 = CARTESIAN_POINT('',(1.5,27.000000007416,39.5));
#7831 = DIRECTION('',(0.,0.,1.));
#7832 = DIRECTION('',(1.,0.,0.));
#7833 = PCURVE('',#2686,#7834);
#7834 = DEFINITIONAL_REPRESENTATION('',(#7835),#7839);
#7835 = LINE('',#7836,#7837);
#7836 = CARTESIAN_POINT('',(-0.,0.));
#7837 = VECTOR('',#7838,1.);
#7838 = DIRECTION('',(-1.,0.));
#7839 = ( GEOMETRIC_REPRESENTATION_CONTEXT(2) 
PARAMETRIC_REPRESENTATION_CONTEXT() REPRESENTATION_CONTEXT('2D SPACE',''
  ) );
#7840 = PCURVE('',#7671,#7841);
#7841 = DEFINITIONAL_REPRESENTATION('',(#7842),#7846);
#7842 = CIRCLE('',#7843,20.3);
#7843 = AXIS2_PLACEMENT_2D('',#7844,#7845);
#7844 = CARTESIAN_POINT('',(1.50000000399,-32.99999999775));
#7845 = DIRECTION('',(1.,0.));
#7846 = ( GEOMETRIC_REPRESENTATION_CONTEXT(2) 
PARAMETRIC_REPRESENTATION_CONTEXT() REPRESENTATION_CONTEXT('2D SPACE',''
  ) );
#7847 = ORIENTED_EDGE('',*,*,#7752,.T.);
#7848 = ORIENTED_EDGE('',*,*,#2665,.F.);
#7849 = ORIENTED_EDGE('',*,*,#7850,.F.);
#7850 = EDGE_CURVE('',#7825,#2633,#7851,.T.);
#7851 = SURFACE_CURVE('',#7852,(#7856,#7863),.PCURVE_S1.);
#7852 = LINE('',#7853,#7854);
#7853 = CARTESIAN_POINT('',(17.246477252557,39.811653067607,39.5));
#7854 = VECTOR('',#7855,1.);
#7855 = DIRECTION('',(0.,0.,1.));
#7856 = PCURVE('',#2686,#7857);
#7857 = DEFINITIONAL_REPRESENTATION('',(#7858),#7862);
#7858 = LINE('',#7859,#7860);
#7859 = CARTESIAN_POINT('',(-0.682990982412,0.));
#7860 = VECTOR('',#7861,1.);
#7861 = DIRECTION('',(-0.,-1.));
#7862 = ( GEOMETRIC_REPRESENTATION_CONTEXT(2) 
PARAMETRIC_REPRESENTATION_CONTEXT() REPRESENTATION_CONTEXT('2D SPACE',''
  ) );
#7863 = PCURVE('',#2653,#7864);
#7864 = DEFINITIONAL_REPRESENTATION('',(#7865),#7869);
#7865 = LINE('',#7866,#7867);
#7866 = CARTESIAN_POINT('',(4.263342310354,0.));
#7867 = VECTOR('',#7868,1.);
#7868 = DIRECTION('',(0.,-1.));
#7869 = ( GEOMETRIC_REPRESENTATION_CONTEXT(2) 
PARAMETRIC_REPRESENTATION_CONTEXT() REPRESENTATION_CONTEXT('2D SPACE',''
  ) );
#7870 = ADVANCED_FACE('',(#7871),#2411,.F.);
#7871 = FACE_BOUND('',#7872,.F.);
#7872 = EDGE_LOOP('',(#7873,#7901,#7922,#7923));
#7873 = ORIENTED_EDGE('',*,*,#7874,.F.);
#7874 = EDGE_CURVE('',#7875,#7779,#7877,.T.);
#7875 = VERTEX_POINT('',#7876);
#7876 = CARTESIAN_POINT('',(20.299999998185,25.000000009873,39.5));
#7877 = SURFACE_CURVE('',#7878,(#7883,#7890),.PCURVE_S1.);
#7878 = CIRCLE('',#7879,18.8);
#7879 = AXIS2_PLACEMENT_3D('',#7880,#7881,#7882);
#7880 = CARTESIAN_POINT('',(1.49999999637,25.000000009873,39.5));
#7881 = DIRECTION('',(0.,0.,-1.));
#7882 = DIRECTION('',(-1.,0.,0.));
#7883 = PCURVE('',#2411,#7884);
#7884 = DEFINITIONAL_REPRESENTATION('',(#7885),#7889);
#7885 = LINE('',#7886,#7887);
#7886 = CARTESIAN_POINT('',(0.,0.));
#7887 = VECTOR('',#7888,1.);
#7888 = DIRECTION('',(1.,0.));
#7889 = ( GEOMETRIC_REPRESENTATION_CONTEXT(2) 
PARAMETRIC_REPRESENTATION_CONTEXT() REPRESENTATION_CONTEXT('2D SPACE',''
  ) );
#7890 = PCURVE('',#7671,#7891);
#7891 = DEFINITIONAL_REPRESENTATION('',(#7892),#7900);
#7892 = ( BOUNDED_CURVE() B_SPLINE_CURVE(2,(#7893,#7894,#7895,#7896,
#7897,#7898,#7899),.UNSPECIFIED.,.T.,.F.) B_SPLINE_CURVE_WITH_KNOTS((1,2
    ,2,2,2,1),(-2.094395102393,0.,2.094395102393,4.188790204786,
6.28318530718,8.377580409573),.UNSPECIFIED.) CURVE() 
GEOMETRIC_REPRESENTATION_ITEM() RATIONAL_B_SPLINE_CURVE((1.,0.5,1.,0.5,
1.,0.5,1.)) REPRESENTATION_ITEM('') );
#7893 = CARTESIAN_POINT('',(-17.29999999963,-34.99999999529));
#7894 = CARTESIAN_POINT('',(-17.29999999963,-2.437444813003));
#7895 = CARTESIAN_POINT('',(10.900000000361,-18.71872240415));
#7896 = CARTESIAN_POINT('',(39.100000000361,-34.99999999529));
#7897 = CARTESIAN_POINT('',(10.900000000361,-51.28127758644));
#7898 = CARTESIAN_POINT('',(-17.29999999963,-67.56255517759));
#7899 = CARTESIAN_POINT('',(-17.29999999963,-34.99999999529));
#7900 = ( GEOMETRIC_REPRESENTATION_CONTEXT(2) 
PARAMETRIC_REPRESENTATION_CONTEXT() REPRESENTATION_CONTEXT('2D SPACE',''
  ) );
#7901 = ORIENTED_EDGE('',*,*,#7902,.T.);
#7902 = EDGE_CURVE('',#7875,#2391,#7903,.T.);
#7903 = SURFACE_CURVE('',#7904,(#7908,#7915),.PCURVE_S1.);
#7904 = LINE('',#7905,#7906);
#7905 = CARTESIAN_POINT('',(20.299999998185,25.000000009873,39.5));
#7906 = VECTOR('',#7907,1.);
#7907 = DIRECTION('',(0.,0.,1.));
#7908 = PCURVE('',#2411,#7909);
#7909 = DEFINITIONAL_REPRESENTATION('',(#7910),#7914);
#7910 = LINE('',#7911,#7912);
#7911 = CARTESIAN_POINT('',(3.14159265359,0.));
#7912 = VECTOR('',#7913,1.);
#7913 = DIRECTION('',(0.,-1.));
#7914 = ( GEOMETRIC_REPRESENTATION_CONTEXT(2) 
PARAMETRIC_REPRESENTATION_CONTEXT() REPRESENTATION_CONTEXT('2D SPACE',''
  ) );
#7915 = PCURVE('',#2439,#7916);
#7916 = DEFINITIONAL_REPRESENTATION('',(#7917),#7921);
#7917 = LINE('',#7918,#7919);
#7918 = CARTESIAN_POINT('',(3.552713678801E-15,0.));
#7919 = VECTOR('',#7920,1.);
#7920 = DIRECTION('',(0.,-1.));
#7921 = ( GEOMETRIC_REPRESENTATION_CONTEXT(2) 
PARAMETRIC_REPRESENTATION_CONTEXT() REPRESENTATION_CONTEXT('2D SPACE',''
  ) );
#7922 = ORIENTED_EDGE('',*,*,#2390,.T.);
#7923 = ORIENTED_EDGE('',*,*,#7802,.T.);
#7924 = ADVANCED_FACE('',(#7925),#2653,.T.);
#7925 = FACE_BOUND('',#7926,.T.);
#7926 = EDGE_LOOP('',(#7927,#7955,#7976,#7977));
#7927 = ORIENTED_EDGE('',*,*,#7928,.F.);
#7928 = EDGE_CURVE('',#7929,#7825,#7931,.T.);
#7929 = VERTEX_POINT('',#7930);
#7930 = CARTESIAN_POINT('',(29.299999998826,59.000000009815,39.5));
#7931 = SURFACE_CURVE('',#7932,(#7937,#7944),.PCURVE_S1.);
#7932 = CIRCLE('',#7933,21.3);
#7933 = AXIS2_PLACEMENT_3D('',#7934,#7935,#7936);
#7934 = CARTESIAN_POINT('',(7.999999997652,59.000000009815,39.5));
#7935 = DIRECTION('',(0.,0.,-1.));
#7936 = DIRECTION('',(-1.,0.,0.));
#7937 = PCURVE('',#2653,#7938);
#7938 = DEFINITIONAL_REPRESENTATION('',(#7939),#7943);
#7939 = LINE('',#7940,#7941);
#7940 = CARTESIAN_POINT('',(0.,0.));
#7941 = VECTOR('',#7942,1.);
#7942 = DIRECTION('',(1.,0.));
#7943 = ( GEOMETRIC_REPRESENTATION_CONTEXT(2) 
PARAMETRIC_REPRESENTATION_CONTEXT() REPRESENTATION_CONTEXT('2D SPACE',''
  ) );
#7944 = PCURVE('',#7671,#7945);
#7945 = DEFINITIONAL_REPRESENTATION('',(#7946),#7954);
#7946 = ( BOUNDED_CURVE() B_SPLINE_CURVE(2,(#7947,#7948,#7949,#7950,
#7951,#7952,#7953),.UNSPECIFIED.,.T.,.F.) B_SPLINE_CURVE_WITH_KNOTS((1,2
    ,2,2,2,1),(-2.094395102393,0.,2.094395102393,4.188790204786,
6.28318530718,8.377580409573),.UNSPECIFIED.) CURVE() 
GEOMETRIC_REPRESENTATION_ITEM() RATIONAL_B_SPLINE_CURVE((1.,0.5,1.,0.5,
1.,0.5,1.)) REPRESENTATION_ITEM('') );
#7947 = CARTESIAN_POINT('',(-13.29999999835,-0.999999995357));
#7948 = CARTESIAN_POINT('',(-13.29999999835,35.89268220586));
#7949 = CARTESIAN_POINT('',(18.650000001642,17.446341105252));
#7950 = CARTESIAN_POINT('',(50.600000001642,-0.999999995357));
#7951 = CARTESIAN_POINT('',(18.650000001642,-19.44634109596));
#7952 = CARTESIAN_POINT('',(-13.29999999835,-37.89268219657));
#7953 = CARTESIAN_POINT('',(-13.29999999835,-0.999999995357));
#7954 = ( GEOMETRIC_REPRESENTATION_CONTEXT(2) 
PARAMETRIC_REPRESENTATION_CONTEXT() REPRESENTATION_CONTEXT('2D SPACE',''
  ) );
#7955 = ORIENTED_EDGE('',*,*,#7956,.T.);
#7956 = EDGE_CURVE('',#7929,#2606,#7957,.T.);
#7957 = SURFACE_CURVE('',#7958,(#7962,#7969),.PCURVE_S1.);
#7958 = LINE('',#7959,#7960);
#7959 = CARTESIAN_POINT('',(29.299999998826,59.000000009815,39.5));
#7960 = VECTOR('',#7961,1.);
#7961 = DIRECTION('',(0.,0.,1.));
#7962 = PCURVE('',#2653,#7963);
#7963 = DEFINITIONAL_REPRESENTATION('',(#7964),#7968);
#7964 = LINE('',#7965,#7966);
#7965 = CARTESIAN_POINT('',(3.14159265359,0.));
#7966 = VECTOR('',#7967,1.);
#7967 = DIRECTION('',(0.,-1.));
#7968 = ( GEOMETRIC_REPRESENTATION_CONTEXT(2) 
PARAMETRIC_REPRESENTATION_CONTEXT() REPRESENTATION_CONTEXT('2D SPACE',''
  ) );
#7969 = PCURVE('',#2621,#7970);
#7970 = DEFINITIONAL_REPRESENTATION('',(#7971),#7975);
#7971 = LINE('',#7972,#7973);
#7972 = CARTESIAN_POINT('',(7.105427357601E-15,0.));
#7973 = VECTOR('',#7974,1.);
#7974 = DIRECTION('',(0.,-1.));
#7975 = ( GEOMETRIC_REPRESENTATION_CONTEXT(2) 
PARAMETRIC_REPRESENTATION_CONTEXT() REPRESENTATION_CONTEXT('2D SPACE',''
  ) );
#7976 = ORIENTED_EDGE('',*,*,#2632,.T.);
#7977 = ORIENTED_EDGE('',*,*,#7850,.F.);
#7978 = ADVANCED_FACE('',(#7979),#2439,.T.);
#7979 = FACE_BOUND('',#7980,.T.);
#7980 = EDGE_LOOP('',(#7981,#8004,#8005,#8006));
#7981 = ORIENTED_EDGE('',*,*,#7982,.F.);
#7982 = EDGE_CURVE('',#7875,#7983,#7985,.T.);
#7983 = VERTEX_POINT('',#7984);
#7984 = CARTESIAN_POINT('',(20.3,27.000000007453,39.5));
#7985 = SURFACE_CURVE('',#7986,(#7990,#7997),.PCURVE_S1.);
#7986 = LINE('',#7987,#7988);
#7987 = CARTESIAN_POINT('',(20.3,26.000000009873,39.5));
#7988 = VECTOR('',#7989,1.);
#7989 = DIRECTION('',(0.,1.,0.));
#7990 = PCURVE('',#2439,#7991);
#7991 = DEFINITIONAL_REPRESENTATION('',(#7992),#7996);
#7992 = LINE('',#7993,#7994);
#7993 = CARTESIAN_POINT('',(1.,0.));
#7994 = VECTOR('',#7995,1.);
#7995 = DIRECTION('',(1.,0.));
#7996 = ( GEOMETRIC_REPRESENTATION_CONTEXT(2) 
PARAMETRIC_REPRESENTATION_CONTEXT() REPRESENTATION_CONTEXT('2D SPACE',''
  ) );
#7997 = PCURVE('',#7671,#7998);
#7998 = DEFINITIONAL_REPRESENTATION('',(#7999),#8003);
#7999 = LINE('',#8000,#8001);
#8000 = CARTESIAN_POINT('',(20.30000000399,-33.99999999529));
#8001 = VECTOR('',#8002,1.);
#8002 = DIRECTION('',(0.,1.));
#8003 = ( GEOMETRIC_REPRESENTATION_CONTEXT(2) 
PARAMETRIC_REPRESENTATION_CONTEXT() REPRESENTATION_CONTEXT('2D SPACE',''
  ) );
#8004 = ORIENTED_EDGE('',*,*,#7902,.T.);
#8005 = ORIENTED_EDGE('',*,*,#2423,.F.);
#8006 = ORIENTED_EDGE('',*,*,#8007,.F.);
#8007 = EDGE_CURVE('',#7983,#2424,#8008,.T.);
#8008 = SURFACE_CURVE('',#8009,(#8013,#8020),.PCURVE_S1.);
#8009 = LINE('',#8010,#8011);
#8010 = CARTESIAN_POINT('',(20.3,27.000000007453,39.5));
#8011 = VECTOR('',#8012,1.);
#8012 = DIRECTION('',(0.,0.,1.));
#8013 = PCURVE('',#2439,#8014);
#8014 = DEFINITIONAL_REPRESENTATION('',(#8015),#8019);
#8015 = LINE('',#8016,#8017);
#8016 = CARTESIAN_POINT('',(1.99999999758,0.));
#8017 = VECTOR('',#8018,1.);
#8018 = DIRECTION('',(0.,-1.));
#8019 = ( GEOMETRIC_REPRESENTATION_CONTEXT(2) 
PARAMETRIC_REPRESENTATION_CONTEXT() REPRESENTATION_CONTEXT('2D SPACE',''
  ) );
#8020 = PCURVE('',#2471,#8021);
#8021 = DEFINITIONAL_REPRESENTATION('',(#8022),#8026);
#8022 = LINE('',#8023,#8024);
#8023 = CARTESIAN_POINT('',(3.14159265359,0.));
#8024 = VECTOR('',#8025,1.);
#8025 = DIRECTION('',(0.,-1.));
#8026 = ( GEOMETRIC_REPRESENTATION_CONTEXT(2) 
PARAMETRIC_REPRESENTATION_CONTEXT() REPRESENTATION_CONTEXT('2D SPACE',''
  ) );
#8027 = ADVANCED_FACE('',(#8028),#2621,.F.);
#8028 = FACE_BOUND('',#8029,.F.);
#8029 = EDGE_LOOP('',(#8030,#8053,#8054,#8055));
#8030 = ORIENTED_EDGE('',*,*,#8031,.F.);
#8031 = EDGE_CURVE('',#7929,#8032,#8034,.T.);
#8032 = VERTEX_POINT('',#8033);
#8033 = CARTESIAN_POINT('',(29.3,61.000000007395,39.5));
#8034 = SURFACE_CURVE('',#8035,(#8039,#8046),.PCURVE_S1.);
#8035 = LINE('',#8036,#8037);
#8036 = CARTESIAN_POINT('',(29.3,60.000000009815,39.5));
#8037 = VECTOR('',#8038,1.);
#8038 = DIRECTION('',(0.,1.,0.));
#8039 = PCURVE('',#2621,#8040);
#8040 = DEFINITIONAL_REPRESENTATION('',(#8041),#8045);
#8041 = LINE('',#8042,#8043);
#8042 = CARTESIAN_POINT('',(1.,0.));
#8043 = VECTOR('',#8044,1.);
#8044 = DIRECTION('',(1.,0.));
#8045 = ( GEOMETRIC_REPRESENTATION_CONTEXT(2) 
PARAMETRIC_REPRESENTATION_CONTEXT() REPRESENTATION_CONTEXT('2D SPACE',''
  ) );
#8046 = PCURVE('',#7671,#8047);
#8047 = DEFINITIONAL_REPRESENTATION('',(#8048),#8052);
#8048 = LINE('',#8049,#8050);
#8049 = CARTESIAN_POINT('',(29.30000000399,4.64302729597E-09));
#8050 = VECTOR('',#8051,1.);
#8051 = DIRECTION('',(0.,1.));
#8052 = ( GEOMETRIC_REPRESENTATION_CONTEXT(2) 
PARAMETRIC_REPRESENTATION_CONTEXT() REPRESENTATION_CONTEXT('2D SPACE',''
  ) );
#8053 = ORIENTED_EDGE('',*,*,#7956,.T.);
#8054 = ORIENTED_EDGE('',*,*,#2605,.F.);
#8055 = ORIENTED_EDGE('',*,*,#8056,.F.);
#8056 = EDGE_CURVE('',#8032,#2573,#8057,.T.);
#8057 = SURFACE_CURVE('',#8058,(#8062,#8069),.PCURVE_S1.);
#8058 = LINE('',#8059,#8060);
#8059 = CARTESIAN_POINT('',(29.3,61.000000007395,39.5));
#8060 = VECTOR('',#8061,1.);
#8061 = DIRECTION('',(0.,0.,1.));
#8062 = PCURVE('',#2621,#8063);
#8063 = DEFINITIONAL_REPRESENTATION('',(#8064),#8068);
#8064 = LINE('',#8065,#8066);
#8065 = CARTESIAN_POINT('',(1.99999999758,0.));
#8066 = VECTOR('',#8067,1.);
#8067 = DIRECTION('',(0.,-1.));
#8068 = ( GEOMETRIC_REPRESENTATION_CONTEXT(2) 
PARAMETRIC_REPRESENTATION_CONTEXT() REPRESENTATION_CONTEXT('2D SPACE',''
  ) );
#8069 = PCURVE('',#2593,#8070);
#8070 = DEFINITIONAL_REPRESENTATION('',(#8071),#8075);
#8071 = LINE('',#8072,#8073);
#8072 = CARTESIAN_POINT('',(3.14159265359,0.));
#8073 = VECTOR('',#8074,1.);
#8074 = DIRECTION('',(0.,-1.));
#8075 = ( GEOMETRIC_REPRESENTATION_CONTEXT(2) 
PARAMETRIC_REPRESENTATION_CONTEXT() REPRESENTATION_CONTEXT('2D SPACE',''
  ) );
#8076 = ADVANCED_FACE('',(#8077),#2471,.F.);
#8077 = FACE_BOUND('',#8078,.F.);
#8078 = EDGE_LOOP('',(#8079,#8107,#8128,#8129));
#8079 = ORIENTED_EDGE('',*,*,#8080,.F.);
#8080 = EDGE_CURVE('',#8081,#7983,#8083,.T.);
#8081 = VERTEX_POINT('',#8082);
#8082 = CARTESIAN_POINT('',(14.713749776919,40.372988335907,39.5));
#8083 = SURFACE_CURVE('',#8084,(#8089,#8096),.PCURVE_S1.);
#8084 = CIRCLE('',#8085,18.8);
#8085 = AXIS2_PLACEMENT_3D('',#8086,#8087,#8088);
#8086 = CARTESIAN_POINT('',(1.5,27.000000007453,39.5));
#8087 = DIRECTION('',(0.,0.,-1.));
#8088 = DIRECTION('',(-1.,0.,0.));
#8089 = PCURVE('',#2471,#8090);
#8090 = DEFINITIONAL_REPRESENTATION('',(#8091),#8095);
#8091 = LINE('',#8092,#8093);
#8092 = CARTESIAN_POINT('',(0.,0.));
#8093 = VECTOR('',#8094,1.);
#8094 = DIRECTION('',(1.,0.));
#8095 = ( GEOMETRIC_REPRESENTATION_CONTEXT(2) 
PARAMETRIC_REPRESENTATION_CONTEXT() REPRESENTATION_CONTEXT('2D SPACE',''
  ) );
#8096 = PCURVE('',#7671,#8097);
#8097 = DEFINITIONAL_REPRESENTATION('',(#8098),#8106);
#8098 = ( BOUNDED_CURVE() B_SPLINE_CURVE(2,(#8099,#8100,#8101,#8102,
#8103,#8104,#8105),.UNSPECIFIED.,.T.,.F.) B_SPLINE_CURVE_WITH_KNOTS((1,2
    ,2,2,2,1),(-2.094395102393,0.,2.094395102393,4.188790204786,
6.28318530718,8.377580409573),.UNSPECIFIED.) CURVE() 
GEOMETRIC_REPRESENTATION_ITEM() RATIONAL_B_SPLINE_CURVE((1.,0.5,1.,0.5,
1.,0.5,1.)) REPRESENTATION_ITEM('') );
#8099 = CARTESIAN_POINT('',(-17.29999999601,-32.99999999771));
#8100 = CARTESIAN_POINT('',(-17.29999999601,-0.437444815423));
#8101 = CARTESIAN_POINT('',(10.90000000399,-16.71872240657));
#8102 = CARTESIAN_POINT('',(39.10000000399,-32.99999999771));
#8103 = CARTESIAN_POINT('',(10.90000000399,-49.28127758886));
#8104 = CARTESIAN_POINT('',(-17.29999999601,-65.56255518001));
#8105 = CARTESIAN_POINT('',(-17.29999999601,-32.99999999771));
#8106 = ( GEOMETRIC_REPRESENTATION_CONTEXT(2) 
PARAMETRIC_REPRESENTATION_CONTEXT() REPRESENTATION_CONTEXT('2D SPACE',''
  ) );
#8107 = ORIENTED_EDGE('',*,*,#8108,.T.);
#8108 = EDGE_CURVE('',#8081,#2451,#8109,.T.);
#8109 = SURFACE_CURVE('',#8110,(#8114,#8121),.PCURVE_S1.);
#8110 = LINE('',#8111,#8112);
#8111 = CARTESIAN_POINT('',(14.713749776919,40.372988335907,39.5));
#8112 = VECTOR('',#8113,1.);
#8113 = DIRECTION('',(0.,0.,1.));
#8114 = PCURVE('',#2471,#8115);
#8115 = DEFINITIONAL_REPRESENTATION('',(#8116),#8120);
#8116 = LINE('',#8117,#8118);
#8117 = CARTESIAN_POINT('',(2.350205163979,0.));
#8118 = VECTOR('',#8119,1.);
#8119 = DIRECTION('',(0.,-1.));
#8120 = ( GEOMETRIC_REPRESENTATION_CONTEXT(2) 
PARAMETRIC_REPRESENTATION_CONTEXT() REPRESENTATION_CONTEXT('2D SPACE',''
  ) );
#8121 = PCURVE('',#2504,#8122);
#8122 = DEFINITIONAL_REPRESENTATION('',(#8123),#8127);
#8123 = LINE('',#8124,#8125);
#8124 = CARTESIAN_POINT('',(-5.058325932898,0.));
#8125 = VECTOR('',#8126,1.);
#8126 = DIRECTION('',(-0.,-1.));
#8127 = ( GEOMETRIC_REPRESENTATION_CONTEXT(2) 
PARAMETRIC_REPRESENTATION_CONTEXT() REPRESENTATION_CONTEXT('2D SPACE',''
  ) );
#8128 = ORIENTED_EDGE('',*,*,#2450,.T.);
#8129 = ORIENTED_EDGE('',*,*,#8007,.F.);
#8130 = ADVANCED_FACE('',(#8131),#2593,.T.);
#8131 = FACE_BOUND('',#8132,.T.);
#8132 = EDGE_LOOP('',(#8133,#8161,#8180,#8181));
#8133 = ORIENTED_EDGE('',*,*,#8134,.F.);
#8134 = EDGE_CURVE('',#8135,#8032,#8137,.T.);
#8135 = VERTEX_POINT('',#8136);
#8136 = CARTESIAN_POINT('',(29.297317044279,61.338063190015,39.5));
#8137 = SURFACE_CURVE('',#8138,(#8143,#8150),.PCURVE_S1.);
#8138 = CIRCLE('',#8139,21.3);
#8139 = AXIS2_PLACEMENT_3D('',#8140,#8141,#8142);
#8140 = CARTESIAN_POINT('',(8.,61.000000007395,39.5));
#8141 = DIRECTION('',(0.,0.,-1.));
#8142 = DIRECTION('',(-1.,0.,0.));
#8143 = PCURVE('',#2593,#8144);
#8144 = DEFINITIONAL_REPRESENTATION('',(#8145),#8149);
#8145 = LINE('',#8146,#8147);
#8146 = CARTESIAN_POINT('',(0.,0.));
#8147 = VECTOR('',#8148,1.);
#8148 = DIRECTION('',(1.,0.));
#8149 = ( GEOMETRIC_REPRESENTATION_CONTEXT(2) 
PARAMETRIC_REPRESENTATION_CONTEXT() REPRESENTATION_CONTEXT('2D SPACE',''
  ) );
#8150 = PCURVE('',#7671,#8151);
#8151 = DEFINITIONAL_REPRESENTATION('',(#8152),#8160);
#8152 = ( BOUNDED_CURVE() B_SPLINE_CURVE(2,(#8153,#8154,#8155,#8156,
#8157,#8158,#8159),.UNSPECIFIED.,.T.,.F.) B_SPLINE_CURVE_WITH_KNOTS((1,2
    ,2,2,2,1),(-2.094395102393,0.,2.094395102393,4.188790204786,
6.28318530718,8.377580409573),.UNSPECIFIED.) CURVE() 
GEOMETRIC_REPRESENTATION_ITEM() RATIONAL_B_SPLINE_CURVE((1.,0.5,1.,0.5,
1.,0.5,1.)) REPRESENTATION_ITEM('') );
#8153 = CARTESIAN_POINT('',(-13.29999999601,1.000000002223));
#8154 = CARTESIAN_POINT('',(-13.29999999601,37.89268220344));
#8155 = CARTESIAN_POINT('',(18.65000000399,19.446341102832));
#8156 = CARTESIAN_POINT('',(50.60000000399,1.000000002223));
#8157 = CARTESIAN_POINT('',(18.65000000399,-17.44634109838));
#8158 = CARTESIAN_POINT('',(-13.29999999601,-35.89268219899));
#8159 = CARTESIAN_POINT('',(-13.29999999601,1.000000002223));
#8160 = ( GEOMETRIC_REPRESENTATION_CONTEXT(2) 
PARAMETRIC_REPRESENTATION_CONTEXT() REPRESENTATION_CONTEXT('2D SPACE',''
  ) );
#8161 = ORIENTED_EDGE('',*,*,#8162,.F.);
#8162 = EDGE_CURVE('',#2544,#8135,#8163,.T.);
#8163 = SURFACE_CURVE('',#8164,(#8168,#8174),.PCURVE_S1.);
#8164 = LINE('',#8165,#8166);
#8165 = CARTESIAN_POINT('',(29.297317044279,61.338063190015,39.5));
#8166 = VECTOR('',#8167,1.);
#8167 = DIRECTION('',(0.,0.,-1.));
#8168 = PCURVE('',#2593,#8169);
#8169 = DEFINITIONAL_REPRESENTATION('',(#8170),#8173);
#8170 = B_SPLINE_CURVE_WITH_KNOTS('',1,(#8171,#8172),.UNSPECIFIED.,.F.,
  .F.,(2,2),(-2.5000006,5.999999999062E-07),.PIECEWISE_BEZIER_KNOTS.);
#8171 = CARTESIAN_POINT('',(3.125720476241,-2.5000006));
#8172 = CARTESIAN_POINT('',(3.125720476241,5.999999999062E-07));
#8173 = ( GEOMETRIC_REPRESENTATION_CONTEXT(2) 
PARAMETRIC_REPRESENTATION_CONTEXT() REPRESENTATION_CONTEXT('2D SPACE',''
  ) );
#8174 = PCURVE('',#2560,#8175);
#8175 = DEFINITIONAL_REPRESENTATION('',(#8176),#8179);
#8176 = B_SPLINE_CURVE_WITH_KNOTS('',1,(#8177,#8178),.UNSPECIFIED.,.F.,
  .F.,(2,2),(-2.5000006,5.999999999062E-07),.PIECEWISE_BEZIER_KNOTS.);
#8177 = CARTESIAN_POINT('',(5.465890296286,3.0000006));
#8178 = CARTESIAN_POINT('',(5.465890296286,0.4999994));
#8179 = ( GEOMETRIC_REPRESENTATION_CONTEXT(2) 
PARAMETRIC_REPRESENTATION_CONTEXT() REPRESENTATION_CONTEXT('2D SPACE',''
  ) );
#8180 = ORIENTED_EDGE('',*,*,#2572,.T.);
#8181 = ORIENTED_EDGE('',*,*,#8056,.F.);
#8182 = ADVANCED_FACE('',(#8183),#2504,.F.);
#8183 = FACE_BOUND('',#8184,.T.);
#8184 = EDGE_LOOP('',(#8185,#8209,#8210,#8211));
#8185 = ORIENTED_EDGE('',*,*,#8186,.F.);
#8186 = EDGE_CURVE('',#8081,#8187,#8189,.T.);
#8187 = VERTEX_POINT('',#8188);
#8188 = CARTESIAN_POINT('',(27.799999998816,59.000000009848,39.5));
#8189 = SURFACE_CURVE('',#8190,(#8195,#8202),.PCURVE_S1.);
#8190 = CIRCLE('',#8191,19.8);
#8191 = AXIS2_PLACEMENT_3D('',#8192,#8193,#8194);
#8192 = CARTESIAN_POINT('',(7.999999997632,59.000000009848,39.5));
#8193 = DIRECTION('',(0.,0.,1.));
#8194 = DIRECTION('',(1.,0.,0.));
#8195 = PCURVE('',#2504,#8196);
#8196 = DEFINITIONAL_REPRESENTATION('',(#8197),#8201);
#8197 = LINE('',#8198,#8199);
#8198 = CARTESIAN_POINT('',(-0.,0.));
#8199 = VECTOR('',#8200,1.);
#8200 = DIRECTION('',(-1.,0.));
#8201 = ( GEOMETRIC_REPRESENTATION_CONTEXT(2) 
PARAMETRIC_REPRESENTATION_CONTEXT() REPRESENTATION_CONTEXT('2D SPACE',''
  ) );
#8202 = PCURVE('',#7671,#8203);
#8203 = DEFINITIONAL_REPRESENTATION('',(#8204),#8208);
#8204 = CIRCLE('',#8205,19.8);
#8205 = AXIS2_PLACEMENT_2D('',#8206,#8207);
#8206 = CARTESIAN_POINT('',(8.000000001622,-0.999999995324));
#8207 = DIRECTION('',(1.,0.));
#8208 = ( GEOMETRIC_REPRESENTATION_CONTEXT(2) 
PARAMETRIC_REPRESENTATION_CONTEXT() REPRESENTATION_CONTEXT('2D SPACE',''
  ) );
#8209 = ORIENTED_EDGE('',*,*,#8108,.T.);
#8210 = ORIENTED_EDGE('',*,*,#2483,.F.);
#8211 = ORIENTED_EDGE('',*,*,#8212,.F.);
#8212 = EDGE_CURVE('',#8187,#2484,#8213,.T.);
#8213 = SURFACE_CURVE('',#8214,(#8218,#8225),.PCURVE_S1.);
#8214 = LINE('',#8215,#8216);
#8215 = CARTESIAN_POINT('',(27.799999998816,59.000000009848,39.5));
#8216 = VECTOR('',#8217,1.);
#8217 = DIRECTION('',(0.,0.,1.));
#8218 = PCURVE('',#2504,#8219);
#8219 = DEFINITIONAL_REPRESENTATION('',(#8220),#8224);
#8220 = LINE('',#8221,#8222);
#8221 = CARTESIAN_POINT('',(-6.28318530718,0.));
#8222 = VECTOR('',#8223,1.);
#8223 = DIRECTION('',(-0.,-1.));
#8224 = ( GEOMETRIC_REPRESENTATION_CONTEXT(2) 
PARAMETRIC_REPRESENTATION_CONTEXT() REPRESENTATION_CONTEXT('2D SPACE',''
  ) );
#8225 = PCURVE('',#2532,#8226);
#8226 = DEFINITIONAL_REPRESENTATION('',(#8227),#8231);
#8227 = LINE('',#8228,#8229);
#8228 = CARTESIAN_POINT('',(-7.105427357601E-15,0.));
#8229 = VECTOR('',#8230,1.);
#8230 = DIRECTION('',(0.,-1.));
#8231 = ( GEOMETRIC_REPRESENTATION_CONTEXT(2) 
PARAMETRIC_REPRESENTATION_CONTEXT() REPRESENTATION_CONTEXT('2D SPACE',''
  ) );
#8232 = ADVANCED_FACE('',(#8233),#2560,.F.);
#8233 = FACE_BOUND('',#8234,.F.);
#8234 = EDGE_LOOP('',(#8235,#8236,#8237,#8258));
#8235 = ORIENTED_EDGE('',*,*,#8162,.F.);
#8236 = ORIENTED_EDGE('',*,*,#2543,.F.);
#8237 = ORIENTED_EDGE('',*,*,#8238,.F.);
#8238 = EDGE_CURVE('',#8239,#2517,#8241,.T.);
#8239 = VERTEX_POINT('',#8240);
#8240 = CARTESIAN_POINT('',(27.8,60.489658136306,39.5));
#8241 = SURFACE_CURVE('',#8242,(#8246,#8252),.PCURVE_S1.);
#8242 = LINE('',#8243,#8244);
#8243 = CARTESIAN_POINT('',(27.8,60.489658136306,39.));
#8244 = VECTOR('',#8245,1.);
#8245 = DIRECTION('',(0.,0.,1.));
#8246 = PCURVE('',#2560,#8247);
#8247 = DEFINITIONAL_REPRESENTATION('',(#8248),#8251);
#8248 = B_SPLINE_CURVE_WITH_KNOTS('',1,(#8249,#8250),.UNSPECIFIED.,.F.,
  .F.,(2,2),(0.25,3.0000006),.PIECEWISE_BEZIER_KNOTS.);
#8249 = CARTESIAN_POINT('',(4.989910247953,0.25));
#8250 = CARTESIAN_POINT('',(4.989910247953,3.0000006));
#8251 = ( GEOMETRIC_REPRESENTATION_CONTEXT(2) 
PARAMETRIC_REPRESENTATION_CONTEXT() REPRESENTATION_CONTEXT('2D SPACE',''
  ) );
#8252 = PCURVE('',#2532,#8253);
#8253 = DEFINITIONAL_REPRESENTATION('',(#8254),#8257);
#8254 = B_SPLINE_CURVE_WITH_KNOTS('',1,(#8255,#8256),.UNSPECIFIED.,.F.,
  .F.,(2,2),(0.25,3.0000006),.PIECEWISE_BEZIER_KNOTS.);
#8255 = CARTESIAN_POINT('',(1.489658126458,0.25));
#8256 = CARTESIAN_POINT('',(1.489658126458,-2.5000006));
#8257 = ( GEOMETRIC_REPRESENTATION_CONTEXT(2) 
PARAMETRIC_REPRESENTATION_CONTEXT() REPRESENTATION_CONTEXT('2D SPACE',''
  ) );
#8258 = ORIENTED_EDGE('',*,*,#8259,.T.);
#8259 = EDGE_CURVE('',#8239,#8135,#8260,.T.);
#8260 = SURFACE_CURVE('',#8261,(#8266,#8273),.PCURVE_S1.);
#8261 = CIRCLE('',#8262,3.65);
#8262 = AXIS2_PLACEMENT_3D('',#8263,#8264,#8265);
#8263 = CARTESIAN_POINT('',(26.8,64.,39.5));
#8264 = DIRECTION('',(0.,0.,1.));
#8265 = DIRECTION('',(1.,0.,-0.));
#8266 = PCURVE('',#2560,#8267);
#8267 = DEFINITIONAL_REPRESENTATION('',(#8268),#8272);
#8268 = LINE('',#8269,#8270);
#8269 = CARTESIAN_POINT('',(0.,0.5));
#8270 = VECTOR('',#8271,1.);
#8271 = DIRECTION('',(1.,0.));
#8272 = ( GEOMETRIC_REPRESENTATION_CONTEXT(2) 
PARAMETRIC_REPRESENTATION_CONTEXT() REPRESENTATION_CONTEXT('2D SPACE',''
  ) );
#8273 = PCURVE('',#7671,#8274);
#8274 = DEFINITIONAL_REPRESENTATION('',(#8275),#8279);
#8275 = CIRCLE('',#8276,3.65);
#8276 = AXIS2_PLACEMENT_2D('',#8277,#8278);
#8277 = CARTESIAN_POINT('',(26.80000000399,3.999999994829));
#8278 = DIRECTION('',(1.,0.));
#8279 = ( GEOMETRIC_REPRESENTATION_CONTEXT(2) 
PARAMETRIC_REPRESENTATION_CONTEXT() REPRESENTATION_CONTEXT('2D SPACE',''
  ) );
#8280 = ADVANCED_FACE('',(#8281),#2532,.T.);
#8281 = FACE_BOUND('',#8282,.T.);
#8282 = EDGE_LOOP('',(#8283,#8304,#8305,#8306));
#8283 = ORIENTED_EDGE('',*,*,#8284,.F.);
#8284 = EDGE_CURVE('',#8187,#8239,#8285,.T.);
#8285 = SURFACE_CURVE('',#8286,(#8290,#8297),.PCURVE_S1.);
#8286 = LINE('',#8287,#8288);
#8287 = CARTESIAN_POINT('',(27.8,60.000000009848,39.5));
#8288 = VECTOR('',#8289,1.);
#8289 = DIRECTION('',(0.,1.,0.));
#8290 = PCURVE('',#2532,#8291);
#8291 = DEFINITIONAL_REPRESENTATION('',(#8292),#8296);
#8292 = LINE('',#8293,#8294);
#8293 = CARTESIAN_POINT('',(1.,0.));
#8294 = VECTOR('',#8295,1.);
#8295 = DIRECTION('',(1.,0.));
#8296 = ( GEOMETRIC_REPRESENTATION_CONTEXT(2) 
PARAMETRIC_REPRESENTATION_CONTEXT() REPRESENTATION_CONTEXT('2D SPACE',''
  ) );
#8297 = PCURVE('',#7671,#8298);
#8298 = DEFINITIONAL_REPRESENTATION('',(#8299),#8303);
#8299 = LINE('',#8300,#8301);
#8300 = CARTESIAN_POINT('',(27.80000000399,4.676465437115E-09));
#8301 = VECTOR('',#8302,1.);
#8302 = DIRECTION('',(0.,1.));
#8303 = ( GEOMETRIC_REPRESENTATION_CONTEXT(2) 
PARAMETRIC_REPRESENTATION_CONTEXT() REPRESENTATION_CONTEXT('2D SPACE',''
  ) );
#8304 = ORIENTED_EDGE('',*,*,#8212,.T.);
#8305 = ORIENTED_EDGE('',*,*,#2516,.F.);
#8306 = ORIENTED_EDGE('',*,*,#8238,.F.);
#8307 = ADVANCED_FACE('',(#8308),#2742,.F.);
#8308 = FACE_BOUND('',#8309,.F.);
#8309 = EDGE_LOOP('',(#8310,#8311,#8332,#8333));
#8310 = ORIENTED_EDGE('',*,*,#2725,.T.);
#8311 = ORIENTED_EDGE('',*,*,#8312,.T.);
#8312 = EDGE_CURVE('',#2728,#4613,#8313,.T.);
#8313 = SURFACE_CURVE('',#8314,(#8318,#8325),.PCURVE_S1.);
#8314 = LINE('',#8315,#8316);
#8315 = CARTESIAN_POINT('',(-19.,49.9,39.));
#8316 = VECTOR('',#8317,1.);
#8317 = DIRECTION('',(0.,0.,1.));
#8318 = PCURVE('',#2742,#8319);
#8319 = DEFINITIONAL_REPRESENTATION('',(#8320),#8324);
#8320 = LINE('',#8321,#8322);
#8321 = CARTESIAN_POINT('',(0.,0.));
#8322 = VECTOR('',#8323,1.);
#8323 = DIRECTION('',(0.,-1.));
#8324 = ( GEOMETRIC_REPRESENTATION_CONTEXT(2) 
PARAMETRIC_REPRESENTATION_CONTEXT() REPRESENTATION_CONTEXT('2D SPACE',''
  ) );
#8325 = PCURVE('',#2949,#8326);
#8326 = DEFINITIONAL_REPRESENTATION('',(#8327),#8331);
#8327 = LINE('',#8328,#8329);
#8328 = CARTESIAN_POINT('',(6.28318530718,0.));
#8329 = VECTOR('',#8330,1.);
#8330 = DIRECTION('',(0.,-1.));
#8331 = ( GEOMETRIC_REPRESENTATION_CONTEXT(2) 
PARAMETRIC_REPRESENTATION_CONTEXT() REPRESENTATION_CONTEXT('2D SPACE',''
  ) );
#8332 = ORIENTED_EDGE('',*,*,#4610,.F.);
#8333 = ORIENTED_EDGE('',*,*,#8334,.F.);
#8334 = EDGE_CURVE('',#2726,#4611,#8335,.T.);
#8335 = SURFACE_CURVE('',#8336,(#8340,#8347),.PCURVE_S1.);
#8336 = LINE('',#8337,#8338);
#8337 = CARTESIAN_POINT('',(-19.,58.1,39.));
#8338 = VECTOR('',#8339,1.);
#8339 = DIRECTION('',(0.,0.,1.));
#8340 = PCURVE('',#2742,#8341);
#8341 = DEFINITIONAL_REPRESENTATION('',(#8342),#8346);
#8342 = LINE('',#8343,#8344);
#8343 = CARTESIAN_POINT('',(8.2,0.));
#8344 = VECTOR('',#8345,1.);
#8345 = DIRECTION('',(0.,-1.));
#8346 = ( GEOMETRIC_REPRESENTATION_CONTEXT(2) 
PARAMETRIC_REPRESENTATION_CONTEXT() REPRESENTATION_CONTEXT('2D SPACE',''
  ) );
#8347 = PCURVE('',#2774,#8348);
#8348 = DEFINITIONAL_REPRESENTATION('',(#8349),#8353);
#8349 = LINE('',#8350,#8351);
#8350 = CARTESIAN_POINT('',(0.,0.));
#8351 = VECTOR('',#8352,1.);
#8352 = DIRECTION('',(0.,-1.));
#8353 = ( GEOMETRIC_REPRESENTATION_CONTEXT(2) 
PARAMETRIC_REPRESENTATION_CONTEXT() REPRESENTATION_CONTEXT('2D SPACE',''
  ) );
#8354 = ADVANCED_FACE('',(#8355),#2774,.F.);
#8355 = FACE_BOUND('',#8356,.F.);
#8356 = EDGE_LOOP('',(#8357,#8358,#8359,#8360));
#8357 = ORIENTED_EDGE('',*,*,#2753,.F.);
#8358 = ORIENTED_EDGE('',*,*,#8334,.T.);
#8359 = ORIENTED_EDGE('',*,*,#4633,.T.);
#8360 = ORIENTED_EDGE('',*,*,#8361,.F.);
#8361 = EDGE_CURVE('',#2754,#4634,#8362,.T.);
#8362 = SURFACE_CURVE('',#8363,(#8367,#8374),.PCURVE_S1.);
#8363 = LINE('',#8364,#8365);
#8364 = CARTESIAN_POINT('',(-18.10000000104,59.,39.));
#8365 = VECTOR('',#8366,1.);
#8366 = DIRECTION('',(0.,0.,1.));
#8367 = PCURVE('',#2774,#8368);
#8368 = DEFINITIONAL_REPRESENTATION('',(#8369),#8373);
#8369 = LINE('',#8370,#8371);
#8370 = CARTESIAN_POINT('',(1.570796326795,0.));
#8371 = VECTOR('',#8372,1.);
#8372 = DIRECTION('',(0.,-1.));
#8373 = ( GEOMETRIC_REPRESENTATION_CONTEXT(2) 
PARAMETRIC_REPRESENTATION_CONTEXT() REPRESENTATION_CONTEXT('2D SPACE',''
  ) );
#8374 = PCURVE('',#2801,#8375);
#8375 = DEFINITIONAL_REPRESENTATION('',(#8376),#8380);
#8376 = LINE('',#8377,#8378);
#8377 = CARTESIAN_POINT('',(-5.551115123126E-17,0.));
#8378 = VECTOR('',#8379,1.);
#8379 = DIRECTION('',(0.,-1.));
#8380 = ( GEOMETRIC_REPRESENTATION_CONTEXT(2) 
PARAMETRIC_REPRESENTATION_CONTEXT() REPRESENTATION_CONTEXT('2D SPACE',''
  ) );
#8381 = ADVANCED_FACE('',(#8382),#2949,.F.);
#8382 = FACE_BOUND('',#8383,.F.);
#8383 = EDGE_LOOP('',(#8384,#8385,#8406,#8407));
#8384 = ORIENTED_EDGE('',*,*,#2930,.F.);
#8385 = ORIENTED_EDGE('',*,*,#8386,.T.);
#8386 = EDGE_CURVE('',#2905,#4760,#8387,.T.);
#8387 = SURFACE_CURVE('',#8388,(#8392,#8399),.PCURVE_S1.);
#8388 = LINE('',#8389,#8390);
#8389 = CARTESIAN_POINT('',(-18.10000000104,49.,39.));
#8390 = VECTOR('',#8391,1.);
#8391 = DIRECTION('',(0.,0.,1.));
#8392 = PCURVE('',#2949,#8393);
#8393 = DEFINITIONAL_REPRESENTATION('',(#8394),#8398);
#8394 = LINE('',#8395,#8396);
#8395 = CARTESIAN_POINT('',(4.712388980385,0.));
#8396 = VECTOR('',#8397,1.);
#8397 = DIRECTION('',(0.,-1.));
#8398 = ( GEOMETRIC_REPRESENTATION_CONTEXT(2) 
PARAMETRIC_REPRESENTATION_CONTEXT() REPRESENTATION_CONTEXT('2D SPACE',''
  ) );
#8399 = PCURVE('',#2919,#8400);
#8400 = DEFINITIONAL_REPRESENTATION('',(#8401),#8405);
#8401 = LINE('',#8402,#8403);
#8402 = CARTESIAN_POINT('',(1.665334536938E-16,0.));
#8403 = VECTOR('',#8404,1.);
#8404 = DIRECTION('',(0.,-1.));
#8405 = ( GEOMETRIC_REPRESENTATION_CONTEXT(2) 
PARAMETRIC_REPRESENTATION_CONTEXT() REPRESENTATION_CONTEXT('2D SPACE',''
  ) );
#8406 = ORIENTED_EDGE('',*,*,#4780,.T.);
#8407 = ORIENTED_EDGE('',*,*,#8312,.F.);
#8408 = ADVANCED_FACE('',(#8409),#2801,.F.);
#8409 = FACE_BOUND('',#8410,.F.);
#8410 = EDGE_LOOP('',(#8411,#8412,#8413,#8414));
#8411 = ORIENTED_EDGE('',*,*,#2786,.T.);
#8412 = ORIENTED_EDGE('',*,*,#8361,.T.);
#8413 = ORIENTED_EDGE('',*,*,#4661,.F.);
#8414 = ORIENTED_EDGE('',*,*,#8415,.F.);
#8415 = EDGE_CURVE('',#2787,#4662,#8416,.T.);
#8416 = SURFACE_CURVE('',#8417,(#8421,#8428),.PCURVE_S1.);
#8417 = LINE('',#8418,#8419);
#8418 = CARTESIAN_POINT('',(-17.90000001088,59.,39.));
#8419 = VECTOR('',#8420,1.);
#8420 = DIRECTION('',(0.,0.,1.));
#8421 = PCURVE('',#2801,#8422);
#8422 = DEFINITIONAL_REPRESENTATION('',(#8423),#8427);
#8423 = LINE('',#8424,#8425);
#8424 = CARTESIAN_POINT('',(0.199999990154,0.));
#8425 = VECTOR('',#8426,1.);
#8426 = DIRECTION('',(0.,-1.));
#8427 = ( GEOMETRIC_REPRESENTATION_CONTEXT(2) 
PARAMETRIC_REPRESENTATION_CONTEXT() REPRESENTATION_CONTEXT('2D SPACE',''
  ) );
#8428 = PCURVE('',#2833,#8429);
#8429 = DEFINITIONAL_REPRESENTATION('',(#8430),#8434);
#8430 = LINE('',#8431,#8432);
#8431 = CARTESIAN_POINT('',(1.570796326795,0.));
#8432 = VECTOR('',#8433,1.);
#8433 = DIRECTION('',(0.,-1.));
#8434 = ( GEOMETRIC_REPRESENTATION_CONTEXT(2) 
PARAMETRIC_REPRESENTATION_CONTEXT() REPRESENTATION_CONTEXT('2D SPACE',''
  ) );
#8435 = ADVANCED_FACE('',(#8436),#2919,.T.);
#8436 = FACE_BOUND('',#8437,.T.);
#8437 = EDGE_LOOP('',(#8438,#8439,#8440,#8441));
#8438 = ORIENTED_EDGE('',*,*,#2904,.T.);
#8439 = ORIENTED_EDGE('',*,*,#8386,.T.);
#8440 = ORIENTED_EDGE('',*,*,#4759,.F.);
#8441 = ORIENTED_EDGE('',*,*,#8442,.F.);
#8442 = EDGE_CURVE('',#2872,#4732,#8443,.T.);
#8443 = SURFACE_CURVE('',#8444,(#8448,#8455),.PCURVE_S1.);
#8444 = LINE('',#8445,#8446);
#8445 = CARTESIAN_POINT('',(-17.90000001088,49.,39.));
#8446 = VECTOR('',#8447,1.);
#8447 = DIRECTION('',(0.,0.,1.));
#8448 = PCURVE('',#2919,#8449);
#8449 = DEFINITIONAL_REPRESENTATION('',(#8450),#8454);
#8450 = LINE('',#8451,#8452);
#8451 = CARTESIAN_POINT('',(0.199999990154,0.));
#8452 = VECTOR('',#8453,1.);
#8453 = DIRECTION('',(0.,-1.));
#8454 = ( GEOMETRIC_REPRESENTATION_CONTEXT(2) 
PARAMETRIC_REPRESENTATION_CONTEXT() REPRESENTATION_CONTEXT('2D SPACE',''
  ) );
#8455 = PCURVE('',#2892,#8456);
#8456 = DEFINITIONAL_REPRESENTATION('',(#8457),#8461);
#8457 = LINE('',#8458,#8459);
#8458 = CARTESIAN_POINT('',(4.712388980385,0.));
#8459 = VECTOR('',#8460,1.);
#8460 = DIRECTION('',(0.,-1.));
#8461 = ( GEOMETRIC_REPRESENTATION_CONTEXT(2) 
PARAMETRIC_REPRESENTATION_CONTEXT() REPRESENTATION_CONTEXT('2D SPACE',''
  ) );
#8462 = ADVANCED_FACE('',(#8463),#2833,.F.);
#8463 = FACE_BOUND('',#8464,.F.);
#8464 = EDGE_LOOP('',(#8465,#8466,#8467,#8468));
#8465 = ORIENTED_EDGE('',*,*,#2812,.F.);
#8466 = ORIENTED_EDGE('',*,*,#8415,.T.);
#8467 = ORIENTED_EDGE('',*,*,#4682,.T.);
#8468 = ORIENTED_EDGE('',*,*,#8469,.F.);
#8469 = EDGE_CURVE('',#2813,#4683,#8470,.T.);
#8470 = SURFACE_CURVE('',#8471,(#8475,#8482),.PCURVE_S1.);
#8471 = LINE('',#8472,#8473);
#8472 = CARTESIAN_POINT('',(-17.00000000492,58.1,39.));
#8473 = VECTOR('',#8474,1.);
#8474 = DIRECTION('',(0.,0.,1.));
#8475 = PCURVE('',#2833,#8476);
#8476 = DEFINITIONAL_REPRESENTATION('',(#8477),#8481);
#8477 = LINE('',#8478,#8479);
#8478 = CARTESIAN_POINT('',(3.14159265359,0.));
#8479 = VECTOR('',#8480,1.);
#8480 = DIRECTION('',(0.,-1.));
#8481 = ( GEOMETRIC_REPRESENTATION_CONTEXT(2) 
PARAMETRIC_REPRESENTATION_CONTEXT() REPRESENTATION_CONTEXT('2D SPACE',''
  ) );
#8482 = PCURVE('',#2860,#8483);
#8483 = DEFINITIONAL_REPRESENTATION('',(#8484),#8488);
#8484 = LINE('',#8485,#8486);
#8485 = CARTESIAN_POINT('',(8.2,0.));
#8486 = VECTOR('',#8487,1.);
#8487 = DIRECTION('',(0.,-1.));
#8488 = ( GEOMETRIC_REPRESENTATION_CONTEXT(2) 
PARAMETRIC_REPRESENTATION_CONTEXT() REPRESENTATION_CONTEXT('2D SPACE',''
  ) );
#8489 = ADVANCED_FACE('',(#8490),#2892,.F.);
#8490 = FACE_BOUND('',#8491,.F.);
#8491 = EDGE_LOOP('',(#8492,#8493,#8514,#8515));
#8492 = ORIENTED_EDGE('',*,*,#2871,.F.);
#8493 = ORIENTED_EDGE('',*,*,#8494,.T.);
#8494 = EDGE_CURVE('',#2846,#4711,#8495,.T.);
#8495 = SURFACE_CURVE('',#8496,(#8500,#8507),.PCURVE_S1.);
#8496 = LINE('',#8497,#8498);
#8497 = CARTESIAN_POINT('',(-17.00000000492,49.9,39.));
#8498 = VECTOR('',#8499,1.);
#8499 = DIRECTION('',(0.,0.,1.));
#8500 = PCURVE('',#2892,#8501);
#8501 = DEFINITIONAL_REPRESENTATION('',(#8502),#8506);
#8502 = LINE('',#8503,#8504);
#8503 = CARTESIAN_POINT('',(3.14159265359,0.));
#8504 = VECTOR('',#8505,1.);
#8505 = DIRECTION('',(0.,-1.));
#8506 = ( GEOMETRIC_REPRESENTATION_CONTEXT(2) 
PARAMETRIC_REPRESENTATION_CONTEXT() REPRESENTATION_CONTEXT('2D SPACE',''
  ) );
#8507 = PCURVE('',#2860,#8508);
#8508 = DEFINITIONAL_REPRESENTATION('',(#8509),#8513);
#8509 = LINE('',#8510,#8511);
#8510 = CARTESIAN_POINT('',(0.,0.));
#8511 = VECTOR('',#8512,1.);
#8512 = DIRECTION('',(0.,-1.));
#8513 = ( GEOMETRIC_REPRESENTATION_CONTEXT(2) 
PARAMETRIC_REPRESENTATION_CONTEXT() REPRESENTATION_CONTEXT('2D SPACE',''
  ) );
#8514 = ORIENTED_EDGE('',*,*,#4731,.T.);
#8515 = ORIENTED_EDGE('',*,*,#8442,.F.);
#8516 = ADVANCED_FACE('',(#8517),#2860,.T.);
#8517 = FACE_BOUND('',#8518,.T.);
#8518 = EDGE_LOOP('',(#8519,#8520,#8521,#8522));
#8519 = ORIENTED_EDGE('',*,*,#2845,.T.);
#8520 = ORIENTED_EDGE('',*,*,#8494,.T.);
#8521 = ORIENTED_EDGE('',*,*,#4710,.F.);
#8522 = ORIENTED_EDGE('',*,*,#8469,.F.);
#8523 = ADVANCED_FACE('',(#8524),#2980,.F.);
#8524 = FACE_BOUND('',#8525,.F.);
#8525 = EDGE_LOOP('',(#8526,#8547,#8548,#8549));
#8526 = ORIENTED_EDGE('',*,*,#8527,.T.);
#8527 = EDGE_CURVE('',#2964,#4809,#8528,.T.);
#8528 = SEAM_CURVE('',#8529,(#8533,#8540),.PCURVE_S1.);
#8529 = LINE('',#8530,#8531);
#8530 = CARTESIAN_POINT('',(-25.6,64.,38.));
#8531 = VECTOR('',#8532,1.);
#8532 = DIRECTION('',(0.,0.,1.));
#8533 = PCURVE('',#2980,#8534);
#8534 = DEFINITIONAL_REPRESENTATION('',(#8535),#8539);
#8535 = LINE('',#8536,#8537);
#8536 = CARTESIAN_POINT('',(6.28318530718,-0.));
#8537 = VECTOR('',#8538,1.);
#8538 = DIRECTION('',(0.,1.));
#8539 = ( GEOMETRIC_REPRESENTATION_CONTEXT(2) 
PARAMETRIC_REPRESENTATION_CONTEXT() REPRESENTATION_CONTEXT('2D SPACE',''
  ) );
#8540 = PCURVE('',#2980,#8541);
#8541 = DEFINITIONAL_REPRESENTATION('',(#8542),#8546);
#8542 = LINE('',#8543,#8544);
#8543 = CARTESIAN_POINT('',(0.,-0.));
#8544 = VECTOR('',#8545,1.);
#8545 = DIRECTION('',(0.,1.));
#8546 = ( GEOMETRIC_REPRESENTATION_CONTEXT(2) 
PARAMETRIC_REPRESENTATION_CONTEXT() REPRESENTATION_CONTEXT('2D SPACE',''
  ) );
#8547 = ORIENTED_EDGE('',*,*,#4808,.F.);
#8548 = ORIENTED_EDGE('',*,*,#8527,.F.);
#8549 = ORIENTED_EDGE('',*,*,#2963,.T.);
#8550 = ADVANCED_FACE('',(#8551),#3017,.T.);
#8551 = FACE_BOUND('',#8552,.T.);
#8552 = EDGE_LOOP('',(#8553,#8588,#8609,#8610));
#8553 = ORIENTED_EDGE('',*,*,#8554,.F.);
#8554 = EDGE_CURVE('',#8555,#8557,#8559,.T.);
#8555 = VERTEX_POINT('',#8556);
#8556 = CARTESIAN_POINT('',(8.,82.300000008605,39.5));
#8557 = VERTEX_POINT('',#8558);
#8558 = CARTESIAN_POINT('',(28.344833383415,67.306960812814,39.5));
#8559 = SURFACE_CURVE('',#8560,(#8565,#8572),.PCURVE_S1.);
#8560 = CIRCLE('',#8561,21.3);
#8561 = AXIS2_PLACEMENT_3D('',#8562,#8563,#8564);
#8562 = CARTESIAN_POINT('',(8.,61.000000007395,39.5));
#8563 = DIRECTION('',(0.,0.,-1.));
#8564 = DIRECTION('',(-1.,0.,0.));
#8565 = PCURVE('',#3017,#8566);
#8566 = DEFINITIONAL_REPRESENTATION('',(#8567),#8571);
#8567 = LINE('',#8568,#8569);
#8568 = CARTESIAN_POINT('',(0.,0.));
#8569 = VECTOR('',#8570,1.);
#8570 = DIRECTION('',(1.,0.));
#8571 = ( GEOMETRIC_REPRESENTATION_CONTEXT(2) 
PARAMETRIC_REPRESENTATION_CONTEXT() REPRESENTATION_CONTEXT('2D SPACE',''
  ) );
#8572 = PCURVE('',#8573,#8578);
#8573 = PLANE('',#8574);
#8574 = AXIS2_PLACEMENT_3D('',#8575,#8576,#8577);
#8575 = CARTESIAN_POINT('',(-3.990281904321E-09,60.000000005171,39.5));
#8576 = DIRECTION('',(0.,0.,1.));
#8577 = DIRECTION('',(1.,0.,-0.));
#8578 = DEFINITIONAL_REPRESENTATION('',(#8579),#8587);
#8579 = ( BOUNDED_CURVE() B_SPLINE_CURVE(2,(#8580,#8581,#8582,#8583,
#8584,#8585,#8586),.UNSPECIFIED.,.T.,.F.) B_SPLINE_CURVE_WITH_KNOTS((1,2
    ,2,2,2,1),(-2.094395102393,0.,2.094395102393,4.188790204786,
6.28318530718,8.377580409573),.UNSPECIFIED.) CURVE() 
GEOMETRIC_REPRESENTATION_ITEM() RATIONAL_B_SPLINE_CURVE((1.,0.5,1.,0.5,
1.,0.5,1.)) REPRESENTATION_ITEM('') );
#8580 = CARTESIAN_POINT('',(-13.29999999601,1.000000002223));
#8581 = CARTESIAN_POINT('',(-13.29999999601,37.89268220344));
#8582 = CARTESIAN_POINT('',(18.65000000399,19.446341102832));
#8583 = CARTESIAN_POINT('',(50.60000000399,1.000000002223));
#8584 = CARTESIAN_POINT('',(18.65000000399,-17.44634109838));
#8585 = CARTESIAN_POINT('',(-13.29999999601,-35.89268219899));
#8586 = CARTESIAN_POINT('',(-13.29999999601,1.000000002223));
#8587 = ( GEOMETRIC_REPRESENTATION_CONTEXT(2) 
PARAMETRIC_REPRESENTATION_CONTEXT() REPRESENTATION_CONTEXT('2D SPACE',''
  ) );
#8588 = ORIENTED_EDGE('',*,*,#8589,.T.);
#8589 = EDGE_CURVE('',#8555,#2995,#8590,.T.);
#8590 = SURFACE_CURVE('',#8591,(#8595,#8602),.PCURVE_S1.);
#8591 = LINE('',#8592,#8593);
#8592 = CARTESIAN_POINT('',(8.,82.300000008605,39.5));
#8593 = VECTOR('',#8594,1.);
#8594 = DIRECTION('',(0.,0.,1.));
#8595 = PCURVE('',#3017,#8596);
#8596 = DEFINITIONAL_REPRESENTATION('',(#8597),#8601);
#8597 = LINE('',#8598,#8599);
#8598 = CARTESIAN_POINT('',(1.570796326795,0.));
#8599 = VECTOR('',#8600,1.);
#8600 = DIRECTION('',(0.,-1.));
#8601 = ( GEOMETRIC_REPRESENTATION_CONTEXT(2) 
PARAMETRIC_REPRESENTATION_CONTEXT() REPRESENTATION_CONTEXT('2D SPACE',''
  ) );
#8602 = PCURVE('',#3227,#8603);
#8603 = DEFINITIONAL_REPRESENTATION('',(#8604),#8608);
#8604 = LINE('',#8605,#8606);
#8605 = CARTESIAN_POINT('',(16.,0.));
#8606 = VECTOR('',#8607,1.);
#8607 = DIRECTION('',(0.,-1.));
#8608 = ( GEOMETRIC_REPRESENTATION_CONTEXT(2) 
PARAMETRIC_REPRESENTATION_CONTEXT() REPRESENTATION_CONTEXT('2D SPACE',''
  ) );
#8609 = ORIENTED_EDGE('',*,*,#2994,.T.);
#8610 = ORIENTED_EDGE('',*,*,#8611,.T.);
#8611 = EDGE_CURVE('',#2997,#8557,#8612,.T.);
#8612 = SURFACE_CURVE('',#8613,(#8617,#8623),.PCURVE_S1.);
#8613 = LINE('',#8614,#8615);
#8614 = CARTESIAN_POINT('',(28.344833383415,67.306960812814,39.5));
#8615 = VECTOR('',#8616,1.);
#8616 = DIRECTION('',(0.,0.,-1.));
#8617 = PCURVE('',#3017,#8618);
#8618 = DEFINITIONAL_REPRESENTATION('',(#8619),#8622);
#8619 = B_SPLINE_CURVE_WITH_KNOTS('',1,(#8620,#8621),.UNSPECIFIED.,.F.,
  .F.,(2,2),(-2.5000006,5.999999999062E-07),.PIECEWISE_BEZIER_KNOTS.);
#8620 = CARTESIAN_POINT('',(2.840984182804,-2.5000006));
#8621 = CARTESIAN_POINT('',(2.840984182804,5.999999999062E-07));
#8622 = ( GEOMETRIC_REPRESENTATION_CONTEXT(2) 
PARAMETRIC_REPRESENTATION_CONTEXT() REPRESENTATION_CONTEXT('2D SPACE',''
  ) );
#8623 = PCURVE('',#3046,#8624);
#8624 = DEFINITIONAL_REPRESENTATION('',(#8625),#8628);
#8625 = B_SPLINE_CURVE_WITH_KNOTS('',1,(#8626,#8627),.UNSPECIFIED.,.F.,
  .F.,(2,2),(-2.5000006,5.999999999062E-07),.PIECEWISE_BEZIER_KNOTS.);
#8626 = CARTESIAN_POINT('',(1.133775659028,3.0000006));
#8627 = CARTESIAN_POINT('',(1.133775659028,0.4999994));
#8628 = ( GEOMETRIC_REPRESENTATION_CONTEXT(2) 
PARAMETRIC_REPRESENTATION_CONTEXT() REPRESENTATION_CONTEXT('2D SPACE',''
  ) );
#8629 = ADVANCED_FACE('',(#8630),#3227,.T.);
#8630 = FACE_BOUND('',#8631,.T.);
#8631 = EDGE_LOOP('',(#8632,#8655,#8676,#8677));
#8632 = ORIENTED_EDGE('',*,*,#8633,.F.);
#8633 = EDGE_CURVE('',#8634,#8555,#8636,.T.);
#8634 = VERTEX_POINT('',#8635);
#8635 = CARTESIAN_POINT('',(-8.,82.300000008605,39.5));
#8636 = SURFACE_CURVE('',#8637,(#8641,#8648),.PCURVE_S1.);
#8637 = LINE('',#8638,#8639);
#8638 = CARTESIAN_POINT('',(0.,82.300000009815,39.5));
#8639 = VECTOR('',#8640,1.);
#8640 = DIRECTION('',(1.,0.,0.));
#8641 = PCURVE('',#3227,#8642);
#8642 = DEFINITIONAL_REPRESENTATION('',(#8643),#8647);
#8643 = LINE('',#8644,#8645);
#8644 = CARTESIAN_POINT('',(8.,0.));
#8645 = VECTOR('',#8646,1.);
#8646 = DIRECTION('',(1.,0.));
#8647 = ( GEOMETRIC_REPRESENTATION_CONTEXT(2) 
PARAMETRIC_REPRESENTATION_CONTEXT() REPRESENTATION_CONTEXT('2D SPACE',''
  ) );
#8648 = PCURVE('',#8573,#8649);
#8649 = DEFINITIONAL_REPRESENTATION('',(#8650),#8654);
#8650 = LINE('',#8651,#8652);
#8651 = CARTESIAN_POINT('',(3.990281904321E-09,22.300000004643));
#8652 = VECTOR('',#8653,1.);
#8653 = DIRECTION('',(1.,0.));
#8654 = ( GEOMETRIC_REPRESENTATION_CONTEXT(2) 
PARAMETRIC_REPRESENTATION_CONTEXT() REPRESENTATION_CONTEXT('2D SPACE',''
  ) );
#8655 = ORIENTED_EDGE('',*,*,#8656,.T.);
#8656 = EDGE_CURVE('',#8634,#3181,#8657,.T.);
#8657 = SURFACE_CURVE('',#8658,(#8662,#8669),.PCURVE_S1.);
#8658 = LINE('',#8659,#8660);
#8659 = CARTESIAN_POINT('',(-8.,82.300000008605,39.5));
#8660 = VECTOR('',#8661,1.);
#8661 = DIRECTION('',(0.,0.,1.));
#8662 = PCURVE('',#3227,#8663);
#8663 = DEFINITIONAL_REPRESENTATION('',(#8664),#8668);
#8664 = LINE('',#8665,#8666);
#8665 = CARTESIAN_POINT('',(0.,0.));
#8666 = VECTOR('',#8667,1.);
#8667 = DIRECTION('',(0.,-1.));
#8668 = ( GEOMETRIC_REPRESENTATION_CONTEXT(2) 
PARAMETRIC_REPRESENTATION_CONTEXT() REPRESENTATION_CONTEXT('2D SPACE',''
  ) );
#8669 = PCURVE('',#3201,#8670);
#8670 = DEFINITIONAL_REPRESENTATION('',(#8671),#8675);
#8671 = LINE('',#8672,#8673);
#8672 = CARTESIAN_POINT('',(1.570796326795,0.));
#8673 = VECTOR('',#8674,1.);
#8674 = DIRECTION('',(0.,-1.));
#8675 = ( GEOMETRIC_REPRESENTATION_CONTEXT(2) 
PARAMETRIC_REPRESENTATION_CONTEXT() REPRESENTATION_CONTEXT('2D SPACE',''
  ) );
#8676 = ORIENTED_EDGE('',*,*,#3213,.F.);
#8677 = ORIENTED_EDGE('',*,*,#8589,.F.);
#8678 = ADVANCED_FACE('',(#8679),#3046,.F.);
#8679 = FACE_BOUND('',#8680,.F.);
#8680 = EDGE_LOOP('',(#8681,#8682,#8683,#8707));
#8681 = ORIENTED_EDGE('',*,*,#3029,.F.);
#8682 = ORIENTED_EDGE('',*,*,#8611,.T.);
#8683 = ORIENTED_EDGE('',*,*,#8684,.T.);
#8684 = EDGE_CURVE('',#8557,#8685,#8687,.T.);
#8685 = VERTEX_POINT('',#8686);
#8686 = CARTESIAN_POINT('',(26.650951251498,67.646955507073,39.5));
#8687 = SURFACE_CURVE('',#8688,(#8693,#8700),.PCURVE_S1.);
#8688 = CIRCLE('',#8689,3.65);
#8689 = AXIS2_PLACEMENT_3D('',#8690,#8691,#8692);
#8690 = CARTESIAN_POINT('',(26.8,64.,39.5));
#8691 = DIRECTION('',(0.,0.,1.));
#8692 = DIRECTION('',(1.,0.,-0.));
#8693 = PCURVE('',#3046,#8694);
#8694 = DEFINITIONAL_REPRESENTATION('',(#8695),#8699);
#8695 = LINE('',#8696,#8697);
#8696 = CARTESIAN_POINT('',(0.,0.5));
#8697 = VECTOR('',#8698,1.);
#8698 = DIRECTION('',(1.,0.));
#8699 = ( GEOMETRIC_REPRESENTATION_CONTEXT(2) 
PARAMETRIC_REPRESENTATION_CONTEXT() REPRESENTATION_CONTEXT('2D SPACE',''
  ) );
#8700 = PCURVE('',#8573,#8701);
#8701 = DEFINITIONAL_REPRESENTATION('',(#8702),#8706);
#8702 = CIRCLE('',#8703,3.65);
#8703 = AXIS2_PLACEMENT_2D('',#8704,#8705);
#8704 = CARTESIAN_POINT('',(26.80000000399,3.999999994829));
#8705 = DIRECTION('',(1.,0.));
#8706 = ( GEOMETRIC_REPRESENTATION_CONTEXT(2) 
PARAMETRIC_REPRESENTATION_CONTEXT() REPRESENTATION_CONTEXT('2D SPACE',''
  ) );
#8707 = ORIENTED_EDGE('',*,*,#8708,.F.);
#8708 = EDGE_CURVE('',#3030,#8685,#8709,.T.);
#8709 = SURFACE_CURVE('',#8710,(#8714,#8720),.PCURVE_S1.);
#8710 = LINE('',#8711,#8712);
#8711 = CARTESIAN_POINT('',(26.650951251498,67.646955507073,39.5));
#8712 = VECTOR('',#8713,1.);
#8713 = DIRECTION('',(-0.,-0.,-1.));
#8714 = PCURVE('',#3046,#8715);
#8715 = DEFINITIONAL_REPRESENTATION('',(#8716),#8719);
#8716 = B_SPLINE_CURVE_WITH_KNOTS('',1,(#8717,#8718),.UNSPECIFIED.,.F.,
  .F.,(2,2),(-2.5000006,5.999999999062E-07),.PIECEWISE_BEZIER_KNOTS.);
#8717 = CARTESIAN_POINT('',(1.611642957818,3.0000006));
#8718 = CARTESIAN_POINT('',(1.611642957818,0.4999994));
#8719 = ( GEOMETRIC_REPRESENTATION_CONTEXT(2) 
PARAMETRIC_REPRESENTATION_CONTEXT() REPRESENTATION_CONTEXT('2D SPACE',''
  ) );
#8720 = PCURVE('',#3079,#8721);
#8721 = DEFINITIONAL_REPRESENTATION('',(#8722),#8725);
#8722 = B_SPLINE_CURVE_WITH_KNOTS('',1,(#8723,#8724),.UNSPECIFIED.,.F.,
  .F.,(2,2),(-2.5000006,5.999999999062E-07),.PIECEWISE_BEZIER_KNOTS.);
#8723 = CARTESIAN_POINT('',(-0.342353376431,-2.5000006));
#8724 = CARTESIAN_POINT('',(-0.342353376431,5.999999999062E-07));
#8725 = ( GEOMETRIC_REPRESENTATION_CONTEXT(2) 
PARAMETRIC_REPRESENTATION_CONTEXT() REPRESENTATION_CONTEXT('2D SPACE',''
  ) );
#8726 = ADVANCED_FACE('',(#8727),#3201,.T.);
#8727 = FACE_BOUND('',#8728,.T.);
#8728 = EDGE_LOOP('',(#8729,#8757,#8776,#8777));
#8729 = ORIENTED_EDGE('',*,*,#8730,.F.);
#8730 = EDGE_CURVE('',#8731,#8634,#8733,.T.);
#8731 = VERTEX_POINT('',#8732);
#8732 = CARTESIAN_POINT('',(-28.34483338341,67.306960812814,39.5));
#8733 = SURFACE_CURVE('',#8734,(#8739,#8746),.PCURVE_S1.);
#8734 = CIRCLE('',#8735,21.3);
#8735 = AXIS2_PLACEMENT_3D('',#8736,#8737,#8738);
#8736 = CARTESIAN_POINT('',(-8.,61.000000007395,39.5));
#8737 = DIRECTION('',(0.,0.,-1.));
#8738 = DIRECTION('',(-1.,0.,0.));
#8739 = PCURVE('',#3201,#8740);
#8740 = DEFINITIONAL_REPRESENTATION('',(#8741),#8745);
#8741 = LINE('',#8742,#8743);
#8742 = CARTESIAN_POINT('',(0.,0.));
#8743 = VECTOR('',#8744,1.);
#8744 = DIRECTION('',(1.,0.));
#8745 = ( GEOMETRIC_REPRESENTATION_CONTEXT(2) 
PARAMETRIC_REPRESENTATION_CONTEXT() REPRESENTATION_CONTEXT('2D SPACE',''
  ) );
#8746 = PCURVE('',#8573,#8747);
#8747 = DEFINITIONAL_REPRESENTATION('',(#8748),#8756);
#8748 = ( BOUNDED_CURVE() B_SPLINE_CURVE(2,(#8749,#8750,#8751,#8752,
#8753,#8754,#8755),.UNSPECIFIED.,.T.,.F.) B_SPLINE_CURVE_WITH_KNOTS((1,2
    ,2,2,2,1),(-2.094395102393,0.,2.094395102393,4.188790204786,
6.28318530718,8.377580409573),.UNSPECIFIED.) CURVE() 
GEOMETRIC_REPRESENTATION_ITEM() RATIONAL_B_SPLINE_CURVE((1.,0.5,1.,0.5,
1.,0.5,1.)) REPRESENTATION_ITEM('') );
#8749 = CARTESIAN_POINT('',(-29.29999999601,1.000000002223));
#8750 = CARTESIAN_POINT('',(-29.29999999601,37.89268220344));
#8751 = CARTESIAN_POINT('',(2.65000000399,19.446341102832));
#8752 = CARTESIAN_POINT('',(34.60000000399,1.000000002223));
#8753 = CARTESIAN_POINT('',(2.65000000399,-17.44634109838));
#8754 = CARTESIAN_POINT('',(-29.29999999601,-35.89268219899));
#8755 = CARTESIAN_POINT('',(-29.29999999601,1.000000002223));
#8756 = ( GEOMETRIC_REPRESENTATION_CONTEXT(2) 
PARAMETRIC_REPRESENTATION_CONTEXT() REPRESENTATION_CONTEXT('2D SPACE',''
  ) );
#8757 = ORIENTED_EDGE('',*,*,#8758,.F.);
#8758 = EDGE_CURVE('',#3152,#8731,#8759,.T.);
#8759 = SURFACE_CURVE('',#8760,(#8764,#8770),.PCURVE_S1.);
#8760 = LINE('',#8761,#8762);
#8761 = CARTESIAN_POINT('',(-28.34483338341,67.306960812814,39.5));
#8762 = VECTOR('',#8763,1.);
#8763 = DIRECTION('',(0.,0.,-1.));
#8764 = PCURVE('',#3201,#8765);
#8765 = DEFINITIONAL_REPRESENTATION('',(#8766),#8769);
#8766 = B_SPLINE_CURVE_WITH_KNOTS('',1,(#8767,#8768),.UNSPECIFIED.,.F.,
  .F.,(2,2),(-2.5000006,5.999999999062E-07),.PIECEWISE_BEZIER_KNOTS.);
#8767 = CARTESIAN_POINT('',(0.300608470786,-2.5000006));
#8768 = CARTESIAN_POINT('',(0.300608470786,5.999999999062E-07));
#8769 = ( GEOMETRIC_REPRESENTATION_CONTEXT(2) 
PARAMETRIC_REPRESENTATION_CONTEXT() REPRESENTATION_CONTEXT('2D SPACE',''
  ) );
#8770 = PCURVE('',#3168,#8771);
#8771 = DEFINITIONAL_REPRESENTATION('',(#8772),#8775);
#8772 = B_SPLINE_CURVE_WITH_KNOTS('',1,(#8773,#8774),.UNSPECIFIED.,.F.,
  .F.,(2,2),(-2.5000006,5.999999999062E-07),.PIECEWISE_BEZIER_KNOTS.);
#8773 = CARTESIAN_POINT('',(2.007816994562,3.0000006));
#8774 = CARTESIAN_POINT('',(2.007816994562,0.4999994));
#8775 = ( GEOMETRIC_REPRESENTATION_CONTEXT(2) 
PARAMETRIC_REPRESENTATION_CONTEXT() REPRESENTATION_CONTEXT('2D SPACE',''
  ) );
#8776 = ORIENTED_EDGE('',*,*,#3180,.T.);
#8777 = ORIENTED_EDGE('',*,*,#8656,.F.);
#8778 = ADVANCED_FACE('',(#8779),#3079,.F.);
#8779 = FACE_BOUND('',#8780,.T.);
#8780 = EDGE_LOOP('',(#8781,#8805,#8806,#8807));
#8781 = ORIENTED_EDGE('',*,*,#8782,.F.);
#8782 = EDGE_CURVE('',#8685,#8783,#8785,.T.);
#8783 = VERTEX_POINT('',#8784);
#8784 = CARTESIAN_POINT('',(8.,80.800000008638,39.5));
#8785 = SURFACE_CURVE('',#8786,(#8791,#8798),.PCURVE_S1.);
#8786 = CIRCLE('',#8787,19.8);
#8787 = AXIS2_PLACEMENT_3D('',#8788,#8789,#8790);
#8788 = CARTESIAN_POINT('',(8.,61.000000007428,39.5));
#8789 = DIRECTION('',(0.,0.,1.));
#8790 = DIRECTION('',(1.,0.,0.));
#8791 = PCURVE('',#3079,#8792);
#8792 = DEFINITIONAL_REPRESENTATION('',(#8793),#8797);
#8793 = LINE('',#8794,#8795);
#8794 = CARTESIAN_POINT('',(-0.,0.));
#8795 = VECTOR('',#8796,1.);
#8796 = DIRECTION('',(-1.,0.));
#8797 = ( GEOMETRIC_REPRESENTATION_CONTEXT(2) 
PARAMETRIC_REPRESENTATION_CONTEXT() REPRESENTATION_CONTEXT('2D SPACE',''
  ) );
#8798 = PCURVE('',#8573,#8799);
#8799 = DEFINITIONAL_REPRESENTATION('',(#8800),#8804);
#8800 = CIRCLE('',#8801,19.8);
#8801 = AXIS2_PLACEMENT_2D('',#8802,#8803);
#8802 = CARTESIAN_POINT('',(8.00000000399,1.000000002257));
#8803 = DIRECTION('',(1.,0.));
#8804 = ( GEOMETRIC_REPRESENTATION_CONTEXT(2) 
PARAMETRIC_REPRESENTATION_CONTEXT() REPRESENTATION_CONTEXT('2D SPACE',''
  ) );
#8805 = ORIENTED_EDGE('',*,*,#8708,.F.);
#8806 = ORIENTED_EDGE('',*,*,#3058,.F.);
#8807 = ORIENTED_EDGE('',*,*,#8808,.F.);
#8808 = EDGE_CURVE('',#8783,#3059,#8809,.T.);
#8809 = SURFACE_CURVE('',#8810,(#8814,#8821),.PCURVE_S1.);
#8810 = LINE('',#8811,#8812);
#8811 = CARTESIAN_POINT('',(8.,80.800000008638,39.5));
#8812 = VECTOR('',#8813,1.);
#8813 = DIRECTION('',(0.,0.,1.));
#8814 = PCURVE('',#3079,#8815);
#8815 = DEFINITIONAL_REPRESENTATION('',(#8816),#8820);
#8816 = LINE('',#8817,#8818);
#8817 = CARTESIAN_POINT('',(-1.570796326795,0.));
#8818 = VECTOR('',#8819,1.);
#8819 = DIRECTION('',(-0.,-1.));
#8820 = ( GEOMETRIC_REPRESENTATION_CONTEXT(2) 
PARAMETRIC_REPRESENTATION_CONTEXT() REPRESENTATION_CONTEXT('2D SPACE',''
  ) );
#8821 = PCURVE('',#3107,#8822);
#8822 = DEFINITIONAL_REPRESENTATION('',(#8823),#8827);
#8823 = LINE('',#8824,#8825);
#8824 = CARTESIAN_POINT('',(16.,0.));
#8825 = VECTOR('',#8826,1.);
#8826 = DIRECTION('',(0.,-1.));
#8827 = ( GEOMETRIC_REPRESENTATION_CONTEXT(2) 
PARAMETRIC_REPRESENTATION_CONTEXT() REPRESENTATION_CONTEXT('2D SPACE',''
  ) );
#8828 = ADVANCED_FACE('',(#8829),#3168,.F.);
#8829 = FACE_BOUND('',#8830,.F.);
#8830 = EDGE_LOOP('',(#8831,#8832,#8853,#8875));
#8831 = ORIENTED_EDGE('',*,*,#3151,.F.);
#8832 = ORIENTED_EDGE('',*,*,#8833,.T.);
#8833 = EDGE_CURVE('',#3119,#8834,#8836,.T.);
#8834 = VERTEX_POINT('',#8835);
#8835 = CARTESIAN_POINT('',(-26.65095125149,67.646955507073,39.5));
#8836 = SURFACE_CURVE('',#8837,(#8841,#8847),.PCURVE_S1.);
#8837 = LINE('',#8838,#8839);
#8838 = CARTESIAN_POINT('',(-26.65095125149,67.646955507073,39.5));
#8839 = VECTOR('',#8840,1.);
#8840 = DIRECTION('',(-0.,-0.,-1.));
#8841 = PCURVE('',#3168,#8842);
#8842 = DEFINITIONAL_REPRESENTATION('',(#8843),#8846);
#8843 = B_SPLINE_CURVE_WITH_KNOTS('',1,(#8844,#8845),.UNSPECIFIED.,.F.,
  .F.,(2,2),(-2.5000006,5.999999999062E-07),.PIECEWISE_BEZIER_KNOTS.);
#8844 = CARTESIAN_POINT('',(1.529949695772,3.0000006));
#8845 = CARTESIAN_POINT('',(1.529949695772,0.4999994));
#8846 = ( GEOMETRIC_REPRESENTATION_CONTEXT(2) 
PARAMETRIC_REPRESENTATION_CONTEXT() REPRESENTATION_CONTEXT('2D SPACE',''
  ) );
#8847 = PCURVE('',#3139,#8848);
#8848 = DEFINITIONAL_REPRESENTATION('',(#8849),#8852);
#8849 = B_SPLINE_CURVE_WITH_KNOTS('',1,(#8850,#8851),.UNSPECIFIED.,.F.,
  .F.,(2,2),(-2.5000006,5.999999999062E-07),.PIECEWISE_BEZIER_KNOTS.);
#8850 = CARTESIAN_POINT('',(-2.799239277159,-2.5000006));
#8851 = CARTESIAN_POINT('',(-2.799239277159,5.999999999062E-07));
#8852 = ( GEOMETRIC_REPRESENTATION_CONTEXT(2) 
PARAMETRIC_REPRESENTATION_CONTEXT() REPRESENTATION_CONTEXT('2D SPACE',''
  ) );
#8853 = ORIENTED_EDGE('',*,*,#8854,.T.);
#8854 = EDGE_CURVE('',#8834,#8731,#8855,.T.);
#8855 = SURFACE_CURVE('',#8856,(#8861,#8868),.PCURVE_S1.);
#8856 = CIRCLE('',#8857,3.65);
#8857 = AXIS2_PLACEMENT_3D('',#8858,#8859,#8860);
#8858 = CARTESIAN_POINT('',(-26.8,64.,39.5));
#8859 = DIRECTION('',(0.,0.,1.));
#8860 = DIRECTION('',(1.,0.,-0.));
#8861 = PCURVE('',#3168,#8862);
#8862 = DEFINITIONAL_REPRESENTATION('',(#8863),#8867);
#8863 = LINE('',#8864,#8865);
#8864 = CARTESIAN_POINT('',(0.,0.5));
#8865 = VECTOR('',#8866,1.);
#8866 = DIRECTION('',(1.,0.));
#8867 = ( GEOMETRIC_REPRESENTATION_CONTEXT(2) 
PARAMETRIC_REPRESENTATION_CONTEXT() REPRESENTATION_CONTEXT('2D SPACE',''
  ) );
#8868 = PCURVE('',#8573,#8869);
#8869 = DEFINITIONAL_REPRESENTATION('',(#8870),#8874);
#8870 = CIRCLE('',#8871,3.65);
#8871 = AXIS2_PLACEMENT_2D('',#8872,#8873);
#8872 = CARTESIAN_POINT('',(-26.79999999601,3.999999994829));
#8873 = DIRECTION('',(1.,0.));
#8874 = ( GEOMETRIC_REPRESENTATION_CONTEXT(2) 
PARAMETRIC_REPRESENTATION_CONTEXT() REPRESENTATION_CONTEXT('2D SPACE',''
  ) );
#8875 = ORIENTED_EDGE('',*,*,#8758,.F.);
#8876 = ADVANCED_FACE('',(#8877),#3107,.F.);
#8877 = FACE_BOUND('',#8878,.F.);
#8878 = EDGE_LOOP('',(#8879,#8902,#8923,#8924));
#8879 = ORIENTED_EDGE('',*,*,#8880,.F.);
#8880 = EDGE_CURVE('',#8881,#8783,#8883,.T.);
#8881 = VERTEX_POINT('',#8882);
#8882 = CARTESIAN_POINT('',(-8.,80.800000008638,39.5));
#8883 = SURFACE_CURVE('',#8884,(#8888,#8895),.PCURVE_S1.);
#8884 = LINE('',#8885,#8886);
#8885 = CARTESIAN_POINT('',(0.,80.800000009848,39.5));
#8886 = VECTOR('',#8887,1.);
#8887 = DIRECTION('',(1.,0.,0.));
#8888 = PCURVE('',#3107,#8889);
#8889 = DEFINITIONAL_REPRESENTATION('',(#8890),#8894);
#8890 = LINE('',#8891,#8892);
#8891 = CARTESIAN_POINT('',(8.,0.));
#8892 = VECTOR('',#8893,1.);
#8893 = DIRECTION('',(1.,0.));
#8894 = ( GEOMETRIC_REPRESENTATION_CONTEXT(2) 
PARAMETRIC_REPRESENTATION_CONTEXT() REPRESENTATION_CONTEXT('2D SPACE',''
  ) );
#8895 = PCURVE('',#8573,#8896);
#8896 = DEFINITIONAL_REPRESENTATION('',(#8897),#8901);
#8897 = LINE('',#8898,#8899);
#8898 = CARTESIAN_POINT('',(3.990281904321E-09,20.800000004676));
#8899 = VECTOR('',#8900,1.);
#8900 = DIRECTION('',(1.,0.));
#8901 = ( GEOMETRIC_REPRESENTATION_CONTEXT(2) 
PARAMETRIC_REPRESENTATION_CONTEXT() REPRESENTATION_CONTEXT('2D SPACE',''
  ) );
#8902 = ORIENTED_EDGE('',*,*,#8903,.T.);
#8903 = EDGE_CURVE('',#8881,#3092,#8904,.T.);
#8904 = SURFACE_CURVE('',#8905,(#8909,#8916),.PCURVE_S1.);
#8905 = LINE('',#8906,#8907);
#8906 = CARTESIAN_POINT('',(-8.,80.800000008638,39.5));
#8907 = VECTOR('',#8908,1.);
#8908 = DIRECTION('',(0.,0.,1.));
#8909 = PCURVE('',#3107,#8910);
#8910 = DEFINITIONAL_REPRESENTATION('',(#8911),#8915);
#8911 = LINE('',#8912,#8913);
#8912 = CARTESIAN_POINT('',(0.,0.));
#8913 = VECTOR('',#8914,1.);
#8914 = DIRECTION('',(0.,-1.));
#8915 = ( GEOMETRIC_REPRESENTATION_CONTEXT(2) 
PARAMETRIC_REPRESENTATION_CONTEXT() REPRESENTATION_CONTEXT('2D SPACE',''
  ) );
#8916 = PCURVE('',#3139,#8917);
#8917 = DEFINITIONAL_REPRESENTATION('',(#8918),#8922);
#8918 = LINE('',#8919,#8920);
#8919 = CARTESIAN_POINT('',(-1.570796326795,0.));
#8920 = VECTOR('',#8921,1.);
#8921 = DIRECTION('',(-0.,-1.));
#8922 = ( GEOMETRIC_REPRESENTATION_CONTEXT(2) 
PARAMETRIC_REPRESENTATION_CONTEXT() REPRESENTATION_CONTEXT('2D SPACE',''
  ) );
#8923 = ORIENTED_EDGE('',*,*,#3091,.F.);
#8924 = ORIENTED_EDGE('',*,*,#8808,.F.);
#8925 = ADVANCED_FACE('',(#8926),#3139,.F.);
#8926 = FACE_BOUND('',#8927,.T.);
#8927 = EDGE_LOOP('',(#8928,#8950,#8951,#8952));
#8928 = ORIENTED_EDGE('',*,*,#8929,.F.);
#8929 = EDGE_CURVE('',#8881,#8834,#8930,.T.);
#8930 = SURFACE_CURVE('',#8931,(#8936,#8943),.PCURVE_S1.);
#8931 = CIRCLE('',#8932,19.8);
#8932 = AXIS2_PLACEMENT_3D('',#8933,#8934,#8935);
#8933 = CARTESIAN_POINT('',(-8.,61.000000007428,39.5));
#8934 = DIRECTION('',(0.,0.,1.));
#8935 = DIRECTION('',(1.,0.,0.));
#8936 = PCURVE('',#3139,#8937);
#8937 = DEFINITIONAL_REPRESENTATION('',(#8938),#8942);
#8938 = LINE('',#8939,#8940);
#8939 = CARTESIAN_POINT('',(-0.,0.));
#8940 = VECTOR('',#8941,1.);
#8941 = DIRECTION('',(-1.,0.));
#8942 = ( GEOMETRIC_REPRESENTATION_CONTEXT(2) 
PARAMETRIC_REPRESENTATION_CONTEXT() REPRESENTATION_CONTEXT('2D SPACE',''
  ) );
#8943 = PCURVE('',#8573,#8944);
#8944 = DEFINITIONAL_REPRESENTATION('',(#8945),#8949);
#8945 = CIRCLE('',#8946,19.8);
#8946 = AXIS2_PLACEMENT_2D('',#8947,#8948);
#8947 = CARTESIAN_POINT('',(-7.99999999601,1.000000002257));
#8948 = DIRECTION('',(1.,0.));
#8949 = ( GEOMETRIC_REPRESENTATION_CONTEXT(2) 
PARAMETRIC_REPRESENTATION_CONTEXT() REPRESENTATION_CONTEXT('2D SPACE',''
  ) );
#8950 = ORIENTED_EDGE('',*,*,#8903,.T.);
#8951 = ORIENTED_EDGE('',*,*,#3118,.F.);
#8952 = ORIENTED_EDGE('',*,*,#8833,.T.);
#8953 = ADVANCED_FACE('',(#8954),#3257,.F.);
#8954 = FACE_BOUND('',#8955,.F.);
#8955 = EDGE_LOOP('',(#8956,#8979,#9007,#9028));
#8956 = ORIENTED_EDGE('',*,*,#8957,.F.);
#8957 = EDGE_CURVE('',#8958,#3241,#8960,.T.);
#8958 = VERTEX_POINT('',#8959);
#8959 = CARTESIAN_POINT('',(-4.1,83.,33.3));
#8960 = SURFACE_CURVE('',#8961,(#8965,#8972),.PCURVE_S1.);
#8961 = LINE('',#8962,#8963);
#8962 = CARTESIAN_POINT('',(-4.1,83.,33.3));
#8963 = VECTOR('',#8964,1.);
#8964 = DIRECTION('',(0.,0.,1.));
#8965 = PCURVE('',#3257,#8966);
#8966 = DEFINITIONAL_REPRESENTATION('',(#8967),#8971);
#8967 = LINE('',#8968,#8969);
#8968 = CARTESIAN_POINT('',(0.,1.4));
#8969 = VECTOR('',#8970,1.);
#8970 = DIRECTION('',(1.,0.));
#8971 = ( GEOMETRIC_REPRESENTATION_CONTEXT(2) 
PARAMETRIC_REPRESENTATION_CONTEXT() REPRESENTATION_CONTEXT('2D SPACE',''
  ) );
#8972 = PCURVE('',#3333,#8973);
#8973 = DEFINITIONAL_REPRESENTATION('',(#8974),#8978);
#8974 = LINE('',#8975,#8976);
#8975 = CARTESIAN_POINT('',(0.,0.));
#8976 = VECTOR('',#8977,1.);
#8977 = DIRECTION('',(1.,0.));
#8978 = ( GEOMETRIC_REPRESENTATION_CONTEXT(2) 
PARAMETRIC_REPRESENTATION_CONTEXT() REPRESENTATION_CONTEXT('2D SPACE',''
  ) );
#8979 = ORIENTED_EDGE('',*,*,#8980,.F.);
#8980 = EDGE_CURVE('',#8981,#8958,#8983,.T.);
#8981 = VERTEX_POINT('',#8982);
#8982 = CARTESIAN_POINT('',(-5.5,83.,33.3));
#8983 = SURFACE_CURVE('',#8984,(#8988,#8995),.PCURVE_S1.);
#8984 = LINE('',#8985,#8986);
#8985 = CARTESIAN_POINT('',(-5.5,83.,33.3));
#8986 = VECTOR('',#8987,1.);
#8987 = DIRECTION('',(1.,0.,-0.));
#8988 = PCURVE('',#3257,#8989);
#8989 = DEFINITIONAL_REPRESENTATION('',(#8990),#8994);
#8990 = LINE('',#8991,#8992);
#8991 = CARTESIAN_POINT('',(0.,0.));
#8992 = VECTOR('',#8993,1.);
#8993 = DIRECTION('',(0.,1.));
#8994 = ( GEOMETRIC_REPRESENTATION_CONTEXT(2) 
PARAMETRIC_REPRESENTATION_CONTEXT() REPRESENTATION_CONTEXT('2D SPACE',''
  ) );
#8995 = PCURVE('',#8996,#9001);
#8996 = PLANE('',#8997);
#8997 = AXIS2_PLACEMENT_3D('',#8998,#8999,#9000);
#8998 = CARTESIAN_POINT('',(-5.5,83.,33.3));
#8999 = DIRECTION('',(0.,0.,1.));
#9000 = DIRECTION('',(1.,0.,-0.));
#9001 = DEFINITIONAL_REPRESENTATION('',(#9002),#9006);
#9002 = LINE('',#9003,#9004);
#9003 = CARTESIAN_POINT('',(0.,0.));
#9004 = VECTOR('',#9005,1.);
#9005 = DIRECTION('',(1.,0.));
#9006 = ( GEOMETRIC_REPRESENTATION_CONTEXT(2) 
PARAMETRIC_REPRESENTATION_CONTEXT() REPRESENTATION_CONTEXT('2D SPACE',''
  ) );
#9007 = ORIENTED_EDGE('',*,*,#9008,.T.);
#9008 = EDGE_CURVE('',#8981,#3243,#9009,.T.);
#9009 = SURFACE_CURVE('',#9010,(#9014,#9021),.PCURVE_S1.);
#9010 = LINE('',#9011,#9012);
#9011 = CARTESIAN_POINT('',(-5.5,83.,33.3));
#9012 = VECTOR('',#9013,1.);
#9013 = DIRECTION('',(0.,0.,1.));
#9014 = PCURVE('',#3257,#9015);
#9015 = DEFINITIONAL_REPRESENTATION('',(#9016),#9020);
#9016 = LINE('',#9017,#9018);
#9017 = CARTESIAN_POINT('',(0.,0.));
#9018 = VECTOR('',#9019,1.);
#9019 = DIRECTION('',(1.,0.));
#9020 = ( GEOMETRIC_REPRESENTATION_CONTEXT(2) 
PARAMETRIC_REPRESENTATION_CONTEXT() REPRESENTATION_CONTEXT('2D SPACE',''
  ) );
#9021 = PCURVE('',#3283,#9022);
#9022 = DEFINITIONAL_REPRESENTATION('',(#9023),#9027);
#9023 = LINE('',#9024,#9025);
#9024 = CARTESIAN_POINT('',(0.,0.));
#9025 = VECTOR('',#9026,1.);
#9026 = DIRECTION('',(1.,0.));
#9027 = ( GEOMETRIC_REPRESENTATION_CONTEXT(2) 
PARAMETRIC_REPRESENTATION_CONTEXT() REPRESENTATION_CONTEXT('2D SPACE',''
  ) );
#9028 = ORIENTED_EDGE('',*,*,#3240,.F.);
#9029 = ADVANCED_FACE('',(#9030),#3333,.T.);
#9030 = FACE_BOUND('',#9031,.T.);
#9031 = EDGE_LOOP('',(#9032,#9033,#9056,#9077));
#9032 = ORIENTED_EDGE('',*,*,#8957,.F.);
#9033 = ORIENTED_EDGE('',*,*,#9034,.T.);
#9034 = EDGE_CURVE('',#8958,#9035,#9037,.T.);
#9035 = VERTEX_POINT('',#9036);
#9036 = CARTESIAN_POINT('',(-4.1,84.1,33.3));
#9037 = SURFACE_CURVE('',#9038,(#9042,#9049),.PCURVE_S1.);
#9038 = LINE('',#9039,#9040);
#9039 = CARTESIAN_POINT('',(-4.1,83.,33.3));
#9040 = VECTOR('',#9041,1.);
#9041 = DIRECTION('',(-0.,1.,0.));
#9042 = PCURVE('',#3333,#9043);
#9043 = DEFINITIONAL_REPRESENTATION('',(#9044),#9048);
#9044 = LINE('',#9045,#9046);
#9045 = CARTESIAN_POINT('',(0.,0.));
#9046 = VECTOR('',#9047,1.);
#9047 = DIRECTION('',(0.,-1.));
#9048 = ( GEOMETRIC_REPRESENTATION_CONTEXT(2) 
PARAMETRIC_REPRESENTATION_CONTEXT() REPRESENTATION_CONTEXT('2D SPACE',''
  ) );
#9049 = PCURVE('',#8996,#9050);
#9050 = DEFINITIONAL_REPRESENTATION('',(#9051),#9055);
#9051 = LINE('',#9052,#9053);
#9052 = CARTESIAN_POINT('',(1.4,0.));
#9053 = VECTOR('',#9054,1.);
#9054 = DIRECTION('',(0.,1.));
#9055 = ( GEOMETRIC_REPRESENTATION_CONTEXT(2) 
PARAMETRIC_REPRESENTATION_CONTEXT() REPRESENTATION_CONTEXT('2D SPACE',''
  ) );
#9056 = ORIENTED_EDGE('',*,*,#9057,.T.);
#9057 = EDGE_CURVE('',#9035,#3295,#9058,.T.);
#9058 = SURFACE_CURVE('',#9059,(#9063,#9070),.PCURVE_S1.);
#9059 = LINE('',#9060,#9061);
#9060 = CARTESIAN_POINT('',(-4.1,84.1,33.3));
#9061 = VECTOR('',#9062,1.);
#9062 = DIRECTION('',(0.,0.,1.));
#9063 = PCURVE('',#3333,#9064);
#9064 = DEFINITIONAL_REPRESENTATION('',(#9065),#9069);
#9065 = LINE('',#9066,#9067);
#9066 = CARTESIAN_POINT('',(0.,-1.1));
#9067 = VECTOR('',#9068,1.);
#9068 = DIRECTION('',(1.,0.));
#9069 = ( GEOMETRIC_REPRESENTATION_CONTEXT(2) 
PARAMETRIC_REPRESENTATION_CONTEXT() REPRESENTATION_CONTEXT('2D SPACE',''
  ) );
#9070 = PCURVE('',#3309,#9071);
#9071 = DEFINITIONAL_REPRESENTATION('',(#9072),#9076);
#9072 = LINE('',#9073,#9074);
#9073 = CARTESIAN_POINT('',(0.,1.4));
#9074 = VECTOR('',#9075,1.);
#9075 = DIRECTION('',(1.,0.));
#9076 = ( GEOMETRIC_REPRESENTATION_CONTEXT(2) 
PARAMETRIC_REPRESENTATION_CONTEXT() REPRESENTATION_CONTEXT('2D SPACE',''
  ) );
#9077 = ORIENTED_EDGE('',*,*,#3320,.F.);
#9078 = ADVANCED_FACE('',(#9079),#3283,.F.);
#9079 = FACE_BOUND('',#9080,.F.);
#9080 = EDGE_LOOP('',(#9081,#9082,#9105,#9126));
#9081 = ORIENTED_EDGE('',*,*,#9008,.F.);
#9082 = ORIENTED_EDGE('',*,*,#9083,.T.);
#9083 = EDGE_CURVE('',#8981,#9084,#9086,.T.);
#9084 = VERTEX_POINT('',#9085);
#9085 = CARTESIAN_POINT('',(-5.5,84.1,33.3));
#9086 = SURFACE_CURVE('',#9087,(#9091,#9098),.PCURVE_S1.);
#9087 = LINE('',#9088,#9089);
#9088 = CARTESIAN_POINT('',(-5.5,83.,33.3));
#9089 = VECTOR('',#9090,1.);
#9090 = DIRECTION('',(-0.,1.,0.));
#9091 = PCURVE('',#3283,#9092);
#9092 = DEFINITIONAL_REPRESENTATION('',(#9093),#9097);
#9093 = LINE('',#9094,#9095);
#9094 = CARTESIAN_POINT('',(0.,0.));
#9095 = VECTOR('',#9096,1.);
#9096 = DIRECTION('',(0.,-1.));
#9097 = ( GEOMETRIC_REPRESENTATION_CONTEXT(2) 
PARAMETRIC_REPRESENTATION_CONTEXT() REPRESENTATION_CONTEXT('2D SPACE',''
  ) );
#9098 = PCURVE('',#8996,#9099);
#9099 = DEFINITIONAL_REPRESENTATION('',(#9100),#9104);
#9100 = LINE('',#9101,#9102);
#9101 = CARTESIAN_POINT('',(0.,0.));
#9102 = VECTOR('',#9103,1.);
#9103 = DIRECTION('',(0.,1.));
#9104 = ( GEOMETRIC_REPRESENTATION_CONTEXT(2) 
PARAMETRIC_REPRESENTATION_CONTEXT() REPRESENTATION_CONTEXT('2D SPACE',''
  ) );
#9105 = ORIENTED_EDGE('',*,*,#9106,.T.);
#9106 = EDGE_CURVE('',#9084,#3269,#9107,.T.);
#9107 = SURFACE_CURVE('',#9108,(#9112,#9119),.PCURVE_S1.);
#9108 = LINE('',#9109,#9110);
#9109 = CARTESIAN_POINT('',(-5.5,84.1,33.3));
#9110 = VECTOR('',#9111,1.);
#9111 = DIRECTION('',(0.,0.,1.));
#9112 = PCURVE('',#3283,#9113);
#9113 = DEFINITIONAL_REPRESENTATION('',(#9114),#9118);
#9114 = LINE('',#9115,#9116);
#9115 = CARTESIAN_POINT('',(0.,-1.1));
#9116 = VECTOR('',#9117,1.);
#9117 = DIRECTION('',(1.,0.));
#9118 = ( GEOMETRIC_REPRESENTATION_CONTEXT(2) 
PARAMETRIC_REPRESENTATION_CONTEXT() REPRESENTATION_CONTEXT('2D SPACE',''
  ) );
#9119 = PCURVE('',#3309,#9120);
#9120 = DEFINITIONAL_REPRESENTATION('',(#9121),#9125);
#9121 = LINE('',#9122,#9123);
#9122 = CARTESIAN_POINT('',(0.,0.));
#9123 = VECTOR('',#9124,1.);
#9124 = DIRECTION('',(1.,0.));
#9125 = ( GEOMETRIC_REPRESENTATION_CONTEXT(2) 
PARAMETRIC_REPRESENTATION_CONTEXT() REPRESENTATION_CONTEXT('2D SPACE',''
  ) );
#9126 = ORIENTED_EDGE('',*,*,#3268,.F.);
#9127 = ADVANCED_FACE('',(#9128),#3309,.T.);
#9128 = FACE_BOUND('',#9129,.T.);
#9129 = EDGE_LOOP('',(#9130,#9131,#9152,#9153));
#9130 = ORIENTED_EDGE('',*,*,#9057,.F.);
#9131 = ORIENTED_EDGE('',*,*,#9132,.F.);
#9132 = EDGE_CURVE('',#9084,#9035,#9133,.T.);
#9133 = SURFACE_CURVE('',#9134,(#9138,#9145),.PCURVE_S1.);
#9134 = LINE('',#9135,#9136);
#9135 = CARTESIAN_POINT('',(-5.5,84.1,33.3));
#9136 = VECTOR('',#9137,1.);
#9137 = DIRECTION('',(1.,0.,-0.));
#9138 = PCURVE('',#3309,#9139);
#9139 = DEFINITIONAL_REPRESENTATION('',(#9140),#9144);
#9140 = LINE('',#9141,#9142);
#9141 = CARTESIAN_POINT('',(0.,0.));
#9142 = VECTOR('',#9143,1.);
#9143 = DIRECTION('',(0.,1.));
#9144 = ( GEOMETRIC_REPRESENTATION_CONTEXT(2) 
PARAMETRIC_REPRESENTATION_CONTEXT() REPRESENTATION_CONTEXT('2D SPACE',''
  ) );
#9145 = PCURVE('',#8996,#9146);
#9146 = DEFINITIONAL_REPRESENTATION('',(#9147),#9151);
#9147 = LINE('',#9148,#9149);
#9148 = CARTESIAN_POINT('',(0.,1.1));
#9149 = VECTOR('',#9150,1.);
#9150 = DIRECTION('',(1.,0.));
#9151 = ( GEOMETRIC_REPRESENTATION_CONTEXT(2) 
PARAMETRIC_REPRESENTATION_CONTEXT() REPRESENTATION_CONTEXT('2D SPACE',''
  ) );
#9152 = ORIENTED_EDGE('',*,*,#9106,.T.);
#9153 = ORIENTED_EDGE('',*,*,#3294,.F.);
#9154 = ADVANCED_FACE('',(#9155),#3363,.F.);
#9155 = FACE_BOUND('',#9156,.F.);
#9156 = EDGE_LOOP('',(#9157,#9158,#9179,#9180));
#9157 = ORIENTED_EDGE('',*,*,#3346,.T.);
#9158 = ORIENTED_EDGE('',*,*,#9159,.T.);
#9159 = EDGE_CURVE('',#3349,#4837,#9160,.T.);
#9160 = SURFACE_CURVE('',#9161,(#9165,#9172),.PCURVE_S1.);
#9161 = LINE('',#9162,#9163);
#9162 = CARTESIAN_POINT('',(17.,49.9,39.));
#9163 = VECTOR('',#9164,1.);
#9164 = DIRECTION('',(0.,0.,1.));
#9165 = PCURVE('',#3363,#9166);
#9166 = DEFINITIONAL_REPRESENTATION('',(#9167),#9171);
#9167 = LINE('',#9168,#9169);
#9168 = CARTESIAN_POINT('',(0.,0.));
#9169 = VECTOR('',#9170,1.);
#9170 = DIRECTION('',(0.,-1.));
#9171 = ( GEOMETRIC_REPRESENTATION_CONTEXT(2) 
PARAMETRIC_REPRESENTATION_CONTEXT() REPRESENTATION_CONTEXT('2D SPACE',''
  ) );
#9172 = PCURVE('',#3570,#9173);
#9173 = DEFINITIONAL_REPRESENTATION('',(#9174),#9178);
#9174 = LINE('',#9175,#9176);
#9175 = CARTESIAN_POINT('',(6.28318530718,0.));
#9176 = VECTOR('',#9177,1.);
#9177 = DIRECTION('',(0.,-1.));
#9178 = ( GEOMETRIC_REPRESENTATION_CONTEXT(2) 
PARAMETRIC_REPRESENTATION_CONTEXT() REPRESENTATION_CONTEXT('2D SPACE',''
  ) );
#9179 = ORIENTED_EDGE('',*,*,#4834,.F.);
#9180 = ORIENTED_EDGE('',*,*,#9181,.F.);
#9181 = EDGE_CURVE('',#3347,#4835,#9182,.T.);
#9182 = SURFACE_CURVE('',#9183,(#9187,#9194),.PCURVE_S1.);
#9183 = LINE('',#9184,#9185);
#9184 = CARTESIAN_POINT('',(17.,58.1,39.));
#9185 = VECTOR('',#9186,1.);
#9186 = DIRECTION('',(0.,0.,1.));
#9187 = PCURVE('',#3363,#9188);
#9188 = DEFINITIONAL_REPRESENTATION('',(#9189),#9193);
#9189 = LINE('',#9190,#9191);
#9190 = CARTESIAN_POINT('',(8.2,0.));
#9191 = VECTOR('',#9192,1.);
#9192 = DIRECTION('',(0.,-1.));
#9193 = ( GEOMETRIC_REPRESENTATION_CONTEXT(2) 
PARAMETRIC_REPRESENTATION_CONTEXT() REPRESENTATION_CONTEXT('2D SPACE',''
  ) );
#9194 = PCURVE('',#3395,#9195);
#9195 = DEFINITIONAL_REPRESENTATION('',(#9196),#9200);
#9196 = LINE('',#9197,#9198);
#9197 = CARTESIAN_POINT('',(0.,0.));
#9198 = VECTOR('',#9199,1.);
#9199 = DIRECTION('',(0.,-1.));
#9200 = ( GEOMETRIC_REPRESENTATION_CONTEXT(2) 
PARAMETRIC_REPRESENTATION_CONTEXT() REPRESENTATION_CONTEXT('2D SPACE',''
  ) );
#9201 = ADVANCED_FACE('',(#9202),#3570,.F.);
#9202 = FACE_BOUND('',#9203,.F.);
#9203 = EDGE_LOOP('',(#9204,#9205,#9226,#9227));
#9204 = ORIENTED_EDGE('',*,*,#3551,.F.);
#9205 = ORIENTED_EDGE('',*,*,#9206,.T.);
#9206 = EDGE_CURVE('',#3526,#4984,#9207,.T.);
#9207 = SURFACE_CURVE('',#9208,(#9212,#9219),.PCURVE_S1.);
#9208 = LINE('',#9209,#9210);
#9209 = CARTESIAN_POINT('',(17.899999998958,49.,39.));
#9210 = VECTOR('',#9211,1.);
#9211 = DIRECTION('',(0.,0.,1.));
#9212 = PCURVE('',#3570,#9213);
#9213 = DEFINITIONAL_REPRESENTATION('',(#9214),#9218);
#9214 = LINE('',#9215,#9216);
#9215 = CARTESIAN_POINT('',(4.712388980385,0.));
#9216 = VECTOR('',#9217,1.);
#9217 = DIRECTION('',(0.,-1.));
#9218 = ( GEOMETRIC_REPRESENTATION_CONTEXT(2) 
PARAMETRIC_REPRESENTATION_CONTEXT() REPRESENTATION_CONTEXT('2D SPACE',''
  ) );
#9219 = PCURVE('',#3540,#9220);
#9220 = DEFINITIONAL_REPRESENTATION('',(#9221),#9225);
#9221 = LINE('',#9222,#9223);
#9222 = CARTESIAN_POINT('',(1.665334536938E-16,0.));
#9223 = VECTOR('',#9224,1.);
#9224 = DIRECTION('',(0.,-1.));
#9225 = ( GEOMETRIC_REPRESENTATION_CONTEXT(2) 
PARAMETRIC_REPRESENTATION_CONTEXT() REPRESENTATION_CONTEXT('2D SPACE',''
  ) );
#9226 = ORIENTED_EDGE('',*,*,#5004,.T.);
#9227 = ORIENTED_EDGE('',*,*,#9159,.F.);
#9228 = ADVANCED_FACE('',(#9229),#3540,.T.);
#9229 = FACE_BOUND('',#9230,.T.);
#9230 = EDGE_LOOP('',(#9231,#9232,#9233,#9234));
#9231 = ORIENTED_EDGE('',*,*,#3525,.T.);
#9232 = ORIENTED_EDGE('',*,*,#9206,.T.);
#9233 = ORIENTED_EDGE('',*,*,#4983,.F.);
#9234 = ORIENTED_EDGE('',*,*,#9235,.F.);
#9235 = EDGE_CURVE('',#3493,#4956,#9236,.T.);
#9236 = SURFACE_CURVE('',#9237,(#9241,#9248),.PCURVE_S1.);
#9237 = LINE('',#9238,#9239);
#9238 = CARTESIAN_POINT('',(18.099999989112,49.,39.));
#9239 = VECTOR('',#9240,1.);
#9240 = DIRECTION('',(0.,0.,1.));
#9241 = PCURVE('',#3540,#9242);
#9242 = DEFINITIONAL_REPRESENTATION('',(#9243),#9247);
#9243 = LINE('',#9244,#9245);
#9244 = CARTESIAN_POINT('',(0.199999990154,0.));
#9245 = VECTOR('',#9246,1.);
#9246 = DIRECTION('',(0.,-1.));
#9247 = ( GEOMETRIC_REPRESENTATION_CONTEXT(2) 
PARAMETRIC_REPRESENTATION_CONTEXT() REPRESENTATION_CONTEXT('2D SPACE',''
  ) );
#9248 = PCURVE('',#3513,#9249);
#9249 = DEFINITIONAL_REPRESENTATION('',(#9250),#9254);
#9250 = LINE('',#9251,#9252);
#9251 = CARTESIAN_POINT('',(4.712388980385,0.));
#9252 = VECTOR('',#9253,1.);
#9253 = DIRECTION('',(0.,-1.));
#9254 = ( GEOMETRIC_REPRESENTATION_CONTEXT(2) 
PARAMETRIC_REPRESENTATION_CONTEXT() REPRESENTATION_CONTEXT('2D SPACE',''
  ) );
#9255 = ADVANCED_FACE('',(#9256),#3513,.F.);
#9256 = FACE_BOUND('',#9257,.F.);
#9257 = EDGE_LOOP('',(#9258,#9259,#9280,#9281));
#9258 = ORIENTED_EDGE('',*,*,#3492,.F.);
#9259 = ORIENTED_EDGE('',*,*,#9260,.T.);
#9260 = EDGE_CURVE('',#3467,#4935,#9261,.T.);
#9261 = SURFACE_CURVE('',#9262,(#9266,#9273),.PCURVE_S1.);
#9262 = LINE('',#9263,#9264);
#9263 = CARTESIAN_POINT('',(18.999999995077,49.9,39.));
#9264 = VECTOR('',#9265,1.);
#9265 = DIRECTION('',(0.,0.,1.));
#9266 = PCURVE('',#3513,#9267);
#9267 = DEFINITIONAL_REPRESENTATION('',(#9268),#9272);
#9268 = LINE('',#9269,#9270);
#9269 = CARTESIAN_POINT('',(3.14159265359,0.));
#9270 = VECTOR('',#9271,1.);
#9271 = DIRECTION('',(0.,-1.));
#9272 = ( GEOMETRIC_REPRESENTATION_CONTEXT(2) 
PARAMETRIC_REPRESENTATION_CONTEXT() REPRESENTATION_CONTEXT('2D SPACE',''
  ) );
#9273 = PCURVE('',#3481,#9274);
#9274 = DEFINITIONAL_REPRESENTATION('',(#9275),#9279);
#9275 = LINE('',#9276,#9277);
#9276 = CARTESIAN_POINT('',(0.,0.));
#9277 = VECTOR('',#9278,1.);
#9278 = DIRECTION('',(0.,-1.));
#9279 = ( GEOMETRIC_REPRESENTATION_CONTEXT(2) 
PARAMETRIC_REPRESENTATION_CONTEXT() REPRESENTATION_CONTEXT('2D SPACE',''
  ) );
#9280 = ORIENTED_EDGE('',*,*,#4955,.T.);
#9281 = ORIENTED_EDGE('',*,*,#9235,.F.);
#9282 = ADVANCED_FACE('',(#9283),#3481,.T.);
#9283 = FACE_BOUND('',#9284,.T.);
#9284 = EDGE_LOOP('',(#9285,#9286,#9287,#9288));
#9285 = ORIENTED_EDGE('',*,*,#3466,.T.);
#9286 = ORIENTED_EDGE('',*,*,#9260,.T.);
#9287 = ORIENTED_EDGE('',*,*,#4934,.F.);
#9288 = ORIENTED_EDGE('',*,*,#9289,.F.);
#9289 = EDGE_CURVE('',#3434,#4907,#9290,.T.);
#9290 = SURFACE_CURVE('',#9291,(#9295,#9302),.PCURVE_S1.);
#9291 = LINE('',#9292,#9293);
#9292 = CARTESIAN_POINT('',(18.999999995077,58.1,39.));
#9293 = VECTOR('',#9294,1.);
#9294 = DIRECTION('',(0.,0.,1.));
#9295 = PCURVE('',#3481,#9296);
#9296 = DEFINITIONAL_REPRESENTATION('',(#9297),#9301);
#9297 = LINE('',#9298,#9299);
#9298 = CARTESIAN_POINT('',(8.2,0.));
#9299 = VECTOR('',#9300,1.);
#9300 = DIRECTION('',(0.,-1.));
#9301 = ( GEOMETRIC_REPRESENTATION_CONTEXT(2) 
PARAMETRIC_REPRESENTATION_CONTEXT() REPRESENTATION_CONTEXT('2D SPACE',''
  ) );
#9302 = PCURVE('',#3454,#9303);
#9303 = DEFINITIONAL_REPRESENTATION('',(#9304),#9308);
#9304 = LINE('',#9305,#9306);
#9305 = CARTESIAN_POINT('',(3.14159265359,0.));
#9306 = VECTOR('',#9307,1.);
#9307 = DIRECTION('',(0.,-1.));
#9308 = ( GEOMETRIC_REPRESENTATION_CONTEXT(2) 
PARAMETRIC_REPRESENTATION_CONTEXT() REPRESENTATION_CONTEXT('2D SPACE',''
  ) );
#9309 = ADVANCED_FACE('',(#9310),#3454,.F.);
#9310 = FACE_BOUND('',#9311,.F.);
#9311 = EDGE_LOOP('',(#9312,#9313,#9334,#9335));
#9312 = ORIENTED_EDGE('',*,*,#3433,.F.);
#9313 = ORIENTED_EDGE('',*,*,#9314,.T.);
#9314 = EDGE_CURVE('',#3408,#4886,#9315,.T.);
#9315 = SURFACE_CURVE('',#9316,(#9320,#9327),.PCURVE_S1.);
#9316 = LINE('',#9317,#9318);
#9317 = CARTESIAN_POINT('',(18.099999989112,59.,39.));
#9318 = VECTOR('',#9319,1.);
#9319 = DIRECTION('',(0.,0.,1.));
#9320 = PCURVE('',#3454,#9321);
#9321 = DEFINITIONAL_REPRESENTATION('',(#9322),#9326);
#9322 = LINE('',#9323,#9324);
#9323 = CARTESIAN_POINT('',(1.570796326795,0.));
#9324 = VECTOR('',#9325,1.);
#9325 = DIRECTION('',(0.,-1.));
#9326 = ( GEOMETRIC_REPRESENTATION_CONTEXT(2) 
PARAMETRIC_REPRESENTATION_CONTEXT() REPRESENTATION_CONTEXT('2D SPACE',''
  ) );
#9327 = PCURVE('',#3422,#9328);
#9328 = DEFINITIONAL_REPRESENTATION('',(#9329),#9333);
#9329 = LINE('',#9330,#9331);
#9330 = CARTESIAN_POINT('',(0.199999990154,0.));
#9331 = VECTOR('',#9332,1.);
#9332 = DIRECTION('',(0.,-1.));
#9333 = ( GEOMETRIC_REPRESENTATION_CONTEXT(2) 
PARAMETRIC_REPRESENTATION_CONTEXT() REPRESENTATION_CONTEXT('2D SPACE',''
  ) );
#9334 = ORIENTED_EDGE('',*,*,#4906,.T.);
#9335 = ORIENTED_EDGE('',*,*,#9289,.F.);
#9336 = ADVANCED_FACE('',(#9337),#3422,.F.);
#9337 = FACE_BOUND('',#9338,.F.);
#9338 = EDGE_LOOP('',(#9339,#9340,#9361,#9362));
#9339 = ORIENTED_EDGE('',*,*,#3407,.T.);
#9340 = ORIENTED_EDGE('',*,*,#9341,.T.);
#9341 = EDGE_CURVE('',#3375,#4858,#9342,.T.);
#9342 = SURFACE_CURVE('',#9343,(#9347,#9354),.PCURVE_S1.);
#9343 = LINE('',#9344,#9345);
#9344 = CARTESIAN_POINT('',(17.899999998958,59.,39.));
#9345 = VECTOR('',#9346,1.);
#9346 = DIRECTION('',(0.,0.,1.));
#9347 = PCURVE('',#3422,#9348);
#9348 = DEFINITIONAL_REPRESENTATION('',(#9349),#9353);
#9349 = LINE('',#9350,#9351);
#9350 = CARTESIAN_POINT('',(-5.551115123126E-17,0.));
#9351 = VECTOR('',#9352,1.);
#9352 = DIRECTION('',(0.,-1.));
#9353 = ( GEOMETRIC_REPRESENTATION_CONTEXT(2) 
PARAMETRIC_REPRESENTATION_CONTEXT() REPRESENTATION_CONTEXT('2D SPACE',''
  ) );
#9354 = PCURVE('',#3395,#9355);
#9355 = DEFINITIONAL_REPRESENTATION('',(#9356),#9360);
#9356 = LINE('',#9357,#9358);
#9357 = CARTESIAN_POINT('',(1.570796326795,0.));
#9358 = VECTOR('',#9359,1.);
#9359 = DIRECTION('',(0.,-1.));
#9360 = ( GEOMETRIC_REPRESENTATION_CONTEXT(2) 
PARAMETRIC_REPRESENTATION_CONTEXT() REPRESENTATION_CONTEXT('2D SPACE',''
  ) );
#9361 = ORIENTED_EDGE('',*,*,#4885,.F.);
#9362 = ORIENTED_EDGE('',*,*,#9314,.F.);
#9363 = ADVANCED_FACE('',(#9364),#3395,.F.);
#9364 = FACE_BOUND('',#9365,.F.);
#9365 = EDGE_LOOP('',(#9366,#9367,#9368,#9369));
#9366 = ORIENTED_EDGE('',*,*,#3374,.F.);
#9367 = ORIENTED_EDGE('',*,*,#9181,.T.);
#9368 = ORIENTED_EDGE('',*,*,#4857,.T.);
#9369 = ORIENTED_EDGE('',*,*,#9341,.F.);
#9370 = ADVANCED_FACE('',(#9371),#3601,.F.);
#9371 = FACE_BOUND('',#9372,.F.);
#9372 = EDGE_LOOP('',(#9373,#9394,#9395,#9396));
#9373 = ORIENTED_EDGE('',*,*,#9374,.T.);
#9374 = EDGE_CURVE('',#3585,#5033,#9375,.T.);
#9375 = SEAM_CURVE('',#9376,(#9380,#9387),.PCURVE_S1.);
#9376 = LINE('',#9377,#9378);
#9377 = CARTESIAN_POINT('',(28.,64.,38.));
#9378 = VECTOR('',#9379,1.);
#9379 = DIRECTION('',(0.,0.,1.));
#9380 = PCURVE('',#3601,#9381);
#9381 = DEFINITIONAL_REPRESENTATION('',(#9382),#9386);
#9382 = LINE('',#9383,#9384);
#9383 = CARTESIAN_POINT('',(6.28318530718,-0.));
#9384 = VECTOR('',#9385,1.);
#9385 = DIRECTION('',(0.,1.));
#9386 = ( GEOMETRIC_REPRESENTATION_CONTEXT(2) 
PARAMETRIC_REPRESENTATION_CONTEXT() REPRESENTATION_CONTEXT('2D SPACE',''
  ) );
#9387 = PCURVE('',#3601,#9388);
#9388 = DEFINITIONAL_REPRESENTATION('',(#9389),#9393);
#9389 = LINE('',#9390,#9391);
#9390 = CARTESIAN_POINT('',(0.,-0.));
#9391 = VECTOR('',#9392,1.);
#9392 = DIRECTION('',(0.,1.));
#9393 = ( GEOMETRIC_REPRESENTATION_CONTEXT(2) 
PARAMETRIC_REPRESENTATION_CONTEXT() REPRESENTATION_CONTEXT('2D SPACE',''
  ) );
#9394 = ORIENTED_EDGE('',*,*,#5032,.F.);
#9395 = ORIENTED_EDGE('',*,*,#9374,.F.);
#9396 = ORIENTED_EDGE('',*,*,#3584,.T.);
#9397 = ADVANCED_FACE('',(#9398),#3632,.F.);
#9398 = FACE_BOUND('',#9399,.F.);
#9399 = EDGE_LOOP('',(#9400,#9423,#9451,#9472));
#9400 = ORIENTED_EDGE('',*,*,#9401,.F.);
#9401 = EDGE_CURVE('',#9402,#3616,#9404,.T.);
#9402 = VERTEX_POINT('',#9403);
#9403 = CARTESIAN_POINT('',(5.5,83.,33.3));
#9404 = SURFACE_CURVE('',#9405,(#9409,#9416),.PCURVE_S1.);
#9405 = LINE('',#9406,#9407);
#9406 = CARTESIAN_POINT('',(5.5,83.,33.3));
#9407 = VECTOR('',#9408,1.);
#9408 = DIRECTION('',(0.,0.,1.));
#9409 = PCURVE('',#3632,#9410);
#9410 = DEFINITIONAL_REPRESENTATION('',(#9411),#9415);
#9411 = LINE('',#9412,#9413);
#9412 = CARTESIAN_POINT('',(0.,1.4));
#9413 = VECTOR('',#9414,1.);
#9414 = DIRECTION('',(1.,0.));
#9415 = ( GEOMETRIC_REPRESENTATION_CONTEXT(2) 
PARAMETRIC_REPRESENTATION_CONTEXT() REPRESENTATION_CONTEXT('2D SPACE',''
  ) );
#9416 = PCURVE('',#3708,#9417);
#9417 = DEFINITIONAL_REPRESENTATION('',(#9418),#9422);
#9418 = LINE('',#9419,#9420);
#9419 = CARTESIAN_POINT('',(0.,0.));
#9420 = VECTOR('',#9421,1.);
#9421 = DIRECTION('',(1.,0.));
#9422 = ( GEOMETRIC_REPRESENTATION_CONTEXT(2) 
PARAMETRIC_REPRESENTATION_CONTEXT() REPRESENTATION_CONTEXT('2D SPACE',''
  ) );
#9423 = ORIENTED_EDGE('',*,*,#9424,.F.);
#9424 = EDGE_CURVE('',#9425,#9402,#9427,.T.);
#9425 = VERTEX_POINT('',#9426);
#9426 = CARTESIAN_POINT('',(4.1,83.,33.3));
#9427 = SURFACE_CURVE('',#9428,(#9432,#9439),.PCURVE_S1.);
#9428 = LINE('',#9429,#9430);
#9429 = CARTESIAN_POINT('',(4.1,83.,33.3));
#9430 = VECTOR('',#9431,1.);
#9431 = DIRECTION('',(1.,0.,-0.));
#9432 = PCURVE('',#3632,#9433);
#9433 = DEFINITIONAL_REPRESENTATION('',(#9434),#9438);
#9434 = LINE('',#9435,#9436);
#9435 = CARTESIAN_POINT('',(0.,0.));
#9436 = VECTOR('',#9437,1.);
#9437 = DIRECTION('',(0.,1.));
#9438 = ( GEOMETRIC_REPRESENTATION_CONTEXT(2) 
PARAMETRIC_REPRESENTATION_CONTEXT() REPRESENTATION_CONTEXT('2D SPACE',''
  ) );
#9439 = PCURVE('',#9440,#9445);
#9440 = PLANE('',#9441);
#9441 = AXIS2_PLACEMENT_3D('',#9442,#9443,#9444);
#9442 = CARTESIAN_POINT('',(4.1,83.,33.3));
#9443 = DIRECTION('',(0.,0.,1.));
#9444 = DIRECTION('',(1.,0.,-0.));
#9445 = DEFINITIONAL_REPRESENTATION('',(#9446),#9450);
#9446 = LINE('',#9447,#9448);
#9447 = CARTESIAN_POINT('',(0.,0.));
#9448 = VECTOR('',#9449,1.);
#9449 = DIRECTION('',(1.,0.));
#9450 = ( GEOMETRIC_REPRESENTATION_CONTEXT(2) 
PARAMETRIC_REPRESENTATION_CONTEXT() REPRESENTATION_CONTEXT('2D SPACE',''
  ) );
#9451 = ORIENTED_EDGE('',*,*,#9452,.T.);
#9452 = EDGE_CURVE('',#9425,#3618,#9453,.T.);
#9453 = SURFACE_CURVE('',#9454,(#9458,#9465),.PCURVE_S1.);
#9454 = LINE('',#9455,#9456);
#9455 = CARTESIAN_POINT('',(4.1,83.,33.3));
#9456 = VECTOR('',#9457,1.);
#9457 = DIRECTION('',(0.,0.,1.));
#9458 = PCURVE('',#3632,#9459);
#9459 = DEFINITIONAL_REPRESENTATION('',(#9460),#9464);
#9460 = LINE('',#9461,#9462);
#9461 = CARTESIAN_POINT('',(0.,0.));
#9462 = VECTOR('',#9463,1.);
#9463 = DIRECTION('',(1.,0.));
#9464 = ( GEOMETRIC_REPRESENTATION_CONTEXT(2) 
PARAMETRIC_REPRESENTATION_CONTEXT() REPRESENTATION_CONTEXT('2D SPACE',''
  ) );
#9465 = PCURVE('',#3658,#9466);
#9466 = DEFINITIONAL_REPRESENTATION('',(#9467),#9471);
#9467 = LINE('',#9468,#9469);
#9468 = CARTESIAN_POINT('',(0.,0.));
#9469 = VECTOR('',#9470,1.);
#9470 = DIRECTION('',(1.,0.));
#9471 = ( GEOMETRIC_REPRESENTATION_CONTEXT(2) 
PARAMETRIC_REPRESENTATION_CONTEXT() REPRESENTATION_CONTEXT('2D SPACE',''
  ) );
#9472 = ORIENTED_EDGE('',*,*,#3615,.F.);
#9473 = ADVANCED_FACE('',(#9474),#3708,.T.);
#9474 = FACE_BOUND('',#9475,.T.);
#9475 = EDGE_LOOP('',(#9476,#9477,#9500,#9521));
#9476 = ORIENTED_EDGE('',*,*,#9401,.F.);
#9477 = ORIENTED_EDGE('',*,*,#9478,.T.);
#9478 = EDGE_CURVE('',#9402,#9479,#9481,.T.);
#9479 = VERTEX_POINT('',#9480);
#9480 = CARTESIAN_POINT('',(5.5,84.1,33.3));
#9481 = SURFACE_CURVE('',#9482,(#9486,#9493),.PCURVE_S1.);
#9482 = LINE('',#9483,#9484);
#9483 = CARTESIAN_POINT('',(5.5,83.,33.3));
#9484 = VECTOR('',#9485,1.);
#9485 = DIRECTION('',(-0.,1.,0.));
#9486 = PCURVE('',#3708,#9487);
#9487 = DEFINITIONAL_REPRESENTATION('',(#9488),#9492);
#9488 = LINE('',#9489,#9490);
#9489 = CARTESIAN_POINT('',(0.,0.));
#9490 = VECTOR('',#9491,1.);
#9491 = DIRECTION('',(0.,-1.));
#9492 = ( GEOMETRIC_REPRESENTATION_CONTEXT(2) 
PARAMETRIC_REPRESENTATION_CONTEXT() REPRESENTATION_CONTEXT('2D SPACE',''
  ) );
#9493 = PCURVE('',#9440,#9494);
#9494 = DEFINITIONAL_REPRESENTATION('',(#9495),#9499);
#9495 = LINE('',#9496,#9497);
#9496 = CARTESIAN_POINT('',(1.4,0.));
#9497 = VECTOR('',#9498,1.);
#9498 = DIRECTION('',(0.,1.));
#9499 = ( GEOMETRIC_REPRESENTATION_CONTEXT(2) 
PARAMETRIC_REPRESENTATION_CONTEXT() REPRESENTATION_CONTEXT('2D SPACE',''
  ) );
#9500 = ORIENTED_EDGE('',*,*,#9501,.T.);
#9501 = EDGE_CURVE('',#9479,#3670,#9502,.T.);
#9502 = SURFACE_CURVE('',#9503,(#9507,#9514),.PCURVE_S1.);
#9503 = LINE('',#9504,#9505);
#9504 = CARTESIAN_POINT('',(5.5,84.1,33.3));
#9505 = VECTOR('',#9506,1.);
#9506 = DIRECTION('',(0.,0.,1.));
#9507 = PCURVE('',#3708,#9508);
#9508 = DEFINITIONAL_REPRESENTATION('',(#9509),#9513);
#9509 = LINE('',#9510,#9511);
#9510 = CARTESIAN_POINT('',(0.,-1.1));
#9511 = VECTOR('',#9512,1.);
#9512 = DIRECTION('',(1.,0.));
#9513 = ( GEOMETRIC_REPRESENTATION_CONTEXT(2) 
PARAMETRIC_REPRESENTATION_CONTEXT() REPRESENTATION_CONTEXT('2D SPACE',''
  ) );
#9514 = PCURVE('',#3684,#9515);
#9515 = DEFINITIONAL_REPRESENTATION('',(#9516),#9520);
#9516 = LINE('',#9517,#9518);
#9517 = CARTESIAN_POINT('',(0.,1.4));
#9518 = VECTOR('',#9519,1.);
#9519 = DIRECTION('',(1.,0.));
#9520 = ( GEOMETRIC_REPRESENTATION_CONTEXT(2) 
PARAMETRIC_REPRESENTATION_CONTEXT() REPRESENTATION_CONTEXT('2D SPACE',''
  ) );
#9521 = ORIENTED_EDGE('',*,*,#3695,.F.);
#9522 = ADVANCED_FACE('',(#9523),#3658,.F.);
#9523 = FACE_BOUND('',#9524,.F.);
#9524 = EDGE_LOOP('',(#9525,#9526,#9549,#9570));
#9525 = ORIENTED_EDGE('',*,*,#9452,.F.);
#9526 = ORIENTED_EDGE('',*,*,#9527,.T.);
#9527 = EDGE_CURVE('',#9425,#9528,#9530,.T.);
#9528 = VERTEX_POINT('',#9529);
#9529 = CARTESIAN_POINT('',(4.1,84.1,33.3));
#9530 = SURFACE_CURVE('',#9531,(#9535,#9542),.PCURVE_S1.);
#9531 = LINE('',#9532,#9533);
#9532 = CARTESIAN_POINT('',(4.1,83.,33.3));
#9533 = VECTOR('',#9534,1.);
#9534 = DIRECTION('',(-0.,1.,0.));
#9535 = PCURVE('',#3658,#9536);
#9536 = DEFINITIONAL_REPRESENTATION('',(#9537),#9541);
#9537 = LINE('',#9538,#9539);
#9538 = CARTESIAN_POINT('',(0.,0.));
#9539 = VECTOR('',#9540,1.);
#9540 = DIRECTION('',(0.,-1.));
#9541 = ( GEOMETRIC_REPRESENTATION_CONTEXT(2) 
PARAMETRIC_REPRESENTATION_CONTEXT() REPRESENTATION_CONTEXT('2D SPACE',''
  ) );
#9542 = PCURVE('',#9440,#9543);
#9543 = DEFINITIONAL_REPRESENTATION('',(#9544),#9548);
#9544 = LINE('',#9545,#9546);
#9545 = CARTESIAN_POINT('',(0.,0.));
#9546 = VECTOR('',#9547,1.);
#9547 = DIRECTION('',(0.,1.));
#9548 = ( GEOMETRIC_REPRESENTATION_CONTEXT(2) 
PARAMETRIC_REPRESENTATION_CONTEXT() REPRESENTATION_CONTEXT('2D SPACE',''
  ) );
#9549 = ORIENTED_EDGE('',*,*,#9550,.T.);
#9550 = EDGE_CURVE('',#9528,#3644,#9551,.T.);
#9551 = SURFACE_CURVE('',#9552,(#9556,#9563),.PCURVE_S1.);
#9552 = LINE('',#9553,#9554);
#9553 = CARTESIAN_POINT('',(4.1,84.1,33.3));
#9554 = VECTOR('',#9555,1.);
#9555 = DIRECTION('',(0.,0.,1.));
#9556 = PCURVE('',#3658,#9557);
#9557 = DEFINITIONAL_REPRESENTATION('',(#9558),#9562);
#9558 = LINE('',#9559,#9560);
#9559 = CARTESIAN_POINT('',(0.,-1.1));
#9560 = VECTOR('',#9561,1.);
#9561 = DIRECTION('',(1.,0.));
#9562 = ( GEOMETRIC_REPRESENTATION_CONTEXT(2) 
PARAMETRIC_REPRESENTATION_CONTEXT() REPRESENTATION_CONTEXT('2D SPACE',''
  ) );
#9563 = PCURVE('',#3684,#9564);
#9564 = DEFINITIONAL_REPRESENTATION('',(#9565),#9569);
#9565 = LINE('',#9566,#9567);
#9566 = CARTESIAN_POINT('',(0.,0.));
#9567 = VECTOR('',#9568,1.);
#9568 = DIRECTION('',(1.,0.));
#9569 = ( GEOMETRIC_REPRESENTATION_CONTEXT(2) 
PARAMETRIC_REPRESENTATION_CONTEXT() REPRESENTATION_CONTEXT('2D SPACE',''
  ) );
#9570 = ORIENTED_EDGE('',*,*,#3643,.F.);
#9571 = ADVANCED_FACE('',(#9572),#3684,.T.);
#9572 = FACE_BOUND('',#9573,.T.);
#9573 = EDGE_LOOP('',(#9574,#9575,#9596,#9597));
#9574 = ORIENTED_EDGE('',*,*,#9501,.F.);
#9575 = ORIENTED_EDGE('',*,*,#9576,.F.);
#9576 = EDGE_CURVE('',#9528,#9479,#9577,.T.);
#9577 = SURFACE_CURVE('',#9578,(#9582,#9589),.PCURVE_S1.);
#9578 = LINE('',#9579,#9580);
#9579 = CARTESIAN_POINT('',(4.1,84.1,33.3));
#9580 = VECTOR('',#9581,1.);
#9581 = DIRECTION('',(1.,0.,-0.));
#9582 = PCURVE('',#3684,#9583);
#9583 = DEFINITIONAL_REPRESENTATION('',(#9584),#9588);
#9584 = LINE('',#9585,#9586);
#9585 = CARTESIAN_POINT('',(0.,0.));
#9586 = VECTOR('',#9587,1.);
#9587 = DIRECTION('',(0.,1.));
#9588 = ( GEOMETRIC_REPRESENTATION_CONTEXT(2) 
PARAMETRIC_REPRESENTATION_CONTEXT() REPRESENTATION_CONTEXT('2D SPACE',''
  ) );
#9589 = PCURVE('',#9440,#9590);
#9590 = DEFINITIONAL_REPRESENTATION('',(#9591),#9595);
#9591 = LINE('',#9592,#9593);
#9592 = CARTESIAN_POINT('',(0.,1.1));
#9593 = VECTOR('',#9594,1.);
#9594 = DIRECTION('',(1.,0.));
#9595 = ( GEOMETRIC_REPRESENTATION_CONTEXT(2) 
PARAMETRIC_REPRESENTATION_CONTEXT() REPRESENTATION_CONTEXT('2D SPACE',''
  ) );
#9596 = ORIENTED_EDGE('',*,*,#9550,.T.);
#9597 = ORIENTED_EDGE('',*,*,#3669,.F.);
#9598 = ADVANCED_FACE('',(#9599),#5411,.F.);
#9599 = FACE_BOUND('',#9600,.F.);
#9600 = EDGE_LOOP('',(#9601,#9602,#9603,#9604));
#9601 = ORIENTED_EDGE('',*,*,#6296,.F.);
#9602 = ORIENTED_EDGE('',*,*,#6193,.T.);
#9603 = ORIENTED_EDGE('',*,*,#5278,.T.);
#9604 = ORIENTED_EDGE('',*,*,#6245,.T.);
#9605 = ADVANCED_FACE('',(#9606),#5771,.F.);
#9606 = FACE_BOUND('',#9607,.F.);
#9607 = EDGE_LOOP('',(#9608,#9609,#9610,#9611));
#9608 = ORIENTED_EDGE('',*,*,#6154,.T.);
#9609 = ORIENTED_EDGE('',*,*,#6102,.F.);
#9610 = ORIENTED_EDGE('',*,*,#6004,.T.);
#9611 = ORIENTED_EDGE('',*,*,#5638,.T.);
#9612 = ADVANCED_FACE('',(#9613),#6387,.F.);
#9613 = FACE_BOUND('',#9614,.F.);
#9614 = EDGE_LOOP('',(#9615,#9616,#9617,#9618));
#9615 = ORIENTED_EDGE('',*,*,#6474,.F.);
#9616 = ORIENTED_EDGE('',*,*,#6371,.T.);
#9617 = ORIENTED_EDGE('',*,*,#6425,.T.);
#9618 = ORIENTED_EDGE('',*,*,#6523,.F.);
#9619 = ADVANCED_FACE('',(#9620),#6784,.F.);
#9620 = FACE_BOUND('',#9621,.F.);
#9621 = EDGE_LOOP('',(#9622,#9623,#9624,#9625,#9626,#9627,#9628,#9629,
    #9630,#9631,#9632,#9633,#9634));
#9622 = ORIENTED_EDGE('',*,*,#7343,.F.);
#9623 = ORIENTED_EDGE('',*,*,#7241,.F.);
#9624 = ORIENTED_EDGE('',*,*,#7144,.T.);
#9625 = ORIENTED_EDGE('',*,*,#7045,.F.);
#9626 = ORIENTED_EDGE('',*,*,#6941,.T.);
#9627 = ORIENTED_EDGE('',*,*,#6846,.F.);
#9628 = ORIENTED_EDGE('',*,*,#6765,.T.);
#9629 = ORIENTED_EDGE('',*,*,#6892,.T.);
#9630 = ORIENTED_EDGE('',*,*,#6991,.T.);
#9631 = ORIENTED_EDGE('',*,*,#7094,.F.);
#9632 = ORIENTED_EDGE('',*,*,#7194,.T.);
#9633 = ORIENTED_EDGE('',*,*,#7318,.F.);
#9634 = ORIENTED_EDGE('',*,*,#7392,.F.);
#9635 = ADVANCED_FACE('',(#9636),#7463,.F.);
#9636 = FACE_BOUND('',#9637,.F.);
#9637 = EDGE_LOOP('',(#9638,#9639,#9640,#9641));
#9638 = ORIENTED_EDGE('',*,*,#7550,.F.);
#9639 = ORIENTED_EDGE('',*,*,#7447,.T.);
#9640 = ORIENTED_EDGE('',*,*,#7501,.T.);
#9641 = ORIENTED_EDGE('',*,*,#7599,.F.);
#9642 = ADVANCED_FACE('',(#9643),#7671,.F.);
#9643 = FACE_BOUND('',#9644,.F.);
#9644 = EDGE_LOOP('',(#9645,#9646,#9647,#9648,#9649,#9650,#9651,#9652,
    #9653,#9654,#9655,#9656,#9657));
#9645 = ORIENTED_EDGE('',*,*,#8134,.F.);
#9646 = ORIENTED_EDGE('',*,*,#8259,.F.);
#9647 = ORIENTED_EDGE('',*,*,#8284,.F.);
#9648 = ORIENTED_EDGE('',*,*,#8186,.F.);
#9649 = ORIENTED_EDGE('',*,*,#8080,.T.);
#9650 = ORIENTED_EDGE('',*,*,#7982,.F.);
#9651 = ORIENTED_EDGE('',*,*,#7874,.T.);
#9652 = ORIENTED_EDGE('',*,*,#7778,.F.);
#9653 = ORIENTED_EDGE('',*,*,#7652,.T.);
#9654 = ORIENTED_EDGE('',*,*,#7727,.T.);
#9655 = ORIENTED_EDGE('',*,*,#7824,.T.);
#9656 = ORIENTED_EDGE('',*,*,#7928,.F.);
#9657 = ORIENTED_EDGE('',*,*,#8031,.T.);
#9658 = ADVANCED_FACE('',(#9659),#8573,.F.);
#9659 = FACE_BOUND('',#9660,.F.);
#9660 = EDGE_LOOP('',(#9661,#9662,#9663,#9664,#9665,#9666,#9667,#9668));
#9661 = ORIENTED_EDGE('',*,*,#8730,.F.);
#9662 = ORIENTED_EDGE('',*,*,#8854,.F.);
#9663 = ORIENTED_EDGE('',*,*,#8929,.F.);
#9664 = ORIENTED_EDGE('',*,*,#8880,.T.);
#9665 = ORIENTED_EDGE('',*,*,#8782,.F.);
#9666 = ORIENTED_EDGE('',*,*,#8684,.F.);
#9667 = ORIENTED_EDGE('',*,*,#8554,.F.);
#9668 = ORIENTED_EDGE('',*,*,#8633,.F.);
#9669 = ADVANCED_FACE('',(#9670),#8996,.F.);
#9670 = FACE_BOUND('',#9671,.F.);
#9671 = EDGE_LOOP('',(#9672,#9673,#9674,#9675));
#9672 = ORIENTED_EDGE('',*,*,#9083,.F.);
#9673 = ORIENTED_EDGE('',*,*,#8980,.T.);
#9674 = ORIENTED_EDGE('',*,*,#9034,.T.);
#9675 = ORIENTED_EDGE('',*,*,#9132,.F.);
#9676 = ADVANCED_FACE('',(#9677),#9440,.F.);
#9677 = FACE_BOUND('',#9678,.F.);
#9678 = EDGE_LOOP('',(#9679,#9680,#9681,#9682));
#9679 = ORIENTED_EDGE('',*,*,#9527,.F.);
#9680 = ORIENTED_EDGE('',*,*,#9424,.T.);
#9681 = ORIENTED_EDGE('',*,*,#9478,.T.);
#9682 = ORIENTED_EDGE('',*,*,#9576,.F.);
#9683 = ( GEOMETRIC_REPRESENTATION_CONTEXT(3) 
GLOBAL_UNCERTAINTY_ASSIGNED_CONTEXT((#9687)) 
GLOBAL_UNIT_ASSIGNED_CONTEXT((#9684,#9685,#9686)) REPRESENTATION_CONTEXT
('Context #1','3D Context with UNIT and UNCERTAINTY') );
#9684 = ( LENGTH_UNIT() NAMED_UNIT(*) SI_UNIT(.MILLI.,.METRE.) );
#9685 = ( NAMED_UNIT(*) PLANE_ANGLE_UNIT() SI_UNIT($,.RADIAN.) );
#9686 = ( NAMED_UNIT(*) SI_UNIT($,.STERADIAN.) SOLID_ANGLE_UNIT() );
#9687 = UNCERTAINTY_MEASURE_WITH_UNIT(LENGTH_MEASURE(1.E-06),#9684,
  'distance_accuracy_value','confusion accuracy');
#9688 = CONTEXT_DEPENDENT_SHAPE_REPRESENTATION(#9689,#9691);
#9689 = ( REPRESENTATION_RELATIONSHIP('','',#32,#10) 
REPRESENTATION_RELATIONSHIP_WITH_TRANSFORMATION(#9690) 
SHAPE_REPRESENTATION_RELATIONSHIP() );
#9690 = ITEM_DEFINED_TRANSFORMATION('','',#11,#15);
#9691 = PRODUCT_DEFINITION_SHAPE('Placement','Placement of an item',
  #9692);
#9692 = NEXT_ASSEMBLY_USAGE_OCCURRENCE('1','=>[0:1:1:2]','',#5,#27,$);
#9693 = PRODUCT_RELATED_PRODUCT_CATEGORY('part',$,(#29));
#9694 = MECHANICAL_DESIGN_GEOMETRIC_PRESENTATION_REPRESENTATION('',(
    #9695),#9683);
#9695 = STYLED_ITEM('color',(#9696),#33);
#9696 = PRESENTATION_STYLE_ASSIGNMENT((#9697));
#9697 = SURFACE_STYLE_USAGE(.BOTH.,#9698);
#9698 = SURFACE_SIDE_STYLE('',(#9699));
#9699 = SURFACE_STYLE_FILL_AREA(#9700);
#9700 = FILL_AREA_STYLE('',(#9701));
#9701 = FILL_AREA_STYLE_COLOUR('',#9702);
#9702 = COLOUR_RGB('',0.420000006308,0.265000004115,0.170000001676);
ENDSEC;
END-ISO-10303-21;
