ISO-10303-21;
HEADER;
FILE_DESCRIPTION(('Open CASCADE Model'),'2;1');
FILE_NAME('Open CASCADE Shape Model','2026-09-13T12:38:01',('Author'),(
    'Open CASCADE'),'Open CASCADE STEP processor 7.9','Open CASCADE 7.9'
  ,'Unknown');
FILE_SCHEMA(('AUTOMOTIVE_DESIGN { 1 0 10303 214 1 1 1 1 }'));
ENDSEC;
DATA;
#1 = APPLICATION_PROTOCOL_DEFINITION('international standard',
  'automotive_design',2000,#2);
#2 = APPLICATION_CONTEXT(
  'core data for automotive mechanical design processes');
#3 = SHAPE_DEFINITION_REPRESENTATION(#4,#10);
#4 = PRODUCT_DEFINITION_SHAPE('','',#5);
#5 = PRODUCT_DEFINITION('design','',#6,#9);
#6 = PRODUCT_DEFINITION_FORMATION('','',#7);
#7 = PRODUCT('=>[0:1:1:2]','=>[0:1:1:2]','',(#8));
#8 = PRODUCT_CONTEXT('',#2,'mechanical');
#9 = PRODUCT_DEFINITION_CONTEXT('part definition',#2,'design');
#10 = SHAPE_REPRESENTATION('',(#11,#15),#19);
#11 = AXIS2_PLACEMENT_3D('',#12,#13,#14);
#12 = CARTESIAN_POINT('',(0.,0.,0.));
#13 = DIRECTION('',(0.,0.,1.));
#14 = DIRECTION('',(1.,0.,-0.));
#15 = AXIS2_PLACEMENT_3D('',#16,#17,#18);
#16 = CARTESIAN_POINT('',(0.,0.,44.));
#17 = DIRECTION('',(0.,-1.224646799147E-16,-1.));
#18 = DIRECTION('',(1.,0.,0.));
#19 = ( GEOMETRIC_REPRESENTATION_CONTEXT(3) 
GLOBAL_UNCERTAINTY_ASSIGNED_CONTEXT((#23)) GLOBAL_UNIT_ASSIGNED_CONTEXT(
(#20,#21,#22)) REPRESENTATION_CONTEXT('Context #1',
  '3D Context with UNIT and UNCERTAINTY') );
#20 = ( LENGTH_UNIT() NAMED_UNIT(*) SI_UNIT(.MILLI.,.METRE.) );
#21 = ( NAMED_UNIT(*) PLANE_ANGLE_UNIT() SI_UNIT($,.RADIAN.) );
#22 = ( NAMED_UNIT(*) SI_UNIT($,.STERADIAN.) SOLID_ANGLE_UNIT() );
#23 = UNCERTAINTY_MEASURE_WITH_UNIT(LENGTH_MEASURE(2.E-07),#20,
  'distance_accuracy_value','confusion accuracy');
#24 = PRODUCT_RELATED_PRODUCT_CATEGORY('part',$,(#7));
#25 = SHAPE_DEFINITION_REPRESENTATION(#26,#32);
#26 = PRODUCT_DEFINITION_SHAPE('','',#27);
#27 = PRODUCT_DEFINITION('design','',#28,#31);
#28 = PRODUCT_DEFINITION_FORMATION('','',#29);
#29 = PRODUCT('Piku_cat_back','Piku_cat_back','',(#30));
#30 = PRODUCT_CONTEXT('',#2,'mechanical');
#31 = PRODUCT_DEFINITION_CONTEXT('part definition',#2,'design');
#32 = ADVANCED_BREP_SHAPE_REPRESENTATION('',(#11,#33),#8159);
#33 = MANIFOLD_SOLID_BREP('',#34);
#34 = CLOSED_SHELL('',(#35,#155,#233,#311,#3179,#4140,#4167,#4194,#4221,
    #4248,#4275,#4302,#4329,#4356,#4383,#4410,#4417,#4444,#4520,#4569,
    #4618,#4645,#4724,#4772,#4821,#4871,#4923,#4972,#5020,#5048,#5127,
    #5175,#5224,#5274,#5328,#5377,#5427,#5477,#5524,#5574,#5622,#5671,
    #5699,#5775,#5824,#5873,#5900,#5947,#5974,#6001,#6028,#6055,#6082,
    #6109,#6116,#6143,#6218,#6267,#6315,#6365,#6419,#6469,#6518,#6567,
    #6621,#6669,#6719,#6767,#6794,#6841,#6868,#6895,#6922,#6949,#6976,
    #7003,#7010,#7037,#7112,#7161,#7209,#7257,#7307,#7355,#7404,#7432,
    #7508,#7557,#7606,#7633,#7680,#7707,#7734,#7761,#7788,#7815,#7842,
    #7849,#7876,#7952,#8001,#8050,#8077,#8084,#8095,#8111,#8118,#8134,
    #8145,#8152));
#35 = ADVANCED_FACE('',(#36),#50,.T.);
#36 = FACE_BOUND('',#37,.T.);
#37 = EDGE_LOOP('',(#38,#73,#101,#129));
#38 = ORIENTED_EDGE('',*,*,#39,.T.);
#39 = EDGE_CURVE('',#40,#42,#44,.T.);
#40 = VERTEX_POINT('',#41);
#41 = CARTESIAN_POINT('',(-35.,58.999999990235,42.));
#42 = VERTEX_POINT('',#43);
#43 = CARTESIAN_POINT('',(-35.,58.999999990235,44.));
#44 = SURFACE_CURVE('',#45,(#49,#61),.PCURVE_S1.);
#45 = LINE('',#46,#47);
#46 = CARTESIAN_POINT('',(-35.,58.999999990235,42.));
#47 = VECTOR('',#48,1.);
#48 = DIRECTION('',(0.,0.,1.));
#49 = PCURVE('',#50,#55);
#50 = PLANE('',#51);
#51 = AXIS2_PLACEMENT_3D('',#52,#53,#54);
#52 = CARTESIAN_POINT('',(-35.,58.999999990235,42.));
#53 = DIRECTION('',(-1.,0.,0.));
#54 = DIRECTION('',(0.,1.,0.));
#55 = DEFINITIONAL_REPRESENTATION('',(#56),#60);
#56 = LINE('',#57,#58);
#57 = CARTESIAN_POINT('',(0.,0.));
#58 = VECTOR('',#59,1.);
#59 = DIRECTION('',(0.,-1.));
#60 = ( GEOMETRIC_REPRESENTATION_CONTEXT(2) 
PARAMETRIC_REPRESENTATION_CONTEXT() REPRESENTATION_CONTEXT('2D SPACE',''
  ) );
#61 = PCURVE('',#62,#67);
#62 = CYLINDRICAL_SURFACE('',#63,24.);
#63 = AXIS2_PLACEMENT_3D('',#64,#65,#66);
#64 = CARTESIAN_POINT('',(-11.,58.999999990235,42.));
#65 = DIRECTION('',(-0.,-0.,-1.));
#66 = DIRECTION('',(1.,0.,0.));
#67 = DEFINITIONAL_REPRESENTATION('',(#68),#72);
#68 = LINE('',#69,#70);
#69 = CARTESIAN_POINT('',(-3.14159265359,0.));
#70 = VECTOR('',#71,1.);
#71 = DIRECTION('',(-0.,-1.));
#72 = ( GEOMETRIC_REPRESENTATION_CONTEXT(2) 
PARAMETRIC_REPRESENTATION_CONTEXT() REPRESENTATION_CONTEXT('2D SPACE',''
  ) );
#73 = ORIENTED_EDGE('',*,*,#74,.T.);
#74 = EDGE_CURVE('',#42,#75,#77,.T.);
#75 = VERTEX_POINT('',#76);
#76 = CARTESIAN_POINT('',(-35.,61.000000007345,44.));
#77 = SURFACE_CURVE('',#78,(#82,#89),.PCURVE_S1.);
#78 = LINE('',#79,#80);
#79 = CARTESIAN_POINT('',(-35.,60.000000009765,44.));
#80 = VECTOR('',#81,1.);
#81 = DIRECTION('',(0.,1.,0.));
#82 = PCURVE('',#50,#83);
#83 = DEFINITIONAL_REPRESENTATION('',(#84),#88);
#84 = LINE('',#85,#86);
#85 = CARTESIAN_POINT('',(1.00000001953,-2.));
#86 = VECTOR('',#87,1.);
#87 = DIRECTION('',(1.,0.));
#88 = ( GEOMETRIC_REPRESENTATION_CONTEXT(2) 
PARAMETRIC_REPRESENTATION_CONTEXT() REPRESENTATION_CONTEXT('2D SPACE',''
  ) );
#89 = PCURVE('',#90,#95);
#90 = PLANE('',#91);
#91 = AXIS2_PLACEMENT_3D('',#92,#93,#94);
#92 = CARTESIAN_POINT('',(-2.34783876269E-08,60.000000015396,44.));
#93 = DIRECTION('',(0.,0.,1.));
#94 = DIRECTION('',(1.,0.,-0.));
#95 = DEFINITIONAL_REPRESENTATION('',(#96),#100);
#96 = LINE('',#97,#98);
#97 = CARTESIAN_POINT('',(-34.99999997652,-5.631363819703E-09));
#98 = VECTOR('',#99,1.);
#99 = DIRECTION('',(0.,1.));
#100 = ( GEOMETRIC_REPRESENTATION_CONTEXT(2) 
PARAMETRIC_REPRESENTATION_CONTEXT() REPRESENTATION_CONTEXT('2D SPACE',''
  ) );
#101 = ORIENTED_EDGE('',*,*,#102,.F.);
#102 = EDGE_CURVE('',#103,#75,#105,.T.);
#103 = VERTEX_POINT('',#104);
#104 = CARTESIAN_POINT('',(-35.,61.000000007345,42.));
#105 = SURFACE_CURVE('',#106,(#110,#117),.PCURVE_S1.);
#106 = LINE('',#107,#108);
#107 = CARTESIAN_POINT('',(-35.,61.000000007345,42.));
#108 = VECTOR('',#109,1.);
#109 = DIRECTION('',(0.,0.,1.));
#110 = PCURVE('',#50,#111);
#111 = DEFINITIONAL_REPRESENTATION('',(#112),#116);
#112 = LINE('',#113,#114);
#113 = CARTESIAN_POINT('',(2.00000001711,0.));
#114 = VECTOR('',#115,1.);
#115 = DIRECTION('',(0.,-1.));
#116 = ( GEOMETRIC_REPRESENTATION_CONTEXT(2) 
PARAMETRIC_REPRESENTATION_CONTEXT() REPRESENTATION_CONTEXT('2D SPACE',''
  ) );
#117 = PCURVE('',#118,#123);
#118 = CYLINDRICAL_SURFACE('',#119,24.);
#119 = AXIS2_PLACEMENT_3D('',#120,#121,#122);
#120 = CARTESIAN_POINT('',(-11.,61.000000007345,42.));
#121 = DIRECTION('',(-0.,-0.,-1.));
#122 = DIRECTION('',(1.,0.,0.));
#123 = DEFINITIONAL_REPRESENTATION('',(#124),#128);
#124 = LINE('',#125,#126);
#125 = CARTESIAN_POINT('',(-3.14159265359,0.));
#126 = VECTOR('',#127,1.);
#127 = DIRECTION('',(-0.,-1.));
#128 = ( GEOMETRIC_REPRESENTATION_CONTEXT(2) 
PARAMETRIC_REPRESENTATION_CONTEXT() REPRESENTATION_CONTEXT('2D SPACE',''
  ) );
#129 = ORIENTED_EDGE('',*,*,#130,.F.);
#130 = EDGE_CURVE('',#40,#103,#131,.T.);
#131 = SURFACE_CURVE('',#132,(#136,#143),.PCURVE_S1.);
#132 = LINE('',#133,#134);
#133 = CARTESIAN_POINT('',(-35.,60.000000009765,42.));
#134 = VECTOR('',#135,1.);
#135 = DIRECTION('',(0.,1.,0.));
#136 = PCURVE('',#50,#137);
#137 = DEFINITIONAL_REPRESENTATION('',(#138),#142);
#138 = LINE('',#139,#140);
#139 = CARTESIAN_POINT('',(1.00000001953,0.));
#140 = VECTOR('',#141,1.);
#141 = DIRECTION('',(1.,0.));
#142 = ( GEOMETRIC_REPRESENTATION_CONTEXT(2) 
PARAMETRIC_REPRESENTATION_CONTEXT() REPRESENTATION_CONTEXT('2D SPACE',''
  ) );
#143 = PCURVE('',#144,#149);
#144 = PLANE('',#145);
#145 = AXIS2_PLACEMENT_3D('',#146,#147,#148);
#146 = CARTESIAN_POINT('',(-2.34783876269E-08,60.000000015396,42.));
#147 = DIRECTION('',(0.,0.,1.));
#148 = DIRECTION('',(1.,0.,-0.));
#149 = DEFINITIONAL_REPRESENTATION('',(#150),#154);
#150 = LINE('',#151,#152);
#151 = CARTESIAN_POINT('',(-34.99999997652,-5.631363819703E-09));
#152 = VECTOR('',#153,1.);
#153 = DIRECTION('',(0.,1.));
#154 = ( GEOMETRIC_REPRESENTATION_CONTEXT(2) 
PARAMETRIC_REPRESENTATION_CONTEXT() REPRESENTATION_CONTEXT('2D SPACE',''
  ) );
#155 = ADVANCED_FACE('',(#156),#62,.T.);
#156 = FACE_BOUND('',#157,.F.);
#157 = EDGE_LOOP('',(#158,#159,#183,#211));
#158 = ORIENTED_EDGE('',*,*,#39,.T.);
#159 = ORIENTED_EDGE('',*,*,#160,.T.);
#160 = EDGE_CURVE('',#42,#161,#163,.T.);
#161 = VERTEX_POINT('',#162);
#162 = CARTESIAN_POINT('',(-21.90190036244,37.618967075818,44.));
#163 = SURFACE_CURVE('',#164,(#169,#176),.PCURVE_S1.);
#164 = CIRCLE('',#165,24.);
#165 = AXIS2_PLACEMENT_3D('',#166,#167,#168);
#166 = CARTESIAN_POINT('',(-11.,58.999999990235,44.));
#167 = DIRECTION('',(0.,0.,1.));
#168 = DIRECTION('',(1.,0.,0.));
#169 = PCURVE('',#62,#170);
#170 = DEFINITIONAL_REPRESENTATION('',(#171),#175);
#171 = LINE('',#172,#173);
#172 = CARTESIAN_POINT('',(-0.,-2.));
#173 = VECTOR('',#174,1.);
#174 = DIRECTION('',(-1.,0.));
#175 = ( GEOMETRIC_REPRESENTATION_CONTEXT(2) 
PARAMETRIC_REPRESENTATION_CONTEXT() REPRESENTATION_CONTEXT('2D SPACE',''
  ) );
#176 = PCURVE('',#90,#177);
#177 = DEFINITIONAL_REPRESENTATION('',(#178),#182);
#178 = CIRCLE('',#179,24.);
#179 = AXIS2_PLACEMENT_2D('',#180,#181);
#180 = CARTESIAN_POINT('',(-10.99999997652,-1.000000025161));
#181 = DIRECTION('',(1.,0.));
#182 = ( GEOMETRIC_REPRESENTATION_CONTEXT(2) 
PARAMETRIC_REPRESENTATION_CONTEXT() REPRESENTATION_CONTEXT('2D SPACE',''
  ) );
#183 = ORIENTED_EDGE('',*,*,#184,.F.);
#184 = EDGE_CURVE('',#185,#161,#187,.T.);
#185 = VERTEX_POINT('',#186);
#186 = CARTESIAN_POINT('',(-21.90190036244,37.618967075818,42.));
#187 = SURFACE_CURVE('',#188,(#192,#199),.PCURVE_S1.);
#188 = LINE('',#189,#190);
#189 = CARTESIAN_POINT('',(-21.90190036244,37.618967075818,42.));
#190 = VECTOR('',#191,1.);
#191 = DIRECTION('',(0.,0.,1.));
#192 = PCURVE('',#62,#193);
#193 = DEFINITIONAL_REPRESENTATION('',(#194),#198);
#194 = LINE('',#195,#196);
#195 = CARTESIAN_POINT('',(-4.240863476875,0.));
#196 = VECTOR('',#197,1.);
#197 = DIRECTION('',(-0.,-1.));
#198 = ( GEOMETRIC_REPRESENTATION_CONTEXT(2) 
PARAMETRIC_REPRESENTATION_CONTEXT() REPRESENTATION_CONTEXT('2D SPACE',''
  ) );
#199 = PCURVE('',#200,#205);
#200 = CYLINDRICAL_SURFACE('',#201,23.);
#201 = AXIS2_PLACEMENT_3D('',#202,#203,#204);
#202 = CARTESIAN_POINT('',(-1.5,27.000000007362,42.));
#203 = DIRECTION('',(-0.,-0.,-1.));
#204 = DIRECTION('',(1.,0.,0.));
#205 = DEFINITIONAL_REPRESENTATION('',(#206),#210);
#206 = LINE('',#207,#208);
#207 = CARTESIAN_POINT('',(-2.661688429849,0.));
#208 = VECTOR('',#209,1.);
#209 = DIRECTION('',(-0.,-1.));
#210 = ( GEOMETRIC_REPRESENTATION_CONTEXT(2) 
PARAMETRIC_REPRESENTATION_CONTEXT() REPRESENTATION_CONTEXT('2D SPACE',''
  ) );
#211 = ORIENTED_EDGE('',*,*,#212,.F.);
#212 = EDGE_CURVE('',#40,#185,#213,.T.);
#213 = SURFACE_CURVE('',#214,(#219,#226),.PCURVE_S1.);
#214 = CIRCLE('',#215,24.);
#215 = AXIS2_PLACEMENT_3D('',#216,#217,#218);
#216 = CARTESIAN_POINT('',(-11.,58.999999990235,42.));
#217 = DIRECTION('',(0.,0.,1.));
#218 = DIRECTION('',(1.,0.,0.));
#219 = PCURVE('',#62,#220);
#220 = DEFINITIONAL_REPRESENTATION('',(#221),#225);
#221 = LINE('',#222,#223);
#222 = CARTESIAN_POINT('',(-0.,0.));
#223 = VECTOR('',#224,1.);
#224 = DIRECTION('',(-1.,0.));
#225 = ( GEOMETRIC_REPRESENTATION_CONTEXT(2) 
PARAMETRIC_REPRESENTATION_CONTEXT() REPRESENTATION_CONTEXT('2D SPACE',''
  ) );
#226 = PCURVE('',#144,#227);
#227 = DEFINITIONAL_REPRESENTATION('',(#228),#232);
#228 = CIRCLE('',#229,24.);
#229 = AXIS2_PLACEMENT_2D('',#230,#231);
#230 = CARTESIAN_POINT('',(-10.99999997652,-1.000000025161));
#231 = DIRECTION('',(1.,0.));
#232 = ( GEOMETRIC_REPRESENTATION_CONTEXT(2) 
PARAMETRIC_REPRESENTATION_CONTEXT() REPRESENTATION_CONTEXT('2D SPACE',''
  ) );
#233 = ADVANCED_FACE('',(#234),#118,.T.);
#234 = FACE_BOUND('',#235,.F.);
#235 = EDGE_LOOP('',(#236,#266,#288,#289));
#236 = ORIENTED_EDGE('',*,*,#237,.T.);
#237 = EDGE_CURVE('',#238,#240,#242,.T.);
#238 = VERTEX_POINT('',#239);
#239 = CARTESIAN_POINT('',(-11.,85.000000008555,42.));
#240 = VERTEX_POINT('',#241);
#241 = CARTESIAN_POINT('',(-11.,85.000000008555,44.));
#242 = SURFACE_CURVE('',#243,(#247,#254),.PCURVE_S1.);
#243 = LINE('',#244,#245);
#244 = CARTESIAN_POINT('',(-11.,85.000000008555,42.));
#245 = VECTOR('',#246,1.);
#246 = DIRECTION('',(0.,0.,1.));
#247 = PCURVE('',#118,#248);
#248 = DEFINITIONAL_REPRESENTATION('',(#249),#253);
#249 = LINE('',#250,#251);
#250 = CARTESIAN_POINT('',(-1.570796326795,0.));
#251 = VECTOR('',#252,1.);
#252 = DIRECTION('',(-0.,-1.));
#253 = ( GEOMETRIC_REPRESENTATION_CONTEXT(2) 
PARAMETRIC_REPRESENTATION_CONTEXT() REPRESENTATION_CONTEXT('2D SPACE',''
  ) );
#254 = PCURVE('',#255,#260);
#255 = PLANE('',#256);
#256 = AXIS2_PLACEMENT_3D('',#257,#258,#259);
#257 = CARTESIAN_POINT('',(-11.,85.000000009765,42.));
#258 = DIRECTION('',(0.,1.,0.));
#259 = DIRECTION('',(1.,0.,0.));
#260 = DEFINITIONAL_REPRESENTATION('',(#261),#265);
#261 = LINE('',#262,#263);
#262 = CARTESIAN_POINT('',(0.,0.));
#263 = VECTOR('',#264,1.);
#264 = DIRECTION('',(0.,-1.));
#265 = ( GEOMETRIC_REPRESENTATION_CONTEXT(2) 
PARAMETRIC_REPRESENTATION_CONTEXT() REPRESENTATION_CONTEXT('2D SPACE',''
  ) );
#266 = ORIENTED_EDGE('',*,*,#267,.T.);
#267 = EDGE_CURVE('',#240,#75,#268,.T.);
#268 = SURFACE_CURVE('',#269,(#274,#281),.PCURVE_S1.);
#269 = CIRCLE('',#270,24.);
#270 = AXIS2_PLACEMENT_3D('',#271,#272,#273);
#271 = CARTESIAN_POINT('',(-11.,61.000000007345,44.));
#272 = DIRECTION('',(0.,0.,1.));
#273 = DIRECTION('',(1.,0.,0.));
#274 = PCURVE('',#118,#275);
#275 = DEFINITIONAL_REPRESENTATION('',(#276),#280);
#276 = LINE('',#277,#278);
#277 = CARTESIAN_POINT('',(-0.,-2.));
#278 = VECTOR('',#279,1.);
#279 = DIRECTION('',(-1.,0.));
#280 = ( GEOMETRIC_REPRESENTATION_CONTEXT(2) 
PARAMETRIC_REPRESENTATION_CONTEXT() REPRESENTATION_CONTEXT('2D SPACE',''
  ) );
#281 = PCURVE('',#90,#282);
#282 = DEFINITIONAL_REPRESENTATION('',(#283),#287);
#283 = CIRCLE('',#284,24.);
#284 = AXIS2_PLACEMENT_2D('',#285,#286);
#285 = CARTESIAN_POINT('',(-10.99999997652,0.999999991949));
#286 = DIRECTION('',(1.,0.));
#287 = ( GEOMETRIC_REPRESENTATION_CONTEXT(2) 
PARAMETRIC_REPRESENTATION_CONTEXT() REPRESENTATION_CONTEXT('2D SPACE',''
  ) );
#288 = ORIENTED_EDGE('',*,*,#102,.F.);
#289 = ORIENTED_EDGE('',*,*,#290,.F.);
#290 = EDGE_CURVE('',#238,#103,#291,.T.);
#291 = SURFACE_CURVE('',#292,(#297,#304),.PCURVE_S1.);
#292 = CIRCLE('',#293,24.);
#293 = AXIS2_PLACEMENT_3D('',#294,#295,#296);
#294 = CARTESIAN_POINT('',(-11.,61.000000007345,42.));
#295 = DIRECTION('',(0.,0.,1.));
#296 = DIRECTION('',(1.,0.,0.));
#297 = PCURVE('',#118,#298);
#298 = DEFINITIONAL_REPRESENTATION('',(#299),#303);
#299 = LINE('',#300,#301);
#300 = CARTESIAN_POINT('',(-0.,0.));
#301 = VECTOR('',#302,1.);
#302 = DIRECTION('',(-1.,0.));
#303 = ( GEOMETRIC_REPRESENTATION_CONTEXT(2) 
PARAMETRIC_REPRESENTATION_CONTEXT() REPRESENTATION_CONTEXT('2D SPACE',''
  ) );
#304 = PCURVE('',#144,#305);
#305 = DEFINITIONAL_REPRESENTATION('',(#306),#310);
#306 = CIRCLE('',#307,24.);
#307 = AXIS2_PLACEMENT_2D('',#308,#309);
#308 = CARTESIAN_POINT('',(-10.99999997652,0.999999991949));
#309 = DIRECTION('',(1.,0.));
#310 = ( GEOMETRIC_REPRESENTATION_CONTEXT(2) 
PARAMETRIC_REPRESENTATION_CONTEXT() REPRESENTATION_CONTEXT('2D SPACE',''
  ) );
#311 = ADVANCED_FACE('',(#312,#627,#658,#764,#1010,#1409,#1515,#1753,
    #1784,#2183,#2421,#2452,#2698,#2804,#3042,#3073),#144,.F.);
#312 = FACE_BOUND('',#313,.F.);
#313 = EDGE_LOOP('',(#314,#315,#316,#340,#368,#401,#429,#462,#490,#519,
    #548,#576,#605,#626));
#314 = ORIENTED_EDGE('',*,*,#130,.F.);
#315 = ORIENTED_EDGE('',*,*,#212,.T.);
#316 = ORIENTED_EDGE('',*,*,#317,.T.);
#317 = EDGE_CURVE('',#185,#318,#320,.T.);
#318 = VERTEX_POINT('',#319);
#319 = CARTESIAN_POINT('',(-24.5,27.000000007362,42.));
#320 = SURFACE_CURVE('',#321,(#326,#333),.PCURVE_S1.);
#321 = CIRCLE('',#322,23.);
#322 = AXIS2_PLACEMENT_3D('',#323,#324,#325);
#323 = CARTESIAN_POINT('',(-1.5,27.000000007362,42.));
#324 = DIRECTION('',(0.,0.,1.));
#325 = DIRECTION('',(1.,0.,0.));
#326 = PCURVE('',#144,#327);
#327 = DEFINITIONAL_REPRESENTATION('',(#328),#332);
#328 = CIRCLE('',#329,23.);
#329 = AXIS2_PLACEMENT_2D('',#330,#331);
#330 = CARTESIAN_POINT('',(-1.499999976522,-33.00000000803));
#331 = DIRECTION('',(1.,0.));
#332 = ( GEOMETRIC_REPRESENTATION_CONTEXT(2) 
PARAMETRIC_REPRESENTATION_CONTEXT() REPRESENTATION_CONTEXT('2D SPACE',''
  ) );
#333 = PCURVE('',#200,#334);
#334 = DEFINITIONAL_REPRESENTATION('',(#335),#339);
#335 = LINE('',#336,#337);
#336 = CARTESIAN_POINT('',(-0.,0.));
#337 = VECTOR('',#338,1.);
#338 = DIRECTION('',(-1.,0.));
#339 = ( GEOMETRIC_REPRESENTATION_CONTEXT(2) 
PARAMETRIC_REPRESENTATION_CONTEXT() REPRESENTATION_CONTEXT('2D SPACE',''
  ) );
#340 = ORIENTED_EDGE('',*,*,#341,.F.);
#341 = EDGE_CURVE('',#342,#318,#344,.T.);
#342 = VERTEX_POINT('',#343);
#343 = CARTESIAN_POINT('',(-24.5,24.999999990218,42.));
#344 = SURFACE_CURVE('',#345,(#349,#356),.PCURVE_S1.);
#345 = LINE('',#346,#347);
#346 = CARTESIAN_POINT('',(-24.5,26.000000009782,42.));
#347 = VECTOR('',#348,1.);
#348 = DIRECTION('',(0.,1.,0.));
#349 = PCURVE('',#144,#350);
#350 = DEFINITIONAL_REPRESENTATION('',(#351),#355);
#351 = LINE('',#352,#353);
#352 = CARTESIAN_POINT('',(-24.49999997652,-34.00000000561));
#353 = VECTOR('',#354,1.);
#354 = DIRECTION('',(0.,1.));
#355 = ( GEOMETRIC_REPRESENTATION_CONTEXT(2) 
PARAMETRIC_REPRESENTATION_CONTEXT() REPRESENTATION_CONTEXT('2D SPACE',''
  ) );
#356 = PCURVE('',#357,#362);
#357 = PLANE('',#358);
#358 = AXIS2_PLACEMENT_3D('',#359,#360,#361);
#359 = CARTESIAN_POINT('',(-24.5,24.999999990218,42.));
#360 = DIRECTION('',(-1.,0.,0.));
#361 = DIRECTION('',(0.,1.,0.));
#362 = DEFINITIONAL_REPRESENTATION('',(#363),#367);
#363 = LINE('',#364,#365);
#364 = CARTESIAN_POINT('',(1.000000019564,0.));
#365 = VECTOR('',#366,1.);
#366 = DIRECTION('',(1.,0.));
#367 = ( GEOMETRIC_REPRESENTATION_CONTEXT(2) 
PARAMETRIC_REPRESENTATION_CONTEXT() REPRESENTATION_CONTEXT('2D SPACE',''
  ) );
#368 = ORIENTED_EDGE('',*,*,#369,.F.);
#369 = EDGE_CURVE('',#370,#342,#372,.T.);
#370 = VERTEX_POINT('',#371);
#371 = CARTESIAN_POINT('',(-1.5,2.,42.));
#372 = SURFACE_CURVE('',#373,(#378,#389),.PCURVE_S1.);
#373 = CIRCLE('',#374,23.);
#374 = AXIS2_PLACEMENT_3D('',#375,#376,#377);
#375 = CARTESIAN_POINT('',(-1.5,24.999999990218,42.));
#376 = DIRECTION('',(0.,-0.,-1.));
#377 = DIRECTION('',(0.,-1.,0.));
#378 = PCURVE('',#144,#379);
#379 = DEFINITIONAL_REPRESENTATION('',(#380),#388);
#380 = ( BOUNDED_CURVE() B_SPLINE_CURVE(2,(#381,#382,#383,#384,#385,#386
,#387),.UNSPECIFIED.,.T.,.F.) B_SPLINE_CURVE_WITH_KNOTS((1,2,2,2,2,1),(
    -2.094395102393,0.,2.094395102393,4.188790204786,6.28318530718,
8.377580409573),.UNSPECIFIED.) CURVE() GEOMETRIC_REPRESENTATION_ITEM() 
RATIONAL_B_SPLINE_CURVE((1.,0.5,1.,0.5,1.,0.5,1.)) REPRESENTATION_ITEM(
  '') );
#381 = CARTESIAN_POINT('',(-1.499999976522,-58.00000002517));
#382 = CARTESIAN_POINT('',(-41.3371685506,-58.00000002517));
#383 = CARTESIAN_POINT('',(-21.41858426356,-23.50000002517));
#384 = CARTESIAN_POINT('',(-1.499999976522,10.999999974822));
#385 = CARTESIAN_POINT('',(18.41858431052,-23.50000002517));
#386 = CARTESIAN_POINT('',(38.337168597563,-58.00000002517));
#387 = CARTESIAN_POINT('',(-1.499999976522,-58.00000002517));
#388 = ( GEOMETRIC_REPRESENTATION_CONTEXT(2) 
PARAMETRIC_REPRESENTATION_CONTEXT() REPRESENTATION_CONTEXT('2D SPACE',''
  ) );
#389 = PCURVE('',#390,#395);
#390 = CYLINDRICAL_SURFACE('',#391,23.);
#391 = AXIS2_PLACEMENT_3D('',#392,#393,#394);
#392 = CARTESIAN_POINT('',(-1.5,24.999999990218,42.));
#393 = DIRECTION('',(-0.,-0.,-1.));
#394 = DIRECTION('',(1.,0.,0.));
#395 = DEFINITIONAL_REPRESENTATION('',(#396),#400);
#396 = LINE('',#397,#398);
#397 = CARTESIAN_POINT('',(-4.712388980385,0.));
#398 = VECTOR('',#399,1.);
#399 = DIRECTION('',(1.,-0.));
#400 = ( GEOMETRIC_REPRESENTATION_CONTEXT(2) 
PARAMETRIC_REPRESENTATION_CONTEXT() REPRESENTATION_CONTEXT('2D SPACE',''
  ) );
#401 = ORIENTED_EDGE('',*,*,#402,.T.);
#402 = EDGE_CURVE('',#370,#403,#405,.T.);
#403 = VERTEX_POINT('',#404);
#404 = CARTESIAN_POINT('',(1.49999999637,2.000000009782,42.));
#405 = SURFACE_CURVE('',#406,(#410,#417),.PCURVE_S1.);
#406 = LINE('',#407,#408);
#407 = CARTESIAN_POINT('',(0.,2.000000009782,42.));
#408 = VECTOR('',#409,1.);
#409 = DIRECTION('',(1.,0.,0.));
#410 = PCURVE('',#144,#411);
#411 = DEFINITIONAL_REPRESENTATION('',(#412),#416);
#412 = LINE('',#413,#414);
#413 = CARTESIAN_POINT('',(2.34783876269E-08,-58.00000000561));
#414 = VECTOR('',#415,1.);
#415 = DIRECTION('',(1.,0.));
#416 = ( GEOMETRIC_REPRESENTATION_CONTEXT(2) 
PARAMETRIC_REPRESENTATION_CONTEXT() REPRESENTATION_CONTEXT('2D SPACE',''
  ) );
#417 = PCURVE('',#418,#423);
#418 = PLANE('',#419);
#419 = AXIS2_PLACEMENT_3D('',#420,#421,#422);
#420 = CARTESIAN_POINT('',(-1.5,2.000000009782,42.));
#421 = DIRECTION('',(0.,1.,0.));
#422 = DIRECTION('',(1.,0.,0.));
#423 = DEFINITIONAL_REPRESENTATION('',(#424),#428);
#424 = LINE('',#425,#426);
#425 = CARTESIAN_POINT('',(1.5,0.));
#426 = VECTOR('',#427,1.);
#427 = DIRECTION('',(1.,0.));
#428 = ( GEOMETRIC_REPRESENTATION_CONTEXT(2) 
PARAMETRIC_REPRESENTATION_CONTEXT() REPRESENTATION_CONTEXT('2D SPACE',''
  ) );
#429 = ORIENTED_EDGE('',*,*,#430,.F.);
#430 = EDGE_CURVE('',#431,#403,#433,.T.);
#431 = VERTEX_POINT('',#432);
#432 = CARTESIAN_POINT('',(24.499999998185,25.000000009782,42.));
#433 = SURFACE_CURVE('',#434,(#439,#450),.PCURVE_S1.);
#434 = CIRCLE('',#435,23.);
#435 = AXIS2_PLACEMENT_3D('',#436,#437,#438);
#436 = CARTESIAN_POINT('',(1.49999999637,25.000000009782,42.));
#437 = DIRECTION('',(0.,0.,-1.));
#438 = DIRECTION('',(1.,-1.544658121096E-16,0.));
#439 = PCURVE('',#144,#440);
#440 = DEFINITIONAL_REPRESENTATION('',(#441),#449);
#441 = ( BOUNDED_CURVE() B_SPLINE_CURVE(2,(#442,#443,#444,#445,#446,#447
,#448),.UNSPECIFIED.,.T.,.F.) B_SPLINE_CURVE_WITH_KNOTS((1,2,2,2,2,1),(
    -2.094395102393,0.,2.094395102393,4.188790204786,6.28318530718,
8.377580409573),.UNSPECIFIED.) CURVE() GEOMETRIC_REPRESENTATION_ITEM() 
RATIONAL_B_SPLINE_CURVE((1.,0.5,1.,0.5,1.,0.5,1.)) REPRESENTATION_ITEM(
  '') );
#442 = CARTESIAN_POINT('',(24.500000019849,-35.00000000561));
#443 = CARTESIAN_POINT('',(24.500000019849,-74.83716857969));
#444 = CARTESIAN_POINT('',(-9.999999980151,-54.91858429265));
#445 = CARTESIAN_POINT('',(-44.49999998015,-35.00000000561));
#446 = CARTESIAN_POINT('',(-9.999999980151,-15.08141571857));
#447 = CARTESIAN_POINT('',(24.500000019849,4.83716856847));
#448 = CARTESIAN_POINT('',(24.500000019849,-35.00000000561));
#449 = ( GEOMETRIC_REPRESENTATION_CONTEXT(2) 
PARAMETRIC_REPRESENTATION_CONTEXT() REPRESENTATION_CONTEXT('2D SPACE',''
  ) );
#450 = PCURVE('',#451,#456);
#451 = CYLINDRICAL_SURFACE('',#452,23.);
#452 = AXIS2_PLACEMENT_3D('',#453,#454,#455);
#453 = CARTESIAN_POINT('',(1.49999999637,25.000000009782,42.));
#454 = DIRECTION('',(-0.,-0.,-1.));
#455 = DIRECTION('',(1.,0.,0.));
#456 = DEFINITIONAL_REPRESENTATION('',(#457),#461);
#457 = LINE('',#458,#459);
#458 = CARTESIAN_POINT('',(-6.28318530718,0.));
#459 = VECTOR('',#460,1.);
#460 = DIRECTION('',(1.,-0.));
#461 = ( GEOMETRIC_REPRESENTATION_CONTEXT(2) 
PARAMETRIC_REPRESENTATION_CONTEXT() REPRESENTATION_CONTEXT('2D SPACE',''
  ) );
#462 = ORIENTED_EDGE('',*,*,#463,.T.);
#463 = EDGE_CURVE('',#431,#464,#466,.T.);
#464 = VERTEX_POINT('',#465);
#465 = CARTESIAN_POINT('',(24.5,27.000000007362,42.));
#466 = SURFACE_CURVE('',#467,(#471,#478),.PCURVE_S1.);
#467 = LINE('',#468,#469);
#468 = CARTESIAN_POINT('',(24.5,26.000000009782,42.));
#469 = VECTOR('',#470,1.);
#470 = DIRECTION('',(0.,1.,0.));
#471 = PCURVE('',#144,#472);
#472 = DEFINITIONAL_REPRESENTATION('',(#473),#477);
#473 = LINE('',#474,#475);
#474 = CARTESIAN_POINT('',(24.500000023478,-34.00000000561));
#475 = VECTOR('',#476,1.);
#476 = DIRECTION('',(0.,1.));
#477 = ( GEOMETRIC_REPRESENTATION_CONTEXT(2) 
PARAMETRIC_REPRESENTATION_CONTEXT() REPRESENTATION_CONTEXT('2D SPACE',''
  ) );
#478 = PCURVE('',#479,#484);
#479 = PLANE('',#480);
#480 = AXIS2_PLACEMENT_3D('',#481,#482,#483);
#481 = CARTESIAN_POINT('',(24.5,25.000000009782,42.));
#482 = DIRECTION('',(-1.,0.,0.));
#483 = DIRECTION('',(0.,1.,0.));
#484 = DEFINITIONAL_REPRESENTATION('',(#485),#489);
#485 = LINE('',#486,#487);
#486 = CARTESIAN_POINT('',(1.,0.));
#487 = VECTOR('',#488,1.);
#488 = DIRECTION('',(1.,0.));
#489 = ( GEOMETRIC_REPRESENTATION_CONTEXT(2) 
PARAMETRIC_REPRESENTATION_CONTEXT() REPRESENTATION_CONTEXT('2D SPACE',''
  ) );
#490 = ORIENTED_EDGE('',*,*,#491,.T.);
#491 = EDGE_CURVE('',#464,#492,#494,.T.);
#492 = VERTEX_POINT('',#493);
#493 = CARTESIAN_POINT('',(21.901900337275,37.618967124172,42.));
#494 = SURFACE_CURVE('',#495,(#500,#507),.PCURVE_S1.);
#495 = CIRCLE('',#496,23.);
#496 = AXIS2_PLACEMENT_3D('',#497,#498,#499);
#497 = CARTESIAN_POINT('',(1.5,27.000000007362,42.));
#498 = DIRECTION('',(0.,0.,1.));
#499 = DIRECTION('',(1.,0.,0.));
#500 = PCURVE('',#144,#501);
#501 = DEFINITIONAL_REPRESENTATION('',(#502),#506);
#502 = CIRCLE('',#503,23.);
#503 = AXIS2_PLACEMENT_2D('',#504,#505);
#504 = CARTESIAN_POINT('',(1.500000023478,-33.00000000803));
#505 = DIRECTION('',(1.,0.));
#506 = ( GEOMETRIC_REPRESENTATION_CONTEXT(2) 
PARAMETRIC_REPRESENTATION_CONTEXT() REPRESENTATION_CONTEXT('2D SPACE',''
  ) );
#507 = PCURVE('',#508,#513);
#508 = CYLINDRICAL_SURFACE('',#509,23.);
#509 = AXIS2_PLACEMENT_3D('',#510,#511,#512);
#510 = CARTESIAN_POINT('',(1.5,27.000000007362,42.));
#511 = DIRECTION('',(-0.,-0.,-1.));
#512 = DIRECTION('',(1.,0.,0.));
#513 = DEFINITIONAL_REPRESENTATION('',(#514),#518);
#514 = LINE('',#515,#516);
#515 = CARTESIAN_POINT('',(-0.,0.));
#516 = VECTOR('',#517,1.);
#517 = DIRECTION('',(-1.,0.));
#518 = ( GEOMETRIC_REPRESENTATION_CONTEXT(2) 
PARAMETRIC_REPRESENTATION_CONTEXT() REPRESENTATION_CONTEXT('2D SPACE',''
  ) );
#519 = ORIENTED_EDGE('',*,*,#520,.T.);
#520 = EDGE_CURVE('',#492,#521,#523,.T.);
#521 = VERTEX_POINT('',#522);
#522 = CARTESIAN_POINT('',(34.999999959151,59.000000009765,42.));
#523 = SURFACE_CURVE('',#524,(#529,#536),.PCURVE_S1.);
#524 = CIRCLE('',#525,24.);
#525 = AXIS2_PLACEMENT_3D('',#526,#527,#528);
#526 = CARTESIAN_POINT('',(10.999999918302,59.000000009765,42.));
#527 = DIRECTION('',(0.,0.,1.));
#528 = DIRECTION('',(1.,0.,0.));
#529 = PCURVE('',#144,#530);
#530 = DEFINITIONAL_REPRESENTATION('',(#531),#535);
#531 = CIRCLE('',#532,24.);
#532 = AXIS2_PLACEMENT_2D('',#533,#534);
#533 = CARTESIAN_POINT('',(10.99999994178,-1.000000005631));
#534 = DIRECTION('',(1.,0.));
#535 = ( GEOMETRIC_REPRESENTATION_CONTEXT(2) 
PARAMETRIC_REPRESENTATION_CONTEXT() REPRESENTATION_CONTEXT('2D SPACE',''
  ) );
#536 = PCURVE('',#537,#542);
#537 = CYLINDRICAL_SURFACE('',#538,24.);
#538 = AXIS2_PLACEMENT_3D('',#539,#540,#541);
#539 = CARTESIAN_POINT('',(10.999999918302,59.000000009765,42.));
#540 = DIRECTION('',(-0.,-0.,-1.));
#541 = DIRECTION('',(1.,0.,0.));
#542 = DEFINITIONAL_REPRESENTATION('',(#543),#547);
#543 = LINE('',#544,#545);
#544 = CARTESIAN_POINT('',(-0.,0.));
#545 = VECTOR('',#546,1.);
#546 = DIRECTION('',(-1.,0.));
#547 = ( GEOMETRIC_REPRESENTATION_CONTEXT(2) 
PARAMETRIC_REPRESENTATION_CONTEXT() REPRESENTATION_CONTEXT('2D SPACE',''
  ) );
#548 = ORIENTED_EDGE('',*,*,#549,.T.);
#549 = EDGE_CURVE('',#521,#550,#552,.T.);
#550 = VERTEX_POINT('',#551);
#551 = CARTESIAN_POINT('',(35.,61.000000007345,42.));
#552 = SURFACE_CURVE('',#553,(#557,#564),.PCURVE_S1.);
#553 = LINE('',#554,#555);
#554 = CARTESIAN_POINT('',(35.,60.000000009765,42.));
#555 = VECTOR('',#556,1.);
#556 = DIRECTION('',(0.,1.,0.));
#557 = PCURVE('',#144,#558);
#558 = DEFINITIONAL_REPRESENTATION('',(#559),#563);
#559 = LINE('',#560,#561);
#560 = CARTESIAN_POINT('',(35.000000023478,-5.631363819703E-09));
#561 = VECTOR('',#562,1.);
#562 = DIRECTION('',(0.,1.));
#563 = ( GEOMETRIC_REPRESENTATION_CONTEXT(2) 
PARAMETRIC_REPRESENTATION_CONTEXT() REPRESENTATION_CONTEXT('2D SPACE',''
  ) );
#564 = PCURVE('',#565,#570);
#565 = PLANE('',#566);
#566 = AXIS2_PLACEMENT_3D('',#567,#568,#569);
#567 = CARTESIAN_POINT('',(35.,59.000000009765,42.));
#568 = DIRECTION('',(-1.,0.,0.));
#569 = DIRECTION('',(0.,1.,0.));
#570 = DEFINITIONAL_REPRESENTATION('',(#571),#575);
#571 = LINE('',#572,#573);
#572 = CARTESIAN_POINT('',(1.,0.));
#573 = VECTOR('',#574,1.);
#574 = DIRECTION('',(1.,0.));
#575 = ( GEOMETRIC_REPRESENTATION_CONTEXT(2) 
PARAMETRIC_REPRESENTATION_CONTEXT() REPRESENTATION_CONTEXT('2D SPACE',''
  ) );
#576 = ORIENTED_EDGE('',*,*,#577,.T.);
#577 = EDGE_CURVE('',#550,#578,#580,.T.);
#578 = VERTEX_POINT('',#579);
#579 = CARTESIAN_POINT('',(11.,85.000000008555,42.));
#580 = SURFACE_CURVE('',#581,(#586,#593),.PCURVE_S1.);
#581 = CIRCLE('',#582,24.);
#582 = AXIS2_PLACEMENT_3D('',#583,#584,#585);
#583 = CARTESIAN_POINT('',(11.,61.000000007345,42.));
#584 = DIRECTION('',(0.,0.,1.));
#585 = DIRECTION('',(1.,0.,0.));
#586 = PCURVE('',#144,#587);
#587 = DEFINITIONAL_REPRESENTATION('',(#588),#592);
#588 = CIRCLE('',#589,24.);
#589 = AXIS2_PLACEMENT_2D('',#590,#591);
#590 = CARTESIAN_POINT('',(11.000000023478,0.999999991949));
#591 = DIRECTION('',(1.,0.));
#592 = ( GEOMETRIC_REPRESENTATION_CONTEXT(2) 
PARAMETRIC_REPRESENTATION_CONTEXT() REPRESENTATION_CONTEXT('2D SPACE',''
  ) );
#593 = PCURVE('',#594,#599);
#594 = CYLINDRICAL_SURFACE('',#595,24.);
#595 = AXIS2_PLACEMENT_3D('',#596,#597,#598);
#596 = CARTESIAN_POINT('',(11.,61.000000007345,42.));
#597 = DIRECTION('',(-0.,-0.,-1.));
#598 = DIRECTION('',(1.,0.,0.));
#599 = DEFINITIONAL_REPRESENTATION('',(#600),#604);
#600 = LINE('',#601,#602);
#601 = CARTESIAN_POINT('',(-0.,0.));
#602 = VECTOR('',#603,1.);
#603 = DIRECTION('',(-1.,0.));
#604 = ( GEOMETRIC_REPRESENTATION_CONTEXT(2) 
PARAMETRIC_REPRESENTATION_CONTEXT() REPRESENTATION_CONTEXT('2D SPACE',''
  ) );
#605 = ORIENTED_EDGE('',*,*,#606,.F.);
#606 = EDGE_CURVE('',#238,#578,#607,.T.);
#607 = SURFACE_CURVE('',#608,(#612,#619),.PCURVE_S1.);
#608 = LINE('',#609,#610);
#609 = CARTESIAN_POINT('',(0.,85.000000009765,42.));
#610 = VECTOR('',#611,1.);
#611 = DIRECTION('',(1.,0.,0.));
#612 = PCURVE('',#144,#613);
#613 = DEFINITIONAL_REPRESENTATION('',(#614),#618);
#614 = LINE('',#615,#616);
#615 = CARTESIAN_POINT('',(2.34783876269E-08,24.999999994369));
#616 = VECTOR('',#617,1.);
#617 = DIRECTION('',(1.,0.));
#618 = ( GEOMETRIC_REPRESENTATION_CONTEXT(2) 
PARAMETRIC_REPRESENTATION_CONTEXT() REPRESENTATION_CONTEXT('2D SPACE',''
  ) );
#619 = PCURVE('',#255,#620);
#620 = DEFINITIONAL_REPRESENTATION('',(#621),#625);
#621 = LINE('',#622,#623);
#622 = CARTESIAN_POINT('',(11.,0.));
#623 = VECTOR('',#624,1.);
#624 = DIRECTION('',(1.,0.));
#625 = ( GEOMETRIC_REPRESENTATION_CONTEXT(2) 
PARAMETRIC_REPRESENTATION_CONTEXT() REPRESENTATION_CONTEXT('2D SPACE',''
  ) );
#626 = ORIENTED_EDGE('',*,*,#290,.T.);
#627 = FACE_BOUND('',#628,.F.);
#628 = EDGE_LOOP('',(#629));
#629 = ORIENTED_EDGE('',*,*,#630,.F.);
#630 = EDGE_CURVE('',#631,#631,#633,.T.);
#631 = VERTEX_POINT('',#632);
#632 = CARTESIAN_POINT('',(-18.3,15.,42.));
#633 = SURFACE_CURVE('',#634,(#639,#646),.PCURVE_S1.);
#634 = CIRCLE('',#635,1.2);
#635 = AXIS2_PLACEMENT_3D('',#636,#637,#638);
#636 = CARTESIAN_POINT('',(-19.5,15.,42.));
#637 = DIRECTION('',(0.,0.,1.));
#638 = DIRECTION('',(1.,0.,-0.));
#639 = PCURVE('',#144,#640);
#640 = DEFINITIONAL_REPRESENTATION('',(#641),#645);
#641 = CIRCLE('',#642,1.2);
#642 = AXIS2_PLACEMENT_2D('',#643,#644);
#643 = CARTESIAN_POINT('',(-19.49999997652,-45.00000001539));
#644 = DIRECTION('',(1.,0.));
#645 = ( GEOMETRIC_REPRESENTATION_CONTEXT(2) 
PARAMETRIC_REPRESENTATION_CONTEXT() REPRESENTATION_CONTEXT('2D SPACE',''
  ) );
#646 = PCURVE('',#647,#652);
#647 = CYLINDRICAL_SURFACE('',#648,1.2);
#648 = AXIS2_PLACEMENT_3D('',#649,#650,#651);
#649 = CARTESIAN_POINT('',(-19.5,15.,38.));
#650 = DIRECTION('',(0.,0.,1.));
#651 = DIRECTION('',(1.,0.,-0.));
#652 = DEFINITIONAL_REPRESENTATION('',(#653),#657);
#653 = LINE('',#654,#655);
#654 = CARTESIAN_POINT('',(0.,4.));
#655 = VECTOR('',#656,1.);
#656 = DIRECTION('',(1.,0.));
#657 = ( GEOMETRIC_REPRESENTATION_CONTEXT(2) 
PARAMETRIC_REPRESENTATION_CONTEXT() REPRESENTATION_CONTEXT('2D SPACE',''
  ) );
#658 = FACE_BOUND('',#659,.F.);
#659 = EDGE_LOOP('',(#660,#688,#714,#740));
#660 = ORIENTED_EDGE('',*,*,#661,.T.);
#661 = EDGE_CURVE('',#662,#664,#666,.T.);
#662 = VERTEX_POINT('',#663);
#663 = CARTESIAN_POINT('',(-12.1,13.,42.));
#664 = VERTEX_POINT('',#665);
#665 = CARTESIAN_POINT('',(-13.5,13.,42.));
#666 = SURFACE_CURVE('',#667,(#671,#677),.PCURVE_S1.);
#667 = LINE('',#668,#669);
#668 = CARTESIAN_POINT('',(-6.750000011739,13.,42.));
#669 = VECTOR('',#670,1.);
#670 = DIRECTION('',(-1.,-0.,0.));
#671 = PCURVE('',#144,#672);
#672 = DEFINITIONAL_REPRESENTATION('',(#673),#676);
#673 = B_SPLINE_CURVE_WITH_KNOTS('',1,(#674,#675),.UNSPECIFIED.,.F.,.F.,
  (2,2),(5.349999988261,6.749999988261),.PIECEWISE_BEZIER_KNOTS.);
#674 = CARTESIAN_POINT('',(-12.09999997652,-47.00000001539));
#675 = CARTESIAN_POINT('',(-13.49999997652,-47.00000001539));
#676 = ( GEOMETRIC_REPRESENTATION_CONTEXT(2) 
PARAMETRIC_REPRESENTATION_CONTEXT() REPRESENTATION_CONTEXT('2D SPACE',''
  ) );
#677 = PCURVE('',#678,#683);
#678 = PLANE('',#679);
#679 = AXIS2_PLACEMENT_3D('',#680,#681,#682);
#680 = CARTESIAN_POINT('',(-13.5,13.,41.5));
#681 = DIRECTION('',(-0.,1.,0.));
#682 = DIRECTION('',(0.,0.,1.));
#683 = DEFINITIONAL_REPRESENTATION('',(#684),#687);
#684 = B_SPLINE_CURVE_WITH_KNOTS('',1,(#685,#686),.UNSPECIFIED.,.F.,.F.,
  (2,2),(5.349999988261,6.749999988261),.PIECEWISE_BEZIER_KNOTS.);
#685 = CARTESIAN_POINT('',(0.5,1.4));
#686 = CARTESIAN_POINT('',(0.5,0.));
#687 = ( GEOMETRIC_REPRESENTATION_CONTEXT(2) 
PARAMETRIC_REPRESENTATION_CONTEXT() REPRESENTATION_CONTEXT('2D SPACE',''
  ) );
#688 = ORIENTED_EDGE('',*,*,#689,.T.);
#689 = EDGE_CURVE('',#664,#690,#692,.T.);
#690 = VERTEX_POINT('',#691);
#691 = CARTESIAN_POINT('',(-13.5,14.6,42.));
#692 = SURFACE_CURVE('',#693,(#697,#703),.PCURVE_S1.);
#693 = LINE('',#694,#695);
#694 = CARTESIAN_POINT('',(-13.5,36.500000007698,42.));
#695 = VECTOR('',#696,1.);
#696 = DIRECTION('',(-0.,1.,0.));
#697 = PCURVE('',#144,#698);
#698 = DEFINITIONAL_REPRESENTATION('',(#699),#702);
#699 = B_SPLINE_CURVE_WITH_KNOTS('',1,(#700,#701),.UNSPECIFIED.,.F.,.F.,
  (2,2),(-23.50000000769,-21.90000000769),.PIECEWISE_BEZIER_KNOTS.);
#700 = CARTESIAN_POINT('',(-13.49999997652,-47.00000001539));
#701 = CARTESIAN_POINT('',(-13.49999997652,-45.40000001539));
#702 = ( GEOMETRIC_REPRESENTATION_CONTEXT(2) 
PARAMETRIC_REPRESENTATION_CONTEXT() REPRESENTATION_CONTEXT('2D SPACE',''
  ) );
#703 = PCURVE('',#704,#709);
#704 = PLANE('',#705);
#705 = AXIS2_PLACEMENT_3D('',#706,#707,#708);
#706 = CARTESIAN_POINT('',(-13.5,13.,41.5));
#707 = DIRECTION('',(1.,0.,-0.));
#708 = DIRECTION('',(0.,0.,1.));
#709 = DEFINITIONAL_REPRESENTATION('',(#710),#713);
#710 = B_SPLINE_CURVE_WITH_KNOTS('',1,(#711,#712),.UNSPECIFIED.,.F.,.F.,
  (2,2),(-23.50000000769,-21.90000000769),.PIECEWISE_BEZIER_KNOTS.);
#711 = CARTESIAN_POINT('',(0.5,0.));
#712 = CARTESIAN_POINT('',(0.5,-1.6));
#713 = ( GEOMETRIC_REPRESENTATION_CONTEXT(2) 
PARAMETRIC_REPRESENTATION_CONTEXT() REPRESENTATION_CONTEXT('2D SPACE',''
  ) );
#714 = ORIENTED_EDGE('',*,*,#715,.F.);
#715 = EDGE_CURVE('',#716,#690,#718,.T.);
#716 = VERTEX_POINT('',#717);
#717 = CARTESIAN_POINT('',(-12.1,14.6,42.));
#718 = SURFACE_CURVE('',#719,(#723,#729),.PCURVE_S1.);
#719 = LINE('',#720,#721);
#720 = CARTESIAN_POINT('',(-6.750000011739,14.6,42.));
#721 = VECTOR('',#722,1.);
#722 = DIRECTION('',(-1.,-0.,0.));
#723 = PCURVE('',#144,#724);
#724 = DEFINITIONAL_REPRESENTATION('',(#725),#728);
#725 = B_SPLINE_CURVE_WITH_KNOTS('',1,(#726,#727),.UNSPECIFIED.,.F.,.F.,
  (2,2),(5.349999988261,6.749999988261),.PIECEWISE_BEZIER_KNOTS.);
#726 = CARTESIAN_POINT('',(-12.09999997652,-45.40000001539));
#727 = CARTESIAN_POINT('',(-13.49999997652,-45.40000001539));
#728 = ( GEOMETRIC_REPRESENTATION_CONTEXT(2) 
PARAMETRIC_REPRESENTATION_CONTEXT() REPRESENTATION_CONTEXT('2D SPACE',''
  ) );
#729 = PCURVE('',#730,#735);
#730 = PLANE('',#731);
#731 = AXIS2_PLACEMENT_3D('',#732,#733,#734);
#732 = CARTESIAN_POINT('',(-13.5,14.6,41.5));
#733 = DIRECTION('',(-0.,1.,0.));
#734 = DIRECTION('',(0.,0.,1.));
#735 = DEFINITIONAL_REPRESENTATION('',(#736),#739);
#736 = B_SPLINE_CURVE_WITH_KNOTS('',1,(#737,#738),.UNSPECIFIED.,.F.,.F.,
  (2,2),(5.349999988261,6.749999988261),.PIECEWISE_BEZIER_KNOTS.);
#737 = CARTESIAN_POINT('',(0.5,1.4));
#738 = CARTESIAN_POINT('',(0.5,0.));
#739 = ( GEOMETRIC_REPRESENTATION_CONTEXT(2) 
PARAMETRIC_REPRESENTATION_CONTEXT() REPRESENTATION_CONTEXT('2D SPACE',''
  ) );
#740 = ORIENTED_EDGE('',*,*,#741,.F.);
#741 = EDGE_CURVE('',#662,#716,#742,.T.);
#742 = SURFACE_CURVE('',#743,(#747,#753),.PCURVE_S1.);
#743 = LINE('',#744,#745);
#744 = CARTESIAN_POINT('',(-12.1,36.500000007698,42.));
#745 = VECTOR('',#746,1.);
#746 = DIRECTION('',(-0.,1.,0.));
#747 = PCURVE('',#144,#748);
#748 = DEFINITIONAL_REPRESENTATION('',(#749),#752);
#749 = B_SPLINE_CURVE_WITH_KNOTS('',1,(#750,#751),.UNSPECIFIED.,.F.,.F.,
  (2,2),(-23.50000000769,-21.90000000769),.PIECEWISE_BEZIER_KNOTS.);
#750 = CARTESIAN_POINT('',(-12.09999997652,-47.00000001539));
#751 = CARTESIAN_POINT('',(-12.09999997652,-45.40000001539));
#752 = ( GEOMETRIC_REPRESENTATION_CONTEXT(2) 
PARAMETRIC_REPRESENTATION_CONTEXT() REPRESENTATION_CONTEXT('2D SPACE',''
  ) );
#753 = PCURVE('',#754,#759);
#754 = PLANE('',#755);
#755 = AXIS2_PLACEMENT_3D('',#756,#757,#758);
#756 = CARTESIAN_POINT('',(-12.1,13.,41.5));
#757 = DIRECTION('',(1.,0.,-0.));
#758 = DIRECTION('',(0.,0.,1.));
#759 = DEFINITIONAL_REPRESENTATION('',(#760),#763);
#760 = B_SPLINE_CURVE_WITH_KNOTS('',1,(#761,#762),.UNSPECIFIED.,.F.,.F.,
  (2,2),(-23.50000000769,-21.90000000769),.PIECEWISE_BEZIER_KNOTS.);
#761 = CARTESIAN_POINT('',(0.5,0.));
#762 = CARTESIAN_POINT('',(0.5,-1.6));
#763 = ( GEOMETRIC_REPRESENTATION_CONTEXT(2) 
PARAMETRIC_REPRESENTATION_CONTEXT() REPRESENTATION_CONTEXT('2D SPACE',''
  ) );
#764 = FACE_BOUND('',#765,.F.);
#765 = EDGE_LOOP('',(#766,#801,#830,#863,#890,#923,#952,#985));
#766 = ORIENTED_EDGE('',*,*,#767,.F.);
#767 = EDGE_CURVE('',#768,#770,#772,.T.);
#768 = VERTEX_POINT('',#769);
#769 = CARTESIAN_POINT('',(16.248549963265,13.341514950741,42.));
#770 = VERTEX_POINT('',#771);
#771 = CARTESIAN_POINT('',(1.49999999637,6.200000009873,42.));
#772 = SURFACE_CURVE('',#773,(#778,#789),.PCURVE_S1.);
#773 = CIRCLE('',#774,18.8);
#774 = AXIS2_PLACEMENT_3D('',#775,#776,#777);
#775 = CARTESIAN_POINT('',(1.49999999637,25.000000009873,42.));
#776 = DIRECTION('',(0.,0.,-1.));
#777 = DIRECTION('',(-1.,0.,0.));
#778 = PCURVE('',#144,#779);
#779 = DEFINITIONAL_REPRESENTATION('',(#780),#788);
#780 = ( BOUNDED_CURVE() B_SPLINE_CURVE(2,(#781,#782,#783,#784,#785,#786
,#787),.UNSPECIFIED.,.T.,.F.) B_SPLINE_CURVE_WITH_KNOTS((1,2,2,2,2,1),(
    -2.094395102393,0.,2.094395102393,4.188790204786,6.28318530718,
8.377580409573),.UNSPECIFIED.) CURVE() GEOMETRIC_REPRESENTATION_ITEM() 
RATIONAL_B_SPLINE_CURVE((1.,0.5,1.,0.5,1.,0.5,1.)) REPRESENTATION_ITEM(
  '') );
#781 = CARTESIAN_POINT('',(-17.29999998015,-35.00000000552));
#782 = CARTESIAN_POINT('',(-17.29999998015,-2.437444823228));
#783 = CARTESIAN_POINT('',(10.900000019849,-18.71872241437));
#784 = CARTESIAN_POINT('',(39.100000019849,-35.00000000552));
#785 = CARTESIAN_POINT('',(10.900000019849,-51.28127759667));
#786 = CARTESIAN_POINT('',(-17.29999998015,-67.56255518781));
#787 = CARTESIAN_POINT('',(-17.29999998015,-35.00000000552));
#788 = ( GEOMETRIC_REPRESENTATION_CONTEXT(2) 
PARAMETRIC_REPRESENTATION_CONTEXT() REPRESENTATION_CONTEXT('2D SPACE',''
  ) );
#789 = PCURVE('',#790,#795);
#790 = CYLINDRICAL_SURFACE('',#791,18.8);
#791 = AXIS2_PLACEMENT_3D('',#792,#793,#794);
#792 = CARTESIAN_POINT('',(1.49999999637,25.000000009873,39.5));
#793 = DIRECTION('',(0.,0.,-1.));
#794 = DIRECTION('',(-1.,0.,0.));
#795 = DEFINITIONAL_REPRESENTATION('',(#796),#800);
#796 = LINE('',#797,#798);
#797 = CARTESIAN_POINT('',(0.,-2.5));
#798 = VECTOR('',#799,1.);
#799 = DIRECTION('',(1.,0.));
#800 = ( GEOMETRIC_REPRESENTATION_CONTEXT(2) 
PARAMETRIC_REPRESENTATION_CONTEXT() REPRESENTATION_CONTEXT('2D SPACE',''
  ) );
#801 = ORIENTED_EDGE('',*,*,#802,.T.);
#802 = EDGE_CURVE('',#768,#803,#805,.T.);
#803 = VERTEX_POINT('',#804);
#804 = CARTESIAN_POINT('',(17.216960274831,12.152153513038,42.));
#805 = SURFACE_CURVE('',#806,(#811,#818),.PCURVE_S1.);
#806 = CIRCLE('',#807,3.65);
#807 = AXIS2_PLACEMENT_3D('',#808,#809,#810);
#808 = CARTESIAN_POINT('',(19.5,15.,42.));
#809 = DIRECTION('',(0.,0.,1.));
#810 = DIRECTION('',(1.,0.,-0.));
#811 = PCURVE('',#144,#812);
#812 = DEFINITIONAL_REPRESENTATION('',(#813),#817);
#813 = CIRCLE('',#814,3.65);
#814 = AXIS2_PLACEMENT_2D('',#815,#816);
#815 = CARTESIAN_POINT('',(19.500000023478,-45.00000001539));
#816 = DIRECTION('',(1.,0.));
#817 = ( GEOMETRIC_REPRESENTATION_CONTEXT(2) 
PARAMETRIC_REPRESENTATION_CONTEXT() REPRESENTATION_CONTEXT('2D SPACE',''
  ) );
#818 = PCURVE('',#819,#824);
#819 = CYLINDRICAL_SURFACE('',#820,3.65);
#820 = AXIS2_PLACEMENT_3D('',#821,#822,#823);
#821 = CARTESIAN_POINT('',(19.5,15.,39.));
#822 = DIRECTION('',(0.,0.,1.));
#823 = DIRECTION('',(1.,0.,-0.));
#824 = DEFINITIONAL_REPRESENTATION('',(#825),#829);
#825 = LINE('',#826,#827);
#826 = CARTESIAN_POINT('',(0.,3.));
#827 = VECTOR('',#828,1.);
#828 = DIRECTION('',(1.,0.));
#829 = ( GEOMETRIC_REPRESENTATION_CONTEXT(2) 
PARAMETRIC_REPRESENTATION_CONTEXT() REPRESENTATION_CONTEXT('2D SPACE',''
  ) );
#830 = ORIENTED_EDGE('',*,*,#831,.T.);
#831 = EDGE_CURVE('',#803,#832,#834,.T.);
#832 = VERTEX_POINT('',#833);
#833 = CARTESIAN_POINT('',(1.49999999637,4.700000009836,42.));
#834 = SURFACE_CURVE('',#835,(#840,#851),.PCURVE_S1.);
#835 = CIRCLE('',#836,20.3);
#836 = AXIS2_PLACEMENT_3D('',#837,#838,#839);
#837 = CARTESIAN_POINT('',(1.49999999637,25.000000009836,42.));
#838 = DIRECTION('',(0.,0.,-1.));
#839 = DIRECTION('',(1.,0.,0.));
#840 = PCURVE('',#144,#841);
#841 = DEFINITIONAL_REPRESENTATION('',(#842),#850);
#842 = ( BOUNDED_CURVE() B_SPLINE_CURVE(2,(#843,#844,#845,#846,#847,#848
,#849),.UNSPECIFIED.,.T.,.F.) B_SPLINE_CURVE_WITH_KNOTS((1,2,2,2,2,1),(
    -2.094395102393,0.,2.094395102393,4.188790204786,6.28318530718,
8.377580409573),.UNSPECIFIED.) CURVE() GEOMETRIC_REPRESENTATION_ITEM() 
RATIONAL_B_SPLINE_CURVE((1.,0.5,1.,0.5,1.,0.5,1.)) REPRESENTATION_ITEM(
  '') );
#843 = CARTESIAN_POINT('',(21.800000019849,-35.00000000556));
#844 = CARTESIAN_POINT('',(21.800000019849,-70.1606313992));
#845 = CARTESIAN_POINT('',(-8.649999980151,-52.58031570238));
#846 = CARTESIAN_POINT('',(-39.09999998015,-35.00000000556));
#847 = CARTESIAN_POINT('',(-8.649999980151,-17.41968430873));
#848 = CARTESIAN_POINT('',(21.800000019849,0.160631388088));
#849 = CARTESIAN_POINT('',(21.800000019849,-35.00000000556));
#850 = ( GEOMETRIC_REPRESENTATION_CONTEXT(2) 
PARAMETRIC_REPRESENTATION_CONTEXT() REPRESENTATION_CONTEXT('2D SPACE',''
  ) );
#851 = PCURVE('',#852,#857);
#852 = CYLINDRICAL_SURFACE('',#853,20.3);
#853 = AXIS2_PLACEMENT_3D('',#854,#855,#856);
#854 = CARTESIAN_POINT('',(1.49999999637,25.000000009836,39.5));
#855 = DIRECTION('',(-0.,-0.,-1.));
#856 = DIRECTION('',(1.,0.,0.));
#857 = DEFINITIONAL_REPRESENTATION('',(#858),#862);
#858 = LINE('',#859,#860);
#859 = CARTESIAN_POINT('',(-6.28318530718,-2.5));
#860 = VECTOR('',#861,1.);
#861 = DIRECTION('',(1.,-0.));
#862 = ( GEOMETRIC_REPRESENTATION_CONTEXT(2) 
PARAMETRIC_REPRESENTATION_CONTEXT() REPRESENTATION_CONTEXT('2D SPACE',''
  ) );
#863 = ORIENTED_EDGE('',*,*,#864,.T.);
#864 = EDGE_CURVE('',#832,#865,#867,.T.);
#865 = VERTEX_POINT('',#866);
#866 = CARTESIAN_POINT('',(-1.5,4.7,42.));
#867 = SURFACE_CURVE('',#868,(#872,#879),.PCURVE_S1.);
#868 = LINE('',#869,#870);
#869 = CARTESIAN_POINT('',(-0.750000011739,4.700000009836,42.));
#870 = VECTOR('',#871,1.);
#871 = DIRECTION('',(-1.,0.,0.));
#872 = PCURVE('',#144,#873);
#873 = DEFINITIONAL_REPRESENTATION('',(#874),#878);
#874 = LINE('',#875,#876);
#875 = CARTESIAN_POINT('',(-0.749999988261,-55.30000000556));
#876 = VECTOR('',#877,1.);
#877 = DIRECTION('',(-1.,0.));
#878 = ( GEOMETRIC_REPRESENTATION_CONTEXT(2) 
PARAMETRIC_REPRESENTATION_CONTEXT() REPRESENTATION_CONTEXT('2D SPACE',''
  ) );
#879 = PCURVE('',#880,#885);
#880 = PLANE('',#881);
#881 = AXIS2_PLACEMENT_3D('',#882,#883,#884);
#882 = CARTESIAN_POINT('',(-1.5,4.700000009836,39.5));
#883 = DIRECTION('',(0.,1.,0.));
#884 = DIRECTION('',(1.,0.,0.));
#885 = DEFINITIONAL_REPRESENTATION('',(#886),#889);
#886 = B_SPLINE_CURVE_WITH_KNOTS('',1,(#887,#888),.UNSPECIFIED.,.F.,.F.,
  (2,2),(-2.25000000811,0.749999988261),.PIECEWISE_BEZIER_KNOTS.);
#887 = CARTESIAN_POINT('',(2.99999999637,-2.5));
#888 = CARTESIAN_POINT('',(-3.552713678801E-15,-2.5));
#889 = ( GEOMETRIC_REPRESENTATION_CONTEXT(2) 
PARAMETRIC_REPRESENTATION_CONTEXT() REPRESENTATION_CONTEXT('2D SPACE',''
  ) );
#890 = ORIENTED_EDGE('',*,*,#891,.T.);
#891 = EDGE_CURVE('',#865,#892,#894,.T.);
#892 = VERTEX_POINT('',#893);
#893 = CARTESIAN_POINT('',(-17.21696028673,12.152153503492,42.));
#894 = SURFACE_CURVE('',#895,(#900,#911),.PCURVE_S1.);
#895 = CIRCLE('',#896,20.3);
#896 = AXIS2_PLACEMENT_3D('',#897,#898,#899);
#897 = CARTESIAN_POINT('',(-1.5,24.999999990164,42.));
#898 = DIRECTION('',(0.,0.,-1.));
#899 = DIRECTION('',(1.,0.,0.));
#900 = PCURVE('',#144,#901);
#901 = DEFINITIONAL_REPRESENTATION('',(#902),#910);
#902 = ( BOUNDED_CURVE() B_SPLINE_CURVE(2,(#903,#904,#905,#906,#907,#908
,#909),.UNSPECIFIED.,.T.,.F.) B_SPLINE_CURVE_WITH_KNOTS((1,2,2,2,2,1),(
    -2.094395102393,0.,2.094395102393,4.188790204786,6.28318530718,
8.377580409573),.UNSPECIFIED.) CURVE() GEOMETRIC_REPRESENTATION_ITEM() 
RATIONAL_B_SPLINE_CURVE((1.,0.5,1.,0.5,1.,0.5,1.)) REPRESENTATION_ITEM(
  '') );
#903 = CARTESIAN_POINT('',(18.800000023478,-35.00000002523));
#904 = CARTESIAN_POINT('',(18.800000023478,-70.16063141888));
#905 = CARTESIAN_POINT('',(-11.64999997652,-52.58031572205));
#906 = CARTESIAN_POINT('',(-42.09999997652,-35.00000002523));
#907 = CARTESIAN_POINT('',(-11.64999997652,-17.4196843284));
#908 = CARTESIAN_POINT('',(18.800000023478,0.160631368416));
#909 = CARTESIAN_POINT('',(18.800000023478,-35.00000002523));
#910 = ( GEOMETRIC_REPRESENTATION_CONTEXT(2) 
PARAMETRIC_REPRESENTATION_CONTEXT() REPRESENTATION_CONTEXT('2D SPACE',''
  ) );
#911 = PCURVE('',#912,#917);
#912 = CYLINDRICAL_SURFACE('',#913,20.3);
#913 = AXIS2_PLACEMENT_3D('',#914,#915,#916);
#914 = CARTESIAN_POINT('',(-1.5,24.999999990164,39.5));
#915 = DIRECTION('',(-0.,-0.,-1.));
#916 = DIRECTION('',(1.,0.,0.));
#917 = DEFINITIONAL_REPRESENTATION('',(#918),#922);
#918 = LINE('',#919,#920);
#919 = CARTESIAN_POINT('',(-6.28318530718,-2.5));
#920 = VECTOR('',#921,1.);
#921 = DIRECTION('',(1.,-0.));
#922 = ( GEOMETRIC_REPRESENTATION_CONTEXT(2) 
PARAMETRIC_REPRESENTATION_CONTEXT() REPRESENTATION_CONTEXT('2D SPACE',''
  ) );
#923 = ORIENTED_EDGE('',*,*,#924,.T.);
#924 = EDGE_CURVE('',#892,#925,#927,.T.);
#925 = VERTEX_POINT('',#926);
#926 = CARTESIAN_POINT('',(-16.24854997081,13.341514935948,42.));
#927 = SURFACE_CURVE('',#928,(#933,#940),.PCURVE_S1.);
#928 = CIRCLE('',#929,3.65);
#929 = AXIS2_PLACEMENT_3D('',#930,#931,#932);
#930 = CARTESIAN_POINT('',(-19.5,15.,42.));
#931 = DIRECTION('',(0.,0.,1.));
#932 = DIRECTION('',(1.,0.,-0.));
#933 = PCURVE('',#144,#934);
#934 = DEFINITIONAL_REPRESENTATION('',(#935),#939);
#935 = CIRCLE('',#936,3.65);
#936 = AXIS2_PLACEMENT_2D('',#937,#938);
#937 = CARTESIAN_POINT('',(-19.49999997652,-45.00000001539));
#938 = DIRECTION('',(1.,0.));
#939 = ( GEOMETRIC_REPRESENTATION_CONTEXT(2) 
PARAMETRIC_REPRESENTATION_CONTEXT() REPRESENTATION_CONTEXT('2D SPACE',''
  ) );
#940 = PCURVE('',#941,#946);
#941 = CYLINDRICAL_SURFACE('',#942,3.65);
#942 = AXIS2_PLACEMENT_3D('',#943,#944,#945);
#943 = CARTESIAN_POINT('',(-19.5,15.,39.));
#944 = DIRECTION('',(0.,0.,1.));
#945 = DIRECTION('',(1.,0.,-0.));
#946 = DEFINITIONAL_REPRESENTATION('',(#947),#951);
#947 = LINE('',#948,#949);
#948 = CARTESIAN_POINT('',(0.,3.));
#949 = VECTOR('',#950,1.);
#950 = DIRECTION('',(1.,0.));
#951 = ( GEOMETRIC_REPRESENTATION_CONTEXT(2) 
PARAMETRIC_REPRESENTATION_CONTEXT() REPRESENTATION_CONTEXT('2D SPACE',''
  ) );
#952 = ORIENTED_EDGE('',*,*,#953,.F.);
#953 = EDGE_CURVE('',#954,#925,#956,.T.);
#954 = VERTEX_POINT('',#955);
#955 = CARTESIAN_POINT('',(-1.5,6.2,42.));
#956 = SURFACE_CURVE('',#957,(#962,#973),.PCURVE_S1.);
#957 = CIRCLE('',#958,18.8);
#958 = AXIS2_PLACEMENT_3D('',#959,#960,#961);
#959 = CARTESIAN_POINT('',(-1.5,24.999999990127,42.));
#960 = DIRECTION('',(0.,0.,-1.));
#961 = DIRECTION('',(-1.,0.,0.));
#962 = PCURVE('',#144,#963);
#963 = DEFINITIONAL_REPRESENTATION('',(#964),#972);
#964 = ( BOUNDED_CURVE() B_SPLINE_CURVE(2,(#965,#966,#967,#968,#969,#970
,#971),.UNSPECIFIED.,.T.,.F.) B_SPLINE_CURVE_WITH_KNOTS((1,2,2,2,2,1),(
    -2.094395102393,0.,2.094395102393,4.188790204786,6.28318530718,
8.377580409573),.UNSPECIFIED.) CURVE() GEOMETRIC_REPRESENTATION_ITEM() 
RATIONAL_B_SPLINE_CURVE((1.,0.5,1.,0.5,1.,0.5,1.)) REPRESENTATION_ITEM(
  '') );
#965 = CARTESIAN_POINT('',(-20.29999997652,-35.00000002526));
#966 = CARTESIAN_POINT('',(-20.29999997652,-2.437444842975));
#967 = CARTESIAN_POINT('',(7.900000023478,-18.71872243412));
#968 = CARTESIAN_POINT('',(36.100000023478,-35.00000002526));
#969 = CARTESIAN_POINT('',(7.900000023478,-51.28127761641));
#970 = CARTESIAN_POINT('',(-20.29999997652,-67.56255520756));
#971 = CARTESIAN_POINT('',(-20.29999997652,-35.00000002526));
#972 = ( GEOMETRIC_REPRESENTATION_CONTEXT(2) 
PARAMETRIC_REPRESENTATION_CONTEXT() REPRESENTATION_CONTEXT('2D SPACE',''
  ) );
#973 = PCURVE('',#974,#979);
#974 = CYLINDRICAL_SURFACE('',#975,18.8);
#975 = AXIS2_PLACEMENT_3D('',#976,#977,#978);
#976 = CARTESIAN_POINT('',(-1.5,24.999999990127,39.5));
#977 = DIRECTION('',(0.,0.,-1.));
#978 = DIRECTION('',(-1.,0.,0.));
#979 = DEFINITIONAL_REPRESENTATION('',(#980),#984);
#980 = LINE('',#981,#982);
#981 = CARTESIAN_POINT('',(0.,-2.5));
#982 = VECTOR('',#983,1.);
#983 = DIRECTION('',(1.,0.));
#984 = ( GEOMETRIC_REPRESENTATION_CONTEXT(2) 
PARAMETRIC_REPRESENTATION_CONTEXT() REPRESENTATION_CONTEXT('2D SPACE',''
  ) );
#985 = ORIENTED_EDGE('',*,*,#986,.F.);
#986 = EDGE_CURVE('',#770,#954,#987,.T.);
#987 = SURFACE_CURVE('',#988,(#992,#999),.PCURVE_S1.);
#988 = LINE('',#989,#990);
#989 = CARTESIAN_POINT('',(-0.750000011739,6.200000009873,42.));
#990 = VECTOR('',#991,1.);
#991 = DIRECTION('',(-1.,0.,0.));
#992 = PCURVE('',#144,#993);
#993 = DEFINITIONAL_REPRESENTATION('',(#994),#998);
#994 = LINE('',#995,#996);
#995 = CARTESIAN_POINT('',(-0.749999988261,-53.80000000552));
#996 = VECTOR('',#997,1.);
#997 = DIRECTION('',(-1.,0.));
#998 = ( GEOMETRIC_REPRESENTATION_CONTEXT(2) 
PARAMETRIC_REPRESENTATION_CONTEXT() REPRESENTATION_CONTEXT('2D SPACE',''
  ) );
#999 = PCURVE('',#1000,#1005);
#1000 = PLANE('',#1001);
#1001 = AXIS2_PLACEMENT_3D('',#1002,#1003,#1004);
#1002 = CARTESIAN_POINT('',(-1.5,6.200000009873,39.5));
#1003 = DIRECTION('',(0.,1.,0.));
#1004 = DIRECTION('',(1.,0.,0.));
#1005 = DEFINITIONAL_REPRESENTATION('',(#1006),#1009);
#1006 = B_SPLINE_CURVE_WITH_KNOTS('',1,(#1007,#1008),.UNSPECIFIED.,.F.,
  .F.,(2,2),(-2.25000000811,0.749999988261),.PIECEWISE_BEZIER_KNOTS.);
#1007 = CARTESIAN_POINT('',(2.99999999637,-2.5));
#1008 = CARTESIAN_POINT('',(0.,-2.5));
#1009 = ( GEOMETRIC_REPRESENTATION_CONTEXT(2) 
PARAMETRIC_REPRESENTATION_CONTEXT() REPRESENTATION_CONTEXT('2D SPACE',''
  ) );
#1010 = FACE_BOUND('',#1011,.F.);
#1011 = EDGE_LOOP('',(#1012,#1047,#1076,#1109,#1136,#1169,#1202,#1229,
    #1262,#1291,#1318,#1351,#1384));
#1012 = ORIENTED_EDGE('',*,*,#1013,.F.);
#1013 = EDGE_CURVE('',#1014,#1016,#1018,.T.);
#1014 = VERTEX_POINT('',#1015);
#1015 = CARTESIAN_POINT('',(-19.19040050761,18.636845907419,42.));
#1016 = VERTEX_POINT('',#1017);
#1017 = CARTESIAN_POINT('',(-20.3,24.999999990127,42.));
#1018 = SURFACE_CURVE('',#1019,(#1024,#1035),.PCURVE_S1.);
#1019 = CIRCLE('',#1020,18.8);
#1020 = AXIS2_PLACEMENT_3D('',#1021,#1022,#1023);
#1021 = CARTESIAN_POINT('',(-1.5,24.999999990127,42.));
#1022 = DIRECTION('',(0.,0.,-1.));
#1023 = DIRECTION('',(-1.,0.,0.));
#1024 = PCURVE('',#144,#1025);
#1025 = DEFINITIONAL_REPRESENTATION('',(#1026),#1034);
#1026 = ( BOUNDED_CURVE() B_SPLINE_CURVE(2,(#1027,#1028,#1029,#1030,
#1031,#1032,#1033),.UNSPECIFIED.,.T.,.F.) B_SPLINE_CURVE_WITH_KNOTS((1,2
    ,2,2,2,1),(-2.094395102393,0.,2.094395102393,4.188790204786,
6.28318530718,8.377580409573),.UNSPECIFIED.) CURVE() 
GEOMETRIC_REPRESENTATION_ITEM() RATIONAL_B_SPLINE_CURVE((1.,0.5,1.,0.5,
1.,0.5,1.)) REPRESENTATION_ITEM('') );
#1027 = CARTESIAN_POINT('',(-20.29999997652,-35.00000002526));
#1028 = CARTESIAN_POINT('',(-20.29999997652,-2.437444842975));
#1029 = CARTESIAN_POINT('',(7.900000023478,-18.71872243412));
#1030 = CARTESIAN_POINT('',(36.100000023478,-35.00000002526));
#1031 = CARTESIAN_POINT('',(7.900000023478,-51.28127761641));
#1032 = CARTESIAN_POINT('',(-20.29999997652,-67.56255520756));
#1033 = CARTESIAN_POINT('',(-20.29999997652,-35.00000002526));
#1034 = ( GEOMETRIC_REPRESENTATION_CONTEXT(2) 
PARAMETRIC_REPRESENTATION_CONTEXT() REPRESENTATION_CONTEXT('2D SPACE',''
  ) );
#1035 = PCURVE('',#1036,#1041);
#1036 = CYLINDRICAL_SURFACE('',#1037,18.8);
#1037 = AXIS2_PLACEMENT_3D('',#1038,#1039,#1040);
#1038 = CARTESIAN_POINT('',(-1.5,24.999999990127,39.5));
#1039 = DIRECTION('',(0.,0.,-1.));
#1040 = DIRECTION('',(-1.,0.,0.));
#1041 = DEFINITIONAL_REPRESENTATION('',(#1042),#1046);
#1042 = LINE('',#1043,#1044);
#1043 = CARTESIAN_POINT('',(0.,-2.5));
#1044 = VECTOR('',#1045,1.);
#1045 = DIRECTION('',(1.,0.));
#1046 = ( GEOMETRIC_REPRESENTATION_CONTEXT(2) 
PARAMETRIC_REPRESENTATION_CONTEXT() REPRESENTATION_CONTEXT('2D SPACE',''
  ) );
#1047 = ORIENTED_EDGE('',*,*,#1048,.T.);
#1048 = EDGE_CURVE('',#1014,#1049,#1051,.T.);
#1049 = VERTEX_POINT('',#1050);
#1050 = CARTESIAN_POINT('',(-20.71184868338,18.442952623634,42.));
#1051 = SURFACE_CURVE('',#1052,(#1057,#1064),.PCURVE_S1.);
#1052 = CIRCLE('',#1053,3.65);
#1053 = AXIS2_PLACEMENT_3D('',#1054,#1055,#1056);
#1054 = CARTESIAN_POINT('',(-19.5,15.,42.));
#1055 = DIRECTION('',(0.,0.,1.));
#1056 = DIRECTION('',(1.,0.,-0.));
#1057 = PCURVE('',#144,#1058);
#1058 = DEFINITIONAL_REPRESENTATION('',(#1059),#1063);
#1059 = CIRCLE('',#1060,3.65);
#1060 = AXIS2_PLACEMENT_2D('',#1061,#1062);
#1061 = CARTESIAN_POINT('',(-19.49999997652,-45.00000001539));
#1062 = DIRECTION('',(1.,0.));
#1063 = ( GEOMETRIC_REPRESENTATION_CONTEXT(2) 
PARAMETRIC_REPRESENTATION_CONTEXT() REPRESENTATION_CONTEXT('2D SPACE',''
  ) );
#1064 = PCURVE('',#1065,#1070);
#1065 = CYLINDRICAL_SURFACE('',#1066,3.65);
#1066 = AXIS2_PLACEMENT_3D('',#1067,#1068,#1069);
#1067 = CARTESIAN_POINT('',(-19.5,15.,39.));
#1068 = DIRECTION('',(0.,0.,1.));
#1069 = DIRECTION('',(1.,0.,-0.));
#1070 = DEFINITIONAL_REPRESENTATION('',(#1071),#1075);
#1071 = LINE('',#1072,#1073);
#1072 = CARTESIAN_POINT('',(0.,3.));
#1073 = VECTOR('',#1074,1.);
#1074 = DIRECTION('',(1.,0.));
#1075 = ( GEOMETRIC_REPRESENTATION_CONTEXT(2) 
PARAMETRIC_REPRESENTATION_CONTEXT() REPRESENTATION_CONTEXT('2D SPACE',''
  ) );
#1076 = ORIENTED_EDGE('',*,*,#1077,.T.);
#1077 = EDGE_CURVE('',#1049,#1078,#1080,.T.);
#1078 = VERTEX_POINT('',#1079);
#1079 = CARTESIAN_POINT('',(-21.8,24.999999990164,42.));
#1080 = SURFACE_CURVE('',#1081,(#1086,#1097),.PCURVE_S1.);
#1081 = CIRCLE('',#1082,20.3);
#1082 = AXIS2_PLACEMENT_3D('',#1083,#1084,#1085);
#1083 = CARTESIAN_POINT('',(-1.5,24.999999990164,42.));
#1084 = DIRECTION('',(0.,0.,-1.));
#1085 = DIRECTION('',(1.,0.,0.));
#1086 = PCURVE('',#144,#1087);
#1087 = DEFINITIONAL_REPRESENTATION('',(#1088),#1096);
#1088 = ( BOUNDED_CURVE() B_SPLINE_CURVE(2,(#1089,#1090,#1091,#1092,
#1093,#1094,#1095),.UNSPECIFIED.,.T.,.F.) B_SPLINE_CURVE_WITH_KNOTS((1,2
    ,2,2,2,1),(-2.094395102393,0.,2.094395102393,4.188790204786,
6.28318530718,8.377580409573),.UNSPECIFIED.) CURVE() 
GEOMETRIC_REPRESENTATION_ITEM() RATIONAL_B_SPLINE_CURVE((1.,0.5,1.,0.5,
1.,0.5,1.)) REPRESENTATION_ITEM('') );
#1089 = CARTESIAN_POINT('',(18.800000023478,-35.00000002523));
#1090 = CARTESIAN_POINT('',(18.800000023478,-70.16063141888));
#1091 = CARTESIAN_POINT('',(-11.64999997652,-52.58031572205));
#1092 = CARTESIAN_POINT('',(-42.09999997652,-35.00000002523));
#1093 = CARTESIAN_POINT('',(-11.64999997652,-17.4196843284));
#1094 = CARTESIAN_POINT('',(18.800000023478,0.160631368416));
#1095 = CARTESIAN_POINT('',(18.800000023478,-35.00000002523));
#1096 = ( GEOMETRIC_REPRESENTATION_CONTEXT(2) 
PARAMETRIC_REPRESENTATION_CONTEXT() REPRESENTATION_CONTEXT('2D SPACE',''
  ) );
#1097 = PCURVE('',#1098,#1103);
#1098 = CYLINDRICAL_SURFACE('',#1099,20.3);
#1099 = AXIS2_PLACEMENT_3D('',#1100,#1101,#1102);
#1100 = CARTESIAN_POINT('',(-1.5,24.999999990164,39.5));
#1101 = DIRECTION('',(-0.,-0.,-1.));
#1102 = DIRECTION('',(1.,0.,0.));
#1103 = DEFINITIONAL_REPRESENTATION('',(#1104),#1108);
#1104 = LINE('',#1105,#1106);
#1105 = CARTESIAN_POINT('',(-6.28318530718,-2.5));
#1106 = VECTOR('',#1107,1.);
#1107 = DIRECTION('',(1.,-0.));
#1108 = ( GEOMETRIC_REPRESENTATION_CONTEXT(2) 
PARAMETRIC_REPRESENTATION_CONTEXT() REPRESENTATION_CONTEXT('2D SPACE',''
  ) );
#1109 = ORIENTED_EDGE('',*,*,#1110,.F.);
#1110 = EDGE_CURVE('',#1111,#1078,#1113,.T.);
#1111 = VERTEX_POINT('',#1112);
#1112 = CARTESIAN_POINT('',(-21.8,27.000000007416,42.));
#1113 = SURFACE_CURVE('',#1114,(#1118,#1125),.PCURVE_S1.);
#1114 = LINE('',#1115,#1116);
#1115 = CARTESIAN_POINT('',(-21.8,42.50000000278,42.));
#1116 = VECTOR('',#1117,1.);
#1117 = DIRECTION('',(0.,-1.,0.));
#1118 = PCURVE('',#144,#1119);
#1119 = DEFINITIONAL_REPRESENTATION('',(#1120),#1124);
#1120 = LINE('',#1121,#1122);
#1121 = CARTESIAN_POINT('',(-21.79999997652,-17.50000001261));
#1122 = VECTOR('',#1123,1.);
#1123 = DIRECTION('',(0.,-1.));
#1124 = ( GEOMETRIC_REPRESENTATION_CONTEXT(2) 
PARAMETRIC_REPRESENTATION_CONTEXT() REPRESENTATION_CONTEXT('2D SPACE',''
  ) );
#1125 = PCURVE('',#1126,#1131);
#1126 = PLANE('',#1127);
#1127 = AXIS2_PLACEMENT_3D('',#1128,#1129,#1130);
#1128 = CARTESIAN_POINT('',(-21.8,24.999999990164,39.5));
#1129 = DIRECTION('',(-1.,0.,0.));
#1130 = DIRECTION('',(0.,1.,0.));
#1131 = DEFINITIONAL_REPRESENTATION('',(#1132),#1135);
#1132 = B_SPLINE_CURVE_WITH_KNOTS('',1,(#1133,#1134),.UNSPECIFIED.,.F.,
  .F.,(2,2),(15.499999995364,17.500000012616),.PIECEWISE_BEZIER_KNOTS.);
#1133 = CARTESIAN_POINT('',(2.000000017253,-2.5));
#1134 = CARTESIAN_POINT('',(0.,-2.5));
#1135 = ( GEOMETRIC_REPRESENTATION_CONTEXT(2) 
PARAMETRIC_REPRESENTATION_CONTEXT() REPRESENTATION_CONTEXT('2D SPACE',''
  ) );
#1136 = ORIENTED_EDGE('',*,*,#1137,.T.);
#1137 = EDGE_CURVE('',#1111,#1138,#1140,.T.);
#1138 = VERTEX_POINT('',#1139);
#1139 = CARTESIAN_POINT('',(-17.9668079211,38.871572645,42.));
#1140 = SURFACE_CURVE('',#1141,(#1146,#1157),.PCURVE_S1.);
#1141 = CIRCLE('',#1142,20.3);
#1142 = AXIS2_PLACEMENT_3D('',#1143,#1144,#1145);
#1143 = CARTESIAN_POINT('',(-1.5,27.000000007416,42.));
#1144 = DIRECTION('',(0.,0.,-1.));
#1145 = DIRECTION('',(1.,0.,0.));
#1146 = PCURVE('',#144,#1147);
#1147 = DEFINITIONAL_REPRESENTATION('',(#1148),#1156);
#1148 = ( BOUNDED_CURVE() B_SPLINE_CURVE(2,(#1149,#1150,#1151,#1152,
#1153,#1154,#1155),.UNSPECIFIED.,.T.,.F.) B_SPLINE_CURVE_WITH_KNOTS((1,2
    ,2,2,2,1),(-2.094395102393,0.,2.094395102393,4.188790204786,
6.28318530718,8.377580409573),.UNSPECIFIED.) CURVE() 
GEOMETRIC_REPRESENTATION_ITEM() RATIONAL_B_SPLINE_CURVE((1.,0.5,1.,0.5,
1.,0.5,1.)) REPRESENTATION_ITEM('') );
#1149 = CARTESIAN_POINT('',(18.800000023478,-33.00000000798));
#1150 = CARTESIAN_POINT('',(18.800000023478,-68.16063140162));
#1151 = CARTESIAN_POINT('',(-11.64999997652,-50.5803157048));
#1152 = CARTESIAN_POINT('',(-42.09999997652,-33.00000000798));
#1153 = CARTESIAN_POINT('',(-11.64999997652,-15.41968431115));
#1154 = CARTESIAN_POINT('',(18.800000023478,2.160631385668));
#1155 = CARTESIAN_POINT('',(18.800000023478,-33.00000000798));
#1156 = ( GEOMETRIC_REPRESENTATION_CONTEXT(2) 
PARAMETRIC_REPRESENTATION_CONTEXT() REPRESENTATION_CONTEXT('2D SPACE',''
  ) );
#1157 = PCURVE('',#1158,#1163);
#1158 = CYLINDRICAL_SURFACE('',#1159,20.3);
#1159 = AXIS2_PLACEMENT_3D('',#1160,#1161,#1162);
#1160 = CARTESIAN_POINT('',(-1.5,27.000000007416,39.5));
#1161 = DIRECTION('',(-0.,-0.,-1.));
#1162 = DIRECTION('',(1.,0.,0.));
#1163 = DEFINITIONAL_REPRESENTATION('',(#1164),#1168);
#1164 = LINE('',#1165,#1166);
#1165 = CARTESIAN_POINT('',(-6.28318530718,-2.5));
#1166 = VECTOR('',#1167,1.);
#1167 = DIRECTION('',(1.,-0.));
#1168 = ( GEOMETRIC_REPRESENTATION_CONTEXT(2) 
PARAMETRIC_REPRESENTATION_CONTEXT() REPRESENTATION_CONTEXT('2D SPACE',''
  ) );
#1169 = ORIENTED_EDGE('',*,*,#1170,.T.);
#1170 = EDGE_CURVE('',#1138,#1171,#1173,.T.);
#1171 = VERTEX_POINT('',#1172);
#1172 = CARTESIAN_POINT('',(-32.3,58.999999990185,42.));
#1173 = SURFACE_CURVE('',#1174,(#1179,#1190),.PCURVE_S1.);
#1174 = CIRCLE('',#1175,21.3);
#1175 = AXIS2_PLACEMENT_3D('',#1176,#1177,#1178);
#1176 = CARTESIAN_POINT('',(-11.,58.999999990185,42.));
#1177 = DIRECTION('',(0.,0.,-1.));
#1178 = DIRECTION('',(1.,0.,0.));
#1179 = PCURVE('',#144,#1180);
#1180 = DEFINITIONAL_REPRESENTATION('',(#1181),#1189);
#1181 = ( BOUNDED_CURVE() B_SPLINE_CURVE(2,(#1182,#1183,#1184,#1185,
#1186,#1187,#1188),.UNSPECIFIED.,.T.,.F.) B_SPLINE_CURVE_WITH_KNOTS((1,2
    ,2,2,2,1),(-2.094395102393,0.,2.094395102393,4.188790204786,
6.28318530718,8.377580409573),.UNSPECIFIED.) CURVE() 
GEOMETRIC_REPRESENTATION_ITEM() RATIONAL_B_SPLINE_CURVE((1.,0.5,1.,0.5,
1.,0.5,1.)) REPRESENTATION_ITEM('') );
#1182 = CARTESIAN_POINT('',(10.300000023478,-1.000000025211));
#1183 = CARTESIAN_POINT('',(10.300000023478,-37.89268222642));
#1184 = CARTESIAN_POINT('',(-21.64999997652,-19.44634112581));
#1185 = CARTESIAN_POINT('',(-53.59999997652,-1.000000025211));
#1186 = CARTESIAN_POINT('',(-21.64999997652,17.446341075398));
#1187 = CARTESIAN_POINT('',(10.300000023478,35.892682176006));
#1188 = CARTESIAN_POINT('',(10.300000023478,-1.000000025211));
#1189 = ( GEOMETRIC_REPRESENTATION_CONTEXT(2) 
PARAMETRIC_REPRESENTATION_CONTEXT() REPRESENTATION_CONTEXT('2D SPACE',''
  ) );
#1190 = PCURVE('',#1191,#1196);
#1191 = CYLINDRICAL_SURFACE('',#1192,21.3);
#1192 = AXIS2_PLACEMENT_3D('',#1193,#1194,#1195);
#1193 = CARTESIAN_POINT('',(-11.,58.999999990185,39.5));
#1194 = DIRECTION('',(-0.,-0.,-1.));
#1195 = DIRECTION('',(1.,0.,0.));
#1196 = DEFINITIONAL_REPRESENTATION('',(#1197),#1201);
#1197 = LINE('',#1198,#1199);
#1198 = CARTESIAN_POINT('',(-6.28318530718,-2.5));
#1199 = VECTOR('',#1200,1.);
#1200 = DIRECTION('',(1.,-0.));
#1201 = ( GEOMETRIC_REPRESENTATION_CONTEXT(2) 
PARAMETRIC_REPRESENTATION_CONTEXT() REPRESENTATION_CONTEXT('2D SPACE',''
  ) );
#1202 = ORIENTED_EDGE('',*,*,#1203,.F.);
#1203 = EDGE_CURVE('',#1204,#1171,#1206,.T.);
#1204 = VERTEX_POINT('',#1205);
#1205 = CARTESIAN_POINT('',(-32.3,61.000000007395,42.));
#1206 = SURFACE_CURVE('',#1207,(#1211,#1218),.PCURVE_S1.);
#1207 = LINE('',#1208,#1209);
#1208 = CARTESIAN_POINT('',(-32.3,59.500000002791,42.));
#1209 = VECTOR('',#1210,1.);
#1210 = DIRECTION('',(0.,-1.,0.));
#1211 = PCURVE('',#144,#1212);
#1212 = DEFINITIONAL_REPRESENTATION('',(#1213),#1217);
#1213 = LINE('',#1214,#1215);
#1214 = CARTESIAN_POINT('',(-32.29999997652,-0.500000012605));
#1215 = VECTOR('',#1216,1.);
#1216 = DIRECTION('',(0.,-1.));
#1217 = ( GEOMETRIC_REPRESENTATION_CONTEXT(2) 
PARAMETRIC_REPRESENTATION_CONTEXT() REPRESENTATION_CONTEXT('2D SPACE',''
  ) );
#1218 = PCURVE('',#1219,#1224);
#1219 = PLANE('',#1220);
#1220 = AXIS2_PLACEMENT_3D('',#1221,#1222,#1223);
#1221 = CARTESIAN_POINT('',(-32.3,58.999999990185,39.5));
#1222 = DIRECTION('',(-1.,0.,0.));
#1223 = DIRECTION('',(0.,1.,0.));
#1224 = DEFINITIONAL_REPRESENTATION('',(#1225),#1228);
#1225 = B_SPLINE_CURVE_WITH_KNOTS('',1,(#1226,#1227),.UNSPECIFIED.,.F.,
  .F.,(2,2),(-1.500000004604,0.500000012605),.PIECEWISE_BEZIER_KNOTS.);
#1226 = CARTESIAN_POINT('',(2.000000017209,-2.5));
#1227 = CARTESIAN_POINT('',(0.,-2.5));
#1228 = ( GEOMETRIC_REPRESENTATION_CONTEXT(2) 
PARAMETRIC_REPRESENTATION_CONTEXT() REPRESENTATION_CONTEXT('2D SPACE',''
  ) );
#1229 = ORIENTED_EDGE('',*,*,#1230,.T.);
#1230 = EDGE_CURVE('',#1204,#1231,#1233,.T.);
#1231 = VERTEX_POINT('',#1232);
#1232 = CARTESIAN_POINT('',(-32.29731704427,61.338063190015,42.));
#1233 = SURFACE_CURVE('',#1234,(#1239,#1250),.PCURVE_S1.);
#1234 = CIRCLE('',#1235,21.3);
#1235 = AXIS2_PLACEMENT_3D('',#1236,#1237,#1238);
#1236 = CARTESIAN_POINT('',(-11.,61.000000007395,42.));
#1237 = DIRECTION('',(0.,0.,-1.));
#1238 = DIRECTION('',(1.,0.,0.));
#1239 = PCURVE('',#144,#1240);
#1240 = DEFINITIONAL_REPRESENTATION('',(#1241),#1249);
#1241 = ( BOUNDED_CURVE() B_SPLINE_CURVE(2,(#1242,#1243,#1244,#1245,
#1246,#1247,#1248),.UNSPECIFIED.,.T.,.F.) B_SPLINE_CURVE_WITH_KNOTS((1,2
    ,2,2,2,1),(-2.094395102393,0.,2.094395102393,4.188790204786,
6.28318530718,8.377580409573),.UNSPECIFIED.) CURVE() 
GEOMETRIC_REPRESENTATION_ITEM() RATIONAL_B_SPLINE_CURVE((1.,0.5,1.,0.5,
1.,0.5,1.)) REPRESENTATION_ITEM('') );
#1242 = CARTESIAN_POINT('',(10.300000023478,0.999999991998));
#1243 = CARTESIAN_POINT('',(10.300000023478,-35.89268220921));
#1244 = CARTESIAN_POINT('',(-21.64999997652,-17.44634110861));
#1245 = CARTESIAN_POINT('',(-53.59999997652,0.999999991998));
#1246 = CARTESIAN_POINT('',(-21.64999997652,19.446341092607));
#1247 = CARTESIAN_POINT('',(10.300000023478,37.892682193215));
#1248 = CARTESIAN_POINT('',(10.300000023478,0.999999991998));
#1249 = ( GEOMETRIC_REPRESENTATION_CONTEXT(2) 
PARAMETRIC_REPRESENTATION_CONTEXT() REPRESENTATION_CONTEXT('2D SPACE',''
  ) );
#1250 = PCURVE('',#1251,#1256);
#1251 = CYLINDRICAL_SURFACE('',#1252,21.3);
#1252 = AXIS2_PLACEMENT_3D('',#1253,#1254,#1255);
#1253 = CARTESIAN_POINT('',(-11.,61.000000007395,39.5));
#1254 = DIRECTION('',(-0.,-0.,-1.));
#1255 = DIRECTION('',(1.,0.,0.));
#1256 = DEFINITIONAL_REPRESENTATION('',(#1257),#1261);
#1257 = LINE('',#1258,#1259);
#1258 = CARTESIAN_POINT('',(-6.28318530718,-2.5));
#1259 = VECTOR('',#1260,1.);
#1260 = DIRECTION('',(1.,-0.));
#1261 = ( GEOMETRIC_REPRESENTATION_CONTEXT(2) 
PARAMETRIC_REPRESENTATION_CONTEXT() REPRESENTATION_CONTEXT('2D SPACE',''
  ) );
#1262 = ORIENTED_EDGE('',*,*,#1263,.T.);
#1263 = EDGE_CURVE('',#1231,#1264,#1266,.T.);
#1264 = VERTEX_POINT('',#1265);
#1265 = CARTESIAN_POINT('',(-30.8,60.489658136306,42.));
#1266 = SURFACE_CURVE('',#1267,(#1272,#1279),.PCURVE_S1.);
#1267 = CIRCLE('',#1268,3.65);
#1268 = AXIS2_PLACEMENT_3D('',#1269,#1270,#1271);
#1269 = CARTESIAN_POINT('',(-29.8,64.,42.));
#1270 = DIRECTION('',(0.,0.,1.));
#1271 = DIRECTION('',(1.,0.,-0.));
#1272 = PCURVE('',#144,#1273);
#1273 = DEFINITIONAL_REPRESENTATION('',(#1274),#1278);
#1274 = CIRCLE('',#1275,3.65);
#1275 = AXIS2_PLACEMENT_2D('',#1276,#1277);
#1276 = CARTESIAN_POINT('',(-29.79999997652,3.999999984604));
#1277 = DIRECTION('',(1.,0.));
#1278 = ( GEOMETRIC_REPRESENTATION_CONTEXT(2) 
PARAMETRIC_REPRESENTATION_CONTEXT() REPRESENTATION_CONTEXT('2D SPACE',''
  ) );
#1279 = PCURVE('',#1280,#1285);
#1280 = CYLINDRICAL_SURFACE('',#1281,3.65);
#1281 = AXIS2_PLACEMENT_3D('',#1282,#1283,#1284);
#1282 = CARTESIAN_POINT('',(-29.8,64.,39.));
#1283 = DIRECTION('',(0.,0.,1.));
#1284 = DIRECTION('',(1.,0.,-0.));
#1285 = DEFINITIONAL_REPRESENTATION('',(#1286),#1290);
#1286 = LINE('',#1287,#1288);
#1287 = CARTESIAN_POINT('',(0.,3.));
#1288 = VECTOR('',#1289,1.);
#1289 = DIRECTION('',(1.,0.));
#1290 = ( GEOMETRIC_REPRESENTATION_CONTEXT(2) 
PARAMETRIC_REPRESENTATION_CONTEXT() REPRESENTATION_CONTEXT('2D SPACE',''
  ) );
#1291 = ORIENTED_EDGE('',*,*,#1292,.T.);
#1292 = EDGE_CURVE('',#1264,#1293,#1295,.T.);
#1293 = VERTEX_POINT('',#1294);
#1294 = CARTESIAN_POINT('',(-30.8,58.999999990152,42.));
#1295 = SURFACE_CURVE('',#1296,(#1300,#1307),.PCURVE_S1.);
#1296 = LINE('',#1297,#1298);
#1297 = CARTESIAN_POINT('',(-30.8,59.500000002774,42.));
#1298 = VECTOR('',#1299,1.);
#1299 = DIRECTION('',(0.,-1.,0.));
#1300 = PCURVE('',#144,#1301);
#1301 = DEFINITIONAL_REPRESENTATION('',(#1302),#1306);
#1302 = LINE('',#1303,#1304);
#1303 = CARTESIAN_POINT('',(-30.79999997652,-0.500000012622));
#1304 = VECTOR('',#1305,1.);
#1305 = DIRECTION('',(0.,-1.));
#1306 = ( GEOMETRIC_REPRESENTATION_CONTEXT(2) 
PARAMETRIC_REPRESENTATION_CONTEXT() REPRESENTATION_CONTEXT('2D SPACE',''
  ) );
#1307 = PCURVE('',#1308,#1313);
#1308 = PLANE('',#1309);
#1309 = AXIS2_PLACEMENT_3D('',#1310,#1311,#1312);
#1310 = CARTESIAN_POINT('',(-30.8,58.999999990152,39.5));
#1311 = DIRECTION('',(-1.,0.,0.));
#1312 = DIRECTION('',(0.,1.,0.));
#1313 = DEFINITIONAL_REPRESENTATION('',(#1314),#1317);
#1314 = B_SPLINE_CURVE_WITH_KNOTS('',1,(#1315,#1316),.UNSPECIFIED.,.F.,
  .F.,(2,2),(-1.500000004654,0.500000012622),.PIECEWISE_BEZIER_KNOTS.);
#1315 = CARTESIAN_POINT('',(2.000000017276,-2.5));
#1316 = CARTESIAN_POINT('',(-7.105427357601E-15,-2.5));
#1317 = ( GEOMETRIC_REPRESENTATION_CONTEXT(2) 
PARAMETRIC_REPRESENTATION_CONTEXT() REPRESENTATION_CONTEXT('2D SPACE',''
  ) );
#1318 = ORIENTED_EDGE('',*,*,#1319,.F.);
#1319 = EDGE_CURVE('',#1320,#1293,#1322,.T.);
#1320 = VERTEX_POINT('',#1321);
#1321 = CARTESIAN_POINT('',(-15.37212106057,39.688745307153,42.));
#1322 = SURFACE_CURVE('',#1323,(#1328,#1339),.PCURVE_S1.);
#1323 = CIRCLE('',#1324,19.8);
#1324 = AXIS2_PLACEMENT_3D('',#1325,#1326,#1327);
#1325 = CARTESIAN_POINT('',(-11.,58.999999990152,42.));
#1326 = DIRECTION('',(0.,0.,-1.));
#1327 = DIRECTION('',(1.,0.,0.));
#1328 = PCURVE('',#144,#1329);
#1329 = DEFINITIONAL_REPRESENTATION('',(#1330),#1338);
#1330 = ( BOUNDED_CURVE() B_SPLINE_CURVE(2,(#1331,#1332,#1333,#1334,
#1335,#1336,#1337),.UNSPECIFIED.,.T.,.F.) B_SPLINE_CURVE_WITH_KNOTS((1,2
    ,2,2,2,1),(-2.094395102393,0.,2.094395102393,4.188790204786,
6.28318530718,8.377580409573),.UNSPECIFIED.) CURVE() 
GEOMETRIC_REPRESENTATION_ITEM() RATIONAL_B_SPLINE_CURVE((1.,0.5,1.,0.5,
1.,0.5,1.)) REPRESENTATION_ITEM('') );
#1331 = CARTESIAN_POINT('',(8.800000023478,-1.000000025244));
#1332 = CARTESIAN_POINT('',(8.800000023478,-35.2946060151));
#1333 = CARTESIAN_POINT('',(-20.89999997652,-18.14730302017));
#1334 = CARTESIAN_POINT('',(-50.59999997652,-1.000000025244));
#1335 = CARTESIAN_POINT('',(-20.89999997652,16.147302969688));
#1336 = CARTESIAN_POINT('',(8.800000023478,33.29460596462));
#1337 = CARTESIAN_POINT('',(8.800000023478,-1.000000025244));
#1338 = ( GEOMETRIC_REPRESENTATION_CONTEXT(2) 
PARAMETRIC_REPRESENTATION_CONTEXT() REPRESENTATION_CONTEXT('2D SPACE',''
  ) );
#1339 = PCURVE('',#1340,#1345);
#1340 = CYLINDRICAL_SURFACE('',#1341,19.8);
#1341 = AXIS2_PLACEMENT_3D('',#1342,#1343,#1344);
#1342 = CARTESIAN_POINT('',(-11.,58.999999990152,39.5));
#1343 = DIRECTION('',(-0.,-0.,-1.));
#1344 = DIRECTION('',(1.,0.,0.));
#1345 = DEFINITIONAL_REPRESENTATION('',(#1346),#1350);
#1346 = LINE('',#1347,#1348);
#1347 = CARTESIAN_POINT('',(-6.28318530718,-2.5));
#1348 = VECTOR('',#1349,1.);
#1349 = DIRECTION('',(1.,-0.));
#1350 = ( GEOMETRIC_REPRESENTATION_CONTEXT(2) 
PARAMETRIC_REPRESENTATION_CONTEXT() REPRESENTATION_CONTEXT('2D SPACE',''
  ) );
#1351 = ORIENTED_EDGE('',*,*,#1352,.F.);
#1352 = EDGE_CURVE('',#1353,#1320,#1355,.T.);
#1353 = VERTEX_POINT('',#1354);
#1354 = CARTESIAN_POINT('',(-20.3,27.000000007453,42.));
#1355 = SURFACE_CURVE('',#1356,(#1361,#1372),.PCURVE_S1.);
#1356 = CIRCLE('',#1357,18.8);
#1357 = AXIS2_PLACEMENT_3D('',#1358,#1359,#1360);
#1358 = CARTESIAN_POINT('',(-1.5,27.000000007453,42.));
#1359 = DIRECTION('',(0.,0.,-1.));
#1360 = DIRECTION('',(-1.,0.,0.));
#1361 = PCURVE('',#144,#1362);
#1362 = DEFINITIONAL_REPRESENTATION('',(#1363),#1371);
#1363 = ( BOUNDED_CURVE() B_SPLINE_CURVE(2,(#1364,#1365,#1366,#1367,
#1368,#1369,#1370),.UNSPECIFIED.,.T.,.F.) B_SPLINE_CURVE_WITH_KNOTS((1,2
    ,2,2,2,1),(-2.094395102393,0.,2.094395102393,4.188790204786,
6.28318530718,8.377580409573),.UNSPECIFIED.) CURVE() 
GEOMETRIC_REPRESENTATION_ITEM() RATIONAL_B_SPLINE_CURVE((1.,0.5,1.,0.5,
1.,0.5,1.)) REPRESENTATION_ITEM('') );
#1364 = CARTESIAN_POINT('',(-20.29999997652,-33.00000000794));
#1365 = CARTESIAN_POINT('',(-20.29999997652,-0.437444825648));
#1366 = CARTESIAN_POINT('',(7.900000023478,-16.71872241679));
#1367 = CARTESIAN_POINT('',(36.100000023478,-33.00000000794));
#1368 = CARTESIAN_POINT('',(7.900000023478,-49.28127759909));
#1369 = CARTESIAN_POINT('',(-20.29999997652,-65.56255519023));
#1370 = CARTESIAN_POINT('',(-20.29999997652,-33.00000000794));
#1371 = ( GEOMETRIC_REPRESENTATION_CONTEXT(2) 
PARAMETRIC_REPRESENTATION_CONTEXT() REPRESENTATION_CONTEXT('2D SPACE',''
  ) );
#1372 = PCURVE('',#1373,#1378);
#1373 = CYLINDRICAL_SURFACE('',#1374,18.8);
#1374 = AXIS2_PLACEMENT_3D('',#1375,#1376,#1377);
#1375 = CARTESIAN_POINT('',(-1.5,27.000000007453,39.5));
#1376 = DIRECTION('',(0.,0.,-1.));
#1377 = DIRECTION('',(-1.,0.,0.));
#1378 = DEFINITIONAL_REPRESENTATION('',(#1379),#1383);
#1379 = LINE('',#1380,#1381);
#1380 = CARTESIAN_POINT('',(0.,-2.5));
#1381 = VECTOR('',#1382,1.);
#1382 = DIRECTION('',(1.,0.));
#1383 = ( GEOMETRIC_REPRESENTATION_CONTEXT(2) 
PARAMETRIC_REPRESENTATION_CONTEXT() REPRESENTATION_CONTEXT('2D SPACE',''
  ) );
#1384 = ORIENTED_EDGE('',*,*,#1385,.T.);
#1385 = EDGE_CURVE('',#1353,#1016,#1386,.T.);
#1386 = SURFACE_CURVE('',#1387,(#1391,#1398),.PCURVE_S1.);
#1387 = LINE('',#1388,#1389);
#1388 = CARTESIAN_POINT('',(-20.3,42.500000002762,42.));
#1389 = VECTOR('',#1390,1.);
#1390 = DIRECTION('',(0.,-1.,0.));
#1391 = PCURVE('',#144,#1392);
#1392 = DEFINITIONAL_REPRESENTATION('',(#1393),#1397);
#1393 = LINE('',#1394,#1395);
#1394 = CARTESIAN_POINT('',(-20.29999997652,-17.50000001263));
#1395 = VECTOR('',#1396,1.);
#1396 = DIRECTION('',(0.,-1.));
#1397 = ( GEOMETRIC_REPRESENTATION_CONTEXT(2) 
PARAMETRIC_REPRESENTATION_CONTEXT() REPRESENTATION_CONTEXT('2D SPACE',''
  ) );
#1398 = PCURVE('',#1399,#1404);
#1399 = PLANE('',#1400);
#1400 = AXIS2_PLACEMENT_3D('',#1401,#1402,#1403);
#1401 = CARTESIAN_POINT('',(-20.3,24.999999990127,39.5));
#1402 = DIRECTION('',(-1.,0.,0.));
#1403 = DIRECTION('',(0.,1.,0.));
#1404 = DEFINITIONAL_REPRESENTATION('',(#1405),#1408);
#1405 = B_SPLINE_CURVE_WITH_KNOTS('',1,(#1406,#1407),.UNSPECIFIED.,.F.,
  .F.,(2,2),(15.499999995308,17.500000012635),.PIECEWISE_BEZIER_KNOTS.);
#1406 = CARTESIAN_POINT('',(2.000000017327,-2.5));
#1407 = CARTESIAN_POINT('',(0.,-2.5));
#1408 = ( GEOMETRIC_REPRESENTATION_CONTEXT(2) 
PARAMETRIC_REPRESENTATION_CONTEXT() REPRESENTATION_CONTEXT('2D SPACE',''
  ) );
#1409 = FACE_BOUND('',#1410,.F.);
#1410 = EDGE_LOOP('',(#1411,#1439,#1465,#1491));
#1411 = ORIENTED_EDGE('',*,*,#1412,.T.);
#1412 = EDGE_CURVE('',#1413,#1415,#1417,.T.);
#1413 = VERTEX_POINT('',#1414);
#1414 = CARTESIAN_POINT('',(13.5,13.,42.));
#1415 = VERTEX_POINT('',#1416);
#1416 = CARTESIAN_POINT('',(12.1,13.,42.));
#1417 = SURFACE_CURVE('',#1418,(#1422,#1428),.PCURVE_S1.);
#1418 = LINE('',#1419,#1420);
#1419 = CARTESIAN_POINT('',(6.049999988261,13.,42.));
#1420 = VECTOR('',#1421,1.);
#1421 = DIRECTION('',(-1.,-0.,0.));
#1422 = PCURVE('',#144,#1423);
#1423 = DEFINITIONAL_REPRESENTATION('',(#1424),#1427);
#1424 = B_SPLINE_CURVE_WITH_KNOTS('',1,(#1425,#1426),.UNSPECIFIED.,.F.,
  .F.,(2,2),(-7.450000011739,-6.050000011739),.PIECEWISE_BEZIER_KNOTS.);
#1425 = CARTESIAN_POINT('',(13.500000023478,-47.00000001539));
#1426 = CARTESIAN_POINT('',(12.100000023478,-47.00000001539));
#1427 = ( GEOMETRIC_REPRESENTATION_CONTEXT(2) 
PARAMETRIC_REPRESENTATION_CONTEXT() REPRESENTATION_CONTEXT('2D SPACE',''
  ) );
#1428 = PCURVE('',#1429,#1434);
#1429 = PLANE('',#1430);
#1430 = AXIS2_PLACEMENT_3D('',#1431,#1432,#1433);
#1431 = CARTESIAN_POINT('',(12.1,13.,41.5));
#1432 = DIRECTION('',(-0.,1.,0.));
#1433 = DIRECTION('',(0.,0.,1.));
#1434 = DEFINITIONAL_REPRESENTATION('',(#1435),#1438);
#1435 = B_SPLINE_CURVE_WITH_KNOTS('',1,(#1436,#1437),.UNSPECIFIED.,.F.,
  .F.,(2,2),(-7.450000011739,-6.050000011739),.PIECEWISE_BEZIER_KNOTS.);
#1436 = CARTESIAN_POINT('',(0.5,1.4));
#1437 = CARTESIAN_POINT('',(0.5,0.));
#1438 = ( GEOMETRIC_REPRESENTATION_CONTEXT(2) 
PARAMETRIC_REPRESENTATION_CONTEXT() REPRESENTATION_CONTEXT('2D SPACE',''
  ) );
#1439 = ORIENTED_EDGE('',*,*,#1440,.T.);
#1440 = EDGE_CURVE('',#1415,#1441,#1443,.T.);
#1441 = VERTEX_POINT('',#1442);
#1442 = CARTESIAN_POINT('',(12.1,14.6,42.));
#1443 = SURFACE_CURVE('',#1444,(#1448,#1454),.PCURVE_S1.);
#1444 = LINE('',#1445,#1446);
#1445 = CARTESIAN_POINT('',(12.1,36.500000007698,42.));
#1446 = VECTOR('',#1447,1.);
#1447 = DIRECTION('',(-0.,1.,0.));
#1448 = PCURVE('',#144,#1449);
#1449 = DEFINITIONAL_REPRESENTATION('',(#1450),#1453);
#1450 = B_SPLINE_CURVE_WITH_KNOTS('',1,(#1451,#1452),.UNSPECIFIED.,.F.,
  .F.,(2,2),(-23.50000000769,-21.90000000769),.PIECEWISE_BEZIER_KNOTS.);
#1451 = CARTESIAN_POINT('',(12.100000023478,-47.00000001539));
#1452 = CARTESIAN_POINT('',(12.100000023478,-45.40000001539));
#1453 = ( GEOMETRIC_REPRESENTATION_CONTEXT(2) 
PARAMETRIC_REPRESENTATION_CONTEXT() REPRESENTATION_CONTEXT('2D SPACE',''
  ) );
#1454 = PCURVE('',#1455,#1460);
#1455 = PLANE('',#1456);
#1456 = AXIS2_PLACEMENT_3D('',#1457,#1458,#1459);
#1457 = CARTESIAN_POINT('',(12.1,13.,41.5));
#1458 = DIRECTION('',(1.,0.,-0.));
#1459 = DIRECTION('',(0.,0.,1.));
#1460 = DEFINITIONAL_REPRESENTATION('',(#1461),#1464);
#1461 = B_SPLINE_CURVE_WITH_KNOTS('',1,(#1462,#1463),.UNSPECIFIED.,.F.,
  .F.,(2,2),(-23.50000000769,-21.90000000769),.PIECEWISE_BEZIER_KNOTS.);
#1462 = CARTESIAN_POINT('',(0.5,0.));
#1463 = CARTESIAN_POINT('',(0.5,-1.6));
#1464 = ( GEOMETRIC_REPRESENTATION_CONTEXT(2) 
PARAMETRIC_REPRESENTATION_CONTEXT() REPRESENTATION_CONTEXT('2D SPACE',''
  ) );
#1465 = ORIENTED_EDGE('',*,*,#1466,.F.);
#1466 = EDGE_CURVE('',#1467,#1441,#1469,.T.);
#1467 = VERTEX_POINT('',#1468);
#1468 = CARTESIAN_POINT('',(13.5,14.6,42.));
#1469 = SURFACE_CURVE('',#1470,(#1474,#1480),.PCURVE_S1.);
#1470 = LINE('',#1471,#1472);
#1471 = CARTESIAN_POINT('',(6.049999988261,14.6,42.));
#1472 = VECTOR('',#1473,1.);
#1473 = DIRECTION('',(-1.,-0.,0.));
#1474 = PCURVE('',#144,#1475);
#1475 = DEFINITIONAL_REPRESENTATION('',(#1476),#1479);
#1476 = B_SPLINE_CURVE_WITH_KNOTS('',1,(#1477,#1478),.UNSPECIFIED.,.F.,
  .F.,(2,2),(-7.450000011739,-6.050000011739),.PIECEWISE_BEZIER_KNOTS.);
#1477 = CARTESIAN_POINT('',(13.500000023478,-45.40000001539));
#1478 = CARTESIAN_POINT('',(12.100000023478,-45.40000001539));
#1479 = ( GEOMETRIC_REPRESENTATION_CONTEXT(2) 
PARAMETRIC_REPRESENTATION_CONTEXT() REPRESENTATION_CONTEXT('2D SPACE',''
  ) );
#1480 = PCURVE('',#1481,#1486);
#1481 = PLANE('',#1482);
#1482 = AXIS2_PLACEMENT_3D('',#1483,#1484,#1485);
#1483 = CARTESIAN_POINT('',(12.1,14.6,41.5));
#1484 = DIRECTION('',(-0.,1.,0.));
#1485 = DIRECTION('',(0.,0.,1.));
#1486 = DEFINITIONAL_REPRESENTATION('',(#1487),#1490);
#1487 = B_SPLINE_CURVE_WITH_KNOTS('',1,(#1488,#1489),.UNSPECIFIED.,.F.,
  .F.,(2,2),(-7.450000011739,-6.050000011739),.PIECEWISE_BEZIER_KNOTS.);
#1488 = CARTESIAN_POINT('',(0.5,1.4));
#1489 = CARTESIAN_POINT('',(0.5,0.));
#1490 = ( GEOMETRIC_REPRESENTATION_CONTEXT(2) 
PARAMETRIC_REPRESENTATION_CONTEXT() REPRESENTATION_CONTEXT('2D SPACE',''
  ) );
#1491 = ORIENTED_EDGE('',*,*,#1492,.F.);
#1492 = EDGE_CURVE('',#1413,#1467,#1493,.T.);
#1493 = SURFACE_CURVE('',#1494,(#1498,#1504),.PCURVE_S1.);
#1494 = LINE('',#1495,#1496);
#1495 = CARTESIAN_POINT('',(13.5,36.500000007698,42.));
#1496 = VECTOR('',#1497,1.);
#1497 = DIRECTION('',(-0.,1.,0.));
#1498 = PCURVE('',#144,#1499);
#1499 = DEFINITIONAL_REPRESENTATION('',(#1500),#1503);
#1500 = B_SPLINE_CURVE_WITH_KNOTS('',1,(#1501,#1502),.UNSPECIFIED.,.F.,
  .F.,(2,2),(-23.50000000769,-21.90000000769),.PIECEWISE_BEZIER_KNOTS.);
#1501 = CARTESIAN_POINT('',(13.500000023478,-47.00000001539));
#1502 = CARTESIAN_POINT('',(13.500000023478,-45.40000001539));
#1503 = ( GEOMETRIC_REPRESENTATION_CONTEXT(2) 
PARAMETRIC_REPRESENTATION_CONTEXT() REPRESENTATION_CONTEXT('2D SPACE',''
  ) );
#1504 = PCURVE('',#1505,#1510);
#1505 = PLANE('',#1506);
#1506 = AXIS2_PLACEMENT_3D('',#1507,#1508,#1509);
#1507 = CARTESIAN_POINT('',(13.5,13.,41.5));
#1508 = DIRECTION('',(1.,0.,-0.));
#1509 = DIRECTION('',(0.,0.,1.));
#1510 = DEFINITIONAL_REPRESENTATION('',(#1511),#1514);
#1511 = B_SPLINE_CURVE_WITH_KNOTS('',1,(#1512,#1513),.UNSPECIFIED.,.F.,
  .F.,(2,2),(-23.50000000769,-21.90000000769),.PIECEWISE_BEZIER_KNOTS.);
#1512 = CARTESIAN_POINT('',(0.5,0.));
#1513 = CARTESIAN_POINT('',(0.5,-1.6));
#1514 = ( GEOMETRIC_REPRESENTATION_CONTEXT(2) 
PARAMETRIC_REPRESENTATION_CONTEXT() REPRESENTATION_CONTEXT('2D SPACE',''
  ) );
#1515 = FACE_BOUND('',#1516,.F.);
#1516 = EDGE_LOOP('',(#1517,#1545,#1578,#1604,#1637,#1663,#1696,#1722));
#1517 = ORIENTED_EDGE('',*,*,#1518,.F.);
#1518 = EDGE_CURVE('',#1519,#1521,#1523,.T.);
#1519 = VERTEX_POINT('',#1520);
#1520 = CARTESIAN_POINT('',(-8.,25.299999948861,42.));
#1521 = VERTEX_POINT('',#1522);
#1522 = CARTESIAN_POINT('',(-8.,15.3,42.));
#1523 = SURFACE_CURVE('',#1524,(#1528,#1534),.PCURVE_S1.);
#1524 = LINE('',#1525,#1526);
#1525 = CARTESIAN_POINT('',(-8.,37.650000007698,42.));
#1526 = VECTOR('',#1527,1.);
#1527 = DIRECTION('',(0.,-1.,0.));
#1528 = PCURVE('',#144,#1529);
#1529 = DEFINITIONAL_REPRESENTATION('',(#1530),#1533);
#1530 = B_SPLINE_CURVE_WITH_KNOTS('',1,(#1531,#1532),.UNSPECIFIED.,.F.,
  .F.,(2,2),(12.350000058838,22.350000007698),.PIECEWISE_BEZIER_KNOTS.);
#1531 = CARTESIAN_POINT('',(-7.999999976522,-34.70000006653));
#1532 = CARTESIAN_POINT('',(-7.999999976522,-44.70000001539));
#1533 = ( GEOMETRIC_REPRESENTATION_CONTEXT(2) 
PARAMETRIC_REPRESENTATION_CONTEXT() REPRESENTATION_CONTEXT('2D SPACE',''
  ) );
#1534 = PCURVE('',#1535,#1540);
#1535 = PLANE('',#1536);
#1536 = AXIS2_PLACEMENT_3D('',#1537,#1538,#1539);
#1537 = CARTESIAN_POINT('',(-8.,15.3,38.));
#1538 = DIRECTION('',(-1.,0.,0.));
#1539 = DIRECTION('',(0.,1.,0.));
#1540 = DEFINITIONAL_REPRESENTATION('',(#1541),#1544);
#1541 = B_SPLINE_CURVE_WITH_KNOTS('',1,(#1542,#1543),.UNSPECIFIED.,.F.,
  .F.,(2,2),(12.350000058838,22.350000007698),.PIECEWISE_BEZIER_KNOTS.);
#1542 = CARTESIAN_POINT('',(9.999999948861,-4.));
#1543 = CARTESIAN_POINT('',(0.,-4.));
#1544 = ( GEOMETRIC_REPRESENTATION_CONTEXT(2) 
PARAMETRIC_REPRESENTATION_CONTEXT() REPRESENTATION_CONTEXT('2D SPACE',''
  ) );
#1545 = ORIENTED_EDGE('',*,*,#1546,.T.);
#1546 = EDGE_CURVE('',#1519,#1547,#1549,.T.);
#1547 = VERTEX_POINT('',#1548);
#1548 = CARTESIAN_POINT('',(-6.,27.29999997443,42.));
#1549 = SURFACE_CURVE('',#1550,(#1555,#1566),.PCURVE_S1.);
#1550 = CIRCLE('',#1551,2.);
#1551 = AXIS2_PLACEMENT_3D('',#1552,#1553,#1554);
#1552 = CARTESIAN_POINT('',(-6.,25.299999948861,42.));
#1553 = DIRECTION('',(0.,0.,-1.));
#1554 = DIRECTION('',(-1.,0.,0.));
#1555 = PCURVE('',#144,#1556);
#1556 = DEFINITIONAL_REPRESENTATION('',(#1557),#1565);
#1557 = ( BOUNDED_CURVE() B_SPLINE_CURVE(2,(#1558,#1559,#1560,#1561,
#1562,#1563,#1564),.UNSPECIFIED.,.T.,.F.) B_SPLINE_CURVE_WITH_KNOTS((1,2
    ,2,2,2,1),(-2.094395102393,0.,2.094395102393,4.188790204786,
6.28318530718,8.377580409573),.UNSPECIFIED.) CURVE() 
GEOMETRIC_REPRESENTATION_ITEM() RATIONAL_B_SPLINE_CURVE((1.,0.5,1.,0.5,
1.,0.5,1.)) REPRESENTATION_ITEM('') );
#1558 = CARTESIAN_POINT('',(-7.999999976522,-34.70000006653));
#1559 = CARTESIAN_POINT('',(-7.999999976522,-31.23589845139));
#1560 = CARTESIAN_POINT('',(-4.999999976522,-32.96794925896));
#1561 = CARTESIAN_POINT('',(-1.999999976522,-34.70000006653));
#1562 = CARTESIAN_POINT('',(-4.999999976522,-36.4320508741));
#1563 = CARTESIAN_POINT('',(-7.999999976522,-38.16410168167));
#1564 = CARTESIAN_POINT('',(-7.999999976522,-34.70000006653));
#1565 = ( GEOMETRIC_REPRESENTATION_CONTEXT(2) 
PARAMETRIC_REPRESENTATION_CONTEXT() REPRESENTATION_CONTEXT('2D SPACE',''
  ) );
#1566 = PCURVE('',#1567,#1572);
#1567 = CYLINDRICAL_SURFACE('',#1568,2.);
#1568 = AXIS2_PLACEMENT_3D('',#1569,#1570,#1571);
#1569 = CARTESIAN_POINT('',(-6.,25.299999948861,38.));
#1570 = DIRECTION('',(0.,0.,-1.));
#1571 = DIRECTION('',(-1.,0.,0.));
#1572 = DEFINITIONAL_REPRESENTATION('',(#1573),#1577);
#1573 = LINE('',#1574,#1575);
#1574 = CARTESIAN_POINT('',(0.,-4.));
#1575 = VECTOR('',#1576,1.);
#1576 = DIRECTION('',(1.,0.));
#1577 = ( GEOMETRIC_REPRESENTATION_CONTEXT(2) 
PARAMETRIC_REPRESENTATION_CONTEXT() REPRESENTATION_CONTEXT('2D SPACE',''
  ) );
#1578 = ORIENTED_EDGE('',*,*,#1579,.F.);
#1579 = EDGE_CURVE('',#1580,#1547,#1582,.T.);
#1580 = VERTEX_POINT('',#1581);
#1581 = CARTESIAN_POINT('',(6.,27.29999997443,42.));
#1582 = SURFACE_CURVE('',#1583,(#1587,#1593),.PCURVE_S1.);
#1583 = LINE('',#1584,#1585);
#1584 = CARTESIAN_POINT('',(-3.000000011739,27.3,42.));
#1585 = VECTOR('',#1586,1.);
#1586 = DIRECTION('',(-1.,0.,0.));
#1587 = PCURVE('',#144,#1588);
#1588 = DEFINITIONAL_REPRESENTATION('',(#1589),#1592);
#1589 = B_SPLINE_CURVE_WITH_KNOTS('',1,(#1590,#1591),.UNSPECIFIED.,.F.,
  .F.,(2,2),(-9.000000011739,2.999999988261),.PIECEWISE_BEZIER_KNOTS.);
#1590 = CARTESIAN_POINT('',(6.000000023478,-32.70000001539));
#1591 = CARTESIAN_POINT('',(-5.999999976522,-32.70000001539));
#1592 = ( GEOMETRIC_REPRESENTATION_CONTEXT(2) 
PARAMETRIC_REPRESENTATION_CONTEXT() REPRESENTATION_CONTEXT('2D SPACE',''
  ) );
#1593 = PCURVE('',#1594,#1599);
#1594 = PLANE('',#1595);
#1595 = AXIS2_PLACEMENT_3D('',#1596,#1597,#1598);
#1596 = CARTESIAN_POINT('',(-6.,27.3,38.));
#1597 = DIRECTION('',(0.,1.,0.));
#1598 = DIRECTION('',(1.,0.,0.));
#1599 = DEFINITIONAL_REPRESENTATION('',(#1600),#1603);
#1600 = B_SPLINE_CURVE_WITH_KNOTS('',1,(#1601,#1602),.UNSPECIFIED.,.F.,
  .F.,(2,2),(-9.000000011739,2.999999988261),.PIECEWISE_BEZIER_KNOTS.);
#1601 = CARTESIAN_POINT('',(12.,-4.));
#1602 = CARTESIAN_POINT('',(0.,-4.));
#1603 = ( GEOMETRIC_REPRESENTATION_CONTEXT(2) 
PARAMETRIC_REPRESENTATION_CONTEXT() REPRESENTATION_CONTEXT('2D SPACE',''
  ) );
#1604 = ORIENTED_EDGE('',*,*,#1605,.T.);
#1605 = EDGE_CURVE('',#1580,#1606,#1608,.T.);
#1606 = VERTEX_POINT('',#1607);
#1607 = CARTESIAN_POINT('',(8.,25.299999948861,42.));
#1608 = SURFACE_CURVE('',#1609,(#1614,#1625),.PCURVE_S1.);
#1609 = CIRCLE('',#1610,2.);
#1610 = AXIS2_PLACEMENT_3D('',#1611,#1612,#1613);
#1611 = CARTESIAN_POINT('',(6.,25.299999948861,42.));
#1612 = DIRECTION('',(0.,0.,-1.));
#1613 = DIRECTION('',(-1.,0.,0.));
#1614 = PCURVE('',#144,#1615);
#1615 = DEFINITIONAL_REPRESENTATION('',(#1616),#1624);
#1616 = ( BOUNDED_CURVE() B_SPLINE_CURVE(2,(#1617,#1618,#1619,#1620,
#1621,#1622,#1623),.UNSPECIFIED.,.T.,.F.) B_SPLINE_CURVE_WITH_KNOTS((1,2
    ,2,2,2,1),(-2.094395102393,0.,2.094395102393,4.188790204786,
6.28318530718,8.377580409573),.UNSPECIFIED.) CURVE() 
GEOMETRIC_REPRESENTATION_ITEM() RATIONAL_B_SPLINE_CURVE((1.,0.5,1.,0.5,
1.,0.5,1.)) REPRESENTATION_ITEM('') );
#1617 = CARTESIAN_POINT('',(4.000000023478,-34.70000006653));
#1618 = CARTESIAN_POINT('',(4.000000023478,-31.23589845139));
#1619 = CARTESIAN_POINT('',(7.000000023478,-32.96794925896));
#1620 = CARTESIAN_POINT('',(10.000000023478,-34.70000006653));
#1621 = CARTESIAN_POINT('',(7.000000023478,-36.4320508741));
#1622 = CARTESIAN_POINT('',(4.000000023478,-38.16410168167));
#1623 = CARTESIAN_POINT('',(4.000000023478,-34.70000006653));
#1624 = ( GEOMETRIC_REPRESENTATION_CONTEXT(2) 
PARAMETRIC_REPRESENTATION_CONTEXT() REPRESENTATION_CONTEXT('2D SPACE',''
  ) );
#1625 = PCURVE('',#1626,#1631);
#1626 = CYLINDRICAL_SURFACE('',#1627,2.);
#1627 = AXIS2_PLACEMENT_3D('',#1628,#1629,#1630);
#1628 = CARTESIAN_POINT('',(6.,25.299999948861,38.));
#1629 = DIRECTION('',(0.,0.,-1.));
#1630 = DIRECTION('',(-1.,0.,0.));
#1631 = DEFINITIONAL_REPRESENTATION('',(#1632),#1636);
#1632 = LINE('',#1633,#1634);
#1633 = CARTESIAN_POINT('',(0.,-4.));
#1634 = VECTOR('',#1635,1.);
#1635 = DIRECTION('',(1.,0.));
#1636 = ( GEOMETRIC_REPRESENTATION_CONTEXT(2) 
PARAMETRIC_REPRESENTATION_CONTEXT() REPRESENTATION_CONTEXT('2D SPACE',''
  ) );
#1637 = ORIENTED_EDGE('',*,*,#1638,.T.);
#1638 = EDGE_CURVE('',#1606,#1639,#1641,.T.);
#1639 = VERTEX_POINT('',#1640);
#1640 = CARTESIAN_POINT('',(7.999999963746,15.3,42.));
#1641 = SURFACE_CURVE('',#1642,(#1646,#1652),.PCURVE_S1.);
#1642 = LINE('',#1643,#1644);
#1643 = CARTESIAN_POINT('',(8.,37.650000007698,42.));
#1644 = VECTOR('',#1645,1.);
#1645 = DIRECTION('',(0.,-1.,0.));
#1646 = PCURVE('',#144,#1647);
#1647 = DEFINITIONAL_REPRESENTATION('',(#1648),#1651);
#1648 = B_SPLINE_CURVE_WITH_KNOTS('',1,(#1649,#1650),.UNSPECIFIED.,.F.,
  .F.,(2,2),(12.350000058838,22.350000007698),.PIECEWISE_BEZIER_KNOTS.);
#1649 = CARTESIAN_POINT('',(8.000000023478,-34.70000006653));
#1650 = CARTESIAN_POINT('',(8.000000023478,-44.70000001539));
#1651 = ( GEOMETRIC_REPRESENTATION_CONTEXT(2) 
PARAMETRIC_REPRESENTATION_CONTEXT() REPRESENTATION_CONTEXT('2D SPACE',''
  ) );
#1652 = PCURVE('',#1653,#1658);
#1653 = PLANE('',#1654);
#1654 = AXIS2_PLACEMENT_3D('',#1655,#1656,#1657);
#1655 = CARTESIAN_POINT('',(8.,15.3,38.));
#1656 = DIRECTION('',(-1.,0.,0.));
#1657 = DIRECTION('',(0.,1.,0.));
#1658 = DEFINITIONAL_REPRESENTATION('',(#1659),#1662);
#1659 = B_SPLINE_CURVE_WITH_KNOTS('',1,(#1660,#1661),.UNSPECIFIED.,.F.,
  .F.,(2,2),(12.350000058838,22.350000007698),.PIECEWISE_BEZIER_KNOTS.);
#1660 = CARTESIAN_POINT('',(9.999999948861,-4.));
#1661 = CARTESIAN_POINT('',(0.,-4.));
#1662 = ( GEOMETRIC_REPRESENTATION_CONTEXT(2) 
PARAMETRIC_REPRESENTATION_CONTEXT() REPRESENTATION_CONTEXT('2D SPACE',''
  ) );
#1663 = ORIENTED_EDGE('',*,*,#1664,.T.);
#1664 = EDGE_CURVE('',#1639,#1665,#1667,.T.);
#1665 = VERTEX_POINT('',#1666);
#1666 = CARTESIAN_POINT('',(5.999999927492,13.3,42.));
#1667 = SURFACE_CURVE('',#1668,(#1673,#1684),.PCURVE_S1.);
#1668 = CIRCLE('',#1669,2.);
#1669 = AXIS2_PLACEMENT_3D('',#1670,#1671,#1672);
#1670 = CARTESIAN_POINT('',(5.999999927492,15.3,42.));
#1671 = DIRECTION('',(0.,0.,-1.));
#1672 = DIRECTION('',(-1.,0.,0.));
#1673 = PCURVE('',#144,#1674);
#1674 = DEFINITIONAL_REPRESENTATION('',(#1675),#1683);
#1675 = ( BOUNDED_CURVE() B_SPLINE_CURVE(2,(#1676,#1677,#1678,#1679,
#1680,#1681,#1682),.UNSPECIFIED.,.T.,.F.) B_SPLINE_CURVE_WITH_KNOTS((1,2
    ,2,2,2,1),(-2.094395102393,0.,2.094395102393,4.188790204786,
6.28318530718,8.377580409573),.UNSPECIFIED.) CURVE() 
GEOMETRIC_REPRESENTATION_ITEM() RATIONAL_B_SPLINE_CURVE((1.,0.5,1.,0.5,
1.,0.5,1.)) REPRESENTATION_ITEM('') );
#1676 = CARTESIAN_POINT('',(3.999999950971,-44.70000001539));
#1677 = CARTESIAN_POINT('',(3.999999950971,-41.23589840025));
#1678 = CARTESIAN_POINT('',(6.999999950971,-42.96794920782));
#1679 = CARTESIAN_POINT('',(9.999999950971,-44.70000001539));
#1680 = CARTESIAN_POINT('',(6.999999950971,-46.43205082296));
#1681 = CARTESIAN_POINT('',(3.999999950971,-48.16410163053));
#1682 = CARTESIAN_POINT('',(3.999999950971,-44.70000001539));
#1683 = ( GEOMETRIC_REPRESENTATION_CONTEXT(2) 
PARAMETRIC_REPRESENTATION_CONTEXT() REPRESENTATION_CONTEXT('2D SPACE',''
  ) );
#1684 = PCURVE('',#1685,#1690);
#1685 = CYLINDRICAL_SURFACE('',#1686,2.);
#1686 = AXIS2_PLACEMENT_3D('',#1687,#1688,#1689);
#1687 = CARTESIAN_POINT('',(5.999999927492,15.3,38.));
#1688 = DIRECTION('',(0.,0.,-1.));
#1689 = DIRECTION('',(-1.,0.,0.));
#1690 = DEFINITIONAL_REPRESENTATION('',(#1691),#1695);
#1691 = LINE('',#1692,#1693);
#1692 = CARTESIAN_POINT('',(0.,-4.));
#1693 = VECTOR('',#1694,1.);
#1694 = DIRECTION('',(1.,0.));
#1695 = ( GEOMETRIC_REPRESENTATION_CONTEXT(2) 
PARAMETRIC_REPRESENTATION_CONTEXT() REPRESENTATION_CONTEXT('2D SPACE',''
  ) );
#1696 = ORIENTED_EDGE('',*,*,#1697,.T.);
#1697 = EDGE_CURVE('',#1665,#1698,#1700,.T.);
#1698 = VERTEX_POINT('',#1699);
#1699 = CARTESIAN_POINT('',(-6.,13.3,42.));
#1700 = SURFACE_CURVE('',#1701,(#1705,#1711),.PCURVE_S1.);
#1701 = LINE('',#1702,#1703);
#1702 = CARTESIAN_POINT('',(-3.000000011739,13.3,42.));
#1703 = VECTOR('',#1704,1.);
#1704 = DIRECTION('',(-1.,0.,0.));
#1705 = PCURVE('',#144,#1706);
#1706 = DEFINITIONAL_REPRESENTATION('',(#1707),#1710);
#1707 = B_SPLINE_CURVE_WITH_KNOTS('',1,(#1708,#1709),.UNSPECIFIED.,.F.,
  .F.,(2,2),(-8.999999939232,2.999999988261),.PIECEWISE_BEZIER_KNOTS.);
#1708 = CARTESIAN_POINT('',(5.999999950971,-46.70000001539));
#1709 = CARTESIAN_POINT('',(-5.999999976522,-46.70000001539));
#1710 = ( GEOMETRIC_REPRESENTATION_CONTEXT(2) 
PARAMETRIC_REPRESENTATION_CONTEXT() REPRESENTATION_CONTEXT('2D SPACE',''
  ) );
#1711 = PCURVE('',#1712,#1717);
#1712 = PLANE('',#1713);
#1713 = AXIS2_PLACEMENT_3D('',#1714,#1715,#1716);
#1714 = CARTESIAN_POINT('',(-6.,13.3,38.));
#1715 = DIRECTION('',(0.,1.,0.));
#1716 = DIRECTION('',(1.,0.,0.));
#1717 = DEFINITIONAL_REPRESENTATION('',(#1718),#1721);
#1718 = B_SPLINE_CURVE_WITH_KNOTS('',1,(#1719,#1720),.UNSPECIFIED.,.F.,
  .F.,(2,2),(-8.999999939232,2.999999988261),.PIECEWISE_BEZIER_KNOTS.);
#1719 = CARTESIAN_POINT('',(11.999999927492,-4.));
#1720 = CARTESIAN_POINT('',(0.,-4.));
#1721 = ( GEOMETRIC_REPRESENTATION_CONTEXT(2) 
PARAMETRIC_REPRESENTATION_CONTEXT() REPRESENTATION_CONTEXT('2D SPACE',''
  ) );
#1722 = ORIENTED_EDGE('',*,*,#1723,.T.);
#1723 = EDGE_CURVE('',#1698,#1521,#1724,.T.);
#1724 = SURFACE_CURVE('',#1725,(#1730,#1741),.PCURVE_S1.);
#1725 = CIRCLE('',#1726,2.);
#1726 = AXIS2_PLACEMENT_3D('',#1727,#1728,#1729);
#1727 = CARTESIAN_POINT('',(-6.,15.3,42.));
#1728 = DIRECTION('',(0.,0.,-1.));
#1729 = DIRECTION('',(-1.,0.,0.));
#1730 = PCURVE('',#144,#1731);
#1731 = DEFINITIONAL_REPRESENTATION('',(#1732),#1740);
#1732 = ( BOUNDED_CURVE() B_SPLINE_CURVE(2,(#1733,#1734,#1735,#1736,
#1737,#1738,#1739),.UNSPECIFIED.,.T.,.F.) B_SPLINE_CURVE_WITH_KNOTS((1,2
    ,2,2,2,1),(-2.094395102393,0.,2.094395102393,4.188790204786,
6.28318530718,8.377580409573),.UNSPECIFIED.) CURVE() 
GEOMETRIC_REPRESENTATION_ITEM() RATIONAL_B_SPLINE_CURVE((1.,0.5,1.,0.5,
1.,0.5,1.)) REPRESENTATION_ITEM('') );
#1733 = CARTESIAN_POINT('',(-7.999999976522,-44.70000001539));
#1734 = CARTESIAN_POINT('',(-7.999999976522,-41.23589840025));
#1735 = CARTESIAN_POINT('',(-4.999999976522,-42.96794920782));
#1736 = CARTESIAN_POINT('',(-1.999999976522,-44.70000001539));
#1737 = CARTESIAN_POINT('',(-4.999999976522,-46.43205082296));
#1738 = CARTESIAN_POINT('',(-7.999999976522,-48.16410163053));
#1739 = CARTESIAN_POINT('',(-7.999999976522,-44.70000001539));
#1740 = ( GEOMETRIC_REPRESENTATION_CONTEXT(2) 
PARAMETRIC_REPRESENTATION_CONTEXT() REPRESENTATION_CONTEXT('2D SPACE',''
  ) );
#1741 = PCURVE('',#1742,#1747);
#1742 = CYLINDRICAL_SURFACE('',#1743,2.);
#1743 = AXIS2_PLACEMENT_3D('',#1744,#1745,#1746);
#1744 = CARTESIAN_POINT('',(-6.,15.3,38.));
#1745 = DIRECTION('',(0.,0.,-1.));
#1746 = DIRECTION('',(-1.,0.,0.));
#1747 = DEFINITIONAL_REPRESENTATION('',(#1748),#1752);
#1748 = LINE('',#1749,#1750);
#1749 = CARTESIAN_POINT('',(0.,-4.));
#1750 = VECTOR('',#1751,1.);
#1751 = DIRECTION('',(1.,0.));
#1752 = ( GEOMETRIC_REPRESENTATION_CONTEXT(2) 
PARAMETRIC_REPRESENTATION_CONTEXT() REPRESENTATION_CONTEXT('2D SPACE',''
  ) );
#1753 = FACE_BOUND('',#1754,.F.);
#1754 = EDGE_LOOP('',(#1755));
#1755 = ORIENTED_EDGE('',*,*,#1756,.F.);
#1756 = EDGE_CURVE('',#1757,#1757,#1759,.T.);
#1757 = VERTEX_POINT('',#1758);
#1758 = CARTESIAN_POINT('',(20.7,15.,42.));
#1759 = SURFACE_CURVE('',#1760,(#1765,#1772),.PCURVE_S1.);
#1760 = CIRCLE('',#1761,1.2);
#1761 = AXIS2_PLACEMENT_3D('',#1762,#1763,#1764);
#1762 = CARTESIAN_POINT('',(19.5,15.,42.));
#1763 = DIRECTION('',(0.,0.,1.));
#1764 = DIRECTION('',(1.,0.,-0.));
#1765 = PCURVE('',#144,#1766);
#1766 = DEFINITIONAL_REPRESENTATION('',(#1767),#1771);
#1767 = CIRCLE('',#1768,1.2);
#1768 = AXIS2_PLACEMENT_2D('',#1769,#1770);
#1769 = CARTESIAN_POINT('',(19.500000023478,-45.00000001539));
#1770 = DIRECTION('',(1.,0.));
#1771 = ( GEOMETRIC_REPRESENTATION_CONTEXT(2) 
PARAMETRIC_REPRESENTATION_CONTEXT() REPRESENTATION_CONTEXT('2D SPACE',''
  ) );
#1772 = PCURVE('',#1773,#1778);
#1773 = CYLINDRICAL_SURFACE('',#1774,1.2);
#1774 = AXIS2_PLACEMENT_3D('',#1775,#1776,#1777);
#1775 = CARTESIAN_POINT('',(19.5,15.,38.));
#1776 = DIRECTION('',(0.,0.,1.));
#1777 = DIRECTION('',(1.,0.,-0.));
#1778 = DEFINITIONAL_REPRESENTATION('',(#1779),#1783);
#1779 = LINE('',#1780,#1781);
#1780 = CARTESIAN_POINT('',(0.,4.));
#1781 = VECTOR('',#1782,1.);
#1782 = DIRECTION('',(1.,0.));
#1783 = ( GEOMETRIC_REPRESENTATION_CONTEXT(2) 
PARAMETRIC_REPRESENTATION_CONTEXT() REPRESENTATION_CONTEXT('2D SPACE',''
  ) );
#1784 = FACE_BOUND('',#1785,.F.);
#1785 = EDGE_LOOP('',(#1786,#1821,#1850,#1883,#1910,#1943,#1976,#2003,
    #2032,#2065,#2092,#2125,#2158));
#1786 = ORIENTED_EDGE('',*,*,#1787,.T.);
#1787 = EDGE_CURVE('',#1788,#1790,#1792,.T.);
#1788 = VERTEX_POINT('',#1789);
#1789 = CARTESIAN_POINT('',(21.799999998185,25.000000009836,42.));
#1790 = VERTEX_POINT('',#1791);
#1791 = CARTESIAN_POINT('',(20.711848674145,18.442952626885,42.));
#1792 = SURFACE_CURVE('',#1793,(#1798,#1809),.PCURVE_S1.);
#1793 = CIRCLE('',#1794,20.3);
#1794 = AXIS2_PLACEMENT_3D('',#1795,#1796,#1797);
#1795 = CARTESIAN_POINT('',(1.49999999637,25.000000009836,42.));
#1796 = DIRECTION('',(0.,0.,-1.));
#1797 = DIRECTION('',(1.,0.,0.));
#1798 = PCURVE('',#144,#1799);
#1799 = DEFINITIONAL_REPRESENTATION('',(#1800),#1808);
#1800 = ( BOUNDED_CURVE() B_SPLINE_CURVE(2,(#1801,#1802,#1803,#1804,
#1805,#1806,#1807),.UNSPECIFIED.,.T.,.F.) B_SPLINE_CURVE_WITH_KNOTS((1,2
    ,2,2,2,1),(-2.094395102393,0.,2.094395102393,4.188790204786,
6.28318530718,8.377580409573),.UNSPECIFIED.) CURVE() 
GEOMETRIC_REPRESENTATION_ITEM() RATIONAL_B_SPLINE_CURVE((1.,0.5,1.,0.5,
1.,0.5,1.)) REPRESENTATION_ITEM('') );
#1801 = CARTESIAN_POINT('',(21.800000019849,-35.00000000556));
#1802 = CARTESIAN_POINT('',(21.800000019849,-70.1606313992));
#1803 = CARTESIAN_POINT('',(-8.649999980151,-52.58031570238));
#1804 = CARTESIAN_POINT('',(-39.09999998015,-35.00000000556));
#1805 = CARTESIAN_POINT('',(-8.649999980151,-17.41968430873));
#1806 = CARTESIAN_POINT('',(21.800000019849,0.160631388088));
#1807 = CARTESIAN_POINT('',(21.800000019849,-35.00000000556));
#1808 = ( GEOMETRIC_REPRESENTATION_CONTEXT(2) 
PARAMETRIC_REPRESENTATION_CONTEXT() REPRESENTATION_CONTEXT('2D SPACE',''
  ) );
#1809 = PCURVE('',#1810,#1815);
#1810 = CYLINDRICAL_SURFACE('',#1811,20.3);
#1811 = AXIS2_PLACEMENT_3D('',#1812,#1813,#1814);
#1812 = CARTESIAN_POINT('',(1.49999999637,25.000000009836,39.5));
#1813 = DIRECTION('',(-0.,-0.,-1.));
#1814 = DIRECTION('',(1.,0.,0.));
#1815 = DEFINITIONAL_REPRESENTATION('',(#1816),#1820);
#1816 = LINE('',#1817,#1818);
#1817 = CARTESIAN_POINT('',(-6.28318530718,-2.5));
#1818 = VECTOR('',#1819,1.);
#1819 = DIRECTION('',(1.,-0.));
#1820 = ( GEOMETRIC_REPRESENTATION_CONTEXT(2) 
PARAMETRIC_REPRESENTATION_CONTEXT() REPRESENTATION_CONTEXT('2D SPACE',''
  ) );
#1821 = ORIENTED_EDGE('',*,*,#1822,.T.);
#1822 = EDGE_CURVE('',#1790,#1823,#1825,.T.);
#1823 = VERTEX_POINT('',#1824);
#1824 = CARTESIAN_POINT('',(19.190400496541,18.636845906477,42.));
#1825 = SURFACE_CURVE('',#1826,(#1831,#1838),.PCURVE_S1.);
#1826 = CIRCLE('',#1827,3.65);
#1827 = AXIS2_PLACEMENT_3D('',#1828,#1829,#1830);
#1828 = CARTESIAN_POINT('',(19.5,15.,42.));
#1829 = DIRECTION('',(0.,0.,1.));
#1830 = DIRECTION('',(1.,0.,-0.));
#1831 = PCURVE('',#144,#1832);
#1832 = DEFINITIONAL_REPRESENTATION('',(#1833),#1837);
#1833 = CIRCLE('',#1834,3.65);
#1834 = AXIS2_PLACEMENT_2D('',#1835,#1836);
#1835 = CARTESIAN_POINT('',(19.500000023478,-45.00000001539));
#1836 = DIRECTION('',(1.,0.));
#1837 = ( GEOMETRIC_REPRESENTATION_CONTEXT(2) 
PARAMETRIC_REPRESENTATION_CONTEXT() REPRESENTATION_CONTEXT('2D SPACE',''
  ) );
#1838 = PCURVE('',#1839,#1844);
#1839 = CYLINDRICAL_SURFACE('',#1840,3.65);
#1840 = AXIS2_PLACEMENT_3D('',#1841,#1842,#1843);
#1841 = CARTESIAN_POINT('',(19.5,15.,39.));
#1842 = DIRECTION('',(0.,0.,1.));
#1843 = DIRECTION('',(1.,0.,-0.));
#1844 = DEFINITIONAL_REPRESENTATION('',(#1845),#1849);
#1845 = LINE('',#1846,#1847);
#1846 = CARTESIAN_POINT('',(0.,3.));
#1847 = VECTOR('',#1848,1.);
#1848 = DIRECTION('',(1.,0.));
#1849 = ( GEOMETRIC_REPRESENTATION_CONTEXT(2) 
PARAMETRIC_REPRESENTATION_CONTEXT() REPRESENTATION_CONTEXT('2D SPACE',''
  ) );
#1850 = ORIENTED_EDGE('',*,*,#1851,.F.);
#1851 = EDGE_CURVE('',#1852,#1823,#1854,.T.);
#1852 = VERTEX_POINT('',#1853);
#1853 = CARTESIAN_POINT('',(20.299999998185,25.000000009873,42.));
#1854 = SURFACE_CURVE('',#1855,(#1860,#1871),.PCURVE_S1.);
#1855 = CIRCLE('',#1856,18.8);
#1856 = AXIS2_PLACEMENT_3D('',#1857,#1858,#1859);
#1857 = CARTESIAN_POINT('',(1.49999999637,25.000000009873,42.));
#1858 = DIRECTION('',(0.,0.,-1.));
#1859 = DIRECTION('',(-1.,0.,0.));
#1860 = PCURVE('',#144,#1861);
#1861 = DEFINITIONAL_REPRESENTATION('',(#1862),#1870);
#1862 = ( BOUNDED_CURVE() B_SPLINE_CURVE(2,(#1863,#1864,#1865,#1866,
#1867,#1868,#1869),.UNSPECIFIED.,.T.,.F.) B_SPLINE_CURVE_WITH_KNOTS((1,2
    ,2,2,2,1),(-2.094395102393,0.,2.094395102393,4.188790204786,
6.28318530718,8.377580409573),.UNSPECIFIED.) CURVE() 
GEOMETRIC_REPRESENTATION_ITEM() RATIONAL_B_SPLINE_CURVE((1.,0.5,1.,0.5,
1.,0.5,1.)) REPRESENTATION_ITEM('') );
#1863 = CARTESIAN_POINT('',(-17.29999998015,-35.00000000552));
#1864 = CARTESIAN_POINT('',(-17.29999998015,-2.437444823228));
#1865 = CARTESIAN_POINT('',(10.900000019849,-18.71872241437));
#1866 = CARTESIAN_POINT('',(39.100000019849,-35.00000000552));
#1867 = CARTESIAN_POINT('',(10.900000019849,-51.28127759667));
#1868 = CARTESIAN_POINT('',(-17.29999998015,-67.56255518781));
#1869 = CARTESIAN_POINT('',(-17.29999998015,-35.00000000552));
#1870 = ( GEOMETRIC_REPRESENTATION_CONTEXT(2) 
PARAMETRIC_REPRESENTATION_CONTEXT() REPRESENTATION_CONTEXT('2D SPACE',''
  ) );
#1871 = PCURVE('',#1872,#1877);
#1872 = CYLINDRICAL_SURFACE('',#1873,18.8);
#1873 = AXIS2_PLACEMENT_3D('',#1874,#1875,#1876);
#1874 = CARTESIAN_POINT('',(1.49999999637,25.000000009873,39.5));
#1875 = DIRECTION('',(0.,0.,-1.));
#1876 = DIRECTION('',(-1.,0.,0.));
#1877 = DEFINITIONAL_REPRESENTATION('',(#1878),#1882);
#1878 = LINE('',#1879,#1880);
#1879 = CARTESIAN_POINT('',(0.,-2.5));
#1880 = VECTOR('',#1881,1.);
#1881 = DIRECTION('',(1.,0.));
#1882 = ( GEOMETRIC_REPRESENTATION_CONTEXT(2) 
PARAMETRIC_REPRESENTATION_CONTEXT() REPRESENTATION_CONTEXT('2D SPACE',''
  ) );
#1883 = ORIENTED_EDGE('',*,*,#1884,.F.);
#1884 = EDGE_CURVE('',#1885,#1852,#1887,.T.);
#1885 = VERTEX_POINT('',#1886);
#1886 = CARTESIAN_POINT('',(20.3,27.000000007453,42.));
#1887 = SURFACE_CURVE('',#1888,(#1892,#1899),.PCURVE_S1.);
#1888 = LINE('',#1889,#1890);
#1889 = CARTESIAN_POINT('',(20.3,42.500000012635,42.));
#1890 = VECTOR('',#1891,1.);
#1891 = DIRECTION('',(0.,-1.,0.));
#1892 = PCURVE('',#144,#1893);
#1893 = DEFINITIONAL_REPRESENTATION('',(#1894),#1898);
#1894 = LINE('',#1895,#1896);
#1895 = CARTESIAN_POINT('',(20.300000023478,-17.50000000276));
#1896 = VECTOR('',#1897,1.);
#1897 = DIRECTION('',(0.,-1.));
#1898 = ( GEOMETRIC_REPRESENTATION_CONTEXT(2) 
PARAMETRIC_REPRESENTATION_CONTEXT() REPRESENTATION_CONTEXT('2D SPACE',''
  ) );
#1899 = PCURVE('',#1900,#1905);
#1900 = PLANE('',#1901);
#1901 = AXIS2_PLACEMENT_3D('',#1902,#1903,#1904);
#1902 = CARTESIAN_POINT('',(20.3,25.000000009873,39.5));
#1903 = DIRECTION('',(-1.,0.,0.));
#1904 = DIRECTION('',(0.,1.,0.));
#1905 = DEFINITIONAL_REPRESENTATION('',(#1906),#1909);
#1906 = B_SPLINE_CURVE_WITH_KNOTS('',1,(#1907,#1908),.UNSPECIFIED.,.F.,
  .F.,(2,2),(15.500000005181,17.500000002762),.PIECEWISE_BEZIER_KNOTS.);
#1907 = CARTESIAN_POINT('',(1.99999999758,-2.5));
#1908 = CARTESIAN_POINT('',(0.,-2.5));
#1909 = ( GEOMETRIC_REPRESENTATION_CONTEXT(2) 
PARAMETRIC_REPRESENTATION_CONTEXT() REPRESENTATION_CONTEXT('2D SPACE',''
  ) );
#1910 = ORIENTED_EDGE('',*,*,#1911,.F.);
#1911 = EDGE_CURVE('',#1912,#1885,#1914,.T.);
#1912 = VERTEX_POINT('',#1913);
#1913 = CARTESIAN_POINT('',(15.372121060578,39.688745307153,42.));
#1914 = SURFACE_CURVE('',#1915,(#1920,#1931),.PCURVE_S1.);
#1915 = CIRCLE('',#1916,18.8);
#1916 = AXIS2_PLACEMENT_3D('',#1917,#1918,#1919);
#1917 = CARTESIAN_POINT('',(1.5,27.000000007453,42.));
#1918 = DIRECTION('',(0.,0.,-1.));
#1919 = DIRECTION('',(-1.,0.,0.));
#1920 = PCURVE('',#144,#1921);
#1921 = DEFINITIONAL_REPRESENTATION('',(#1922),#1930);
#1922 = ( BOUNDED_CURVE() B_SPLINE_CURVE(2,(#1923,#1924,#1925,#1926,
#1927,#1928,#1929),.UNSPECIFIED.,.T.,.F.) B_SPLINE_CURVE_WITH_KNOTS((1,2
    ,2,2,2,1),(-2.094395102393,0.,2.094395102393,4.188790204786,
6.28318530718,8.377580409573),.UNSPECIFIED.) CURVE() 
GEOMETRIC_REPRESENTATION_ITEM() RATIONAL_B_SPLINE_CURVE((1.,0.5,1.,0.5,
1.,0.5,1.)) REPRESENTATION_ITEM('') );
#1923 = CARTESIAN_POINT('',(-17.29999997652,-33.00000000794));
#1924 = CARTESIAN_POINT('',(-17.29999997652,-0.437444825648));
#1925 = CARTESIAN_POINT('',(10.900000023478,-16.71872241679));
#1926 = CARTESIAN_POINT('',(39.100000023478,-33.00000000794));
#1927 = CARTESIAN_POINT('',(10.900000023478,-49.28127759909));
#1928 = CARTESIAN_POINT('',(-17.29999997652,-65.56255519023));
#1929 = CARTESIAN_POINT('',(-17.29999997652,-33.00000000794));
#1930 = ( GEOMETRIC_REPRESENTATION_CONTEXT(2) 
PARAMETRIC_REPRESENTATION_CONTEXT() REPRESENTATION_CONTEXT('2D SPACE',''
  ) );
#1931 = PCURVE('',#1932,#1937);
#1932 = CYLINDRICAL_SURFACE('',#1933,18.8);
#1933 = AXIS2_PLACEMENT_3D('',#1934,#1935,#1936);
#1934 = CARTESIAN_POINT('',(1.5,27.000000007453,39.5));
#1935 = DIRECTION('',(0.,0.,-1.));
#1936 = DIRECTION('',(-1.,0.,0.));
#1937 = DEFINITIONAL_REPRESENTATION('',(#1938),#1942);
#1938 = LINE('',#1939,#1940);
#1939 = CARTESIAN_POINT('',(0.,-2.5));
#1940 = VECTOR('',#1941,1.);
#1941 = DIRECTION('',(1.,0.));
#1942 = ( GEOMETRIC_REPRESENTATION_CONTEXT(2) 
PARAMETRIC_REPRESENTATION_CONTEXT() REPRESENTATION_CONTEXT('2D SPACE',''
  ) );
#1943 = ORIENTED_EDGE('',*,*,#1944,.F.);
#1944 = EDGE_CURVE('',#1945,#1912,#1947,.T.);
#1945 = VERTEX_POINT('',#1946);
#1946 = CARTESIAN_POINT('',(30.8,58.999999990152,42.));
#1947 = SURFACE_CURVE('',#1948,(#1953,#1964),.PCURVE_S1.);
#1948 = CIRCLE('',#1949,19.8);
#1949 = AXIS2_PLACEMENT_3D('',#1950,#1951,#1952);
#1950 = CARTESIAN_POINT('',(11.,58.999999990152,42.));
#1951 = DIRECTION('',(0.,0.,-1.));
#1952 = DIRECTION('',(1.,0.,0.));
#1953 = PCURVE('',#144,#1954);
#1954 = DEFINITIONAL_REPRESENTATION('',(#1955),#1963);
#1955 = ( BOUNDED_CURVE() B_SPLINE_CURVE(2,(#1956,#1957,#1958,#1959,
#1960,#1961,#1962),.UNSPECIFIED.,.T.,.F.) B_SPLINE_CURVE_WITH_KNOTS((1,2
    ,2,2,2,1),(-2.094395102393,0.,2.094395102393,4.188790204786,
6.28318530718,8.377580409573),.UNSPECIFIED.) CURVE() 
GEOMETRIC_REPRESENTATION_ITEM() RATIONAL_B_SPLINE_CURVE((1.,0.5,1.,0.5,
1.,0.5,1.)) REPRESENTATION_ITEM('') );
#1956 = CARTESIAN_POINT('',(30.800000023478,-1.000000025244));
#1957 = CARTESIAN_POINT('',(30.800000023478,-35.2946060151));
#1958 = CARTESIAN_POINT('',(1.100000023478,-18.14730302017));
#1959 = CARTESIAN_POINT('',(-28.59999997652,-1.000000025244));
#1960 = CARTESIAN_POINT('',(1.100000023478,16.147302969688));
#1961 = CARTESIAN_POINT('',(30.800000023478,33.29460596462));
#1962 = CARTESIAN_POINT('',(30.800000023478,-1.000000025244));
#1963 = ( GEOMETRIC_REPRESENTATION_CONTEXT(2) 
PARAMETRIC_REPRESENTATION_CONTEXT() REPRESENTATION_CONTEXT('2D SPACE',''
  ) );
#1964 = PCURVE('',#1965,#1970);
#1965 = CYLINDRICAL_SURFACE('',#1966,19.8);
#1966 = AXIS2_PLACEMENT_3D('',#1967,#1968,#1969);
#1967 = CARTESIAN_POINT('',(11.,58.999999990152,39.5));
#1968 = DIRECTION('',(-0.,-0.,-1.));
#1969 = DIRECTION('',(1.,0.,0.));
#1970 = DEFINITIONAL_REPRESENTATION('',(#1971),#1975);
#1971 = LINE('',#1972,#1973);
#1972 = CARTESIAN_POINT('',(-6.28318530718,-2.5));
#1973 = VECTOR('',#1974,1.);
#1974 = DIRECTION('',(1.,-0.));
#1975 = ( GEOMETRIC_REPRESENTATION_CONTEXT(2) 
PARAMETRIC_REPRESENTATION_CONTEXT() REPRESENTATION_CONTEXT('2D SPACE',''
  ) );
#1976 = ORIENTED_EDGE('',*,*,#1977,.F.);
#1977 = EDGE_CURVE('',#1978,#1945,#1980,.T.);
#1978 = VERTEX_POINT('',#1979);
#1979 = CARTESIAN_POINT('',(30.8,60.489658136306,42.));
#1980 = SURFACE_CURVE('',#1981,(#1985,#1992),.PCURVE_S1.);
#1981 = LINE('',#1982,#1983);
#1982 = CARTESIAN_POINT('',(30.8,59.500000002774,42.));
#1983 = VECTOR('',#1984,1.);
#1984 = DIRECTION('',(0.,-1.,0.));
#1985 = PCURVE('',#144,#1986);
#1986 = DEFINITIONAL_REPRESENTATION('',(#1987),#1991);
#1987 = LINE('',#1988,#1989);
#1988 = CARTESIAN_POINT('',(30.800000023478,-0.500000012622));
#1989 = VECTOR('',#1990,1.);
#1990 = DIRECTION('',(0.,-1.));
#1991 = ( GEOMETRIC_REPRESENTATION_CONTEXT(2) 
PARAMETRIC_REPRESENTATION_CONTEXT() REPRESENTATION_CONTEXT('2D SPACE',''
  ) );
#1992 = PCURVE('',#1993,#1998);
#1993 = PLANE('',#1994);
#1994 = AXIS2_PLACEMENT_3D('',#1995,#1996,#1997);
#1995 = CARTESIAN_POINT('',(30.8,58.999999990152,39.5));
#1996 = DIRECTION('',(-1.,0.,0.));
#1997 = DIRECTION('',(0.,1.,0.));
#1998 = DEFINITIONAL_REPRESENTATION('',(#1999),#2002);
#1999 = B_SPLINE_CURVE_WITH_KNOTS('',1,(#2000,#2001),.UNSPECIFIED.,.F.,
  .F.,(2,2),(-1.500000004654,0.500000012622),.PIECEWISE_BEZIER_KNOTS.);
#2000 = CARTESIAN_POINT('',(2.000000017276,-2.5));
#2001 = CARTESIAN_POINT('',(-7.105427357601E-15,-2.5));
#2002 = ( GEOMETRIC_REPRESENTATION_CONTEXT(2) 
PARAMETRIC_REPRESENTATION_CONTEXT() REPRESENTATION_CONTEXT('2D SPACE',''
  ) );
#2003 = ORIENTED_EDGE('',*,*,#2004,.T.);
#2004 = EDGE_CURVE('',#1978,#2005,#2007,.T.);
#2005 = VERTEX_POINT('',#2006);
#2006 = CARTESIAN_POINT('',(32.297317044279,61.338063190015,42.));
#2007 = SURFACE_CURVE('',#2008,(#2013,#2020),.PCURVE_S1.);
#2008 = CIRCLE('',#2009,3.65);
#2009 = AXIS2_PLACEMENT_3D('',#2010,#2011,#2012);
#2010 = CARTESIAN_POINT('',(29.8,64.,42.));
#2011 = DIRECTION('',(0.,0.,1.));
#2012 = DIRECTION('',(1.,0.,-0.));
#2013 = PCURVE('',#144,#2014);
#2014 = DEFINITIONAL_REPRESENTATION('',(#2015),#2019);
#2015 = CIRCLE('',#2016,3.65);
#2016 = AXIS2_PLACEMENT_2D('',#2017,#2018);
#2017 = CARTESIAN_POINT('',(29.800000023478,3.999999984604));
#2018 = DIRECTION('',(1.,0.));
#2019 = ( GEOMETRIC_REPRESENTATION_CONTEXT(2) 
PARAMETRIC_REPRESENTATION_CONTEXT() REPRESENTATION_CONTEXT('2D SPACE',''
  ) );
#2020 = PCURVE('',#2021,#2026);
#2021 = CYLINDRICAL_SURFACE('',#2022,3.65);
#2022 = AXIS2_PLACEMENT_3D('',#2023,#2024,#2025);
#2023 = CARTESIAN_POINT('',(29.8,64.,39.));
#2024 = DIRECTION('',(0.,0.,1.));
#2025 = DIRECTION('',(1.,0.,-0.));
#2026 = DEFINITIONAL_REPRESENTATION('',(#2027),#2031);
#2027 = LINE('',#2028,#2029);
#2028 = CARTESIAN_POINT('',(0.,3.));
#2029 = VECTOR('',#2030,1.);
#2030 = DIRECTION('',(1.,0.));
#2031 = ( GEOMETRIC_REPRESENTATION_CONTEXT(2) 
PARAMETRIC_REPRESENTATION_CONTEXT() REPRESENTATION_CONTEXT('2D SPACE',''
  ) );
#2032 = ORIENTED_EDGE('',*,*,#2033,.T.);
#2033 = EDGE_CURVE('',#2005,#2034,#2036,.T.);
#2034 = VERTEX_POINT('',#2035);
#2035 = CARTESIAN_POINT('',(32.3,61.000000007395,42.));
#2036 = SURFACE_CURVE('',#2037,(#2042,#2053),.PCURVE_S1.);
#2037 = CIRCLE('',#2038,21.3);
#2038 = AXIS2_PLACEMENT_3D('',#2039,#2040,#2041);
#2039 = CARTESIAN_POINT('',(11.,61.000000007395,42.));
#2040 = DIRECTION('',(0.,0.,-1.));
#2041 = DIRECTION('',(1.,0.,0.));
#2042 = PCURVE('',#144,#2043);
#2043 = DEFINITIONAL_REPRESENTATION('',(#2044),#2052);
#2044 = ( BOUNDED_CURVE() B_SPLINE_CURVE(2,(#2045,#2046,#2047,#2048,
#2049,#2050,#2051),.UNSPECIFIED.,.T.,.F.) B_SPLINE_CURVE_WITH_KNOTS((1,2
    ,2,2,2,1),(-2.094395102393,0.,2.094395102393,4.188790204786,
6.28318530718,8.377580409573),.UNSPECIFIED.) CURVE() 
GEOMETRIC_REPRESENTATION_ITEM() RATIONAL_B_SPLINE_CURVE((1.,0.5,1.,0.5,
1.,0.5,1.)) REPRESENTATION_ITEM('') );
#2045 = CARTESIAN_POINT('',(32.300000023478,0.999999991998));
#2046 = CARTESIAN_POINT('',(32.300000023478,-35.89268220921));
#2047 = CARTESIAN_POINT('',(0.350000023478,-17.44634110861));
#2048 = CARTESIAN_POINT('',(-31.59999997652,0.999999991998));
#2049 = CARTESIAN_POINT('',(0.350000023478,19.446341092607));
#2050 = CARTESIAN_POINT('',(32.300000023478,37.892682193215));
#2051 = CARTESIAN_POINT('',(32.300000023478,0.999999991998));
#2052 = ( GEOMETRIC_REPRESENTATION_CONTEXT(2) 
PARAMETRIC_REPRESENTATION_CONTEXT() REPRESENTATION_CONTEXT('2D SPACE',''
  ) );
#2053 = PCURVE('',#2054,#2059);
#2054 = CYLINDRICAL_SURFACE('',#2055,21.3);
#2055 = AXIS2_PLACEMENT_3D('',#2056,#2057,#2058);
#2056 = CARTESIAN_POINT('',(11.,61.000000007395,39.5));
#2057 = DIRECTION('',(-0.,-0.,-1.));
#2058 = DIRECTION('',(1.,0.,0.));
#2059 = DEFINITIONAL_REPRESENTATION('',(#2060),#2064);
#2060 = LINE('',#2061,#2062);
#2061 = CARTESIAN_POINT('',(-6.28318530718,-2.5));
#2062 = VECTOR('',#2063,1.);
#2063 = DIRECTION('',(1.,-0.));
#2064 = ( GEOMETRIC_REPRESENTATION_CONTEXT(2) 
PARAMETRIC_REPRESENTATION_CONTEXT() REPRESENTATION_CONTEXT('2D SPACE',''
  ) );
#2065 = ORIENTED_EDGE('',*,*,#2066,.T.);
#2066 = EDGE_CURVE('',#2034,#2067,#2069,.T.);
#2067 = VERTEX_POINT('',#2068);
#2068 = CARTESIAN_POINT('',(32.3,59.000000009815,42.));
#2069 = SURFACE_CURVE('',#2070,(#2074,#2081),.PCURVE_S1.);
#2070 = LINE('',#2071,#2072);
#2071 = CARTESIAN_POINT('',(32.3,59.500000012605,42.));
#2072 = VECTOR('',#2073,1.);
#2073 = DIRECTION('',(0.,-1.,0.));
#2074 = PCURVE('',#144,#2075);
#2075 = DEFINITIONAL_REPRESENTATION('',(#2076),#2080);
#2076 = LINE('',#2077,#2078);
#2077 = CARTESIAN_POINT('',(32.300000023478,-0.500000002791));
#2078 = VECTOR('',#2079,1.);
#2079 = DIRECTION('',(0.,-1.));
#2080 = ( GEOMETRIC_REPRESENTATION_CONTEXT(2) 
PARAMETRIC_REPRESENTATION_CONTEXT() REPRESENTATION_CONTEXT('2D SPACE',''
  ) );
#2081 = PCURVE('',#2082,#2087);
#2082 = PLANE('',#2083);
#2083 = AXIS2_PLACEMENT_3D('',#2084,#2085,#2086);
#2084 = CARTESIAN_POINT('',(32.3,59.000000009815,39.5));
#2085 = DIRECTION('',(-1.,0.,0.));
#2086 = DIRECTION('',(0.,1.,0.));
#2087 = DEFINITIONAL_REPRESENTATION('',(#2088),#2091);
#2088 = B_SPLINE_CURVE_WITH_KNOTS('',1,(#2089,#2090),.UNSPECIFIED.,.F.,
  .F.,(2,2),(-1.499999994789,0.500000002791),.PIECEWISE_BEZIER_KNOTS.);
#2089 = CARTESIAN_POINT('',(1.99999999758,-2.5));
#2090 = CARTESIAN_POINT('',(-7.105427357601E-15,-2.5));
#2091 = ( GEOMETRIC_REPRESENTATION_CONTEXT(2) 
PARAMETRIC_REPRESENTATION_CONTEXT() REPRESENTATION_CONTEXT('2D SPACE',''
  ) );
#2092 = ORIENTED_EDGE('',*,*,#2093,.T.);
#2093 = EDGE_CURVE('',#2067,#2094,#2096,.T.);
#2094 = VERTEX_POINT('',#2095);
#2095 = CARTESIAN_POINT('',(17.966807909779,38.871572660709,42.));
#2096 = SURFACE_CURVE('',#2097,(#2102,#2113),.PCURVE_S1.);
#2097 = CIRCLE('',#2098,21.3);
#2098 = AXIS2_PLACEMENT_3D('',#2099,#2100,#2101);
#2099 = CARTESIAN_POINT('',(11.,59.000000009815,42.));
#2100 = DIRECTION('',(0.,0.,-1.));
#2101 = DIRECTION('',(1.,0.,0.));
#2102 = PCURVE('',#144,#2103);
#2103 = DEFINITIONAL_REPRESENTATION('',(#2104),#2112);
#2104 = ( BOUNDED_CURVE() B_SPLINE_CURVE(2,(#2105,#2106,#2107,#2108,
#2109,#2110,#2111),.UNSPECIFIED.,.T.,.F.) B_SPLINE_CURVE_WITH_KNOTS((1,2
    ,2,2,2,1),(-2.094395102393,0.,2.094395102393,4.188790204786,
6.28318530718,8.377580409573),.UNSPECIFIED.) CURVE() 
GEOMETRIC_REPRESENTATION_ITEM() RATIONAL_B_SPLINE_CURVE((1.,0.5,1.,0.5,
1.,0.5,1.)) REPRESENTATION_ITEM('') );
#2105 = CARTESIAN_POINT('',(32.300000023478,-1.000000005582));
#2106 = CARTESIAN_POINT('',(32.300000023478,-37.89268220679));
#2107 = CARTESIAN_POINT('',(0.350000023478,-19.44634110619));
#2108 = CARTESIAN_POINT('',(-31.59999997652,-1.000000005582));
#2109 = CARTESIAN_POINT('',(0.350000023478,17.446341095027));
#2110 = CARTESIAN_POINT('',(32.300000023478,35.892682195635));
#2111 = CARTESIAN_POINT('',(32.300000023478,-1.000000005582));
#2112 = ( GEOMETRIC_REPRESENTATION_CONTEXT(2) 
PARAMETRIC_REPRESENTATION_CONTEXT() REPRESENTATION_CONTEXT('2D SPACE',''
  ) );
#2113 = PCURVE('',#2114,#2119);
#2114 = CYLINDRICAL_SURFACE('',#2115,21.3);
#2115 = AXIS2_PLACEMENT_3D('',#2116,#2117,#2118);
#2116 = CARTESIAN_POINT('',(11.,59.000000009815,39.5));
#2117 = DIRECTION('',(-0.,-0.,-1.));
#2118 = DIRECTION('',(1.,0.,0.));
#2119 = DEFINITIONAL_REPRESENTATION('',(#2120),#2124);
#2120 = LINE('',#2121,#2122);
#2121 = CARTESIAN_POINT('',(-6.28318530718,-2.5));
#2122 = VECTOR('',#2123,1.);
#2123 = DIRECTION('',(1.,-0.));
#2124 = ( GEOMETRIC_REPRESENTATION_CONTEXT(2) 
PARAMETRIC_REPRESENTATION_CONTEXT() REPRESENTATION_CONTEXT('2D SPACE',''
  ) );
#2125 = ORIENTED_EDGE('',*,*,#2126,.T.);
#2126 = EDGE_CURVE('',#2094,#2127,#2129,.T.);
#2127 = VERTEX_POINT('',#2128);
#2128 = CARTESIAN_POINT('',(21.8,27.000000007416,42.));
#2129 = SURFACE_CURVE('',#2130,(#2135,#2146),.PCURVE_S1.);
#2130 = CIRCLE('',#2131,20.3);
#2131 = AXIS2_PLACEMENT_3D('',#2132,#2133,#2134);
#2132 = CARTESIAN_POINT('',(1.5,27.000000007416,42.));
#2133 = DIRECTION('',(0.,0.,-1.));
#2134 = DIRECTION('',(1.,0.,0.));
#2135 = PCURVE('',#144,#2136);
#2136 = DEFINITIONAL_REPRESENTATION('',(#2137),#2145);
#2137 = ( BOUNDED_CURVE() B_SPLINE_CURVE(2,(#2138,#2139,#2140,#2141,
#2142,#2143,#2144),.UNSPECIFIED.,.T.,.F.) B_SPLINE_CURVE_WITH_KNOTS((1,2
    ,2,2,2,1),(-2.094395102393,0.,2.094395102393,4.188790204786,
6.28318530718,8.377580409573),.UNSPECIFIED.) CURVE() 
GEOMETRIC_REPRESENTATION_ITEM() RATIONAL_B_SPLINE_CURVE((1.,0.5,1.,0.5,
1.,0.5,1.)) REPRESENTATION_ITEM('') );
#2138 = CARTESIAN_POINT('',(21.800000023478,-33.00000000798));
#2139 = CARTESIAN_POINT('',(21.800000023478,-68.16063140162));
#2140 = CARTESIAN_POINT('',(-8.649999976522,-50.5803157048));
#2141 = CARTESIAN_POINT('',(-39.09999997652,-33.00000000798));
#2142 = CARTESIAN_POINT('',(-8.649999976522,-15.41968431115));
#2143 = CARTESIAN_POINT('',(21.800000023478,2.160631385668));
#2144 = CARTESIAN_POINT('',(21.800000023478,-33.00000000798));
#2145 = ( GEOMETRIC_REPRESENTATION_CONTEXT(2) 
PARAMETRIC_REPRESENTATION_CONTEXT() REPRESENTATION_CONTEXT('2D SPACE',''
  ) );
#2146 = PCURVE('',#2147,#2152);
#2147 = CYLINDRICAL_SURFACE('',#2148,20.3);
#2148 = AXIS2_PLACEMENT_3D('',#2149,#2150,#2151);
#2149 = CARTESIAN_POINT('',(1.5,27.000000007416,39.5));
#2150 = DIRECTION('',(-0.,-0.,-1.));
#2151 = DIRECTION('',(1.,0.,0.));
#2152 = DEFINITIONAL_REPRESENTATION('',(#2153),#2157);
#2153 = LINE('',#2154,#2155);
#2154 = CARTESIAN_POINT('',(-6.28318530718,-2.5));
#2155 = VECTOR('',#2156,1.);
#2156 = DIRECTION('',(1.,-0.));
#2157 = ( GEOMETRIC_REPRESENTATION_CONTEXT(2) 
PARAMETRIC_REPRESENTATION_CONTEXT() REPRESENTATION_CONTEXT('2D SPACE',''
  ) );
#2158 = ORIENTED_EDGE('',*,*,#2159,.T.);
#2159 = EDGE_CURVE('',#2127,#1788,#2160,.T.);
#2160 = SURFACE_CURVE('',#2161,(#2165,#2172),.PCURVE_S1.);
#2161 = LINE('',#2162,#2163);
#2162 = CARTESIAN_POINT('',(21.8,42.500000012616,42.));
#2163 = VECTOR('',#2164,1.);
#2164 = DIRECTION('',(0.,-1.,0.));
#2165 = PCURVE('',#144,#2166);
#2166 = DEFINITIONAL_REPRESENTATION('',(#2167),#2171);
#2167 = LINE('',#2168,#2169);
#2168 = CARTESIAN_POINT('',(21.800000023478,-17.50000000278));
#2169 = VECTOR('',#2170,1.);
#2170 = DIRECTION('',(0.,-1.));
#2171 = ( GEOMETRIC_REPRESENTATION_CONTEXT(2) 
PARAMETRIC_REPRESENTATION_CONTEXT() REPRESENTATION_CONTEXT('2D SPACE',''
  ) );
#2172 = PCURVE('',#2173,#2178);
#2173 = PLANE('',#2174);
#2174 = AXIS2_PLACEMENT_3D('',#2175,#2176,#2177);
#2175 = CARTESIAN_POINT('',(21.8,25.000000009836,39.5));
#2176 = DIRECTION('',(-1.,0.,0.));
#2177 = DIRECTION('',(0.,1.,0.));
#2178 = DEFINITIONAL_REPRESENTATION('',(#2179),#2182);
#2179 = B_SPLINE_CURVE_WITH_KNOTS('',1,(#2180,#2181),.UNSPECIFIED.,.F.,
  .F.,(2,2),(15.5000000052,17.50000000278),.PIECEWISE_BEZIER_KNOTS.);
#2180 = CARTESIAN_POINT('',(1.99999999758,-2.5));
#2181 = CARTESIAN_POINT('',(-3.552713678801E-15,-2.5));
#2182 = ( GEOMETRIC_REPRESENTATION_CONTEXT(2) 
PARAMETRIC_REPRESENTATION_CONTEXT() REPRESENTATION_CONTEXT('2D SPACE',''
  ) );
#2183 = FACE_BOUND('',#2184,.F.);
#2184 = EDGE_LOOP('',(#2185,#2213,#2246,#2272,#2305,#2331,#2364,#2390));
#2185 = ORIENTED_EDGE('',*,*,#2186,.F.);
#2186 = EDGE_CURVE('',#2187,#2189,#2191,.T.);
#2187 = VERTEX_POINT('',#2188);
#2188 = CARTESIAN_POINT('',(-19.,58.1,42.));
#2189 = VERTEX_POINT('',#2190);
#2190 = CARTESIAN_POINT('',(-19.,49.9,42.));
#2191 = SURFACE_CURVE('',#2192,(#2196,#2202),.PCURVE_S1.);
#2192 = LINE('',#2193,#2194);
#2193 = CARTESIAN_POINT('',(-18.99999999895,54.950000007698,42.));
#2194 = VECTOR('',#2195,1.);
#2195 = DIRECTION('',(0.,-1.,0.));
#2196 = PCURVE('',#144,#2197);
#2197 = DEFINITIONAL_REPRESENTATION('',(#2198),#2201);
#2198 = B_SPLINE_CURVE_WITH_KNOTS('',1,(#2199,#2200),.UNSPECIFIED.,.F.,
  .F.,(2,2),(-3.149999992302,5.050000007698),.PIECEWISE_BEZIER_KNOTS.);
#2199 = CARTESIAN_POINT('',(-18.99999997548,-1.900000015396));
#2200 = CARTESIAN_POINT('',(-18.99999997548,-10.10000001539));
#2201 = ( GEOMETRIC_REPRESENTATION_CONTEXT(2) 
PARAMETRIC_REPRESENTATION_CONTEXT() REPRESENTATION_CONTEXT('2D SPACE',''
  ) );
#2202 = PCURVE('',#2203,#2208);
#2203 = PLANE('',#2204);
#2204 = AXIS2_PLACEMENT_3D('',#2205,#2206,#2207);
#2205 = CARTESIAN_POINT('',(-18.99999999895,49.9,39.));
#2206 = DIRECTION('',(-1.,0.,0.));
#2207 = DIRECTION('',(0.,1.,0.));
#2208 = DEFINITIONAL_REPRESENTATION('',(#2209),#2212);
#2209 = B_SPLINE_CURVE_WITH_KNOTS('',1,(#2210,#2211),.UNSPECIFIED.,.F.,
  .F.,(2,2),(-3.149999992302,5.050000007698),.PIECEWISE_BEZIER_KNOTS.);
#2210 = CARTESIAN_POINT('',(8.2,-3.));
#2211 = CARTESIAN_POINT('',(0.,-3.));
#2212 = ( GEOMETRIC_REPRESENTATION_CONTEXT(2) 
PARAMETRIC_REPRESENTATION_CONTEXT() REPRESENTATION_CONTEXT('2D SPACE',''
  ) );
#2213 = ORIENTED_EDGE('',*,*,#2214,.T.);
#2214 = EDGE_CURVE('',#2187,#2215,#2217,.T.);
#2215 = VERTEX_POINT('',#2216);
#2216 = CARTESIAN_POINT('',(-18.10000000104,59.,42.));
#2217 = SURFACE_CURVE('',#2218,(#2223,#2234),.PCURVE_S1.);
#2218 = CIRCLE('',#2219,0.9);
#2219 = AXIS2_PLACEMENT_3D('',#2220,#2221,#2222);
#2220 = CARTESIAN_POINT('',(-18.10000000104,58.1,42.));
#2221 = DIRECTION('',(0.,0.,-1.));
#2222 = DIRECTION('',(-1.,0.,0.));
#2223 = PCURVE('',#144,#2224);
#2224 = DEFINITIONAL_REPRESENTATION('',(#2225),#2233);
#2225 = ( BOUNDED_CURVE() B_SPLINE_CURVE(2,(#2226,#2227,#2228,#2229,
#2230,#2231,#2232),.UNSPECIFIED.,.T.,.F.) B_SPLINE_CURVE_WITH_KNOTS((1,2
    ,2,2,2,1),(-2.094395102393,0.,2.094395102393,4.188790204786,
6.28318530718,8.377580409573),.UNSPECIFIED.) CURVE() 
GEOMETRIC_REPRESENTATION_ITEM() RATIONAL_B_SPLINE_CURVE((1.,0.5,1.,0.5,
1.,0.5,1.)) REPRESENTATION_ITEM('') );
#2226 = CARTESIAN_POINT('',(-18.99999997756,-1.900000015396));
#2227 = CARTESIAN_POINT('',(-18.99999997756,-0.341154288584));
#2228 = CARTESIAN_POINT('',(-17.64999997756,-1.12057715199));
#2229 = CARTESIAN_POINT('',(-16.29999997756,-1.900000015396));
#2230 = CARTESIAN_POINT('',(-17.64999997756,-2.679422878802));
#2231 = CARTESIAN_POINT('',(-18.99999997756,-3.458845742208));
#2232 = CARTESIAN_POINT('',(-18.99999997756,-1.900000015396));
#2233 = ( GEOMETRIC_REPRESENTATION_CONTEXT(2) 
PARAMETRIC_REPRESENTATION_CONTEXT() REPRESENTATION_CONTEXT('2D SPACE',''
  ) );
#2234 = PCURVE('',#2235,#2240);
#2235 = CYLINDRICAL_SURFACE('',#2236,0.9);
#2236 = AXIS2_PLACEMENT_3D('',#2237,#2238,#2239);
#2237 = CARTESIAN_POINT('',(-18.10000000104,58.1,39.));
#2238 = DIRECTION('',(0.,0.,-1.));
#2239 = DIRECTION('',(-1.,0.,0.));
#2240 = DEFINITIONAL_REPRESENTATION('',(#2241),#2245);
#2241 = LINE('',#2242,#2243);
#2242 = CARTESIAN_POINT('',(0.,-3.));
#2243 = VECTOR('',#2244,1.);
#2244 = DIRECTION('',(1.,0.));
#2245 = ( GEOMETRIC_REPRESENTATION_CONTEXT(2) 
PARAMETRIC_REPRESENTATION_CONTEXT() REPRESENTATION_CONTEXT('2D SPACE',''
  ) );
#2246 = ORIENTED_EDGE('',*,*,#2247,.F.);
#2247 = EDGE_CURVE('',#2248,#2215,#2250,.T.);
#2248 = VERTEX_POINT('',#2249);
#2249 = CARTESIAN_POINT('',(-17.90000001088,59.,42.));
#2250 = SURFACE_CURVE('',#2251,(#2255,#2261),.PCURVE_S1.);
#2251 = LINE('',#2252,#2253);
#2252 = CARTESIAN_POINT('',(-9.05000001226,59.,42.));
#2253 = VECTOR('',#2254,1.);
#2254 = DIRECTION('',(-1.,0.,0.));
#2255 = PCURVE('',#144,#2256);
#2256 = DEFINITIONAL_REPRESENTATION('',(#2257),#2260);
#2257 = B_SPLINE_CURVE_WITH_KNOTS('',1,(#2258,#2259),.UNSPECIFIED.,.F.,
  .F.,(2,2),(8.849999998628,9.049999988782),.PIECEWISE_BEZIER_KNOTS.);
#2258 = CARTESIAN_POINT('',(-17.8999999874,-1.000000015396));
#2259 = CARTESIAN_POINT('',(-18.09999997756,-1.000000015396));
#2260 = ( GEOMETRIC_REPRESENTATION_CONTEXT(2) 
PARAMETRIC_REPRESENTATION_CONTEXT() REPRESENTATION_CONTEXT('2D SPACE',''
  ) );
#2261 = PCURVE('',#2262,#2267);
#2262 = PLANE('',#2263);
#2263 = AXIS2_PLACEMENT_3D('',#2264,#2265,#2266);
#2264 = CARTESIAN_POINT('',(-18.10000000104,59.,39.));
#2265 = DIRECTION('',(0.,1.,0.));
#2266 = DIRECTION('',(1.,0.,0.));
#2267 = DEFINITIONAL_REPRESENTATION('',(#2268),#2271);
#2268 = B_SPLINE_CURVE_WITH_KNOTS('',1,(#2269,#2270),.UNSPECIFIED.,.F.,
  .F.,(2,2),(8.849999998628,9.049999988782),.PIECEWISE_BEZIER_KNOTS.);
#2269 = CARTESIAN_POINT('',(0.199999990154,-3.));
#2270 = CARTESIAN_POINT('',(0.,-3.));
#2271 = ( GEOMETRIC_REPRESENTATION_CONTEXT(2) 
PARAMETRIC_REPRESENTATION_CONTEXT() REPRESENTATION_CONTEXT('2D SPACE',''
  ) );
#2272 = ORIENTED_EDGE('',*,*,#2273,.T.);
#2273 = EDGE_CURVE('',#2248,#2274,#2276,.T.);
#2274 = VERTEX_POINT('',#2275);
#2275 = CARTESIAN_POINT('',(-17.00000000492,58.1,42.));
#2276 = SURFACE_CURVE('',#2277,(#2282,#2293),.PCURVE_S1.);
#2277 = CIRCLE('',#2278,0.9);
#2278 = AXIS2_PLACEMENT_3D('',#2279,#2280,#2281);
#2279 = CARTESIAN_POINT('',(-17.90000001088,58.1,42.));
#2280 = DIRECTION('',(0.,0.,-1.));
#2281 = DIRECTION('',(-1.,0.,0.));
#2282 = PCURVE('',#144,#2283);
#2283 = DEFINITIONAL_REPRESENTATION('',(#2284),#2292);
#2284 = ( BOUNDED_CURVE() B_SPLINE_CURVE(2,(#2285,#2286,#2287,#2288,
#2289,#2290,#2291),.UNSPECIFIED.,.T.,.F.) B_SPLINE_CURVE_WITH_KNOTS((1,2
    ,2,2,2,1),(-2.094395102393,0.,2.094395102393,4.188790204786,
6.28318530718,8.377580409573),.UNSPECIFIED.) CURVE() 
GEOMETRIC_REPRESENTATION_ITEM() RATIONAL_B_SPLINE_CURVE((1.,0.5,1.,0.5,
1.,0.5,1.)) REPRESENTATION_ITEM('') );
#2285 = CARTESIAN_POINT('',(-18.7999999874,-1.900000015396));
#2286 = CARTESIAN_POINT('',(-18.7999999874,-0.341154288584));
#2287 = CARTESIAN_POINT('',(-17.4499999874,-1.12057715199));
#2288 = CARTESIAN_POINT('',(-16.0999999874,-1.900000015396));
#2289 = CARTESIAN_POINT('',(-17.4499999874,-2.679422878802));
#2290 = CARTESIAN_POINT('',(-18.7999999874,-3.458845742208));
#2291 = CARTESIAN_POINT('',(-18.7999999874,-1.900000015396));
#2292 = ( GEOMETRIC_REPRESENTATION_CONTEXT(2) 
PARAMETRIC_REPRESENTATION_CONTEXT() REPRESENTATION_CONTEXT('2D SPACE',''
  ) );
#2293 = PCURVE('',#2294,#2299);
#2294 = CYLINDRICAL_SURFACE('',#2295,0.9);
#2295 = AXIS2_PLACEMENT_3D('',#2296,#2297,#2298);
#2296 = CARTESIAN_POINT('',(-17.90000001088,58.1,39.));
#2297 = DIRECTION('',(0.,0.,-1.));
#2298 = DIRECTION('',(-1.,0.,0.));
#2299 = DEFINITIONAL_REPRESENTATION('',(#2300),#2304);
#2300 = LINE('',#2301,#2302);
#2301 = CARTESIAN_POINT('',(0.,-3.));
#2302 = VECTOR('',#2303,1.);
#2303 = DIRECTION('',(1.,0.));
#2304 = ( GEOMETRIC_REPRESENTATION_CONTEXT(2) 
PARAMETRIC_REPRESENTATION_CONTEXT() REPRESENTATION_CONTEXT('2D SPACE',''
  ) );
#2305 = ORIENTED_EDGE('',*,*,#2306,.T.);
#2306 = EDGE_CURVE('',#2274,#2307,#2309,.T.);
#2307 = VERTEX_POINT('',#2308);
#2308 = CARTESIAN_POINT('',(-17.00000000492,49.9,42.));
#2309 = SURFACE_CURVE('',#2310,(#2314,#2320),.PCURVE_S1.);
#2310 = LINE('',#2311,#2312);
#2311 = CARTESIAN_POINT('',(-16.99999999895,54.950000007698,42.));
#2312 = VECTOR('',#2313,1.);
#2313 = DIRECTION('',(0.,-1.,0.));
#2314 = PCURVE('',#144,#2315);
#2315 = DEFINITIONAL_REPRESENTATION('',(#2316),#2319);
#2316 = B_SPLINE_CURVE_WITH_KNOTS('',1,(#2317,#2318),.UNSPECIFIED.,.F.,
  .F.,(2,2),(-3.149999992302,5.050000007698),.PIECEWISE_BEZIER_KNOTS.);
#2317 = CARTESIAN_POINT('',(-16.99999997548,-1.900000015396));
#2318 = CARTESIAN_POINT('',(-16.99999997548,-10.10000001539));
#2319 = ( GEOMETRIC_REPRESENTATION_CONTEXT(2) 
PARAMETRIC_REPRESENTATION_CONTEXT() REPRESENTATION_CONTEXT('2D SPACE',''
  ) );
#2320 = PCURVE('',#2321,#2326);
#2321 = PLANE('',#2322);
#2322 = AXIS2_PLACEMENT_3D('',#2323,#2324,#2325);
#2323 = CARTESIAN_POINT('',(-16.99999999895,49.9,39.));
#2324 = DIRECTION('',(-1.,0.,0.));
#2325 = DIRECTION('',(0.,1.,0.));
#2326 = DEFINITIONAL_REPRESENTATION('',(#2327),#2330);
#2327 = B_SPLINE_CURVE_WITH_KNOTS('',1,(#2328,#2329),.UNSPECIFIED.,.F.,
  .F.,(2,2),(-3.149999992302,5.050000007698),.PIECEWISE_BEZIER_KNOTS.);
#2328 = CARTESIAN_POINT('',(8.2,-3.));
#2329 = CARTESIAN_POINT('',(0.,-3.));
#2330 = ( GEOMETRIC_REPRESENTATION_CONTEXT(2) 
PARAMETRIC_REPRESENTATION_CONTEXT() REPRESENTATION_CONTEXT('2D SPACE',''
  ) );
#2331 = ORIENTED_EDGE('',*,*,#2332,.T.);
#2332 = EDGE_CURVE('',#2307,#2333,#2335,.T.);
#2333 = VERTEX_POINT('',#2334);
#2334 = CARTESIAN_POINT('',(-17.90000001088,49.,42.));
#2335 = SURFACE_CURVE('',#2336,(#2341,#2352),.PCURVE_S1.);
#2336 = CIRCLE('',#2337,0.9);
#2337 = AXIS2_PLACEMENT_3D('',#2338,#2339,#2340);
#2338 = CARTESIAN_POINT('',(-17.90000001088,49.9,42.));
#2339 = DIRECTION('',(0.,0.,-1.));
#2340 = DIRECTION('',(-1.,0.,0.));
#2341 = PCURVE('',#144,#2342);
#2342 = DEFINITIONAL_REPRESENTATION('',(#2343),#2351);
#2343 = ( BOUNDED_CURVE() B_SPLINE_CURVE(2,(#2344,#2345,#2346,#2347,
#2348,#2349,#2350),.UNSPECIFIED.,.T.,.F.) B_SPLINE_CURVE_WITH_KNOTS((1,2
    ,2,2,2,1),(-2.094395102393,0.,2.094395102393,4.188790204786,
6.28318530718,8.377580409573),.UNSPECIFIED.) CURVE() 
GEOMETRIC_REPRESENTATION_ITEM() RATIONAL_B_SPLINE_CURVE((1.,0.5,1.,0.5,
1.,0.5,1.)) REPRESENTATION_ITEM('') );
#2344 = CARTESIAN_POINT('',(-18.7999999874,-10.10000001539));
#2345 = CARTESIAN_POINT('',(-18.7999999874,-8.541154288584));
#2346 = CARTESIAN_POINT('',(-17.4499999874,-9.32057715199));
#2347 = CARTESIAN_POINT('',(-16.0999999874,-10.10000001539));
#2348 = CARTESIAN_POINT('',(-17.4499999874,-10.8794228788));
#2349 = CARTESIAN_POINT('',(-18.7999999874,-11.6588457422));
#2350 = CARTESIAN_POINT('',(-18.7999999874,-10.10000001539));
#2351 = ( GEOMETRIC_REPRESENTATION_CONTEXT(2) 
PARAMETRIC_REPRESENTATION_CONTEXT() REPRESENTATION_CONTEXT('2D SPACE',''
  ) );
#2352 = PCURVE('',#2353,#2358);
#2353 = CYLINDRICAL_SURFACE('',#2354,0.9);
#2354 = AXIS2_PLACEMENT_3D('',#2355,#2356,#2357);
#2355 = CARTESIAN_POINT('',(-17.90000001088,49.9,39.));
#2356 = DIRECTION('',(0.,0.,-1.));
#2357 = DIRECTION('',(-1.,0.,0.));
#2358 = DEFINITIONAL_REPRESENTATION('',(#2359),#2363);
#2359 = LINE('',#2360,#2361);
#2360 = CARTESIAN_POINT('',(0.,-3.));
#2361 = VECTOR('',#2362,1.);
#2362 = DIRECTION('',(1.,0.));
#2363 = ( GEOMETRIC_REPRESENTATION_CONTEXT(2) 
PARAMETRIC_REPRESENTATION_CONTEXT() REPRESENTATION_CONTEXT('2D SPACE',''
  ) );
#2364 = ORIENTED_EDGE('',*,*,#2365,.T.);
#2365 = EDGE_CURVE('',#2333,#2366,#2368,.T.);
#2366 = VERTEX_POINT('',#2367);
#2367 = CARTESIAN_POINT('',(-18.10000000104,49.,42.));
#2368 = SURFACE_CURVE('',#2369,(#2373,#2379),.PCURVE_S1.);
#2369 = LINE('',#2370,#2371);
#2370 = CARTESIAN_POINT('',(-9.05000001226,49.,42.));
#2371 = VECTOR('',#2372,1.);
#2372 = DIRECTION('',(-1.,0.,0.));
#2373 = PCURVE('',#144,#2374);
#2374 = DEFINITIONAL_REPRESENTATION('',(#2375),#2378);
#2375 = B_SPLINE_CURVE_WITH_KNOTS('',1,(#2376,#2377),.UNSPECIFIED.,.F.,
  .F.,(2,2),(8.849999998628,9.049999988782),.PIECEWISE_BEZIER_KNOTS.);
#2376 = CARTESIAN_POINT('',(-17.8999999874,-11.00000001539));
#2377 = CARTESIAN_POINT('',(-18.09999997756,-11.00000001539));
#2378 = ( GEOMETRIC_REPRESENTATION_CONTEXT(2) 
PARAMETRIC_REPRESENTATION_CONTEXT() REPRESENTATION_CONTEXT('2D SPACE',''
  ) );
#2379 = PCURVE('',#2380,#2385);
#2380 = PLANE('',#2381);
#2381 = AXIS2_PLACEMENT_3D('',#2382,#2383,#2384);
#2382 = CARTESIAN_POINT('',(-18.10000000104,49.,39.));
#2383 = DIRECTION('',(0.,1.,0.));
#2384 = DIRECTION('',(1.,0.,0.));
#2385 = DEFINITIONAL_REPRESENTATION('',(#2386),#2389);
#2386 = B_SPLINE_CURVE_WITH_KNOTS('',1,(#2387,#2388),.UNSPECIFIED.,.F.,
  .F.,(2,2),(8.849999998628,9.049999988782),.PIECEWISE_BEZIER_KNOTS.);
#2387 = CARTESIAN_POINT('',(0.199999990154,-3.));
#2388 = CARTESIAN_POINT('',(0.,-3.));
#2389 = ( GEOMETRIC_REPRESENTATION_CONTEXT(2) 
PARAMETRIC_REPRESENTATION_CONTEXT() REPRESENTATION_CONTEXT('2D SPACE',''
  ) );
#2390 = ORIENTED_EDGE('',*,*,#2391,.T.);
#2391 = EDGE_CURVE('',#2366,#2189,#2392,.T.);
#2392 = SURFACE_CURVE('',#2393,(#2398,#2409),.PCURVE_S1.);
#2393 = CIRCLE('',#2394,0.9);
#2394 = AXIS2_PLACEMENT_3D('',#2395,#2396,#2397);
#2395 = CARTESIAN_POINT('',(-18.10000000104,49.9,42.));
#2396 = DIRECTION('',(0.,0.,-1.));
#2397 = DIRECTION('',(-1.,0.,0.));
#2398 = PCURVE('',#144,#2399);
#2399 = DEFINITIONAL_REPRESENTATION('',(#2400),#2408);
#2400 = ( BOUNDED_CURVE() B_SPLINE_CURVE(2,(#2401,#2402,#2403,#2404,
#2405,#2406,#2407),.UNSPECIFIED.,.T.,.F.) B_SPLINE_CURVE_WITH_KNOTS((1,2
    ,2,2,2,1),(-2.094395102393,0.,2.094395102393,4.188790204786,
6.28318530718,8.377580409573),.UNSPECIFIED.) CURVE() 
GEOMETRIC_REPRESENTATION_ITEM() RATIONAL_B_SPLINE_CURVE((1.,0.5,1.,0.5,
1.,0.5,1.)) REPRESENTATION_ITEM('') );
#2401 = CARTESIAN_POINT('',(-18.99999997756,-10.10000001539));
#2402 = CARTESIAN_POINT('',(-18.99999997756,-8.541154288584));
#2403 = CARTESIAN_POINT('',(-17.64999997756,-9.32057715199));
#2404 = CARTESIAN_POINT('',(-16.29999997756,-10.10000001539));
#2405 = CARTESIAN_POINT('',(-17.64999997756,-10.8794228788));
#2406 = CARTESIAN_POINT('',(-18.99999997756,-11.6588457422));
#2407 = CARTESIAN_POINT('',(-18.99999997756,-10.10000001539));
#2408 = ( GEOMETRIC_REPRESENTATION_CONTEXT(2) 
PARAMETRIC_REPRESENTATION_CONTEXT() REPRESENTATION_CONTEXT('2D SPACE',''
  ) );
#2409 = PCURVE('',#2410,#2415);
#2410 = CYLINDRICAL_SURFACE('',#2411,0.9);
#2411 = AXIS2_PLACEMENT_3D('',#2412,#2413,#2414);
#2412 = CARTESIAN_POINT('',(-18.10000000104,49.9,39.));
#2413 = DIRECTION('',(0.,0.,-1.));
#2414 = DIRECTION('',(-1.,0.,0.));
#2415 = DEFINITIONAL_REPRESENTATION('',(#2416),#2420);
#2416 = LINE('',#2417,#2418);
#2417 = CARTESIAN_POINT('',(0.,-3.));
#2418 = VECTOR('',#2419,1.);
#2419 = DIRECTION('',(1.,0.));
#2420 = ( GEOMETRIC_REPRESENTATION_CONTEXT(2) 
PARAMETRIC_REPRESENTATION_CONTEXT() REPRESENTATION_CONTEXT('2D SPACE',''
  ) );
#2421 = FACE_BOUND('',#2422,.F.);
#2422 = EDGE_LOOP('',(#2423));
#2423 = ORIENTED_EDGE('',*,*,#2424,.F.);
#2424 = EDGE_CURVE('',#2425,#2425,#2427,.T.);
#2425 = VERTEX_POINT('',#2426);
#2426 = CARTESIAN_POINT('',(-28.6,64.,42.));
#2427 = SURFACE_CURVE('',#2428,(#2433,#2440),.PCURVE_S1.);
#2428 = CIRCLE('',#2429,1.2);
#2429 = AXIS2_PLACEMENT_3D('',#2430,#2431,#2432);
#2430 = CARTESIAN_POINT('',(-29.8,64.,42.));
#2431 = DIRECTION('',(0.,0.,1.));
#2432 = DIRECTION('',(1.,0.,-0.));
#2433 = PCURVE('',#144,#2434);
#2434 = DEFINITIONAL_REPRESENTATION('',(#2435),#2439);
#2435 = CIRCLE('',#2436,1.2);
#2436 = AXIS2_PLACEMENT_2D('',#2437,#2438);
#2437 = CARTESIAN_POINT('',(-29.79999997652,3.999999984604));
#2438 = DIRECTION('',(1.,0.));
#2439 = ( GEOMETRIC_REPRESENTATION_CONTEXT(2) 
PARAMETRIC_REPRESENTATION_CONTEXT() REPRESENTATION_CONTEXT('2D SPACE',''
  ) );
#2440 = PCURVE('',#2441,#2446);
#2441 = CYLINDRICAL_SURFACE('',#2442,1.2);
#2442 = AXIS2_PLACEMENT_3D('',#2443,#2444,#2445);
#2443 = CARTESIAN_POINT('',(-29.8,64.,38.));
#2444 = DIRECTION('',(0.,0.,1.));
#2445 = DIRECTION('',(1.,0.,-0.));
#2446 = DEFINITIONAL_REPRESENTATION('',(#2447),#2451);
#2447 = LINE('',#2448,#2449);
#2448 = CARTESIAN_POINT('',(0.,4.));
#2449 = VECTOR('',#2450,1.);
#2450 = DIRECTION('',(1.,0.));
#2451 = ( GEOMETRIC_REPRESENTATION_CONTEXT(2) 
PARAMETRIC_REPRESENTATION_CONTEXT() REPRESENTATION_CONTEXT('2D SPACE',''
  ) );
#2452 = FACE_BOUND('',#2453,.F.);
#2453 = EDGE_LOOP('',(#2454,#2489,#2518,#2551,#2578,#2611,#2640,#2673));
#2454 = ORIENTED_EDGE('',*,*,#2455,.T.);
#2455 = EDGE_CURVE('',#2456,#2458,#2460,.T.);
#2456 = VERTEX_POINT('',#2457);
#2457 = CARTESIAN_POINT('',(11.,82.300000008605,42.));
#2458 = VERTEX_POINT('',#2459);
#2459 = CARTESIAN_POINT('',(31.344833383415,67.306960812814,42.));
#2460 = SURFACE_CURVE('',#2461,(#2466,#2477),.PCURVE_S1.);
#2461 = CIRCLE('',#2462,21.3);
#2462 = AXIS2_PLACEMENT_3D('',#2463,#2464,#2465);
#2463 = CARTESIAN_POINT('',(11.,61.000000007395,42.));
#2464 = DIRECTION('',(0.,0.,-1.));
#2465 = DIRECTION('',(1.,0.,0.));
#2466 = PCURVE('',#144,#2467);
#2467 = DEFINITIONAL_REPRESENTATION('',(#2468),#2476);
#2468 = ( BOUNDED_CURVE() B_SPLINE_CURVE(2,(#2469,#2470,#2471,#2472,
#2473,#2474,#2475),.UNSPECIFIED.,.T.,.F.) B_SPLINE_CURVE_WITH_KNOTS((1,2
    ,2,2,2,1),(-2.094395102393,0.,2.094395102393,4.188790204786,
6.28318530718,8.377580409573),.UNSPECIFIED.) CURVE() 
GEOMETRIC_REPRESENTATION_ITEM() RATIONAL_B_SPLINE_CURVE((1.,0.5,1.,0.5,
1.,0.5,1.)) REPRESENTATION_ITEM('') );
#2469 = CARTESIAN_POINT('',(32.300000023478,0.999999991998));
#2470 = CARTESIAN_POINT('',(32.300000023478,-35.89268220921));
#2471 = CARTESIAN_POINT('',(0.350000023478,-17.44634110861));
#2472 = CARTESIAN_POINT('',(-31.59999997652,0.999999991998));
#2473 = CARTESIAN_POINT('',(0.350000023478,19.446341092607));
#2474 = CARTESIAN_POINT('',(32.300000023478,37.892682193215));
#2475 = CARTESIAN_POINT('',(32.300000023478,0.999999991998));
#2476 = ( GEOMETRIC_REPRESENTATION_CONTEXT(2) 
PARAMETRIC_REPRESENTATION_CONTEXT() REPRESENTATION_CONTEXT('2D SPACE',''
  ) );
#2477 = PCURVE('',#2478,#2483);
#2478 = CYLINDRICAL_SURFACE('',#2479,21.3);
#2479 = AXIS2_PLACEMENT_3D('',#2480,#2481,#2482);
#2480 = CARTESIAN_POINT('',(11.,61.000000007395,39.5));
#2481 = DIRECTION('',(-0.,-0.,-1.));
#2482 = DIRECTION('',(1.,0.,0.));
#2483 = DEFINITIONAL_REPRESENTATION('',(#2484),#2488);
#2484 = LINE('',#2485,#2486);
#2485 = CARTESIAN_POINT('',(-6.28318530718,-2.5));
#2486 = VECTOR('',#2487,1.);
#2487 = DIRECTION('',(1.,-0.));
#2488 = ( GEOMETRIC_REPRESENTATION_CONTEXT(2) 
PARAMETRIC_REPRESENTATION_CONTEXT() REPRESENTATION_CONTEXT('2D SPACE',''
  ) );
#2489 = ORIENTED_EDGE('',*,*,#2490,.T.);
#2490 = EDGE_CURVE('',#2458,#2491,#2493,.T.);
#2491 = VERTEX_POINT('',#2492);
#2492 = CARTESIAN_POINT('',(29.650951251498,67.646955507073,42.));
#2493 = SURFACE_CURVE('',#2494,(#2499,#2506),.PCURVE_S1.);
#2494 = CIRCLE('',#2495,3.65);
#2495 = AXIS2_PLACEMENT_3D('',#2496,#2497,#2498);
#2496 = CARTESIAN_POINT('',(29.8,64.,42.));
#2497 = DIRECTION('',(0.,0.,1.));
#2498 = DIRECTION('',(1.,0.,-0.));
#2499 = PCURVE('',#144,#2500);
#2500 = DEFINITIONAL_REPRESENTATION('',(#2501),#2505);
#2501 = CIRCLE('',#2502,3.65);
#2502 = AXIS2_PLACEMENT_2D('',#2503,#2504);
#2503 = CARTESIAN_POINT('',(29.800000023478,3.999999984604));
#2504 = DIRECTION('',(1.,0.));
#2505 = ( GEOMETRIC_REPRESENTATION_CONTEXT(2) 
PARAMETRIC_REPRESENTATION_CONTEXT() REPRESENTATION_CONTEXT('2D SPACE',''
  ) );
#2506 = PCURVE('',#2507,#2512);
#2507 = CYLINDRICAL_SURFACE('',#2508,3.65);
#2508 = AXIS2_PLACEMENT_3D('',#2509,#2510,#2511);
#2509 = CARTESIAN_POINT('',(29.8,64.,39.));
#2510 = DIRECTION('',(0.,0.,1.));
#2511 = DIRECTION('',(1.,0.,-0.));
#2512 = DEFINITIONAL_REPRESENTATION('',(#2513),#2517);
#2513 = LINE('',#2514,#2515);
#2514 = CARTESIAN_POINT('',(0.,3.));
#2515 = VECTOR('',#2516,1.);
#2516 = DIRECTION('',(1.,0.));
#2517 = ( GEOMETRIC_REPRESENTATION_CONTEXT(2) 
PARAMETRIC_REPRESENTATION_CONTEXT() REPRESENTATION_CONTEXT('2D SPACE',''
  ) );
#2518 = ORIENTED_EDGE('',*,*,#2519,.F.);
#2519 = EDGE_CURVE('',#2520,#2491,#2522,.T.);
#2520 = VERTEX_POINT('',#2521);
#2521 = CARTESIAN_POINT('',(11.,80.800000008638,42.));
#2522 = SURFACE_CURVE('',#2523,(#2528,#2539),.PCURVE_S1.);
#2523 = CIRCLE('',#2524,19.8);
#2524 = AXIS2_PLACEMENT_3D('',#2525,#2526,#2527);
#2525 = CARTESIAN_POINT('',(11.,61.000000007428,42.));
#2526 = DIRECTION('',(0.,0.,-1.));
#2527 = DIRECTION('',(1.,0.,0.));
#2528 = PCURVE('',#144,#2529);
#2529 = DEFINITIONAL_REPRESENTATION('',(#2530),#2538);
#2530 = ( BOUNDED_CURVE() B_SPLINE_CURVE(2,(#2531,#2532,#2533,#2534,
#2535,#2536,#2537),.UNSPECIFIED.,.T.,.F.) B_SPLINE_CURVE_WITH_KNOTS((1,2
    ,2,2,2,1),(-2.094395102393,0.,2.094395102393,4.188790204786,
6.28318530718,8.377580409573),.UNSPECIFIED.) CURVE() 
GEOMETRIC_REPRESENTATION_ITEM() RATIONAL_B_SPLINE_CURVE((1.,0.5,1.,0.5,
1.,0.5,1.)) REPRESENTATION_ITEM('') );
#2531 = CARTESIAN_POINT('',(30.800000023478,0.999999992032));
#2532 = CARTESIAN_POINT('',(30.800000023478,-33.29460599783));
#2533 = CARTESIAN_POINT('',(1.100000023478,-16.1473030029));
#2534 = CARTESIAN_POINT('',(-28.59999997652,0.999999992032));
#2535 = CARTESIAN_POINT('',(1.100000023478,18.147302986964));
#2536 = CARTESIAN_POINT('',(30.800000023478,35.294605981896));
#2537 = CARTESIAN_POINT('',(30.800000023478,0.999999992032));
#2538 = ( GEOMETRIC_REPRESENTATION_CONTEXT(2) 
PARAMETRIC_REPRESENTATION_CONTEXT() REPRESENTATION_CONTEXT('2D SPACE',''
  ) );
#2539 = PCURVE('',#2540,#2545);
#2540 = CYLINDRICAL_SURFACE('',#2541,19.8);
#2541 = AXIS2_PLACEMENT_3D('',#2542,#2543,#2544);
#2542 = CARTESIAN_POINT('',(11.,61.000000007428,39.5));
#2543 = DIRECTION('',(-0.,-0.,-1.));
#2544 = DIRECTION('',(1.,0.,0.));
#2545 = DEFINITIONAL_REPRESENTATION('',(#2546),#2550);
#2546 = LINE('',#2547,#2548);
#2547 = CARTESIAN_POINT('',(-6.28318530718,-2.5));
#2548 = VECTOR('',#2549,1.);
#2549 = DIRECTION('',(1.,-0.));
#2550 = ( GEOMETRIC_REPRESENTATION_CONTEXT(2) 
PARAMETRIC_REPRESENTATION_CONTEXT() REPRESENTATION_CONTEXT('2D SPACE',''
  ) );
#2551 = ORIENTED_EDGE('',*,*,#2552,.T.);
#2552 = EDGE_CURVE('',#2520,#2553,#2555,.T.);
#2553 = VERTEX_POINT('',#2554);
#2554 = CARTESIAN_POINT('',(-11.,80.800000008638,42.));
#2555 = SURFACE_CURVE('',#2556,(#2560,#2567),.PCURVE_S1.);
#2556 = LINE('',#2557,#2558);
#2557 = CARTESIAN_POINT('',(-5.500000011739,80.800000009848,42.));
#2558 = VECTOR('',#2559,1.);
#2559 = DIRECTION('',(-1.,0.,0.));
#2560 = PCURVE('',#144,#2561);
#2561 = DEFINITIONAL_REPRESENTATION('',(#2562),#2566);
#2562 = LINE('',#2563,#2564);
#2563 = CARTESIAN_POINT('',(-5.499999988261,20.799999994452));
#2564 = VECTOR('',#2565,1.);
#2565 = DIRECTION('',(-1.,0.));
#2566 = ( GEOMETRIC_REPRESENTATION_CONTEXT(2) 
PARAMETRIC_REPRESENTATION_CONTEXT() REPRESENTATION_CONTEXT('2D SPACE',''
  ) );
#2567 = PCURVE('',#2568,#2573);
#2568 = PLANE('',#2569);
#2569 = AXIS2_PLACEMENT_3D('',#2570,#2571,#2572);
#2570 = CARTESIAN_POINT('',(-11.,80.800000009848,39.5));
#2571 = DIRECTION('',(0.,1.,0.));
#2572 = DIRECTION('',(1.,0.,0.));
#2573 = DEFINITIONAL_REPRESENTATION('',(#2574),#2577);
#2574 = B_SPLINE_CURVE_WITH_KNOTS('',1,(#2575,#2576),.UNSPECIFIED.,.F.,
  .F.,(2,2),(-16.50000001173,5.499999988261),.PIECEWISE_BEZIER_KNOTS.);
#2575 = CARTESIAN_POINT('',(22.,-2.5));
#2576 = CARTESIAN_POINT('',(0.,-2.5));
#2577 = ( GEOMETRIC_REPRESENTATION_CONTEXT(2) 
PARAMETRIC_REPRESENTATION_CONTEXT() REPRESENTATION_CONTEXT('2D SPACE',''
  ) );
#2578 = ORIENTED_EDGE('',*,*,#2579,.F.);
#2579 = EDGE_CURVE('',#2580,#2553,#2582,.T.);
#2580 = VERTEX_POINT('',#2581);
#2581 = CARTESIAN_POINT('',(-29.65095125149,67.646955507073,42.));
#2582 = SURFACE_CURVE('',#2583,(#2588,#2599),.PCURVE_S1.);
#2583 = CIRCLE('',#2584,19.8);
#2584 = AXIS2_PLACEMENT_3D('',#2585,#2586,#2587);
#2585 = CARTESIAN_POINT('',(-11.,61.000000007428,42.));
#2586 = DIRECTION('',(0.,0.,-1.));
#2587 = DIRECTION('',(1.,0.,0.));
#2588 = PCURVE('',#144,#2589);
#2589 = DEFINITIONAL_REPRESENTATION('',(#2590),#2598);
#2590 = ( BOUNDED_CURVE() B_SPLINE_CURVE(2,(#2591,#2592,#2593,#2594,
#2595,#2596,#2597),.UNSPECIFIED.,.T.,.F.) B_SPLINE_CURVE_WITH_KNOTS((1,2
    ,2,2,2,1),(-2.094395102393,0.,2.094395102393,4.188790204786,
6.28318530718,8.377580409573),.UNSPECIFIED.) CURVE() 
GEOMETRIC_REPRESENTATION_ITEM() RATIONAL_B_SPLINE_CURVE((1.,0.5,1.,0.5,
1.,0.5,1.)) REPRESENTATION_ITEM('') );
#2591 = CARTESIAN_POINT('',(8.800000023478,0.999999992032));
#2592 = CARTESIAN_POINT('',(8.800000023478,-33.29460599783));
#2593 = CARTESIAN_POINT('',(-20.89999997652,-16.1473030029));
#2594 = CARTESIAN_POINT('',(-50.59999997652,0.999999992032));
#2595 = CARTESIAN_POINT('',(-20.89999997652,18.147302986964));
#2596 = CARTESIAN_POINT('',(8.800000023478,35.294605981896));
#2597 = CARTESIAN_POINT('',(8.800000023478,0.999999992032));
#2598 = ( GEOMETRIC_REPRESENTATION_CONTEXT(2) 
PARAMETRIC_REPRESENTATION_CONTEXT() REPRESENTATION_CONTEXT('2D SPACE',''
  ) );
#2599 = PCURVE('',#2600,#2605);
#2600 = CYLINDRICAL_SURFACE('',#2601,19.8);
#2601 = AXIS2_PLACEMENT_3D('',#2602,#2603,#2604);
#2602 = CARTESIAN_POINT('',(-11.,61.000000007428,39.5));
#2603 = DIRECTION('',(-0.,-0.,-1.));
#2604 = DIRECTION('',(1.,0.,0.));
#2605 = DEFINITIONAL_REPRESENTATION('',(#2606),#2610);
#2606 = LINE('',#2607,#2608);
#2607 = CARTESIAN_POINT('',(-6.28318530718,-2.5));
#2608 = VECTOR('',#2609,1.);
#2609 = DIRECTION('',(1.,-0.));
#2610 = ( GEOMETRIC_REPRESENTATION_CONTEXT(2) 
PARAMETRIC_REPRESENTATION_CONTEXT() REPRESENTATION_CONTEXT('2D SPACE',''
  ) );
#2611 = ORIENTED_EDGE('',*,*,#2612,.T.);
#2612 = EDGE_CURVE('',#2580,#2613,#2615,.T.);
#2613 = VERTEX_POINT('',#2614);
#2614 = CARTESIAN_POINT('',(-31.34483338341,67.306960812814,42.));
#2615 = SURFACE_CURVE('',#2616,(#2621,#2628),.PCURVE_S1.);
#2616 = CIRCLE('',#2617,3.65);
#2617 = AXIS2_PLACEMENT_3D('',#2618,#2619,#2620);
#2618 = CARTESIAN_POINT('',(-29.8,64.,42.));
#2619 = DIRECTION('',(0.,0.,1.));
#2620 = DIRECTION('',(1.,0.,-0.));
#2621 = PCURVE('',#144,#2622);
#2622 = DEFINITIONAL_REPRESENTATION('',(#2623),#2627);
#2623 = CIRCLE('',#2624,3.65);
#2624 = AXIS2_PLACEMENT_2D('',#2625,#2626);
#2625 = CARTESIAN_POINT('',(-29.79999997652,3.999999984604));
#2626 = DIRECTION('',(1.,0.));
#2627 = ( GEOMETRIC_REPRESENTATION_CONTEXT(2) 
PARAMETRIC_REPRESENTATION_CONTEXT() REPRESENTATION_CONTEXT('2D SPACE',''
  ) );
#2628 = PCURVE('',#2629,#2634);
#2629 = CYLINDRICAL_SURFACE('',#2630,3.65);
#2630 = AXIS2_PLACEMENT_3D('',#2631,#2632,#2633);
#2631 = CARTESIAN_POINT('',(-29.8,64.,39.));
#2632 = DIRECTION('',(0.,0.,1.));
#2633 = DIRECTION('',(1.,0.,-0.));
#2634 = DEFINITIONAL_REPRESENTATION('',(#2635),#2639);
#2635 = LINE('',#2636,#2637);
#2636 = CARTESIAN_POINT('',(0.,3.));
#2637 = VECTOR('',#2638,1.);
#2638 = DIRECTION('',(1.,0.));
#2639 = ( GEOMETRIC_REPRESENTATION_CONTEXT(2) 
PARAMETRIC_REPRESENTATION_CONTEXT() REPRESENTATION_CONTEXT('2D SPACE',''
  ) );
#2640 = ORIENTED_EDGE('',*,*,#2641,.T.);
#2641 = EDGE_CURVE('',#2613,#2642,#2644,.T.);
#2642 = VERTEX_POINT('',#2643);
#2643 = CARTESIAN_POINT('',(-11.,82.300000008605,42.));
#2644 = SURFACE_CURVE('',#2645,(#2650,#2661),.PCURVE_S1.);
#2645 = CIRCLE('',#2646,21.3);
#2646 = AXIS2_PLACEMENT_3D('',#2647,#2648,#2649);
#2647 = CARTESIAN_POINT('',(-11.,61.000000007395,42.));
#2648 = DIRECTION('',(0.,0.,-1.));
#2649 = DIRECTION('',(1.,0.,0.));
#2650 = PCURVE('',#144,#2651);
#2651 = DEFINITIONAL_REPRESENTATION('',(#2652),#2660);
#2652 = ( BOUNDED_CURVE() B_SPLINE_CURVE(2,(#2653,#2654,#2655,#2656,
#2657,#2658,#2659),.UNSPECIFIED.,.T.,.F.) B_SPLINE_CURVE_WITH_KNOTS((1,2
    ,2,2,2,1),(-2.094395102393,0.,2.094395102393,4.188790204786,
6.28318530718,8.377580409573),.UNSPECIFIED.) CURVE() 
GEOMETRIC_REPRESENTATION_ITEM() RATIONAL_B_SPLINE_CURVE((1.,0.5,1.,0.5,
1.,0.5,1.)) REPRESENTATION_ITEM('') );
#2653 = CARTESIAN_POINT('',(10.300000023478,0.999999991998));
#2654 = CARTESIAN_POINT('',(10.300000023478,-35.89268220921));
#2655 = CARTESIAN_POINT('',(-21.64999997652,-17.44634110861));
#2656 = CARTESIAN_POINT('',(-53.59999997652,0.999999991998));
#2657 = CARTESIAN_POINT('',(-21.64999997652,19.446341092607));
#2658 = CARTESIAN_POINT('',(10.300000023478,37.892682193215));
#2659 = CARTESIAN_POINT('',(10.300000023478,0.999999991998));
#2660 = ( GEOMETRIC_REPRESENTATION_CONTEXT(2) 
PARAMETRIC_REPRESENTATION_CONTEXT() REPRESENTATION_CONTEXT('2D SPACE',''
  ) );
#2661 = PCURVE('',#2662,#2667);
#2662 = CYLINDRICAL_SURFACE('',#2663,21.3);
#2663 = AXIS2_PLACEMENT_3D('',#2664,#2665,#2666);
#2664 = CARTESIAN_POINT('',(-11.,61.000000007395,39.5));
#2665 = DIRECTION('',(-0.,-0.,-1.));
#2666 = DIRECTION('',(1.,0.,0.));
#2667 = DEFINITIONAL_REPRESENTATION('',(#2668),#2672);
#2668 = LINE('',#2669,#2670);
#2669 = CARTESIAN_POINT('',(-6.28318530718,-2.5));
#2670 = VECTOR('',#2671,1.);
#2671 = DIRECTION('',(1.,-0.));
#2672 = ( GEOMETRIC_REPRESENTATION_CONTEXT(2) 
PARAMETRIC_REPRESENTATION_CONTEXT() REPRESENTATION_CONTEXT('2D SPACE',''
  ) );
#2673 = ORIENTED_EDGE('',*,*,#2674,.F.);
#2674 = EDGE_CURVE('',#2456,#2642,#2675,.T.);
#2675 = SURFACE_CURVE('',#2676,(#2680,#2687),.PCURVE_S1.);
#2676 = LINE('',#2677,#2678);
#2677 = CARTESIAN_POINT('',(-5.500000011739,82.300000009815,42.));
#2678 = VECTOR('',#2679,1.);
#2679 = DIRECTION('',(-1.,0.,0.));
#2680 = PCURVE('',#144,#2681);
#2681 = DEFINITIONAL_REPRESENTATION('',(#2682),#2686);
#2682 = LINE('',#2683,#2684);
#2683 = CARTESIAN_POINT('',(-5.499999988261,22.299999994418));
#2684 = VECTOR('',#2685,1.);
#2685 = DIRECTION('',(-1.,0.));
#2686 = ( GEOMETRIC_REPRESENTATION_CONTEXT(2) 
PARAMETRIC_REPRESENTATION_CONTEXT() REPRESENTATION_CONTEXT('2D SPACE',''
  ) );
#2687 = PCURVE('',#2688,#2693);
#2688 = PLANE('',#2689);
#2689 = AXIS2_PLACEMENT_3D('',#2690,#2691,#2692);
#2690 = CARTESIAN_POINT('',(-11.,82.300000009815,39.5));
#2691 = DIRECTION('',(0.,1.,0.));
#2692 = DIRECTION('',(1.,0.,0.));
#2693 = DEFINITIONAL_REPRESENTATION('',(#2694),#2697);
#2694 = B_SPLINE_CURVE_WITH_KNOTS('',1,(#2695,#2696),.UNSPECIFIED.,.F.,
  .F.,(2,2),(-16.50000001173,5.499999988261),.PIECEWISE_BEZIER_KNOTS.);
#2695 = CARTESIAN_POINT('',(22.,-2.5));
#2696 = CARTESIAN_POINT('',(0.,-2.5));
#2697 = ( GEOMETRIC_REPRESENTATION_CONTEXT(2) 
PARAMETRIC_REPRESENTATION_CONTEXT() REPRESENTATION_CONTEXT('2D SPACE',''
  ) );
#2698 = FACE_BOUND('',#2699,.F.);
#2699 = EDGE_LOOP('',(#2700,#2728,#2754,#2780));
#2700 = ORIENTED_EDGE('',*,*,#2701,.T.);
#2701 = EDGE_CURVE('',#2702,#2704,#2706,.T.);
#2702 = VERTEX_POINT('',#2703);
#2703 = CARTESIAN_POINT('',(-4.1,83.,42.));
#2704 = VERTEX_POINT('',#2705);
#2705 = CARTESIAN_POINT('',(-5.5,83.,42.));
#2706 = SURFACE_CURVE('',#2707,(#2711,#2717),.PCURVE_S1.);
#2707 = LINE('',#2708,#2709);
#2708 = CARTESIAN_POINT('',(-2.750000011739,83.,42.));
#2709 = VECTOR('',#2710,1.);
#2710 = DIRECTION('',(-1.,-0.,0.));
#2711 = PCURVE('',#144,#2712);
#2712 = DEFINITIONAL_REPRESENTATION('',(#2713),#2716);
#2713 = B_SPLINE_CURVE_WITH_KNOTS('',1,(#2714,#2715),.UNSPECIFIED.,.F.,
  .F.,(2,2),(1.349999988261,2.749999988261),.PIECEWISE_BEZIER_KNOTS.);
#2714 = CARTESIAN_POINT('',(-4.099999976522,22.999999984604));
#2715 = CARTESIAN_POINT('',(-5.499999976522,22.999999984604));
#2716 = ( GEOMETRIC_REPRESENTATION_CONTEXT(2) 
PARAMETRIC_REPRESENTATION_CONTEXT() REPRESENTATION_CONTEXT('2D SPACE',''
  ) );
#2717 = PCURVE('',#2718,#2723);
#2718 = PLANE('',#2719);
#2719 = AXIS2_PLACEMENT_3D('',#2720,#2721,#2722);
#2720 = CARTESIAN_POINT('',(-5.5,83.,33.3));
#2721 = DIRECTION('',(-0.,1.,0.));
#2722 = DIRECTION('',(0.,0.,1.));
#2723 = DEFINITIONAL_REPRESENTATION('',(#2724),#2727);
#2724 = B_SPLINE_CURVE_WITH_KNOTS('',1,(#2725,#2726),.UNSPECIFIED.,.F.,
  .F.,(2,2),(1.349999988261,2.749999988261),.PIECEWISE_BEZIER_KNOTS.);
#2725 = CARTESIAN_POINT('',(8.7,1.4));
#2726 = CARTESIAN_POINT('',(8.7,0.));
#2727 = ( GEOMETRIC_REPRESENTATION_CONTEXT(2) 
PARAMETRIC_REPRESENTATION_CONTEXT() REPRESENTATION_CONTEXT('2D SPACE',''
  ) );
#2728 = ORIENTED_EDGE('',*,*,#2729,.T.);
#2729 = EDGE_CURVE('',#2704,#2730,#2732,.T.);
#2730 = VERTEX_POINT('',#2731);
#2731 = CARTESIAN_POINT('',(-5.5,84.1,42.));
#2732 = SURFACE_CURVE('',#2733,(#2737,#2743),.PCURVE_S1.);
#2733 = LINE('',#2734,#2735);
#2734 = CARTESIAN_POINT('',(-5.5,71.500000007698,42.));
#2735 = VECTOR('',#2736,1.);
#2736 = DIRECTION('',(-0.,1.,0.));
#2737 = PCURVE('',#144,#2738);
#2738 = DEFINITIONAL_REPRESENTATION('',(#2739),#2742);
#2739 = B_SPLINE_CURVE_WITH_KNOTS('',1,(#2740,#2741),.UNSPECIFIED.,.F.,
  .F.,(2,2),(11.499999992302,12.599999992302),.PIECEWISE_BEZIER_KNOTS.);
#2740 = CARTESIAN_POINT('',(-5.499999976522,22.999999984604));
#2741 = CARTESIAN_POINT('',(-5.499999976522,24.099999984604));
#2742 = ( GEOMETRIC_REPRESENTATION_CONTEXT(2) 
PARAMETRIC_REPRESENTATION_CONTEXT() REPRESENTATION_CONTEXT('2D SPACE',''
  ) );
#2743 = PCURVE('',#2744,#2749);
#2744 = PLANE('',#2745);
#2745 = AXIS2_PLACEMENT_3D('',#2746,#2747,#2748);
#2746 = CARTESIAN_POINT('',(-5.5,83.,33.3));
#2747 = DIRECTION('',(1.,0.,-0.));
#2748 = DIRECTION('',(0.,0.,1.));
#2749 = DEFINITIONAL_REPRESENTATION('',(#2750),#2753);
#2750 = B_SPLINE_CURVE_WITH_KNOTS('',1,(#2751,#2752),.UNSPECIFIED.,.F.,
  .F.,(2,2),(11.499999992302,12.599999992302),.PIECEWISE_BEZIER_KNOTS.);
#2751 = CARTESIAN_POINT('',(8.7,0.));
#2752 = CARTESIAN_POINT('',(8.7,-1.1));
#2753 = ( GEOMETRIC_REPRESENTATION_CONTEXT(2) 
PARAMETRIC_REPRESENTATION_CONTEXT() REPRESENTATION_CONTEXT('2D SPACE',''
  ) );
#2754 = ORIENTED_EDGE('',*,*,#2755,.F.);
#2755 = EDGE_CURVE('',#2756,#2730,#2758,.T.);
#2756 = VERTEX_POINT('',#2757);
#2757 = CARTESIAN_POINT('',(-4.1,84.1,42.));
#2758 = SURFACE_CURVE('',#2759,(#2763,#2769),.PCURVE_S1.);
#2759 = LINE('',#2760,#2761);
#2760 = CARTESIAN_POINT('',(-2.750000011739,84.1,42.));
#2761 = VECTOR('',#2762,1.);
#2762 = DIRECTION('',(-1.,-0.,0.));
#2763 = PCURVE('',#144,#2764);
#2764 = DEFINITIONAL_REPRESENTATION('',(#2765),#2768);
#2765 = B_SPLINE_CURVE_WITH_KNOTS('',1,(#2766,#2767),.UNSPECIFIED.,.F.,
  .F.,(2,2),(1.349999988261,2.749999988261),.PIECEWISE_BEZIER_KNOTS.);
#2766 = CARTESIAN_POINT('',(-4.099999976522,24.099999984604));
#2767 = CARTESIAN_POINT('',(-5.499999976522,24.099999984604));
#2768 = ( GEOMETRIC_REPRESENTATION_CONTEXT(2) 
PARAMETRIC_REPRESENTATION_CONTEXT() REPRESENTATION_CONTEXT('2D SPACE',''
  ) );
#2769 = PCURVE('',#2770,#2775);
#2770 = PLANE('',#2771);
#2771 = AXIS2_PLACEMENT_3D('',#2772,#2773,#2774);
#2772 = CARTESIAN_POINT('',(-5.5,84.1,33.3));
#2773 = DIRECTION('',(-0.,1.,0.));
#2774 = DIRECTION('',(0.,0.,1.));
#2775 = DEFINITIONAL_REPRESENTATION('',(#2776),#2779);
#2776 = B_SPLINE_CURVE_WITH_KNOTS('',1,(#2777,#2778),.UNSPECIFIED.,.F.,
  .F.,(2,2),(1.349999988261,2.749999988261),.PIECEWISE_BEZIER_KNOTS.);
#2777 = CARTESIAN_POINT('',(8.7,1.4));
#2778 = CARTESIAN_POINT('',(8.7,0.));
#2779 = ( GEOMETRIC_REPRESENTATION_CONTEXT(2) 
PARAMETRIC_REPRESENTATION_CONTEXT() REPRESENTATION_CONTEXT('2D SPACE',''
  ) );
#2780 = ORIENTED_EDGE('',*,*,#2781,.F.);
#2781 = EDGE_CURVE('',#2702,#2756,#2782,.T.);
#2782 = SURFACE_CURVE('',#2783,(#2787,#2793),.PCURVE_S1.);
#2783 = LINE('',#2784,#2785);
#2784 = CARTESIAN_POINT('',(-4.1,71.500000007698,42.));
#2785 = VECTOR('',#2786,1.);
#2786 = DIRECTION('',(-0.,1.,0.));
#2787 = PCURVE('',#144,#2788);
#2788 = DEFINITIONAL_REPRESENTATION('',(#2789),#2792);
#2789 = B_SPLINE_CURVE_WITH_KNOTS('',1,(#2790,#2791),.UNSPECIFIED.,.F.,
  .F.,(2,2),(11.499999992302,12.599999992302),.PIECEWISE_BEZIER_KNOTS.);
#2790 = CARTESIAN_POINT('',(-4.099999976522,22.999999984604));
#2791 = CARTESIAN_POINT('',(-4.099999976522,24.099999984604));
#2792 = ( GEOMETRIC_REPRESENTATION_CONTEXT(2) 
PARAMETRIC_REPRESENTATION_CONTEXT() REPRESENTATION_CONTEXT('2D SPACE',''
  ) );
#2793 = PCURVE('',#2794,#2799);
#2794 = PLANE('',#2795);
#2795 = AXIS2_PLACEMENT_3D('',#2796,#2797,#2798);
#2796 = CARTESIAN_POINT('',(-4.1,83.,33.3));
#2797 = DIRECTION('',(1.,0.,-0.));
#2798 = DIRECTION('',(0.,0.,1.));
#2799 = DEFINITIONAL_REPRESENTATION('',(#2800),#2803);
#2800 = B_SPLINE_CURVE_WITH_KNOTS('',1,(#2801,#2802),.UNSPECIFIED.,.F.,
  .F.,(2,2),(11.499999992302,12.599999992302),.PIECEWISE_BEZIER_KNOTS.);
#2801 = CARTESIAN_POINT('',(8.7,0.));
#2802 = CARTESIAN_POINT('',(8.7,-1.1));
#2803 = ( GEOMETRIC_REPRESENTATION_CONTEXT(2) 
PARAMETRIC_REPRESENTATION_CONTEXT() REPRESENTATION_CONTEXT('2D SPACE',''
  ) );
#2804 = FACE_BOUND('',#2805,.F.);
#2805 = EDGE_LOOP('',(#2806,#2834,#2867,#2893,#2926,#2952,#2985,#3011));
#2806 = ORIENTED_EDGE('',*,*,#2807,.F.);
#2807 = EDGE_CURVE('',#2808,#2810,#2812,.T.);
#2808 = VERTEX_POINT('',#2809);
#2809 = CARTESIAN_POINT('',(17.,58.1,42.));
#2810 = VERTEX_POINT('',#2811);
#2811 = CARTESIAN_POINT('',(17.,49.9,42.));
#2812 = SURFACE_CURVE('',#2813,(#2817,#2823),.PCURVE_S1.);
#2813 = LINE('',#2814,#2815);
#2814 = CARTESIAN_POINT('',(17.000000001042,54.950000007698,42.));
#2815 = VECTOR('',#2816,1.);
#2816 = DIRECTION('',(0.,-1.,0.));
#2817 = PCURVE('',#144,#2818);
#2818 = DEFINITIONAL_REPRESENTATION('',(#2819),#2822);
#2819 = B_SPLINE_CURVE_WITH_KNOTS('',1,(#2820,#2821),.UNSPECIFIED.,.F.,
  .F.,(2,2),(-3.149999992302,5.050000007698),.PIECEWISE_BEZIER_KNOTS.);
#2820 = CARTESIAN_POINT('',(17.00000002452,-1.900000015396));
#2821 = CARTESIAN_POINT('',(17.00000002452,-10.10000001539));
#2822 = ( GEOMETRIC_REPRESENTATION_CONTEXT(2) 
PARAMETRIC_REPRESENTATION_CONTEXT() REPRESENTATION_CONTEXT('2D SPACE',''
  ) );
#2823 = PCURVE('',#2824,#2829);
#2824 = PLANE('',#2825);
#2825 = AXIS2_PLACEMENT_3D('',#2826,#2827,#2828);
#2826 = CARTESIAN_POINT('',(17.000000001042,49.9,39.));
#2827 = DIRECTION('',(-1.,0.,0.));
#2828 = DIRECTION('',(0.,1.,0.));
#2829 = DEFINITIONAL_REPRESENTATION('',(#2830),#2833);
#2830 = B_SPLINE_CURVE_WITH_KNOTS('',1,(#2831,#2832),.UNSPECIFIED.,.F.,
  .F.,(2,2),(-3.149999992302,5.050000007698),.PIECEWISE_BEZIER_KNOTS.);
#2831 = CARTESIAN_POINT('',(8.2,-3.));
#2832 = CARTESIAN_POINT('',(0.,-3.));
#2833 = ( GEOMETRIC_REPRESENTATION_CONTEXT(2) 
PARAMETRIC_REPRESENTATION_CONTEXT() REPRESENTATION_CONTEXT('2D SPACE',''
  ) );
#2834 = ORIENTED_EDGE('',*,*,#2835,.T.);
#2835 = EDGE_CURVE('',#2808,#2836,#2838,.T.);
#2836 = VERTEX_POINT('',#2837);
#2837 = CARTESIAN_POINT('',(17.899999998958,59.,42.));
#2838 = SURFACE_CURVE('',#2839,(#2844,#2855),.PCURVE_S1.);
#2839 = CIRCLE('',#2840,0.9);
#2840 = AXIS2_PLACEMENT_3D('',#2841,#2842,#2843);
#2841 = CARTESIAN_POINT('',(17.899999998958,58.1,42.));
#2842 = DIRECTION('',(0.,0.,-1.));
#2843 = DIRECTION('',(-1.,0.,0.));
#2844 = PCURVE('',#144,#2845);
#2845 = DEFINITIONAL_REPRESENTATION('',(#2846),#2854);
#2846 = ( BOUNDED_CURVE() B_SPLINE_CURVE(2,(#2847,#2848,#2849,#2850,
#2851,#2852,#2853),.UNSPECIFIED.,.T.,.F.) B_SPLINE_CURVE_WITH_KNOTS((1,2
    ,2,2,2,1),(-2.094395102393,0.,2.094395102393,4.188790204786,
6.28318530718,8.377580409573),.UNSPECIFIED.) CURVE() 
GEOMETRIC_REPRESENTATION_ITEM() RATIONAL_B_SPLINE_CURVE((1.,0.5,1.,0.5,
1.,0.5,1.)) REPRESENTATION_ITEM('') );
#2847 = CARTESIAN_POINT('',(17.000000022437,-1.900000015396));
#2848 = CARTESIAN_POINT('',(17.000000022437,-0.341154288584));
#2849 = CARTESIAN_POINT('',(18.350000022437,-1.12057715199));
#2850 = CARTESIAN_POINT('',(19.700000022437,-1.900000015396));
#2851 = CARTESIAN_POINT('',(18.350000022437,-2.679422878802));
#2852 = CARTESIAN_POINT('',(17.000000022437,-3.458845742208));
#2853 = CARTESIAN_POINT('',(17.000000022437,-1.900000015396));
#2854 = ( GEOMETRIC_REPRESENTATION_CONTEXT(2) 
PARAMETRIC_REPRESENTATION_CONTEXT() REPRESENTATION_CONTEXT('2D SPACE',''
  ) );
#2855 = PCURVE('',#2856,#2861);
#2856 = CYLINDRICAL_SURFACE('',#2857,0.9);
#2857 = AXIS2_PLACEMENT_3D('',#2858,#2859,#2860);
#2858 = CARTESIAN_POINT('',(17.899999998958,58.1,39.));
#2859 = DIRECTION('',(0.,0.,-1.));
#2860 = DIRECTION('',(-1.,0.,0.));
#2861 = DEFINITIONAL_REPRESENTATION('',(#2862),#2866);
#2862 = LINE('',#2863,#2864);
#2863 = CARTESIAN_POINT('',(0.,-3.));
#2864 = VECTOR('',#2865,1.);
#2865 = DIRECTION('',(1.,0.));
#2866 = ( GEOMETRIC_REPRESENTATION_CONTEXT(2) 
PARAMETRIC_REPRESENTATION_CONTEXT() REPRESENTATION_CONTEXT('2D SPACE',''
  ) );
#2867 = ORIENTED_EDGE('',*,*,#2868,.F.);
#2868 = EDGE_CURVE('',#2869,#2836,#2871,.T.);
#2869 = VERTEX_POINT('',#2870);
#2870 = CARTESIAN_POINT('',(18.099999989112,59.,42.));
#2871 = SURFACE_CURVE('',#2872,(#2876,#2882),.PCURVE_S1.);
#2872 = LINE('',#2873,#2874);
#2873 = CARTESIAN_POINT('',(8.94999998774,59.,42.));
#2874 = VECTOR('',#2875,1.);
#2875 = DIRECTION('',(-1.,0.,0.));
#2876 = PCURVE('',#144,#2877);
#2877 = DEFINITIONAL_REPRESENTATION('',(#2878),#2881);
#2878 = B_SPLINE_CURVE_WITH_KNOTS('',1,(#2879,#2880),.UNSPECIFIED.,.F.,
  .F.,(2,2),(-9.150000001372,-8.950000011218),.PIECEWISE_BEZIER_KNOTS.);
#2879 = CARTESIAN_POINT('',(18.100000012591,-1.000000015396));
#2880 = CARTESIAN_POINT('',(17.900000022437,-1.000000015396));
#2881 = ( GEOMETRIC_REPRESENTATION_CONTEXT(2) 
PARAMETRIC_REPRESENTATION_CONTEXT() REPRESENTATION_CONTEXT('2D SPACE',''
  ) );
#2882 = PCURVE('',#2883,#2888);
#2883 = PLANE('',#2884);
#2884 = AXIS2_PLACEMENT_3D('',#2885,#2886,#2887);
#2885 = CARTESIAN_POINT('',(17.899999998958,59.,39.));
#2886 = DIRECTION('',(0.,1.,0.));
#2887 = DIRECTION('',(1.,0.,0.));
#2888 = DEFINITIONAL_REPRESENTATION('',(#2889),#2892);
#2889 = B_SPLINE_CURVE_WITH_KNOTS('',1,(#2890,#2891),.UNSPECIFIED.,.F.,
  .F.,(2,2),(-9.150000001372,-8.950000011218),.PIECEWISE_BEZIER_KNOTS.);
#2890 = CARTESIAN_POINT('',(0.199999990154,-3.));
#2891 = CARTESIAN_POINT('',(0.,-3.));
#2892 = ( GEOMETRIC_REPRESENTATION_CONTEXT(2) 
PARAMETRIC_REPRESENTATION_CONTEXT() REPRESENTATION_CONTEXT('2D SPACE',''
  ) );
#2893 = ORIENTED_EDGE('',*,*,#2894,.T.);
#2894 = EDGE_CURVE('',#2869,#2895,#2897,.T.);
#2895 = VERTEX_POINT('',#2896);
#2896 = CARTESIAN_POINT('',(18.999999995077,58.1,42.));
#2897 = SURFACE_CURVE('',#2898,(#2903,#2914),.PCURVE_S1.);
#2898 = CIRCLE('',#2899,0.9);
#2899 = AXIS2_PLACEMENT_3D('',#2900,#2901,#2902);
#2900 = CARTESIAN_POINT('',(18.099999989112,58.1,42.));
#2901 = DIRECTION('',(0.,0.,-1.));
#2902 = DIRECTION('',(-1.,0.,0.));
#2903 = PCURVE('',#144,#2904);
#2904 = DEFINITIONAL_REPRESENTATION('',(#2905),#2913);
#2905 = ( BOUNDED_CURVE() B_SPLINE_CURVE(2,(#2906,#2907,#2908,#2909,
#2910,#2911,#2912),.UNSPECIFIED.,.T.,.F.) B_SPLINE_CURVE_WITH_KNOTS((1,2
    ,2,2,2,1),(-2.094395102393,0.,2.094395102393,4.188790204786,
6.28318530718,8.377580409573),.UNSPECIFIED.) CURVE() 
GEOMETRIC_REPRESENTATION_ITEM() RATIONAL_B_SPLINE_CURVE((1.,0.5,1.,0.5,
1.,0.5,1.)) REPRESENTATION_ITEM('') );
#2906 = CARTESIAN_POINT('',(17.200000012591,-1.900000015396));
#2907 = CARTESIAN_POINT('',(17.200000012591,-0.341154288584));
#2908 = CARTESIAN_POINT('',(18.550000012591,-1.12057715199));
#2909 = CARTESIAN_POINT('',(19.900000012591,-1.900000015396));
#2910 = CARTESIAN_POINT('',(18.550000012591,-2.679422878802));
#2911 = CARTESIAN_POINT('',(17.200000012591,-3.458845742208));
#2912 = CARTESIAN_POINT('',(17.200000012591,-1.900000015396));
#2913 = ( GEOMETRIC_REPRESENTATION_CONTEXT(2) 
PARAMETRIC_REPRESENTATION_CONTEXT() REPRESENTATION_CONTEXT('2D SPACE',''
  ) );
#2914 = PCURVE('',#2915,#2920);
#2915 = CYLINDRICAL_SURFACE('',#2916,0.9);
#2916 = AXIS2_PLACEMENT_3D('',#2917,#2918,#2919);
#2917 = CARTESIAN_POINT('',(18.099999989112,58.1,39.));
#2918 = DIRECTION('',(0.,0.,-1.));
#2919 = DIRECTION('',(-1.,0.,0.));
#2920 = DEFINITIONAL_REPRESENTATION('',(#2921),#2925);
#2921 = LINE('',#2922,#2923);
#2922 = CARTESIAN_POINT('',(0.,-3.));
#2923 = VECTOR('',#2924,1.);
#2924 = DIRECTION('',(1.,0.));
#2925 = ( GEOMETRIC_REPRESENTATION_CONTEXT(2) 
PARAMETRIC_REPRESENTATION_CONTEXT() REPRESENTATION_CONTEXT('2D SPACE',''
  ) );
#2926 = ORIENTED_EDGE('',*,*,#2927,.T.);
#2927 = EDGE_CURVE('',#2895,#2928,#2930,.T.);
#2928 = VERTEX_POINT('',#2929);
#2929 = CARTESIAN_POINT('',(18.999999995077,49.9,42.));
#2930 = SURFACE_CURVE('',#2931,(#2935,#2941),.PCURVE_S1.);
#2931 = LINE('',#2932,#2933);
#2932 = CARTESIAN_POINT('',(19.000000001042,54.950000007698,42.));
#2933 = VECTOR('',#2934,1.);
#2934 = DIRECTION('',(0.,-1.,0.));
#2935 = PCURVE('',#144,#2936);
#2936 = DEFINITIONAL_REPRESENTATION('',(#2937),#2940);
#2937 = B_SPLINE_CURVE_WITH_KNOTS('',1,(#2938,#2939),.UNSPECIFIED.,.F.,
  .F.,(2,2),(-3.149999992302,5.050000007698),.PIECEWISE_BEZIER_KNOTS.);
#2938 = CARTESIAN_POINT('',(19.00000002452,-1.900000015396));
#2939 = CARTESIAN_POINT('',(19.00000002452,-10.10000001539));
#2940 = ( GEOMETRIC_REPRESENTATION_CONTEXT(2) 
PARAMETRIC_REPRESENTATION_CONTEXT() REPRESENTATION_CONTEXT('2D SPACE',''
  ) );
#2941 = PCURVE('',#2942,#2947);
#2942 = PLANE('',#2943);
#2943 = AXIS2_PLACEMENT_3D('',#2944,#2945,#2946);
#2944 = CARTESIAN_POINT('',(19.000000001042,49.9,39.));
#2945 = DIRECTION('',(-1.,0.,0.));
#2946 = DIRECTION('',(0.,1.,0.));
#2947 = DEFINITIONAL_REPRESENTATION('',(#2948),#2951);
#2948 = B_SPLINE_CURVE_WITH_KNOTS('',1,(#2949,#2950),.UNSPECIFIED.,.F.,
  .F.,(2,2),(-3.149999992302,5.050000007698),.PIECEWISE_BEZIER_KNOTS.);
#2949 = CARTESIAN_POINT('',(8.2,-3.));
#2950 = CARTESIAN_POINT('',(0.,-3.));
#2951 = ( GEOMETRIC_REPRESENTATION_CONTEXT(2) 
PARAMETRIC_REPRESENTATION_CONTEXT() REPRESENTATION_CONTEXT('2D SPACE',''
  ) );
#2952 = ORIENTED_EDGE('',*,*,#2953,.T.);
#2953 = EDGE_CURVE('',#2928,#2954,#2956,.T.);
#2954 = VERTEX_POINT('',#2955);
#2955 = CARTESIAN_POINT('',(18.099999989112,49.,42.));
#2956 = SURFACE_CURVE('',#2957,(#2962,#2973),.PCURVE_S1.);
#2957 = CIRCLE('',#2958,0.9);
#2958 = AXIS2_PLACEMENT_3D('',#2959,#2960,#2961);
#2959 = CARTESIAN_POINT('',(18.099999989112,49.9,42.));
#2960 = DIRECTION('',(0.,0.,-1.));
#2961 = DIRECTION('',(-1.,0.,0.));
#2962 = PCURVE('',#144,#2963);
#2963 = DEFINITIONAL_REPRESENTATION('',(#2964),#2972);
#2964 = ( BOUNDED_CURVE() B_SPLINE_CURVE(2,(#2965,#2966,#2967,#2968,
#2969,#2970,#2971),.UNSPECIFIED.,.T.,.F.) B_SPLINE_CURVE_WITH_KNOTS((1,2
    ,2,2,2,1),(-2.094395102393,0.,2.094395102393,4.188790204786,
6.28318530718,8.377580409573),.UNSPECIFIED.) CURVE() 
GEOMETRIC_REPRESENTATION_ITEM() RATIONAL_B_SPLINE_CURVE((1.,0.5,1.,0.5,
1.,0.5,1.)) REPRESENTATION_ITEM('') );
#2965 = CARTESIAN_POINT('',(17.200000012591,-10.10000001539));
#2966 = CARTESIAN_POINT('',(17.200000012591,-8.541154288584));
#2967 = CARTESIAN_POINT('',(18.550000012591,-9.32057715199));
#2968 = CARTESIAN_POINT('',(19.900000012591,-10.10000001539));
#2969 = CARTESIAN_POINT('',(18.550000012591,-10.8794228788));
#2970 = CARTESIAN_POINT('',(17.200000012591,-11.6588457422));
#2971 = CARTESIAN_POINT('',(17.200000012591,-10.10000001539));
#2972 = ( GEOMETRIC_REPRESENTATION_CONTEXT(2) 
PARAMETRIC_REPRESENTATION_CONTEXT() REPRESENTATION_CONTEXT('2D SPACE',''
  ) );
#2973 = PCURVE('',#2974,#2979);
#2974 = CYLINDRICAL_SURFACE('',#2975,0.9);
#2975 = AXIS2_PLACEMENT_3D('',#2976,#2977,#2978);
#2976 = CARTESIAN_POINT('',(18.099999989112,49.9,39.));
#2977 = DIRECTION('',(0.,0.,-1.));
#2978 = DIRECTION('',(-1.,0.,0.));
#2979 = DEFINITIONAL_REPRESENTATION('',(#2980),#2984);
#2980 = LINE('',#2981,#2982);
#2981 = CARTESIAN_POINT('',(0.,-3.));
#2982 = VECTOR('',#2983,1.);
#2983 = DIRECTION('',(1.,0.));
#2984 = ( GEOMETRIC_REPRESENTATION_CONTEXT(2) 
PARAMETRIC_REPRESENTATION_CONTEXT() REPRESENTATION_CONTEXT('2D SPACE',''
  ) );
#2985 = ORIENTED_EDGE('',*,*,#2986,.T.);
#2986 = EDGE_CURVE('',#2954,#2987,#2989,.T.);
#2987 = VERTEX_POINT('',#2988);
#2988 = CARTESIAN_POINT('',(17.899999998958,49.,42.));
#2989 = SURFACE_CURVE('',#2990,(#2994,#3000),.PCURVE_S1.);
#2990 = LINE('',#2991,#2992);
#2991 = CARTESIAN_POINT('',(8.94999998774,49.,42.));
#2992 = VECTOR('',#2993,1.);
#2993 = DIRECTION('',(-1.,0.,0.));
#2994 = PCURVE('',#144,#2995);
#2995 = DEFINITIONAL_REPRESENTATION('',(#2996),#2999);
#2996 = B_SPLINE_CURVE_WITH_KNOTS('',1,(#2997,#2998),.UNSPECIFIED.,.F.,
  .F.,(2,2),(-9.150000001372,-8.950000011218),.PIECEWISE_BEZIER_KNOTS.);
#2997 = CARTESIAN_POINT('',(18.100000012591,-11.00000001539));
#2998 = CARTESIAN_POINT('',(17.900000022437,-11.00000001539));
#2999 = ( GEOMETRIC_REPRESENTATION_CONTEXT(2) 
PARAMETRIC_REPRESENTATION_CONTEXT() REPRESENTATION_CONTEXT('2D SPACE',''
  ) );
#3000 = PCURVE('',#3001,#3006);
#3001 = PLANE('',#3002);
#3002 = AXIS2_PLACEMENT_3D('',#3003,#3004,#3005);
#3003 = CARTESIAN_POINT('',(17.899999998958,49.,39.));
#3004 = DIRECTION('',(0.,1.,0.));
#3005 = DIRECTION('',(1.,0.,0.));
#3006 = DEFINITIONAL_REPRESENTATION('',(#3007),#3010);
#3007 = B_SPLINE_CURVE_WITH_KNOTS('',1,(#3008,#3009),.UNSPECIFIED.,.F.,
  .F.,(2,2),(-9.150000001372,-8.950000011218),.PIECEWISE_BEZIER_KNOTS.);
#3008 = CARTESIAN_POINT('',(0.199999990154,-3.));
#3009 = CARTESIAN_POINT('',(0.,-3.));
#3010 = ( GEOMETRIC_REPRESENTATION_CONTEXT(2) 
PARAMETRIC_REPRESENTATION_CONTEXT() REPRESENTATION_CONTEXT('2D SPACE',''
  ) );
#3011 = ORIENTED_EDGE('',*,*,#3012,.T.);
#3012 = EDGE_CURVE('',#2987,#2810,#3013,.T.);
#3013 = SURFACE_CURVE('',#3014,(#3019,#3030),.PCURVE_S1.);
#3014 = CIRCLE('',#3015,0.9);
#3015 = AXIS2_PLACEMENT_3D('',#3016,#3017,#3018);
#3016 = CARTESIAN_POINT('',(17.899999998958,49.9,42.));
#3017 = DIRECTION('',(0.,0.,-1.));
#3018 = DIRECTION('',(-1.,0.,0.));
#3019 = PCURVE('',#144,#3020);
#3020 = DEFINITIONAL_REPRESENTATION('',(#3021),#3029);
#3021 = ( BOUNDED_CURVE() B_SPLINE_CURVE(2,(#3022,#3023,#3024,#3025,
#3026,#3027,#3028),.UNSPECIFIED.,.T.,.F.) B_SPLINE_CURVE_WITH_KNOTS((1,2
    ,2,2,2,1),(-2.094395102393,0.,2.094395102393,4.188790204786,
6.28318530718,8.377580409573),.UNSPECIFIED.) CURVE() 
GEOMETRIC_REPRESENTATION_ITEM() RATIONAL_B_SPLINE_CURVE((1.,0.5,1.,0.5,
1.,0.5,1.)) REPRESENTATION_ITEM('') );
#3022 = CARTESIAN_POINT('',(17.000000022437,-10.10000001539));
#3023 = CARTESIAN_POINT('',(17.000000022437,-8.541154288584));
#3024 = CARTESIAN_POINT('',(18.350000022437,-9.32057715199));
#3025 = CARTESIAN_POINT('',(19.700000022437,-10.10000001539));
#3026 = CARTESIAN_POINT('',(18.350000022437,-10.8794228788));
#3027 = CARTESIAN_POINT('',(17.000000022437,-11.6588457422));
#3028 = CARTESIAN_POINT('',(17.000000022437,-10.10000001539));
#3029 = ( GEOMETRIC_REPRESENTATION_CONTEXT(2) 
PARAMETRIC_REPRESENTATION_CONTEXT() REPRESENTATION_CONTEXT('2D SPACE',''
  ) );
#3030 = PCURVE('',#3031,#3036);
#3031 = CYLINDRICAL_SURFACE('',#3032,0.9);
#3032 = AXIS2_PLACEMENT_3D('',#3033,#3034,#3035);
#3033 = CARTESIAN_POINT('',(17.899999998958,49.9,39.));
#3034 = DIRECTION('',(0.,0.,-1.));
#3035 = DIRECTION('',(-1.,0.,0.));
#3036 = DEFINITIONAL_REPRESENTATION('',(#3037),#3041);
#3037 = LINE('',#3038,#3039);
#3038 = CARTESIAN_POINT('',(0.,-3.));
#3039 = VECTOR('',#3040,1.);
#3040 = DIRECTION('',(1.,0.));
#3041 = ( GEOMETRIC_REPRESENTATION_CONTEXT(2) 
PARAMETRIC_REPRESENTATION_CONTEXT() REPRESENTATION_CONTEXT('2D SPACE',''
  ) );
#3042 = FACE_BOUND('',#3043,.F.);
#3043 = EDGE_LOOP('',(#3044));
#3044 = ORIENTED_EDGE('',*,*,#3045,.F.);
#3045 = EDGE_CURVE('',#3046,#3046,#3048,.T.);
#3046 = VERTEX_POINT('',#3047);
#3047 = CARTESIAN_POINT('',(31.,64.,42.));
#3048 = SURFACE_CURVE('',#3049,(#3054,#3061),.PCURVE_S1.);
#3049 = CIRCLE('',#3050,1.2);
#3050 = AXIS2_PLACEMENT_3D('',#3051,#3052,#3053);
#3051 = CARTESIAN_POINT('',(29.8,64.,42.));
#3052 = DIRECTION('',(0.,0.,1.));
#3053 = DIRECTION('',(1.,0.,-0.));
#3054 = PCURVE('',#144,#3055);
#3055 = DEFINITIONAL_REPRESENTATION('',(#3056),#3060);
#3056 = CIRCLE('',#3057,1.2);
#3057 = AXIS2_PLACEMENT_2D('',#3058,#3059);
#3058 = CARTESIAN_POINT('',(29.800000023478,3.999999984604));
#3059 = DIRECTION('',(1.,0.));
#3060 = ( GEOMETRIC_REPRESENTATION_CONTEXT(2) 
PARAMETRIC_REPRESENTATION_CONTEXT() REPRESENTATION_CONTEXT('2D SPACE',''
  ) );
#3061 = PCURVE('',#3062,#3067);
#3062 = CYLINDRICAL_SURFACE('',#3063,1.2);
#3063 = AXIS2_PLACEMENT_3D('',#3064,#3065,#3066);
#3064 = CARTESIAN_POINT('',(29.8,64.,38.));
#3065 = DIRECTION('',(0.,0.,1.));
#3066 = DIRECTION('',(1.,0.,-0.));
#3067 = DEFINITIONAL_REPRESENTATION('',(#3068),#3072);
#3068 = LINE('',#3069,#3070);
#3069 = CARTESIAN_POINT('',(0.,4.));
#3070 = VECTOR('',#3071,1.);
#3071 = DIRECTION('',(1.,0.));
#3072 = ( GEOMETRIC_REPRESENTATION_CONTEXT(2) 
PARAMETRIC_REPRESENTATION_CONTEXT() REPRESENTATION_CONTEXT('2D SPACE',''
  ) );
#3073 = FACE_BOUND('',#3074,.F.);
#3074 = EDGE_LOOP('',(#3075,#3103,#3129,#3155));
#3075 = ORIENTED_EDGE('',*,*,#3076,.T.);
#3076 = EDGE_CURVE('',#3077,#3079,#3081,.T.);
#3077 = VERTEX_POINT('',#3078);
#3078 = CARTESIAN_POINT('',(5.5,83.,42.));
#3079 = VERTEX_POINT('',#3080);
#3080 = CARTESIAN_POINT('',(4.1,83.,42.));
#3081 = SURFACE_CURVE('',#3082,(#3086,#3092),.PCURVE_S1.);
#3082 = LINE('',#3083,#3084);
#3083 = CARTESIAN_POINT('',(2.049999988261,83.,42.));
#3084 = VECTOR('',#3085,1.);
#3085 = DIRECTION('',(-1.,-0.,0.));
#3086 = PCURVE('',#144,#3087);
#3087 = DEFINITIONAL_REPRESENTATION('',(#3088),#3091);
#3088 = B_SPLINE_CURVE_WITH_KNOTS('',1,(#3089,#3090),.UNSPECIFIED.,.F.,
  .F.,(2,2),(-3.450000011739,-2.050000011739),.PIECEWISE_BEZIER_KNOTS.);
#3089 = CARTESIAN_POINT('',(5.500000023478,22.999999984604));
#3090 = CARTESIAN_POINT('',(4.100000023478,22.999999984604));
#3091 = ( GEOMETRIC_REPRESENTATION_CONTEXT(2) 
PARAMETRIC_REPRESENTATION_CONTEXT() REPRESENTATION_CONTEXT('2D SPACE',''
  ) );
#3092 = PCURVE('',#3093,#3098);
#3093 = PLANE('',#3094);
#3094 = AXIS2_PLACEMENT_3D('',#3095,#3096,#3097);
#3095 = CARTESIAN_POINT('',(4.1,83.,33.3));
#3096 = DIRECTION('',(-0.,1.,0.));
#3097 = DIRECTION('',(0.,0.,1.));
#3098 = DEFINITIONAL_REPRESENTATION('',(#3099),#3102);
#3099 = B_SPLINE_CURVE_WITH_KNOTS('',1,(#3100,#3101),.UNSPECIFIED.,.F.,
  .F.,(2,2),(-3.450000011739,-2.050000011739),.PIECEWISE_BEZIER_KNOTS.);
#3100 = CARTESIAN_POINT('',(8.7,1.4));
#3101 = CARTESIAN_POINT('',(8.7,0.));
#3102 = ( GEOMETRIC_REPRESENTATION_CONTEXT(2) 
PARAMETRIC_REPRESENTATION_CONTEXT() REPRESENTATION_CONTEXT('2D SPACE',''
  ) );
#3103 = ORIENTED_EDGE('',*,*,#3104,.T.);
#3104 = EDGE_CURVE('',#3079,#3105,#3107,.T.);
#3105 = VERTEX_POINT('',#3106);
#3106 = CARTESIAN_POINT('',(4.1,84.1,42.));
#3107 = SURFACE_CURVE('',#3108,(#3112,#3118),.PCURVE_S1.);
#3108 = LINE('',#3109,#3110);
#3109 = CARTESIAN_POINT('',(4.1,71.500000007698,42.));
#3110 = VECTOR('',#3111,1.);
#3111 = DIRECTION('',(-0.,1.,0.));
#3112 = PCURVE('',#144,#3113);
#3113 = DEFINITIONAL_REPRESENTATION('',(#3114),#3117);
#3114 = B_SPLINE_CURVE_WITH_KNOTS('',1,(#3115,#3116),.UNSPECIFIED.,.F.,
  .F.,(2,2),(11.499999992302,12.599999992302),.PIECEWISE_BEZIER_KNOTS.);
#3115 = CARTESIAN_POINT('',(4.100000023478,22.999999984604));
#3116 = CARTESIAN_POINT('',(4.100000023478,24.099999984604));
#3117 = ( GEOMETRIC_REPRESENTATION_CONTEXT(2) 
PARAMETRIC_REPRESENTATION_CONTEXT() REPRESENTATION_CONTEXT('2D SPACE',''
  ) );
#3118 = PCURVE('',#3119,#3124);
#3119 = PLANE('',#3120);
#3120 = AXIS2_PLACEMENT_3D('',#3121,#3122,#3123);
#3121 = CARTESIAN_POINT('',(4.1,83.,33.3));
#3122 = DIRECTION('',(1.,0.,-0.));
#3123 = DIRECTION('',(0.,0.,1.));
#3124 = DEFINITIONAL_REPRESENTATION('',(#3125),#3128);
#3125 = B_SPLINE_CURVE_WITH_KNOTS('',1,(#3126,#3127),.UNSPECIFIED.,.F.,
  .F.,(2,2),(11.499999992302,12.599999992302),.PIECEWISE_BEZIER_KNOTS.);
#3126 = CARTESIAN_POINT('',(8.7,0.));
#3127 = CARTESIAN_POINT('',(8.7,-1.1));
#3128 = ( GEOMETRIC_REPRESENTATION_CONTEXT(2) 
PARAMETRIC_REPRESENTATION_CONTEXT() REPRESENTATION_CONTEXT('2D SPACE',''
  ) );
#3129 = ORIENTED_EDGE('',*,*,#3130,.F.);
#3130 = EDGE_CURVE('',#3131,#3105,#3133,.T.);
#3131 = VERTEX_POINT('',#3132);
#3132 = CARTESIAN_POINT('',(5.5,84.1,42.));
#3133 = SURFACE_CURVE('',#3134,(#3138,#3144),.PCURVE_S1.);
#3134 = LINE('',#3135,#3136);
#3135 = CARTESIAN_POINT('',(2.049999988261,84.1,42.));
#3136 = VECTOR('',#3137,1.);
#3137 = DIRECTION('',(-1.,-0.,0.));
#3138 = PCURVE('',#144,#3139);
#3139 = DEFINITIONAL_REPRESENTATION('',(#3140),#3143);
#3140 = B_SPLINE_CURVE_WITH_KNOTS('',1,(#3141,#3142),.UNSPECIFIED.,.F.,
  .F.,(2,2),(-3.450000011739,-2.050000011739),.PIECEWISE_BEZIER_KNOTS.);
#3141 = CARTESIAN_POINT('',(5.500000023478,24.099999984604));
#3142 = CARTESIAN_POINT('',(4.100000023478,24.099999984604));
#3143 = ( GEOMETRIC_REPRESENTATION_CONTEXT(2) 
PARAMETRIC_REPRESENTATION_CONTEXT() REPRESENTATION_CONTEXT('2D SPACE',''
  ) );
#3144 = PCURVE('',#3145,#3150);
#3145 = PLANE('',#3146);
#3146 = AXIS2_PLACEMENT_3D('',#3147,#3148,#3149);
#3147 = CARTESIAN_POINT('',(4.1,84.1,33.3));
#3148 = DIRECTION('',(-0.,1.,0.));
#3149 = DIRECTION('',(0.,0.,1.));
#3150 = DEFINITIONAL_REPRESENTATION('',(#3151),#3154);
#3151 = B_SPLINE_CURVE_WITH_KNOTS('',1,(#3152,#3153),.UNSPECIFIED.,.F.,
  .F.,(2,2),(-3.450000011739,-2.050000011739),.PIECEWISE_BEZIER_KNOTS.);
#3152 = CARTESIAN_POINT('',(8.7,1.4));
#3153 = CARTESIAN_POINT('',(8.7,0.));
#3154 = ( GEOMETRIC_REPRESENTATION_CONTEXT(2) 
PARAMETRIC_REPRESENTATION_CONTEXT() REPRESENTATION_CONTEXT('2D SPACE',''
  ) );
#3155 = ORIENTED_EDGE('',*,*,#3156,.F.);
#3156 = EDGE_CURVE('',#3077,#3131,#3157,.T.);
#3157 = SURFACE_CURVE('',#3158,(#3162,#3168),.PCURVE_S1.);
#3158 = LINE('',#3159,#3160);
#3159 = CARTESIAN_POINT('',(5.5,71.500000007698,42.));
#3160 = VECTOR('',#3161,1.);
#3161 = DIRECTION('',(-0.,1.,0.));
#3162 = PCURVE('',#144,#3163);
#3163 = DEFINITIONAL_REPRESENTATION('',(#3164),#3167);
#3164 = B_SPLINE_CURVE_WITH_KNOTS('',1,(#3165,#3166),.UNSPECIFIED.,.F.,
  .F.,(2,2),(11.499999992302,12.599999992302),.PIECEWISE_BEZIER_KNOTS.);
#3165 = CARTESIAN_POINT('',(5.500000023478,22.999999984604));
#3166 = CARTESIAN_POINT('',(5.500000023478,24.099999984604));
#3167 = ( GEOMETRIC_REPRESENTATION_CONTEXT(2) 
PARAMETRIC_REPRESENTATION_CONTEXT() REPRESENTATION_CONTEXT('2D SPACE',''
  ) );
#3168 = PCURVE('',#3169,#3174);
#3169 = PLANE('',#3170);
#3170 = AXIS2_PLACEMENT_3D('',#3171,#3172,#3173);
#3171 = CARTESIAN_POINT('',(5.5,83.,33.3));
#3172 = DIRECTION('',(1.,0.,-0.));
#3173 = DIRECTION('',(0.,0.,1.));
#3174 = DEFINITIONAL_REPRESENTATION('',(#3175),#3178);
#3175 = B_SPLINE_CURVE_WITH_KNOTS('',1,(#3176,#3177),.UNSPECIFIED.,.F.,
  .F.,(2,2),(11.499999992302,12.599999992302),.PIECEWISE_BEZIER_KNOTS.);
#3176 = CARTESIAN_POINT('',(8.7,0.));
#3177 = CARTESIAN_POINT('',(8.7,-1.1));
#3178 = ( GEOMETRIC_REPRESENTATION_CONTEXT(2) 
PARAMETRIC_REPRESENTATION_CONTEXT() REPRESENTATION_CONTEXT('2D SPACE',''
  ) );
#3179 = ADVANCED_FACE('',(#3180,#3442,#3468,#3666,#3692,#3890,#3916,
    #4114),#90,.T.);
#3180 = FACE_BOUND('',#3181,.T.);
#3181 = EDGE_LOOP('',(#3182,#3183,#3184,#3208,#3231,#3255,#3278,#3302,
    #3325,#3349,#3373,#3396,#3420,#3441));
#3182 = ORIENTED_EDGE('',*,*,#74,.F.);
#3183 = ORIENTED_EDGE('',*,*,#160,.T.);
#3184 = ORIENTED_EDGE('',*,*,#3185,.T.);
#3185 = EDGE_CURVE('',#161,#3186,#3188,.T.);
#3186 = VERTEX_POINT('',#3187);
#3187 = CARTESIAN_POINT('',(-24.5,27.000000007362,44.));
#3188 = SURFACE_CURVE('',#3189,(#3194,#3201),.PCURVE_S1.);
#3189 = CIRCLE('',#3190,23.);
#3190 = AXIS2_PLACEMENT_3D('',#3191,#3192,#3193);
#3191 = CARTESIAN_POINT('',(-1.5,27.000000007362,44.));
#3192 = DIRECTION('',(0.,0.,1.));
#3193 = DIRECTION('',(1.,0.,0.));
#3194 = PCURVE('',#90,#3195);
#3195 = DEFINITIONAL_REPRESENTATION('',(#3196),#3200);
#3196 = CIRCLE('',#3197,23.);
#3197 = AXIS2_PLACEMENT_2D('',#3198,#3199);
#3198 = CARTESIAN_POINT('',(-1.499999976522,-33.00000000803));
#3199 = DIRECTION('',(1.,0.));
#3200 = ( GEOMETRIC_REPRESENTATION_CONTEXT(2) 
PARAMETRIC_REPRESENTATION_CONTEXT() REPRESENTATION_CONTEXT('2D SPACE',''
  ) );
#3201 = PCURVE('',#200,#3202);
#3202 = DEFINITIONAL_REPRESENTATION('',(#3203),#3207);
#3203 = LINE('',#3204,#3205);
#3204 = CARTESIAN_POINT('',(-0.,-2.));
#3205 = VECTOR('',#3206,1.);
#3206 = DIRECTION('',(-1.,0.));
#3207 = ( GEOMETRIC_REPRESENTATION_CONTEXT(2) 
PARAMETRIC_REPRESENTATION_CONTEXT() REPRESENTATION_CONTEXT('2D SPACE',''
  ) );
#3208 = ORIENTED_EDGE('',*,*,#3209,.F.);
#3209 = EDGE_CURVE('',#3210,#3186,#3212,.T.);
#3210 = VERTEX_POINT('',#3211);
#3211 = CARTESIAN_POINT('',(-24.5,24.999999990218,44.));
#3212 = SURFACE_CURVE('',#3213,(#3217,#3224),.PCURVE_S1.);
#3213 = LINE('',#3214,#3215);
#3214 = CARTESIAN_POINT('',(-24.5,26.000000009782,44.));
#3215 = VECTOR('',#3216,1.);
#3216 = DIRECTION('',(0.,1.,0.));
#3217 = PCURVE('',#90,#3218);
#3218 = DEFINITIONAL_REPRESENTATION('',(#3219),#3223);
#3219 = LINE('',#3220,#3221);
#3220 = CARTESIAN_POINT('',(-24.49999997652,-34.00000000561));
#3221 = VECTOR('',#3222,1.);
#3222 = DIRECTION('',(0.,1.));
#3223 = ( GEOMETRIC_REPRESENTATION_CONTEXT(2) 
PARAMETRIC_REPRESENTATION_CONTEXT() REPRESENTATION_CONTEXT('2D SPACE',''
  ) );
#3224 = PCURVE('',#357,#3225);
#3225 = DEFINITIONAL_REPRESENTATION('',(#3226),#3230);
#3226 = LINE('',#3227,#3228);
#3227 = CARTESIAN_POINT('',(1.000000019564,-2.));
#3228 = VECTOR('',#3229,1.);
#3229 = DIRECTION('',(1.,0.));
#3230 = ( GEOMETRIC_REPRESENTATION_CONTEXT(2) 
PARAMETRIC_REPRESENTATION_CONTEXT() REPRESENTATION_CONTEXT('2D SPACE',''
  ) );
#3231 = ORIENTED_EDGE('',*,*,#3232,.T.);
#3232 = EDGE_CURVE('',#3210,#3233,#3235,.T.);
#3233 = VERTEX_POINT('',#3234);
#3234 = CARTESIAN_POINT('',(-1.5,2.,44.));
#3235 = SURFACE_CURVE('',#3236,(#3241,#3248),.PCURVE_S1.);
#3236 = CIRCLE('',#3237,23.);
#3237 = AXIS2_PLACEMENT_3D('',#3238,#3239,#3240);
#3238 = CARTESIAN_POINT('',(-1.5,24.999999990218,44.));
#3239 = DIRECTION('',(0.,0.,1.));
#3240 = DIRECTION('',(1.,0.,0.));
#3241 = PCURVE('',#90,#3242);
#3242 = DEFINITIONAL_REPRESENTATION('',(#3243),#3247);
#3243 = CIRCLE('',#3244,23.);
#3244 = AXIS2_PLACEMENT_2D('',#3245,#3246);
#3245 = CARTESIAN_POINT('',(-1.499999976522,-35.00000002517));
#3246 = DIRECTION('',(1.,0.));
#3247 = ( GEOMETRIC_REPRESENTATION_CONTEXT(2) 
PARAMETRIC_REPRESENTATION_CONTEXT() REPRESENTATION_CONTEXT('2D SPACE',''
  ) );
#3248 = PCURVE('',#390,#3249);
#3249 = DEFINITIONAL_REPRESENTATION('',(#3250),#3254);
#3250 = LINE('',#3251,#3252);
#3251 = CARTESIAN_POINT('',(-0.,-2.));
#3252 = VECTOR('',#3253,1.);
#3253 = DIRECTION('',(-1.,0.));
#3254 = ( GEOMETRIC_REPRESENTATION_CONTEXT(2) 
PARAMETRIC_REPRESENTATION_CONTEXT() REPRESENTATION_CONTEXT('2D SPACE',''
  ) );
#3255 = ORIENTED_EDGE('',*,*,#3256,.T.);
#3256 = EDGE_CURVE('',#3233,#3257,#3259,.T.);
#3257 = VERTEX_POINT('',#3258);
#3258 = CARTESIAN_POINT('',(1.49999999637,2.000000009782,44.));
#3259 = SURFACE_CURVE('',#3260,(#3264,#3271),.PCURVE_S1.);
#3260 = LINE('',#3261,#3262);
#3261 = CARTESIAN_POINT('',(0.,2.000000009782,44.));
#3262 = VECTOR('',#3263,1.);
#3263 = DIRECTION('',(1.,0.,0.));
#3264 = PCURVE('',#90,#3265);
#3265 = DEFINITIONAL_REPRESENTATION('',(#3266),#3270);
#3266 = LINE('',#3267,#3268);
#3267 = CARTESIAN_POINT('',(2.34783876269E-08,-58.00000000561));
#3268 = VECTOR('',#3269,1.);
#3269 = DIRECTION('',(1.,0.));
#3270 = ( GEOMETRIC_REPRESENTATION_CONTEXT(2) 
PARAMETRIC_REPRESENTATION_CONTEXT() REPRESENTATION_CONTEXT('2D SPACE',''
  ) );
#3271 = PCURVE('',#418,#3272);
#3272 = DEFINITIONAL_REPRESENTATION('',(#3273),#3277);
#3273 = LINE('',#3274,#3275);
#3274 = CARTESIAN_POINT('',(1.5,-2.));
#3275 = VECTOR('',#3276,1.);
#3276 = DIRECTION('',(1.,0.));
#3277 = ( GEOMETRIC_REPRESENTATION_CONTEXT(2) 
PARAMETRIC_REPRESENTATION_CONTEXT() REPRESENTATION_CONTEXT('2D SPACE',''
  ) );
#3278 = ORIENTED_EDGE('',*,*,#3279,.T.);
#3279 = EDGE_CURVE('',#3257,#3280,#3282,.T.);
#3280 = VERTEX_POINT('',#3281);
#3281 = CARTESIAN_POINT('',(24.499999998185,25.000000009782,44.));
#3282 = SURFACE_CURVE('',#3283,(#3288,#3295),.PCURVE_S1.);
#3283 = CIRCLE('',#3284,23.);
#3284 = AXIS2_PLACEMENT_3D('',#3285,#3286,#3287);
#3285 = CARTESIAN_POINT('',(1.49999999637,25.000000009782,44.));
#3286 = DIRECTION('',(0.,0.,1.));
#3287 = DIRECTION('',(1.,0.,0.));
#3288 = PCURVE('',#90,#3289);
#3289 = DEFINITIONAL_REPRESENTATION('',(#3290),#3294);
#3290 = CIRCLE('',#3291,23.);
#3291 = AXIS2_PLACEMENT_2D('',#3292,#3293);
#3292 = CARTESIAN_POINT('',(1.500000019849,-35.00000000561));
#3293 = DIRECTION('',(1.,0.));
#3294 = ( GEOMETRIC_REPRESENTATION_CONTEXT(2) 
PARAMETRIC_REPRESENTATION_CONTEXT() REPRESENTATION_CONTEXT('2D SPACE',''
  ) );
#3295 = PCURVE('',#451,#3296);
#3296 = DEFINITIONAL_REPRESENTATION('',(#3297),#3301);
#3297 = LINE('',#3298,#3299);
#3298 = CARTESIAN_POINT('',(-0.,-2.));
#3299 = VECTOR('',#3300,1.);
#3300 = DIRECTION('',(-1.,0.));
#3301 = ( GEOMETRIC_REPRESENTATION_CONTEXT(2) 
PARAMETRIC_REPRESENTATION_CONTEXT() REPRESENTATION_CONTEXT('2D SPACE',''
  ) );
#3302 = ORIENTED_EDGE('',*,*,#3303,.T.);
#3303 = EDGE_CURVE('',#3280,#3304,#3306,.T.);
#3304 = VERTEX_POINT('',#3305);
#3305 = CARTESIAN_POINT('',(24.5,27.000000007362,44.));
#3306 = SURFACE_CURVE('',#3307,(#3311,#3318),.PCURVE_S1.);
#3307 = LINE('',#3308,#3309);
#3308 = CARTESIAN_POINT('',(24.5,26.000000009782,44.));
#3309 = VECTOR('',#3310,1.);
#3310 = DIRECTION('',(0.,1.,0.));
#3311 = PCURVE('',#90,#3312);
#3312 = DEFINITIONAL_REPRESENTATION('',(#3313),#3317);
#3313 = LINE('',#3314,#3315);
#3314 = CARTESIAN_POINT('',(24.500000023478,-34.00000000561));
#3315 = VECTOR('',#3316,1.);
#3316 = DIRECTION('',(0.,1.));
#3317 = ( GEOMETRIC_REPRESENTATION_CONTEXT(2) 
PARAMETRIC_REPRESENTATION_CONTEXT() REPRESENTATION_CONTEXT('2D SPACE',''
  ) );
#3318 = PCURVE('',#479,#3319);
#3319 = DEFINITIONAL_REPRESENTATION('',(#3320),#3324);
#3320 = LINE('',#3321,#3322);
#3321 = CARTESIAN_POINT('',(1.,-2.));
#3322 = VECTOR('',#3323,1.);
#3323 = DIRECTION('',(1.,0.));
#3324 = ( GEOMETRIC_REPRESENTATION_CONTEXT(2) 
PARAMETRIC_REPRESENTATION_CONTEXT() REPRESENTATION_CONTEXT('2D SPACE',''
  ) );
#3325 = ORIENTED_EDGE('',*,*,#3326,.T.);
#3326 = EDGE_CURVE('',#3304,#3327,#3329,.T.);
#3327 = VERTEX_POINT('',#3328);
#3328 = CARTESIAN_POINT('',(21.901900337275,37.618967124172,44.));
#3329 = SURFACE_CURVE('',#3330,(#3335,#3342),.PCURVE_S1.);
#3330 = CIRCLE('',#3331,23.);
#3331 = AXIS2_PLACEMENT_3D('',#3332,#3333,#3334);
#3332 = CARTESIAN_POINT('',(1.5,27.000000007362,44.));
#3333 = DIRECTION('',(0.,0.,1.));
#3334 = DIRECTION('',(1.,0.,0.));
#3335 = PCURVE('',#90,#3336);
#3336 = DEFINITIONAL_REPRESENTATION('',(#3337),#3341);
#3337 = CIRCLE('',#3338,23.);
#3338 = AXIS2_PLACEMENT_2D('',#3339,#3340);
#3339 = CARTESIAN_POINT('',(1.500000023478,-33.00000000803));
#3340 = DIRECTION('',(1.,0.));
#3341 = ( GEOMETRIC_REPRESENTATION_CONTEXT(2) 
PARAMETRIC_REPRESENTATION_CONTEXT() REPRESENTATION_CONTEXT('2D SPACE',''
  ) );
#3342 = PCURVE('',#508,#3343);
#3343 = DEFINITIONAL_REPRESENTATION('',(#3344),#3348);
#3344 = LINE('',#3345,#3346);
#3345 = CARTESIAN_POINT('',(-0.,-2.));
#3346 = VECTOR('',#3347,1.);
#3347 = DIRECTION('',(-1.,0.));
#3348 = ( GEOMETRIC_REPRESENTATION_CONTEXT(2) 
PARAMETRIC_REPRESENTATION_CONTEXT() REPRESENTATION_CONTEXT('2D SPACE',''
  ) );
#3349 = ORIENTED_EDGE('',*,*,#3350,.T.);
#3350 = EDGE_CURVE('',#3327,#3351,#3353,.T.);
#3351 = VERTEX_POINT('',#3352);
#3352 = CARTESIAN_POINT('',(34.999999959151,59.000000009765,44.));
#3353 = SURFACE_CURVE('',#3354,(#3359,#3366),.PCURVE_S1.);
#3354 = CIRCLE('',#3355,24.);
#3355 = AXIS2_PLACEMENT_3D('',#3356,#3357,#3358);
#3356 = CARTESIAN_POINT('',(10.999999918302,59.000000009765,44.));
#3357 = DIRECTION('',(0.,0.,1.));
#3358 = DIRECTION('',(1.,0.,0.));
#3359 = PCURVE('',#90,#3360);
#3360 = DEFINITIONAL_REPRESENTATION('',(#3361),#3365);
#3361 = CIRCLE('',#3362,24.);
#3362 = AXIS2_PLACEMENT_2D('',#3363,#3364);
#3363 = CARTESIAN_POINT('',(10.99999994178,-1.000000005631));
#3364 = DIRECTION('',(1.,0.));
#3365 = ( GEOMETRIC_REPRESENTATION_CONTEXT(2) 
PARAMETRIC_REPRESENTATION_CONTEXT() REPRESENTATION_CONTEXT('2D SPACE',''
  ) );
#3366 = PCURVE('',#537,#3367);
#3367 = DEFINITIONAL_REPRESENTATION('',(#3368),#3372);
#3368 = LINE('',#3369,#3370);
#3369 = CARTESIAN_POINT('',(-0.,-2.));
#3370 = VECTOR('',#3371,1.);
#3371 = DIRECTION('',(-1.,0.));
#3372 = ( GEOMETRIC_REPRESENTATION_CONTEXT(2) 
PARAMETRIC_REPRESENTATION_CONTEXT() REPRESENTATION_CONTEXT('2D SPACE',''
  ) );
#3373 = ORIENTED_EDGE('',*,*,#3374,.T.);
#3374 = EDGE_CURVE('',#3351,#3375,#3377,.T.);
#3375 = VERTEX_POINT('',#3376);
#3376 = CARTESIAN_POINT('',(35.,61.000000007345,44.));
#3377 = SURFACE_CURVE('',#3378,(#3382,#3389),.PCURVE_S1.);
#3378 = LINE('',#3379,#3380);
#3379 = CARTESIAN_POINT('',(35.,60.000000009765,44.));
#3380 = VECTOR('',#3381,1.);
#3381 = DIRECTION('',(0.,1.,0.));
#3382 = PCURVE('',#90,#3383);
#3383 = DEFINITIONAL_REPRESENTATION('',(#3384),#3388);
#3384 = LINE('',#3385,#3386);
#3385 = CARTESIAN_POINT('',(35.000000023478,-5.631363819703E-09));
#3386 = VECTOR('',#3387,1.);
#3387 = DIRECTION('',(0.,1.));
#3388 = ( GEOMETRIC_REPRESENTATION_CONTEXT(2) 
PARAMETRIC_REPRESENTATION_CONTEXT() REPRESENTATION_CONTEXT('2D SPACE',''
  ) );
#3389 = PCURVE('',#565,#3390);
#3390 = DEFINITIONAL_REPRESENTATION('',(#3391),#3395);
#3391 = LINE('',#3392,#3393);
#3392 = CARTESIAN_POINT('',(1.,-2.));
#3393 = VECTOR('',#3394,1.);
#3394 = DIRECTION('',(1.,0.));
#3395 = ( GEOMETRIC_REPRESENTATION_CONTEXT(2) 
PARAMETRIC_REPRESENTATION_CONTEXT() REPRESENTATION_CONTEXT('2D SPACE',''
  ) );
#3396 = ORIENTED_EDGE('',*,*,#3397,.T.);
#3397 = EDGE_CURVE('',#3375,#3398,#3400,.T.);
#3398 = VERTEX_POINT('',#3399);
#3399 = CARTESIAN_POINT('',(11.,85.000000008555,44.));
#3400 = SURFACE_CURVE('',#3401,(#3406,#3413),.PCURVE_S1.);
#3401 = CIRCLE('',#3402,24.);
#3402 = AXIS2_PLACEMENT_3D('',#3403,#3404,#3405);
#3403 = CARTESIAN_POINT('',(11.,61.000000007345,44.));
#3404 = DIRECTION('',(0.,0.,1.));
#3405 = DIRECTION('',(1.,0.,0.));
#3406 = PCURVE('',#90,#3407);
#3407 = DEFINITIONAL_REPRESENTATION('',(#3408),#3412);
#3408 = CIRCLE('',#3409,24.);
#3409 = AXIS2_PLACEMENT_2D('',#3410,#3411);
#3410 = CARTESIAN_POINT('',(11.000000023478,0.999999991949));
#3411 = DIRECTION('',(1.,0.));
#3412 = ( GEOMETRIC_REPRESENTATION_CONTEXT(2) 
PARAMETRIC_REPRESENTATION_CONTEXT() REPRESENTATION_CONTEXT('2D SPACE',''
  ) );
#3413 = PCURVE('',#594,#3414);
#3414 = DEFINITIONAL_REPRESENTATION('',(#3415),#3419);
#3415 = LINE('',#3416,#3417);
#3416 = CARTESIAN_POINT('',(-0.,-2.));
#3417 = VECTOR('',#3418,1.);
#3418 = DIRECTION('',(-1.,0.));
#3419 = ( GEOMETRIC_REPRESENTATION_CONTEXT(2) 
PARAMETRIC_REPRESENTATION_CONTEXT() REPRESENTATION_CONTEXT('2D SPACE',''
  ) );
#3420 = ORIENTED_EDGE('',*,*,#3421,.F.);
#3421 = EDGE_CURVE('',#240,#3398,#3422,.T.);
#3422 = SURFACE_CURVE('',#3423,(#3427,#3434),.PCURVE_S1.);
#3423 = LINE('',#3424,#3425);
#3424 = CARTESIAN_POINT('',(0.,85.000000009765,44.));
#3425 = VECTOR('',#3426,1.);
#3426 = DIRECTION('',(1.,0.,0.));
#3427 = PCURVE('',#90,#3428);
#3428 = DEFINITIONAL_REPRESENTATION('',(#3429),#3433);
#3429 = LINE('',#3430,#3431);
#3430 = CARTESIAN_POINT('',(2.34783876269E-08,24.999999994369));
#3431 = VECTOR('',#3432,1.);
#3432 = DIRECTION('',(1.,0.));
#3433 = ( GEOMETRIC_REPRESENTATION_CONTEXT(2) 
PARAMETRIC_REPRESENTATION_CONTEXT() REPRESENTATION_CONTEXT('2D SPACE',''
  ) );
#3434 = PCURVE('',#255,#3435);
#3435 = DEFINITIONAL_REPRESENTATION('',(#3436),#3440);
#3436 = LINE('',#3437,#3438);
#3437 = CARTESIAN_POINT('',(11.,-2.));
#3438 = VECTOR('',#3439,1.);
#3439 = DIRECTION('',(1.,0.));
#3440 = ( GEOMETRIC_REPRESENTATION_CONTEXT(2) 
PARAMETRIC_REPRESENTATION_CONTEXT() REPRESENTATION_CONTEXT('2D SPACE',''
  ) );
#3441 = ORIENTED_EDGE('',*,*,#267,.T.);
#3442 = FACE_BOUND('',#3443,.T.);
#3443 = EDGE_LOOP('',(#3444));
#3444 = ORIENTED_EDGE('',*,*,#3445,.F.);
#3445 = EDGE_CURVE('',#3446,#3446,#3448,.T.);
#3446 = VERTEX_POINT('',#3447);
#3447 = CARTESIAN_POINT('',(-18.3,15.,44.));
#3448 = SURFACE_CURVE('',#3449,(#3454,#3461),.PCURVE_S1.);
#3449 = CIRCLE('',#3450,1.2);
#3450 = AXIS2_PLACEMENT_3D('',#3451,#3452,#3453);
#3451 = CARTESIAN_POINT('',(-19.5,15.,44.));
#3452 = DIRECTION('',(0.,0.,1.));
#3453 = DIRECTION('',(1.,0.,-0.));
#3454 = PCURVE('',#90,#3455);
#3455 = DEFINITIONAL_REPRESENTATION('',(#3456),#3460);
#3456 = CIRCLE('',#3457,1.2);
#3457 = AXIS2_PLACEMENT_2D('',#3458,#3459);
#3458 = CARTESIAN_POINT('',(-19.49999997652,-45.00000001539));
#3459 = DIRECTION('',(1.,0.));
#3460 = ( GEOMETRIC_REPRESENTATION_CONTEXT(2) 
PARAMETRIC_REPRESENTATION_CONTEXT() REPRESENTATION_CONTEXT('2D SPACE',''
  ) );
#3461 = PCURVE('',#647,#3462);
#3462 = DEFINITIONAL_REPRESENTATION('',(#3463),#3467);
#3463 = LINE('',#3464,#3465);
#3464 = CARTESIAN_POINT('',(0.,6.));
#3465 = VECTOR('',#3466,1.);
#3466 = DIRECTION('',(1.,0.));
#3467 = ( GEOMETRIC_REPRESENTATION_CONTEXT(2) 
PARAMETRIC_REPRESENTATION_CONTEXT() REPRESENTATION_CONTEXT('2D SPACE',''
  ) );
#3468 = FACE_BOUND('',#3469,.T.);
#3469 = EDGE_LOOP('',(#3470,#3493,#3521,#3542,#3570,#3591,#3619,#3640));
#3470 = ORIENTED_EDGE('',*,*,#3471,.F.);
#3471 = EDGE_CURVE('',#3472,#3474,#3476,.T.);
#3472 = VERTEX_POINT('',#3473);
#3473 = CARTESIAN_POINT('',(-8.,25.299999948861,44.));
#3474 = VERTEX_POINT('',#3475);
#3475 = CARTESIAN_POINT('',(-8.,15.3,44.));
#3476 = SURFACE_CURVE('',#3477,(#3481,#3487),.PCURVE_S1.);
#3477 = LINE('',#3478,#3479);
#3478 = CARTESIAN_POINT('',(-8.,37.650000007698,44.));
#3479 = VECTOR('',#3480,1.);
#3480 = DIRECTION('',(0.,-1.,0.));
#3481 = PCURVE('',#90,#3482);
#3482 = DEFINITIONAL_REPRESENTATION('',(#3483),#3486);
#3483 = B_SPLINE_CURVE_WITH_KNOTS('',1,(#3484,#3485),.UNSPECIFIED.,.F.,
  .F.,(2,2),(12.350000058838,22.350000007698),.PIECEWISE_BEZIER_KNOTS.);
#3484 = CARTESIAN_POINT('',(-7.999999976522,-34.70000006653));
#3485 = CARTESIAN_POINT('',(-7.999999976522,-44.70000001539));
#3486 = ( GEOMETRIC_REPRESENTATION_CONTEXT(2) 
PARAMETRIC_REPRESENTATION_CONTEXT() REPRESENTATION_CONTEXT('2D SPACE',''
  ) );
#3487 = PCURVE('',#1535,#3488);
#3488 = DEFINITIONAL_REPRESENTATION('',(#3489),#3492);
#3489 = B_SPLINE_CURVE_WITH_KNOTS('',1,(#3490,#3491),.UNSPECIFIED.,.F.,
  .F.,(2,2),(12.350000058838,22.350000007698),.PIECEWISE_BEZIER_KNOTS.);
#3490 = CARTESIAN_POINT('',(9.999999948861,-6.));
#3491 = CARTESIAN_POINT('',(0.,-6.));
#3492 = ( GEOMETRIC_REPRESENTATION_CONTEXT(2) 
PARAMETRIC_REPRESENTATION_CONTEXT() REPRESENTATION_CONTEXT('2D SPACE',''
  ) );
#3493 = ORIENTED_EDGE('',*,*,#3494,.T.);
#3494 = EDGE_CURVE('',#3472,#3495,#3497,.T.);
#3495 = VERTEX_POINT('',#3496);
#3496 = CARTESIAN_POINT('',(-6.,27.29999997443,44.));
#3497 = SURFACE_CURVE('',#3498,(#3503,#3514),.PCURVE_S1.);
#3498 = CIRCLE('',#3499,2.);
#3499 = AXIS2_PLACEMENT_3D('',#3500,#3501,#3502);
#3500 = CARTESIAN_POINT('',(-6.,25.299999948861,44.));
#3501 = DIRECTION('',(0.,0.,-1.));
#3502 = DIRECTION('',(-1.,0.,0.));
#3503 = PCURVE('',#90,#3504);
#3504 = DEFINITIONAL_REPRESENTATION('',(#3505),#3513);
#3505 = ( BOUNDED_CURVE() B_SPLINE_CURVE(2,(#3506,#3507,#3508,#3509,
#3510,#3511,#3512),.UNSPECIFIED.,.T.,.F.) B_SPLINE_CURVE_WITH_KNOTS((1,2
    ,2,2,2,1),(-2.094395102393,0.,2.094395102393,4.188790204786,
6.28318530718,8.377580409573),.UNSPECIFIED.) CURVE() 
GEOMETRIC_REPRESENTATION_ITEM() RATIONAL_B_SPLINE_CURVE((1.,0.5,1.,0.5,
1.,0.5,1.)) REPRESENTATION_ITEM('') );
#3506 = CARTESIAN_POINT('',(-7.999999976522,-34.70000006653));
#3507 = CARTESIAN_POINT('',(-7.999999976522,-31.23589845139));
#3508 = CARTESIAN_POINT('',(-4.999999976522,-32.96794925896));
#3509 = CARTESIAN_POINT('',(-1.999999976522,-34.70000006653));
#3510 = CARTESIAN_POINT('',(-4.999999976522,-36.4320508741));
#3511 = CARTESIAN_POINT('',(-7.999999976522,-38.16410168167));
#3512 = CARTESIAN_POINT('',(-7.999999976522,-34.70000006653));
#3513 = ( GEOMETRIC_REPRESENTATION_CONTEXT(2) 
PARAMETRIC_REPRESENTATION_CONTEXT() REPRESENTATION_CONTEXT('2D SPACE',''
  ) );
#3514 = PCURVE('',#1567,#3515);
#3515 = DEFINITIONAL_REPRESENTATION('',(#3516),#3520);
#3516 = LINE('',#3517,#3518);
#3517 = CARTESIAN_POINT('',(0.,-6.));
#3518 = VECTOR('',#3519,1.);
#3519 = DIRECTION('',(1.,0.));
#3520 = ( GEOMETRIC_REPRESENTATION_CONTEXT(2) 
PARAMETRIC_REPRESENTATION_CONTEXT() REPRESENTATION_CONTEXT('2D SPACE',''
  ) );
#3521 = ORIENTED_EDGE('',*,*,#3522,.F.);
#3522 = EDGE_CURVE('',#3523,#3495,#3525,.T.);
#3523 = VERTEX_POINT('',#3524);
#3524 = CARTESIAN_POINT('',(6.,27.29999997443,44.));
#3525 = SURFACE_CURVE('',#3526,(#3530,#3536),.PCURVE_S1.);
#3526 = LINE('',#3527,#3528);
#3527 = CARTESIAN_POINT('',(-3.000000011739,27.3,44.));
#3528 = VECTOR('',#3529,1.);
#3529 = DIRECTION('',(-1.,0.,0.));
#3530 = PCURVE('',#90,#3531);
#3531 = DEFINITIONAL_REPRESENTATION('',(#3532),#3535);
#3532 = B_SPLINE_CURVE_WITH_KNOTS('',1,(#3533,#3534),.UNSPECIFIED.,.F.,
  .F.,(2,2),(-9.000000011739,2.999999988261),.PIECEWISE_BEZIER_KNOTS.);
#3533 = CARTESIAN_POINT('',(6.000000023478,-32.70000001539));
#3534 = CARTESIAN_POINT('',(-5.999999976522,-32.70000001539));
#3535 = ( GEOMETRIC_REPRESENTATION_CONTEXT(2) 
PARAMETRIC_REPRESENTATION_CONTEXT() REPRESENTATION_CONTEXT('2D SPACE',''
  ) );
#3536 = PCURVE('',#1594,#3537);
#3537 = DEFINITIONAL_REPRESENTATION('',(#3538),#3541);
#3538 = B_SPLINE_CURVE_WITH_KNOTS('',1,(#3539,#3540),.UNSPECIFIED.,.F.,
  .F.,(2,2),(-9.000000011739,2.999999988261),.PIECEWISE_BEZIER_KNOTS.);
#3539 = CARTESIAN_POINT('',(12.,-6.));
#3540 = CARTESIAN_POINT('',(0.,-6.));
#3541 = ( GEOMETRIC_REPRESENTATION_CONTEXT(2) 
PARAMETRIC_REPRESENTATION_CONTEXT() REPRESENTATION_CONTEXT('2D SPACE',''
  ) );
#3542 = ORIENTED_EDGE('',*,*,#3543,.T.);
#3543 = EDGE_CURVE('',#3523,#3544,#3546,.T.);
#3544 = VERTEX_POINT('',#3545);
#3545 = CARTESIAN_POINT('',(8.,25.299999948861,44.));
#3546 = SURFACE_CURVE('',#3547,(#3552,#3563),.PCURVE_S1.);
#3547 = CIRCLE('',#3548,2.);
#3548 = AXIS2_PLACEMENT_3D('',#3549,#3550,#3551);
#3549 = CARTESIAN_POINT('',(6.,25.299999948861,44.));
#3550 = DIRECTION('',(0.,0.,-1.));
#3551 = DIRECTION('',(-1.,0.,0.));
#3552 = PCURVE('',#90,#3553);
#3553 = DEFINITIONAL_REPRESENTATION('',(#3554),#3562);
#3554 = ( BOUNDED_CURVE() B_SPLINE_CURVE(2,(#3555,#3556,#3557,#3558,
#3559,#3560,#3561),.UNSPECIFIED.,.T.,.F.) B_SPLINE_CURVE_WITH_KNOTS((1,2
    ,2,2,2,1),(-2.094395102393,0.,2.094395102393,4.188790204786,
6.28318530718,8.377580409573),.UNSPECIFIED.) CURVE() 
GEOMETRIC_REPRESENTATION_ITEM() RATIONAL_B_SPLINE_CURVE((1.,0.5,1.,0.5,
1.,0.5,1.)) REPRESENTATION_ITEM('') );
#3555 = CARTESIAN_POINT('',(4.000000023478,-34.70000006653));
#3556 = CARTESIAN_POINT('',(4.000000023478,-31.23589845139));
#3557 = CARTESIAN_POINT('',(7.000000023478,-32.96794925896));
#3558 = CARTESIAN_POINT('',(10.000000023478,-34.70000006653));
#3559 = CARTESIAN_POINT('',(7.000000023478,-36.4320508741));
#3560 = CARTESIAN_POINT('',(4.000000023478,-38.16410168167));
#3561 = CARTESIAN_POINT('',(4.000000023478,-34.70000006653));
#3562 = ( GEOMETRIC_REPRESENTATION_CONTEXT(2) 
PARAMETRIC_REPRESENTATION_CONTEXT() REPRESENTATION_CONTEXT('2D SPACE',''
  ) );
#3563 = PCURVE('',#1626,#3564);
#3564 = DEFINITIONAL_REPRESENTATION('',(#3565),#3569);
#3565 = LINE('',#3566,#3567);
#3566 = CARTESIAN_POINT('',(0.,-6.));
#3567 = VECTOR('',#3568,1.);
#3568 = DIRECTION('',(1.,0.));
#3569 = ( GEOMETRIC_REPRESENTATION_CONTEXT(2) 
PARAMETRIC_REPRESENTATION_CONTEXT() REPRESENTATION_CONTEXT('2D SPACE',''
  ) );
#3570 = ORIENTED_EDGE('',*,*,#3571,.T.);
#3571 = EDGE_CURVE('',#3544,#3572,#3574,.T.);
#3572 = VERTEX_POINT('',#3573);
#3573 = CARTESIAN_POINT('',(7.999999963746,15.3,44.));
#3574 = SURFACE_CURVE('',#3575,(#3579,#3585),.PCURVE_S1.);
#3575 = LINE('',#3576,#3577);
#3576 = CARTESIAN_POINT('',(8.,37.650000007698,44.));
#3577 = VECTOR('',#3578,1.);
#3578 = DIRECTION('',(0.,-1.,0.));
#3579 = PCURVE('',#90,#3580);
#3580 = DEFINITIONAL_REPRESENTATION('',(#3581),#3584);
#3581 = B_SPLINE_CURVE_WITH_KNOTS('',1,(#3582,#3583),.UNSPECIFIED.,.F.,
  .F.,(2,2),(12.350000058838,22.350000007698),.PIECEWISE_BEZIER_KNOTS.);
#3582 = CARTESIAN_POINT('',(8.000000023478,-34.70000006653));
#3583 = CARTESIAN_POINT('',(8.000000023478,-44.70000001539));
#3584 = ( GEOMETRIC_REPRESENTATION_CONTEXT(2) 
PARAMETRIC_REPRESENTATION_CONTEXT() REPRESENTATION_CONTEXT('2D SPACE',''
  ) );
#3585 = PCURVE('',#1653,#3586);
#3586 = DEFINITIONAL_REPRESENTATION('',(#3587),#3590);
#3587 = B_SPLINE_CURVE_WITH_KNOTS('',1,(#3588,#3589),.UNSPECIFIED.,.F.,
  .F.,(2,2),(12.350000058838,22.350000007698),.PIECEWISE_BEZIER_KNOTS.);
#3588 = CARTESIAN_POINT('',(9.999999948861,-6.));
#3589 = CARTESIAN_POINT('',(0.,-6.));
#3590 = ( GEOMETRIC_REPRESENTATION_CONTEXT(2) 
PARAMETRIC_REPRESENTATION_CONTEXT() REPRESENTATION_CONTEXT('2D SPACE',''
  ) );
#3591 = ORIENTED_EDGE('',*,*,#3592,.T.);
#3592 = EDGE_CURVE('',#3572,#3593,#3595,.T.);
#3593 = VERTEX_POINT('',#3594);
#3594 = CARTESIAN_POINT('',(5.999999927492,13.3,44.));
#3595 = SURFACE_CURVE('',#3596,(#3601,#3612),.PCURVE_S1.);
#3596 = CIRCLE('',#3597,2.);
#3597 = AXIS2_PLACEMENT_3D('',#3598,#3599,#3600);
#3598 = CARTESIAN_POINT('',(5.999999927492,15.3,44.));
#3599 = DIRECTION('',(0.,0.,-1.));
#3600 = DIRECTION('',(-1.,0.,0.));
#3601 = PCURVE('',#90,#3602);
#3602 = DEFINITIONAL_REPRESENTATION('',(#3603),#3611);
#3603 = ( BOUNDED_CURVE() B_SPLINE_CURVE(2,(#3604,#3605,#3606,#3607,
#3608,#3609,#3610),.UNSPECIFIED.,.T.,.F.) B_SPLINE_CURVE_WITH_KNOTS((1,2
    ,2,2,2,1),(-2.094395102393,0.,2.094395102393,4.188790204786,
6.28318530718,8.377580409573),.UNSPECIFIED.) CURVE() 
GEOMETRIC_REPRESENTATION_ITEM() RATIONAL_B_SPLINE_CURVE((1.,0.5,1.,0.5,
1.,0.5,1.)) REPRESENTATION_ITEM('') );
#3604 = CARTESIAN_POINT('',(3.999999950971,-44.70000001539));
#3605 = CARTESIAN_POINT('',(3.999999950971,-41.23589840025));
#3606 = CARTESIAN_POINT('',(6.999999950971,-42.96794920782));
#3607 = CARTESIAN_POINT('',(9.999999950971,-44.70000001539));
#3608 = CARTESIAN_POINT('',(6.999999950971,-46.43205082296));
#3609 = CARTESIAN_POINT('',(3.999999950971,-48.16410163053));
#3610 = CARTESIAN_POINT('',(3.999999950971,-44.70000001539));
#3611 = ( GEOMETRIC_REPRESENTATION_CONTEXT(2) 
PARAMETRIC_REPRESENTATION_CONTEXT() REPRESENTATION_CONTEXT('2D SPACE',''
  ) );
#3612 = PCURVE('',#1685,#3613);
#3613 = DEFINITIONAL_REPRESENTATION('',(#3614),#3618);
#3614 = LINE('',#3615,#3616);
#3615 = CARTESIAN_POINT('',(0.,-6.));
#3616 = VECTOR('',#3617,1.);
#3617 = DIRECTION('',(1.,0.));
#3618 = ( GEOMETRIC_REPRESENTATION_CONTEXT(2) 
PARAMETRIC_REPRESENTATION_CONTEXT() REPRESENTATION_CONTEXT('2D SPACE',''
  ) );
#3619 = ORIENTED_EDGE('',*,*,#3620,.T.);
#3620 = EDGE_CURVE('',#3593,#3621,#3623,.T.);
#3621 = VERTEX_POINT('',#3622);
#3622 = CARTESIAN_POINT('',(-6.,13.3,44.));
#3623 = SURFACE_CURVE('',#3624,(#3628,#3634),.PCURVE_S1.);
#3624 = LINE('',#3625,#3626);
#3625 = CARTESIAN_POINT('',(-3.000000011739,13.3,44.));
#3626 = VECTOR('',#3627,1.);
#3627 = DIRECTION('',(-1.,0.,0.));
#3628 = PCURVE('',#90,#3629);
#3629 = DEFINITIONAL_REPRESENTATION('',(#3630),#3633);
#3630 = B_SPLINE_CURVE_WITH_KNOTS('',1,(#3631,#3632),.UNSPECIFIED.,.F.,
  .F.,(2,2),(-8.999999939232,2.999999988261),.PIECEWISE_BEZIER_KNOTS.);
#3631 = CARTESIAN_POINT('',(5.999999950971,-46.70000001539));
#3632 = CARTESIAN_POINT('',(-5.999999976522,-46.70000001539));
#3633 = ( GEOMETRIC_REPRESENTATION_CONTEXT(2) 
PARAMETRIC_REPRESENTATION_CONTEXT() REPRESENTATION_CONTEXT('2D SPACE',''
  ) );
#3634 = PCURVE('',#1712,#3635);
#3635 = DEFINITIONAL_REPRESENTATION('',(#3636),#3639);
#3636 = B_SPLINE_CURVE_WITH_KNOTS('',1,(#3637,#3638),.UNSPECIFIED.,.F.,
  .F.,(2,2),(-8.999999939232,2.999999988261),.PIECEWISE_BEZIER_KNOTS.);
#3637 = CARTESIAN_POINT('',(11.999999927492,-6.));
#3638 = CARTESIAN_POINT('',(0.,-6.));
#3639 = ( GEOMETRIC_REPRESENTATION_CONTEXT(2) 
PARAMETRIC_REPRESENTATION_CONTEXT() REPRESENTATION_CONTEXT('2D SPACE',''
  ) );
#3640 = ORIENTED_EDGE('',*,*,#3641,.T.);
#3641 = EDGE_CURVE('',#3621,#3474,#3642,.T.);
#3642 = SURFACE_CURVE('',#3643,(#3648,#3659),.PCURVE_S1.);
#3643 = CIRCLE('',#3644,2.);
#3644 = AXIS2_PLACEMENT_3D('',#3645,#3646,#3647);
#3645 = CARTESIAN_POINT('',(-6.,15.3,44.));
#3646 = DIRECTION('',(0.,0.,-1.));
#3647 = DIRECTION('',(-1.,0.,0.));
#3648 = PCURVE('',#90,#3649);
#3649 = DEFINITIONAL_REPRESENTATION('',(#3650),#3658);
#3650 = ( BOUNDED_CURVE() B_SPLINE_CURVE(2,(#3651,#3652,#3653,#3654,
#3655,#3656,#3657),.UNSPECIFIED.,.T.,.F.) B_SPLINE_CURVE_WITH_KNOTS((1,2
    ,2,2,2,1),(-2.094395102393,0.,2.094395102393,4.188790204786,
6.28318530718,8.377580409573),.UNSPECIFIED.) CURVE() 
GEOMETRIC_REPRESENTATION_ITEM() RATIONAL_B_SPLINE_CURVE((1.,0.5,1.,0.5,
1.,0.5,1.)) REPRESENTATION_ITEM('') );
#3651 = CARTESIAN_POINT('',(-7.999999976522,-44.70000001539));
#3652 = CARTESIAN_POINT('',(-7.999999976522,-41.23589840025));
#3653 = CARTESIAN_POINT('',(-4.999999976522,-42.96794920782));
#3654 = CARTESIAN_POINT('',(-1.999999976522,-44.70000001539));
#3655 = CARTESIAN_POINT('',(-4.999999976522,-46.43205082296));
#3656 = CARTESIAN_POINT('',(-7.999999976522,-48.16410163053));
#3657 = CARTESIAN_POINT('',(-7.999999976522,-44.70000001539));
#3658 = ( GEOMETRIC_REPRESENTATION_CONTEXT(2) 
PARAMETRIC_REPRESENTATION_CONTEXT() REPRESENTATION_CONTEXT('2D SPACE',''
  ) );
#3659 = PCURVE('',#1742,#3660);
#3660 = DEFINITIONAL_REPRESENTATION('',(#3661),#3665);
#3661 = LINE('',#3662,#3663);
#3662 = CARTESIAN_POINT('',(0.,-6.));
#3663 = VECTOR('',#3664,1.);
#3664 = DIRECTION('',(1.,0.));
#3665 = ( GEOMETRIC_REPRESENTATION_CONTEXT(2) 
PARAMETRIC_REPRESENTATION_CONTEXT() REPRESENTATION_CONTEXT('2D SPACE',''
  ) );
#3666 = FACE_BOUND('',#3667,.T.);
#3667 = EDGE_LOOP('',(#3668));
#3668 = ORIENTED_EDGE('',*,*,#3669,.F.);
#3669 = EDGE_CURVE('',#3670,#3670,#3672,.T.);
#3670 = VERTEX_POINT('',#3671);
#3671 = CARTESIAN_POINT('',(20.7,15.,44.));
#3672 = SURFACE_CURVE('',#3673,(#3678,#3685),.PCURVE_S1.);
#3673 = CIRCLE('',#3674,1.2);
#3674 = AXIS2_PLACEMENT_3D('',#3675,#3676,#3677);
#3675 = CARTESIAN_POINT('',(19.5,15.,44.));
#3676 = DIRECTION('',(0.,0.,1.));
#3677 = DIRECTION('',(1.,0.,-0.));
#3678 = PCURVE('',#90,#3679);
#3679 = DEFINITIONAL_REPRESENTATION('',(#3680),#3684);
#3680 = CIRCLE('',#3681,1.2);
#3681 = AXIS2_PLACEMENT_2D('',#3682,#3683);
#3682 = CARTESIAN_POINT('',(19.500000023478,-45.00000001539));
#3683 = DIRECTION('',(1.,0.));
#3684 = ( GEOMETRIC_REPRESENTATION_CONTEXT(2) 
PARAMETRIC_REPRESENTATION_CONTEXT() REPRESENTATION_CONTEXT('2D SPACE',''
  ) );
#3685 = PCURVE('',#1773,#3686);
#3686 = DEFINITIONAL_REPRESENTATION('',(#3687),#3691);
#3687 = LINE('',#3688,#3689);
#3688 = CARTESIAN_POINT('',(0.,6.));
#3689 = VECTOR('',#3690,1.);
#3690 = DIRECTION('',(1.,0.));
#3691 = ( GEOMETRIC_REPRESENTATION_CONTEXT(2) 
PARAMETRIC_REPRESENTATION_CONTEXT() REPRESENTATION_CONTEXT('2D SPACE',''
  ) );
#3692 = FACE_BOUND('',#3693,.T.);
#3693 = EDGE_LOOP('',(#3694,#3717,#3745,#3766,#3794,#3815,#3843,#3864));
#3694 = ORIENTED_EDGE('',*,*,#3695,.F.);
#3695 = EDGE_CURVE('',#3696,#3698,#3700,.T.);
#3696 = VERTEX_POINT('',#3697);
#3697 = CARTESIAN_POINT('',(-19.,58.1,44.));
#3698 = VERTEX_POINT('',#3699);
#3699 = CARTESIAN_POINT('',(-19.,49.9,44.));
#3700 = SURFACE_CURVE('',#3701,(#3705,#3711),.PCURVE_S1.);
#3701 = LINE('',#3702,#3703);
#3702 = CARTESIAN_POINT('',(-18.99999999895,54.950000007698,44.));
#3703 = VECTOR('',#3704,1.);
#3704 = DIRECTION('',(0.,-1.,0.));
#3705 = PCURVE('',#90,#3706);
#3706 = DEFINITIONAL_REPRESENTATION('',(#3707),#3710);
#3707 = B_SPLINE_CURVE_WITH_KNOTS('',1,(#3708,#3709),.UNSPECIFIED.,.F.,
  .F.,(2,2),(-3.149999992302,5.050000007698),.PIECEWISE_BEZIER_KNOTS.);
#3708 = CARTESIAN_POINT('',(-18.99999997548,-1.900000015396));
#3709 = CARTESIAN_POINT('',(-18.99999997548,-10.10000001539));
#3710 = ( GEOMETRIC_REPRESENTATION_CONTEXT(2) 
PARAMETRIC_REPRESENTATION_CONTEXT() REPRESENTATION_CONTEXT('2D SPACE',''
  ) );
#3711 = PCURVE('',#2203,#3712);
#3712 = DEFINITIONAL_REPRESENTATION('',(#3713),#3716);
#3713 = B_SPLINE_CURVE_WITH_KNOTS('',1,(#3714,#3715),.UNSPECIFIED.,.F.,
  .F.,(2,2),(-3.149999992302,5.050000007698),.PIECEWISE_BEZIER_KNOTS.);
#3714 = CARTESIAN_POINT('',(8.2,-5.));
#3715 = CARTESIAN_POINT('',(0.,-5.));
#3716 = ( GEOMETRIC_REPRESENTATION_CONTEXT(2) 
PARAMETRIC_REPRESENTATION_CONTEXT() REPRESENTATION_CONTEXT('2D SPACE',''
  ) );
#3717 = ORIENTED_EDGE('',*,*,#3718,.T.);
#3718 = EDGE_CURVE('',#3696,#3719,#3721,.T.);
#3719 = VERTEX_POINT('',#3720);
#3720 = CARTESIAN_POINT('',(-18.10000000104,59.,44.));
#3721 = SURFACE_CURVE('',#3722,(#3727,#3738),.PCURVE_S1.);
#3722 = CIRCLE('',#3723,0.9);
#3723 = AXIS2_PLACEMENT_3D('',#3724,#3725,#3726);
#3724 = CARTESIAN_POINT('',(-18.10000000104,58.1,44.));
#3725 = DIRECTION('',(0.,0.,-1.));
#3726 = DIRECTION('',(-1.,0.,0.));
#3727 = PCURVE('',#90,#3728);
#3728 = DEFINITIONAL_REPRESENTATION('',(#3729),#3737);
#3729 = ( BOUNDED_CURVE() B_SPLINE_CURVE(2,(#3730,#3731,#3732,#3733,
#3734,#3735,#3736),.UNSPECIFIED.,.T.,.F.) B_SPLINE_CURVE_WITH_KNOTS((1,2
    ,2,2,2,1),(-2.094395102393,0.,2.094395102393,4.188790204786,
6.28318530718,8.377580409573),.UNSPECIFIED.) CURVE() 
GEOMETRIC_REPRESENTATION_ITEM() RATIONAL_B_SPLINE_CURVE((1.,0.5,1.,0.5,
1.,0.5,1.)) REPRESENTATION_ITEM('') );
#3730 = CARTESIAN_POINT('',(-18.99999997756,-1.900000015396));
#3731 = CARTESIAN_POINT('',(-18.99999997756,-0.341154288584));
#3732 = CARTESIAN_POINT('',(-17.64999997756,-1.12057715199));
#3733 = CARTESIAN_POINT('',(-16.29999997756,-1.900000015396));
#3734 = CARTESIAN_POINT('',(-17.64999997756,-2.679422878802));
#3735 = CARTESIAN_POINT('',(-18.99999997756,-3.458845742208));
#3736 = CARTESIAN_POINT('',(-18.99999997756,-1.900000015396));
#3737 = ( GEOMETRIC_REPRESENTATION_CONTEXT(2) 
PARAMETRIC_REPRESENTATION_CONTEXT() REPRESENTATION_CONTEXT('2D SPACE',''
  ) );
#3738 = PCURVE('',#2235,#3739);
#3739 = DEFINITIONAL_REPRESENTATION('',(#3740),#3744);
#3740 = LINE('',#3741,#3742);
#3741 = CARTESIAN_POINT('',(0.,-5.));
#3742 = VECTOR('',#3743,1.);
#3743 = DIRECTION('',(1.,0.));
#3744 = ( GEOMETRIC_REPRESENTATION_CONTEXT(2) 
PARAMETRIC_REPRESENTATION_CONTEXT() REPRESENTATION_CONTEXT('2D SPACE',''
  ) );
#3745 = ORIENTED_EDGE('',*,*,#3746,.F.);
#3746 = EDGE_CURVE('',#3747,#3719,#3749,.T.);
#3747 = VERTEX_POINT('',#3748);
#3748 = CARTESIAN_POINT('',(-17.90000001088,59.,44.));
#3749 = SURFACE_CURVE('',#3750,(#3754,#3760),.PCURVE_S1.);
#3750 = LINE('',#3751,#3752);
#3751 = CARTESIAN_POINT('',(-9.05000001226,59.,44.));
#3752 = VECTOR('',#3753,1.);
#3753 = DIRECTION('',(-1.,0.,0.));
#3754 = PCURVE('',#90,#3755);
#3755 = DEFINITIONAL_REPRESENTATION('',(#3756),#3759);
#3756 = B_SPLINE_CURVE_WITH_KNOTS('',1,(#3757,#3758),.UNSPECIFIED.,.F.,
  .F.,(2,2),(8.849999998628,9.049999988782),.PIECEWISE_BEZIER_KNOTS.);
#3757 = CARTESIAN_POINT('',(-17.8999999874,-1.000000015396));
#3758 = CARTESIAN_POINT('',(-18.09999997756,-1.000000015396));
#3759 = ( GEOMETRIC_REPRESENTATION_CONTEXT(2) 
PARAMETRIC_REPRESENTATION_CONTEXT() REPRESENTATION_CONTEXT('2D SPACE',''
  ) );
#3760 = PCURVE('',#2262,#3761);
#3761 = DEFINITIONAL_REPRESENTATION('',(#3762),#3765);
#3762 = B_SPLINE_CURVE_WITH_KNOTS('',1,(#3763,#3764),.UNSPECIFIED.,.F.,
  .F.,(2,2),(8.849999998628,9.049999988782),.PIECEWISE_BEZIER_KNOTS.);
#3763 = CARTESIAN_POINT('',(0.199999990154,-5.));
#3764 = CARTESIAN_POINT('',(0.,-5.));
#3765 = ( GEOMETRIC_REPRESENTATION_CONTEXT(2) 
PARAMETRIC_REPRESENTATION_CONTEXT() REPRESENTATION_CONTEXT('2D SPACE',''
  ) );
#3766 = ORIENTED_EDGE('',*,*,#3767,.T.);
#3767 = EDGE_CURVE('',#3747,#3768,#3770,.T.);
#3768 = VERTEX_POINT('',#3769);
#3769 = CARTESIAN_POINT('',(-17.00000000492,58.1,44.));
#3770 = SURFACE_CURVE('',#3771,(#3776,#3787),.PCURVE_S1.);
#3771 = CIRCLE('',#3772,0.9);
#3772 = AXIS2_PLACEMENT_3D('',#3773,#3774,#3775);
#3773 = CARTESIAN_POINT('',(-17.90000001088,58.1,44.));
#3774 = DIRECTION('',(0.,0.,-1.));
#3775 = DIRECTION('',(-1.,0.,0.));
#3776 = PCURVE('',#90,#3777);
#3777 = DEFINITIONAL_REPRESENTATION('',(#3778),#3786);
#3778 = ( BOUNDED_CURVE() B_SPLINE_CURVE(2,(#3779,#3780,#3781,#3782,
#3783,#3784,#3785),.UNSPECIFIED.,.T.,.F.) B_SPLINE_CURVE_WITH_KNOTS((1,2
    ,2,2,2,1),(-2.094395102393,0.,2.094395102393,4.188790204786,
6.28318530718,8.377580409573),.UNSPECIFIED.) CURVE() 
GEOMETRIC_REPRESENTATION_ITEM() RATIONAL_B_SPLINE_CURVE((1.,0.5,1.,0.5,
1.,0.5,1.)) REPRESENTATION_ITEM('') );
#3779 = CARTESIAN_POINT('',(-18.7999999874,-1.900000015396));
#3780 = CARTESIAN_POINT('',(-18.7999999874,-0.341154288584));
#3781 = CARTESIAN_POINT('',(-17.4499999874,-1.12057715199));
#3782 = CARTESIAN_POINT('',(-16.0999999874,-1.900000015396));
#3783 = CARTESIAN_POINT('',(-17.4499999874,-2.679422878802));
#3784 = CARTESIAN_POINT('',(-18.7999999874,-3.458845742208));
#3785 = CARTESIAN_POINT('',(-18.7999999874,-1.900000015396));
#3786 = ( GEOMETRIC_REPRESENTATION_CONTEXT(2) 
PARAMETRIC_REPRESENTATION_CONTEXT() REPRESENTATION_CONTEXT('2D SPACE',''
  ) );
#3787 = PCURVE('',#2294,#3788);
#3788 = DEFINITIONAL_REPRESENTATION('',(#3789),#3793);
#3789 = LINE('',#3790,#3791);
#3790 = CARTESIAN_POINT('',(0.,-5.));
#3791 = VECTOR('',#3792,1.);
#3792 = DIRECTION('',(1.,0.));
#3793 = ( GEOMETRIC_REPRESENTATION_CONTEXT(2) 
PARAMETRIC_REPRESENTATION_CONTEXT() REPRESENTATION_CONTEXT('2D SPACE',''
  ) );
#3794 = ORIENTED_EDGE('',*,*,#3795,.T.);
#3795 = EDGE_CURVE('',#3768,#3796,#3798,.T.);
#3796 = VERTEX_POINT('',#3797);
#3797 = CARTESIAN_POINT('',(-17.00000000492,49.9,44.));
#3798 = SURFACE_CURVE('',#3799,(#3803,#3809),.PCURVE_S1.);
#3799 = LINE('',#3800,#3801);
#3800 = CARTESIAN_POINT('',(-16.99999999895,54.950000007698,44.));
#3801 = VECTOR('',#3802,1.);
#3802 = DIRECTION('',(0.,-1.,0.));
#3803 = PCURVE('',#90,#3804);
#3804 = DEFINITIONAL_REPRESENTATION('',(#3805),#3808);
#3805 = B_SPLINE_CURVE_WITH_KNOTS('',1,(#3806,#3807),.UNSPECIFIED.,.F.,
  .F.,(2,2),(-3.149999992302,5.050000007698),.PIECEWISE_BEZIER_KNOTS.);
#3806 = CARTESIAN_POINT('',(-16.99999997548,-1.900000015396));
#3807 = CARTESIAN_POINT('',(-16.99999997548,-10.10000001539));
#3808 = ( GEOMETRIC_REPRESENTATION_CONTEXT(2) 
PARAMETRIC_REPRESENTATION_CONTEXT() REPRESENTATION_CONTEXT('2D SPACE',''
  ) );
#3809 = PCURVE('',#2321,#3810);
#3810 = DEFINITIONAL_REPRESENTATION('',(#3811),#3814);
#3811 = B_SPLINE_CURVE_WITH_KNOTS('',1,(#3812,#3813),.UNSPECIFIED.,.F.,
  .F.,(2,2),(-3.149999992302,5.050000007698),.PIECEWISE_BEZIER_KNOTS.);
#3812 = CARTESIAN_POINT('',(8.2,-5.));
#3813 = CARTESIAN_POINT('',(0.,-5.));
#3814 = ( GEOMETRIC_REPRESENTATION_CONTEXT(2) 
PARAMETRIC_REPRESENTATION_CONTEXT() REPRESENTATION_CONTEXT('2D SPACE',''
  ) );
#3815 = ORIENTED_EDGE('',*,*,#3816,.T.);
#3816 = EDGE_CURVE('',#3796,#3817,#3819,.T.);
#3817 = VERTEX_POINT('',#3818);
#3818 = CARTESIAN_POINT('',(-17.90000001088,49.,44.));
#3819 = SURFACE_CURVE('',#3820,(#3825,#3836),.PCURVE_S1.);
#3820 = CIRCLE('',#3821,0.9);
#3821 = AXIS2_PLACEMENT_3D('',#3822,#3823,#3824);
#3822 = CARTESIAN_POINT('',(-17.90000001088,49.9,44.));
#3823 = DIRECTION('',(0.,0.,-1.));
#3824 = DIRECTION('',(-1.,0.,0.));
#3825 = PCURVE('',#90,#3826);
#3826 = DEFINITIONAL_REPRESENTATION('',(#3827),#3835);
#3827 = ( BOUNDED_CURVE() B_SPLINE_CURVE(2,(#3828,#3829,#3830,#3831,
#3832,#3833,#3834),.UNSPECIFIED.,.T.,.F.) B_SPLINE_CURVE_WITH_KNOTS((1,2
    ,2,2,2,1),(-2.094395102393,0.,2.094395102393,4.188790204786,
6.28318530718,8.377580409573),.UNSPECIFIED.) CURVE() 
GEOMETRIC_REPRESENTATION_ITEM() RATIONAL_B_SPLINE_CURVE((1.,0.5,1.,0.5,
1.,0.5,1.)) REPRESENTATION_ITEM('') );
#3828 = CARTESIAN_POINT('',(-18.7999999874,-10.10000001539));
#3829 = CARTESIAN_POINT('',(-18.7999999874,-8.541154288584));
#3830 = CARTESIAN_POINT('',(-17.4499999874,-9.32057715199));
#3831 = CARTESIAN_POINT('',(-16.0999999874,-10.10000001539));
#3832 = CARTESIAN_POINT('',(-17.4499999874,-10.8794228788));
#3833 = CARTESIAN_POINT('',(-18.7999999874,-11.6588457422));
#3834 = CARTESIAN_POINT('',(-18.7999999874,-10.10000001539));
#3835 = ( GEOMETRIC_REPRESENTATION_CONTEXT(2) 
PARAMETRIC_REPRESENTATION_CONTEXT() REPRESENTATION_CONTEXT('2D SPACE',''
  ) );
#3836 = PCURVE('',#2353,#3837);
#3837 = DEFINITIONAL_REPRESENTATION('',(#3838),#3842);
#3838 = LINE('',#3839,#3840);
#3839 = CARTESIAN_POINT('',(0.,-5.));
#3840 = VECTOR('',#3841,1.);
#3841 = DIRECTION('',(1.,0.));
#3842 = ( GEOMETRIC_REPRESENTATION_CONTEXT(2) 
PARAMETRIC_REPRESENTATION_CONTEXT() REPRESENTATION_CONTEXT('2D SPACE',''
  ) );
#3843 = ORIENTED_EDGE('',*,*,#3844,.T.);
#3844 = EDGE_CURVE('',#3817,#3845,#3847,.T.);
#3845 = VERTEX_POINT('',#3846);
#3846 = CARTESIAN_POINT('',(-18.10000000104,49.,44.));
#3847 = SURFACE_CURVE('',#3848,(#3852,#3858),.PCURVE_S1.);
#3848 = LINE('',#3849,#3850);
#3849 = CARTESIAN_POINT('',(-9.05000001226,49.,44.));
#3850 = VECTOR('',#3851,1.);
#3851 = DIRECTION('',(-1.,0.,0.));
#3852 = PCURVE('',#90,#3853);
#3853 = DEFINITIONAL_REPRESENTATION('',(#3854),#3857);
#3854 = B_SPLINE_CURVE_WITH_KNOTS('',1,(#3855,#3856),.UNSPECIFIED.,.F.,
  .F.,(2,2),(8.849999998628,9.049999988782),.PIECEWISE_BEZIER_KNOTS.);
#3855 = CARTESIAN_POINT('',(-17.8999999874,-11.00000001539));
#3856 = CARTESIAN_POINT('',(-18.09999997756,-11.00000001539));
#3857 = ( GEOMETRIC_REPRESENTATION_CONTEXT(2) 
PARAMETRIC_REPRESENTATION_CONTEXT() REPRESENTATION_CONTEXT('2D SPACE',''
  ) );
#3858 = PCURVE('',#2380,#3859);
#3859 = DEFINITIONAL_REPRESENTATION('',(#3860),#3863);
#3860 = B_SPLINE_CURVE_WITH_KNOTS('',1,(#3861,#3862),.UNSPECIFIED.,.F.,
  .F.,(2,2),(8.849999998628,9.049999988782),.PIECEWISE_BEZIER_KNOTS.);
#3861 = CARTESIAN_POINT('',(0.199999990154,-5.));
#3862 = CARTESIAN_POINT('',(0.,-5.));
#3863 = ( GEOMETRIC_REPRESENTATION_CONTEXT(2) 
PARAMETRIC_REPRESENTATION_CONTEXT() REPRESENTATION_CONTEXT('2D SPACE',''
  ) );
#3864 = ORIENTED_EDGE('',*,*,#3865,.T.);
#3865 = EDGE_CURVE('',#3845,#3698,#3866,.T.);
#3866 = SURFACE_CURVE('',#3867,(#3872,#3883),.PCURVE_S1.);
#3867 = CIRCLE('',#3868,0.9);
#3868 = AXIS2_PLACEMENT_3D('',#3869,#3870,#3871);
#3869 = CARTESIAN_POINT('',(-18.10000000104,49.9,44.));
#3870 = DIRECTION('',(0.,0.,-1.));
#3871 = DIRECTION('',(-1.,0.,0.));
#3872 = PCURVE('',#90,#3873);
#3873 = DEFINITIONAL_REPRESENTATION('',(#3874),#3882);
#3874 = ( BOUNDED_CURVE() B_SPLINE_CURVE(2,(#3875,#3876,#3877,#3878,
#3879,#3880,#3881),.UNSPECIFIED.,.T.,.F.) B_SPLINE_CURVE_WITH_KNOTS((1,2
    ,2,2,2,1),(-2.094395102393,0.,2.094395102393,4.188790204786,
6.28318530718,8.377580409573),.UNSPECIFIED.) CURVE() 
GEOMETRIC_REPRESENTATION_ITEM() RATIONAL_B_SPLINE_CURVE((1.,0.5,1.,0.5,
1.,0.5,1.)) REPRESENTATION_ITEM('') );
#3875 = CARTESIAN_POINT('',(-18.99999997756,-10.10000001539));
#3876 = CARTESIAN_POINT('',(-18.99999997756,-8.541154288584));
#3877 = CARTESIAN_POINT('',(-17.64999997756,-9.32057715199));
#3878 = CARTESIAN_POINT('',(-16.29999997756,-10.10000001539));
#3879 = CARTESIAN_POINT('',(-17.64999997756,-10.8794228788));
#3880 = CARTESIAN_POINT('',(-18.99999997756,-11.6588457422));
#3881 = CARTESIAN_POINT('',(-18.99999997756,-10.10000001539));
#3882 = ( GEOMETRIC_REPRESENTATION_CONTEXT(2) 
PARAMETRIC_REPRESENTATION_CONTEXT() REPRESENTATION_CONTEXT('2D SPACE',''
  ) );
#3883 = PCURVE('',#2410,#3884);
#3884 = DEFINITIONAL_REPRESENTATION('',(#3885),#3889);
#3885 = LINE('',#3886,#3887);
#3886 = CARTESIAN_POINT('',(0.,-5.));
#3887 = VECTOR('',#3888,1.);
#3888 = DIRECTION('',(1.,0.));
#3889 = ( GEOMETRIC_REPRESENTATION_CONTEXT(2) 
PARAMETRIC_REPRESENTATION_CONTEXT() REPRESENTATION_CONTEXT('2D SPACE',''
  ) );
#3890 = FACE_BOUND('',#3891,.T.);
#3891 = EDGE_LOOP('',(#3892));
#3892 = ORIENTED_EDGE('',*,*,#3893,.F.);
#3893 = EDGE_CURVE('',#3894,#3894,#3896,.T.);
#3894 = VERTEX_POINT('',#3895);
#3895 = CARTESIAN_POINT('',(-28.6,64.,44.));
#3896 = SURFACE_CURVE('',#3897,(#3902,#3909),.PCURVE_S1.);
#3897 = CIRCLE('',#3898,1.2);
#3898 = AXIS2_PLACEMENT_3D('',#3899,#3900,#3901);
#3899 = CARTESIAN_POINT('',(-29.8,64.,44.));
#3900 = DIRECTION('',(0.,0.,1.));
#3901 = DIRECTION('',(1.,0.,-0.));
#3902 = PCURVE('',#90,#3903);
#3903 = DEFINITIONAL_REPRESENTATION('',(#3904),#3908);
#3904 = CIRCLE('',#3905,1.2);
#3905 = AXIS2_PLACEMENT_2D('',#3906,#3907);
#3906 = CARTESIAN_POINT('',(-29.79999997652,3.999999984604));
#3907 = DIRECTION('',(1.,0.));
#3908 = ( GEOMETRIC_REPRESENTATION_CONTEXT(2) 
PARAMETRIC_REPRESENTATION_CONTEXT() REPRESENTATION_CONTEXT('2D SPACE',''
  ) );
#3909 = PCURVE('',#2441,#3910);
#3910 = DEFINITIONAL_REPRESENTATION('',(#3911),#3915);
#3911 = LINE('',#3912,#3913);
#3912 = CARTESIAN_POINT('',(0.,6.));
#3913 = VECTOR('',#3914,1.);
#3914 = DIRECTION('',(1.,0.));
#3915 = ( GEOMETRIC_REPRESENTATION_CONTEXT(2) 
PARAMETRIC_REPRESENTATION_CONTEXT() REPRESENTATION_CONTEXT('2D SPACE',''
  ) );
#3916 = FACE_BOUND('',#3917,.T.);
#3917 = EDGE_LOOP('',(#3918,#3941,#3969,#3990,#4018,#4039,#4067,#4088));
#3918 = ORIENTED_EDGE('',*,*,#3919,.F.);
#3919 = EDGE_CURVE('',#3920,#3922,#3924,.T.);
#3920 = VERTEX_POINT('',#3921);
#3921 = CARTESIAN_POINT('',(17.,58.1,44.));
#3922 = VERTEX_POINT('',#3923);
#3923 = CARTESIAN_POINT('',(17.,49.9,44.));
#3924 = SURFACE_CURVE('',#3925,(#3929,#3935),.PCURVE_S1.);
#3925 = LINE('',#3926,#3927);
#3926 = CARTESIAN_POINT('',(17.000000001042,54.950000007698,44.));
#3927 = VECTOR('',#3928,1.);
#3928 = DIRECTION('',(0.,-1.,0.));
#3929 = PCURVE('',#90,#3930);
#3930 = DEFINITIONAL_REPRESENTATION('',(#3931),#3934);
#3931 = B_SPLINE_CURVE_WITH_KNOTS('',1,(#3932,#3933),.UNSPECIFIED.,.F.,
  .F.,(2,2),(-3.149999992302,5.050000007698),.PIECEWISE_BEZIER_KNOTS.);
#3932 = CARTESIAN_POINT('',(17.00000002452,-1.900000015396));
#3933 = CARTESIAN_POINT('',(17.00000002452,-10.10000001539));
#3934 = ( GEOMETRIC_REPRESENTATION_CONTEXT(2) 
PARAMETRIC_REPRESENTATION_CONTEXT() REPRESENTATION_CONTEXT('2D SPACE',''
  ) );
#3935 = PCURVE('',#2824,#3936);
#3936 = DEFINITIONAL_REPRESENTATION('',(#3937),#3940);
#3937 = B_SPLINE_CURVE_WITH_KNOTS('',1,(#3938,#3939),.UNSPECIFIED.,.F.,
  .F.,(2,2),(-3.149999992302,5.050000007698),.PIECEWISE_BEZIER_KNOTS.);
#3938 = CARTESIAN_POINT('',(8.2,-5.));
#3939 = CARTESIAN_POINT('',(0.,-5.));
#3940 = ( GEOMETRIC_REPRESENTATION_CONTEXT(2) 
PARAMETRIC_REPRESENTATION_CONTEXT() REPRESENTATION_CONTEXT('2D SPACE',''
  ) );
#3941 = ORIENTED_EDGE('',*,*,#3942,.T.);
#3942 = EDGE_CURVE('',#3920,#3943,#3945,.T.);
#3943 = VERTEX_POINT('',#3944);
#3944 = CARTESIAN_POINT('',(17.899999998958,59.,44.));
#3945 = SURFACE_CURVE('',#3946,(#3951,#3962),.PCURVE_S1.);
#3946 = CIRCLE('',#3947,0.9);
#3947 = AXIS2_PLACEMENT_3D('',#3948,#3949,#3950);
#3948 = CARTESIAN_POINT('',(17.899999998958,58.1,44.));
#3949 = DIRECTION('',(0.,0.,-1.));
#3950 = DIRECTION('',(-1.,0.,0.));
#3951 = PCURVE('',#90,#3952);
#3952 = DEFINITIONAL_REPRESENTATION('',(#3953),#3961);
#3953 = ( BOUNDED_CURVE() B_SPLINE_CURVE(2,(#3954,#3955,#3956,#3957,
#3958,#3959,#3960),.UNSPECIFIED.,.T.,.F.) B_SPLINE_CURVE_WITH_KNOTS((1,2
    ,2,2,2,1),(-2.094395102393,0.,2.094395102393,4.188790204786,
6.28318530718,8.377580409573),.UNSPECIFIED.) CURVE() 
GEOMETRIC_REPRESENTATION_ITEM() RATIONAL_B_SPLINE_CURVE((1.,0.5,1.,0.5,
1.,0.5,1.)) REPRESENTATION_ITEM('') );
#3954 = CARTESIAN_POINT('',(17.000000022437,-1.900000015396));
#3955 = CARTESIAN_POINT('',(17.000000022437,-0.341154288584));
#3956 = CARTESIAN_POINT('',(18.350000022437,-1.12057715199));
#3957 = CARTESIAN_POINT('',(19.700000022437,-1.900000015396));
#3958 = CARTESIAN_POINT('',(18.350000022437,-2.679422878802));
#3959 = CARTESIAN_POINT('',(17.000000022437,-3.458845742208));
#3960 = CARTESIAN_POINT('',(17.000000022437,-1.900000015396));
#3961 = ( GEOMETRIC_REPRESENTATION_CONTEXT(2) 
PARAMETRIC_REPRESENTATION_CONTEXT() REPRESENTATION_CONTEXT('2D SPACE',''
  ) );
#3962 = PCURVE('',#2856,#3963);
#3963 = DEFINITIONAL_REPRESENTATION('',(#3964),#3968);
#3964 = LINE('',#3965,#3966);
#3965 = CARTESIAN_POINT('',(0.,-5.));
#3966 = VECTOR('',#3967,1.);
#3967 = DIRECTION('',(1.,0.));
#3968 = ( GEOMETRIC_REPRESENTATION_CONTEXT(2) 
PARAMETRIC_REPRESENTATION_CONTEXT() REPRESENTATION_CONTEXT('2D SPACE',''
  ) );
#3969 = ORIENTED_EDGE('',*,*,#3970,.F.);
#3970 = EDGE_CURVE('',#3971,#3943,#3973,.T.);
#3971 = VERTEX_POINT('',#3972);
#3972 = CARTESIAN_POINT('',(18.099999989112,59.,44.));
#3973 = SURFACE_CURVE('',#3974,(#3978,#3984),.PCURVE_S1.);
#3974 = LINE('',#3975,#3976);
#3975 = CARTESIAN_POINT('',(8.94999998774,59.,44.));
#3976 = VECTOR('',#3977,1.);
#3977 = DIRECTION('',(-1.,0.,0.));
#3978 = PCURVE('',#90,#3979);
#3979 = DEFINITIONAL_REPRESENTATION('',(#3980),#3983);
#3980 = B_SPLINE_CURVE_WITH_KNOTS('',1,(#3981,#3982),.UNSPECIFIED.,.F.,
  .F.,(2,2),(-9.150000001372,-8.950000011218),.PIECEWISE_BEZIER_KNOTS.);
#3981 = CARTESIAN_POINT('',(18.100000012591,-1.000000015396));
#3982 = CARTESIAN_POINT('',(17.900000022437,-1.000000015396));
#3983 = ( GEOMETRIC_REPRESENTATION_CONTEXT(2) 
PARAMETRIC_REPRESENTATION_CONTEXT() REPRESENTATION_CONTEXT('2D SPACE',''
  ) );
#3984 = PCURVE('',#2883,#3985);
#3985 = DEFINITIONAL_REPRESENTATION('',(#3986),#3989);
#3986 = B_SPLINE_CURVE_WITH_KNOTS('',1,(#3987,#3988),.UNSPECIFIED.,.F.,
  .F.,(2,2),(-9.150000001372,-8.950000011218),.PIECEWISE_BEZIER_KNOTS.);
#3987 = CARTESIAN_POINT('',(0.199999990154,-5.));
#3988 = CARTESIAN_POINT('',(0.,-5.));
#3989 = ( GEOMETRIC_REPRESENTATION_CONTEXT(2) 
PARAMETRIC_REPRESENTATION_CONTEXT() REPRESENTATION_CONTEXT('2D SPACE',''
  ) );
#3990 = ORIENTED_EDGE('',*,*,#3991,.T.);
#3991 = EDGE_CURVE('',#3971,#3992,#3994,.T.);
#3992 = VERTEX_POINT('',#3993);
#3993 = CARTESIAN_POINT('',(18.999999995077,58.1,44.));
#3994 = SURFACE_CURVE('',#3995,(#4000,#4011),.PCURVE_S1.);
#3995 = CIRCLE('',#3996,0.9);
#3996 = AXIS2_PLACEMENT_3D('',#3997,#3998,#3999);
#3997 = CARTESIAN_POINT('',(18.099999989112,58.1,44.));
#3998 = DIRECTION('',(0.,0.,-1.));
#3999 = DIRECTION('',(-1.,0.,0.));
#4000 = PCURVE('',#90,#4001);
#4001 = DEFINITIONAL_REPRESENTATION('',(#4002),#4010);
#4002 = ( BOUNDED_CURVE() B_SPLINE_CURVE(2,(#4003,#4004,#4005,#4006,
#4007,#4008,#4009),.UNSPECIFIED.,.T.,.F.) B_SPLINE_CURVE_WITH_KNOTS((1,2
    ,2,2,2,1),(-2.094395102393,0.,2.094395102393,4.188790204786,
6.28318530718,8.377580409573),.UNSPECIFIED.) CURVE() 
GEOMETRIC_REPRESENTATION_ITEM() RATIONAL_B_SPLINE_CURVE((1.,0.5,1.,0.5,
1.,0.5,1.)) REPRESENTATION_ITEM('') );
#4003 = CARTESIAN_POINT('',(17.200000012591,-1.900000015396));
#4004 = CARTESIAN_POINT('',(17.200000012591,-0.341154288584));
#4005 = CARTESIAN_POINT('',(18.550000012591,-1.12057715199));
#4006 = CARTESIAN_POINT('',(19.900000012591,-1.900000015396));
#4007 = CARTESIAN_POINT('',(18.550000012591,-2.679422878802));
#4008 = CARTESIAN_POINT('',(17.200000012591,-3.458845742208));
#4009 = CARTESIAN_POINT('',(17.200000012591,-1.900000015396));
#4010 = ( GEOMETRIC_REPRESENTATION_CONTEXT(2) 
PARAMETRIC_REPRESENTATION_CONTEXT() REPRESENTATION_CONTEXT('2D SPACE',''
  ) );
#4011 = PCURVE('',#2915,#4012);
#4012 = DEFINITIONAL_REPRESENTATION('',(#4013),#4017);
#4013 = LINE('',#4014,#4015);
#4014 = CARTESIAN_POINT('',(0.,-5.));
#4015 = VECTOR('',#4016,1.);
#4016 = DIRECTION('',(1.,0.));
#4017 = ( GEOMETRIC_REPRESENTATION_CONTEXT(2) 
PARAMETRIC_REPRESENTATION_CONTEXT() REPRESENTATION_CONTEXT('2D SPACE',''
  ) );
#4018 = ORIENTED_EDGE('',*,*,#4019,.T.);
#4019 = EDGE_CURVE('',#3992,#4020,#4022,.T.);
#4020 = VERTEX_POINT('',#4021);
#4021 = CARTESIAN_POINT('',(18.999999995077,49.9,44.));
#4022 = SURFACE_CURVE('',#4023,(#4027,#4033),.PCURVE_S1.);
#4023 = LINE('',#4024,#4025);
#4024 = CARTESIAN_POINT('',(19.000000001042,54.950000007698,44.));
#4025 = VECTOR('',#4026,1.);
#4026 = DIRECTION('',(0.,-1.,0.));
#4027 = PCURVE('',#90,#4028);
#4028 = DEFINITIONAL_REPRESENTATION('',(#4029),#4032);
#4029 = B_SPLINE_CURVE_WITH_KNOTS('',1,(#4030,#4031),.UNSPECIFIED.,.F.,
  .F.,(2,2),(-3.149999992302,5.050000007698),.PIECEWISE_BEZIER_KNOTS.);
#4030 = CARTESIAN_POINT('',(19.00000002452,-1.900000015396));
#4031 = CARTESIAN_POINT('',(19.00000002452,-10.10000001539));
#4032 = ( GEOMETRIC_REPRESENTATION_CONTEXT(2) 
PARAMETRIC_REPRESENTATION_CONTEXT() REPRESENTATION_CONTEXT('2D SPACE',''
  ) );
#4033 = PCURVE('',#2942,#4034);
#4034 = DEFINITIONAL_REPRESENTATION('',(#4035),#4038);
#4035 = B_SPLINE_CURVE_WITH_KNOTS('',1,(#4036,#4037),.UNSPECIFIED.,.F.,
  .F.,(2,2),(-3.149999992302,5.050000007698),.PIECEWISE_BEZIER_KNOTS.);
#4036 = CARTESIAN_POINT('',(8.2,-5.));
#4037 = CARTESIAN_POINT('',(0.,-5.));
#4038 = ( GEOMETRIC_REPRESENTATION_CONTEXT(2) 
PARAMETRIC_REPRESENTATION_CONTEXT() REPRESENTATION_CONTEXT('2D SPACE',''
  ) );
#4039 = ORIENTED_EDGE('',*,*,#4040,.T.);
#4040 = EDGE_CURVE('',#4020,#4041,#4043,.T.);
#4041 = VERTEX_POINT('',#4042);
#4042 = CARTESIAN_POINT('',(18.099999989112,49.,44.));
#4043 = SURFACE_CURVE('',#4044,(#4049,#4060),.PCURVE_S1.);
#4044 = CIRCLE('',#4045,0.9);
#4045 = AXIS2_PLACEMENT_3D('',#4046,#4047,#4048);
#4046 = CARTESIAN_POINT('',(18.099999989112,49.9,44.));
#4047 = DIRECTION('',(0.,0.,-1.));
#4048 = DIRECTION('',(-1.,0.,0.));
#4049 = PCURVE('',#90,#4050);
#4050 = DEFINITIONAL_REPRESENTATION('',(#4051),#4059);
#4051 = ( BOUNDED_CURVE() B_SPLINE_CURVE(2,(#4052,#4053,#4054,#4055,
#4056,#4057,#4058),.UNSPECIFIED.,.T.,.F.) B_SPLINE_CURVE_WITH_KNOTS((1,2
    ,2,2,2,1),(-2.094395102393,0.,2.094395102393,4.188790204786,
6.28318530718,8.377580409573),.UNSPECIFIED.) CURVE() 
GEOMETRIC_REPRESENTATION_ITEM() RATIONAL_B_SPLINE_CURVE((1.,0.5,1.,0.5,
1.,0.5,1.)) REPRESENTATION_ITEM('') );
#4052 = CARTESIAN_POINT('',(17.200000012591,-10.10000001539));
#4053 = CARTESIAN_POINT('',(17.200000012591,-8.541154288584));
#4054 = CARTESIAN_POINT('',(18.550000012591,-9.32057715199));
#4055 = CARTESIAN_POINT('',(19.900000012591,-10.10000001539));
#4056 = CARTESIAN_POINT('',(18.550000012591,-10.8794228788));
#4057 = CARTESIAN_POINT('',(17.200000012591,-11.6588457422));
#4058 = CARTESIAN_POINT('',(17.200000012591,-10.10000001539));
#4059 = ( GEOMETRIC_REPRESENTATION_CONTEXT(2) 
PARAMETRIC_REPRESENTATION_CONTEXT() REPRESENTATION_CONTEXT('2D SPACE',''
  ) );
#4060 = PCURVE('',#2974,#4061);
#4061 = DEFINITIONAL_REPRESENTATION('',(#4062),#4066);
#4062 = LINE('',#4063,#4064);
#4063 = CARTESIAN_POINT('',(0.,-5.));
#4064 = VECTOR('',#4065,1.);
#4065 = DIRECTION('',(1.,0.));
#4066 = ( GEOMETRIC_REPRESENTATION_CONTEXT(2) 
PARAMETRIC_REPRESENTATION_CONTEXT() REPRESENTATION_CONTEXT('2D SPACE',''
  ) );
#4067 = ORIENTED_EDGE('',*,*,#4068,.T.);
#4068 = EDGE_CURVE('',#4041,#4069,#4071,.T.);
#4069 = VERTEX_POINT('',#4070);
#4070 = CARTESIAN_POINT('',(17.899999998958,49.,44.));
#4071 = SURFACE_CURVE('',#4072,(#4076,#4082),.PCURVE_S1.);
#4072 = LINE('',#4073,#4074);
#4073 = CARTESIAN_POINT('',(8.94999998774,49.,44.));
#4074 = VECTOR('',#4075,1.);
#4075 = DIRECTION('',(-1.,0.,0.));
#4076 = PCURVE('',#90,#4077);
#4077 = DEFINITIONAL_REPRESENTATION('',(#4078),#4081);
#4078 = B_SPLINE_CURVE_WITH_KNOTS('',1,(#4079,#4080),.UNSPECIFIED.,.F.,
  .F.,(2,2),(-9.150000001372,-8.950000011218),.PIECEWISE_BEZIER_KNOTS.);
#4079 = CARTESIAN_POINT('',(18.100000012591,-11.00000001539));
#4080 = CARTESIAN_POINT('',(17.900000022437,-11.00000001539));
#4081 = ( GEOMETRIC_REPRESENTATION_CONTEXT(2) 
PARAMETRIC_REPRESENTATION_CONTEXT() REPRESENTATION_CONTEXT('2D SPACE',''
  ) );
#4082 = PCURVE('',#3001,#4083);
#4083 = DEFINITIONAL_REPRESENTATION('',(#4084),#4087);
#4084 = B_SPLINE_CURVE_WITH_KNOTS('',1,(#4085,#4086),.UNSPECIFIED.,.F.,
  .F.,(2,2),(-9.150000001372,-8.950000011218),.PIECEWISE_BEZIER_KNOTS.);
#4085 = CARTESIAN_POINT('',(0.199999990154,-5.));
#4086 = CARTESIAN_POINT('',(0.,-5.));
#4087 = ( GEOMETRIC_REPRESENTATION_CONTEXT(2) 
PARAMETRIC_REPRESENTATION_CONTEXT() REPRESENTATION_CONTEXT('2D SPACE',''
  ) );
#4088 = ORIENTED_EDGE('',*,*,#4089,.T.);
#4089 = EDGE_CURVE('',#4069,#3922,#4090,.T.);
#4090 = SURFACE_CURVE('',#4091,(#4096,#4107),.PCURVE_S1.);
#4091 = CIRCLE('',#4092,0.9);
#4092 = AXIS2_PLACEMENT_3D('',#4093,#4094,#4095);
#4093 = CARTESIAN_POINT('',(17.899999998958,49.9,44.));
#4094 = DIRECTION('',(0.,0.,-1.));
#4095 = DIRECTION('',(-1.,0.,0.));
#4096 = PCURVE('',#90,#4097);
#4097 = DEFINITIONAL_REPRESENTATION('',(#4098),#4106);
#4098 = ( BOUNDED_CURVE() B_SPLINE_CURVE(2,(#4099,#4100,#4101,#4102,
#4103,#4104,#4105),.UNSPECIFIED.,.T.,.F.) B_SPLINE_CURVE_WITH_KNOTS((1,2
    ,2,2,2,1),(-2.094395102393,0.,2.094395102393,4.188790204786,
6.28318530718,8.377580409573),.UNSPECIFIED.) CURVE() 
GEOMETRIC_REPRESENTATION_ITEM() RATIONAL_B_SPLINE_CURVE((1.,0.5,1.,0.5,
1.,0.5,1.)) REPRESENTATION_ITEM('') );
#4099 = CARTESIAN_POINT('',(17.000000022437,-10.10000001539));
#4100 = CARTESIAN_POINT('',(17.000000022437,-8.541154288584));
#4101 = CARTESIAN_POINT('',(18.350000022437,-9.32057715199));
#4102 = CARTESIAN_POINT('',(19.700000022437,-10.10000001539));
#4103 = CARTESIAN_POINT('',(18.350000022437,-10.8794228788));
#4104 = CARTESIAN_POINT('',(17.000000022437,-11.6588457422));
#4105 = CARTESIAN_POINT('',(17.000000022437,-10.10000001539));
#4106 = ( GEOMETRIC_REPRESENTATION_CONTEXT(2) 
PARAMETRIC_REPRESENTATION_CONTEXT() REPRESENTATION_CONTEXT('2D SPACE',''
  ) );
#4107 = PCURVE('',#3031,#4108);
#4108 = DEFINITIONAL_REPRESENTATION('',(#4109),#4113);
#4109 = LINE('',#4110,#4111);
#4110 = CARTESIAN_POINT('',(0.,-5.));
#4111 = VECTOR('',#4112,1.);
#4112 = DIRECTION('',(1.,0.));
#4113 = ( GEOMETRIC_REPRESENTATION_CONTEXT(2) 
PARAMETRIC_REPRESENTATION_CONTEXT() REPRESENTATION_CONTEXT('2D SPACE',''
  ) );
#4114 = FACE_BOUND('',#4115,.T.);
#4115 = EDGE_LOOP('',(#4116));
#4116 = ORIENTED_EDGE('',*,*,#4117,.F.);
#4117 = EDGE_CURVE('',#4118,#4118,#4120,.T.);
#4118 = VERTEX_POINT('',#4119);
#4119 = CARTESIAN_POINT('',(31.,64.,44.));
#4120 = SURFACE_CURVE('',#4121,(#4126,#4133),.PCURVE_S1.);
#4121 = CIRCLE('',#4122,1.2);
#4122 = AXIS2_PLACEMENT_3D('',#4123,#4124,#4125);
#4123 = CARTESIAN_POINT('',(29.8,64.,44.));
#4124 = DIRECTION('',(0.,0.,1.));
#4125 = DIRECTION('',(1.,0.,-0.));
#4126 = PCURVE('',#90,#4127);
#4127 = DEFINITIONAL_REPRESENTATION('',(#4128),#4132);
#4128 = CIRCLE('',#4129,1.2);
#4129 = AXIS2_PLACEMENT_2D('',#4130,#4131);
#4130 = CARTESIAN_POINT('',(29.800000023478,3.999999984604));
#4131 = DIRECTION('',(1.,0.));
#4132 = ( GEOMETRIC_REPRESENTATION_CONTEXT(2) 
PARAMETRIC_REPRESENTATION_CONTEXT() REPRESENTATION_CONTEXT('2D SPACE',''
  ) );
#4133 = PCURVE('',#3062,#4134);
#4134 = DEFINITIONAL_REPRESENTATION('',(#4135),#4139);
#4135 = LINE('',#4136,#4137);
#4136 = CARTESIAN_POINT('',(0.,6.));
#4137 = VECTOR('',#4138,1.);
#4138 = DIRECTION('',(1.,0.));
#4139 = ( GEOMETRIC_REPRESENTATION_CONTEXT(2) 
PARAMETRIC_REPRESENTATION_CONTEXT() REPRESENTATION_CONTEXT('2D SPACE',''
  ) );
#4140 = ADVANCED_FACE('',(#4141),#200,.T.);
#4141 = FACE_BOUND('',#4142,.F.);
#4142 = EDGE_LOOP('',(#4143,#4144,#4145,#4166));
#4143 = ORIENTED_EDGE('',*,*,#184,.T.);
#4144 = ORIENTED_EDGE('',*,*,#3185,.T.);
#4145 = ORIENTED_EDGE('',*,*,#4146,.F.);
#4146 = EDGE_CURVE('',#318,#3186,#4147,.T.);
#4147 = SURFACE_CURVE('',#4148,(#4152,#4159),.PCURVE_S1.);
#4148 = LINE('',#4149,#4150);
#4149 = CARTESIAN_POINT('',(-24.5,27.000000007362,42.));
#4150 = VECTOR('',#4151,1.);
#4151 = DIRECTION('',(0.,0.,1.));
#4152 = PCURVE('',#200,#4153);
#4153 = DEFINITIONAL_REPRESENTATION('',(#4154),#4158);
#4154 = LINE('',#4155,#4156);
#4155 = CARTESIAN_POINT('',(-3.14159265359,0.));
#4156 = VECTOR('',#4157,1.);
#4157 = DIRECTION('',(-0.,-1.));
#4158 = ( GEOMETRIC_REPRESENTATION_CONTEXT(2) 
PARAMETRIC_REPRESENTATION_CONTEXT() REPRESENTATION_CONTEXT('2D SPACE',''
  ) );
#4159 = PCURVE('',#357,#4160);
#4160 = DEFINITIONAL_REPRESENTATION('',(#4161),#4165);
#4161 = LINE('',#4162,#4163);
#4162 = CARTESIAN_POINT('',(2.000000017144,0.));
#4163 = VECTOR('',#4164,1.);
#4164 = DIRECTION('',(0.,-1.));
#4165 = ( GEOMETRIC_REPRESENTATION_CONTEXT(2) 
PARAMETRIC_REPRESENTATION_CONTEXT() REPRESENTATION_CONTEXT('2D SPACE',''
  ) );
#4166 = ORIENTED_EDGE('',*,*,#317,.F.);
#4167 = ADVANCED_FACE('',(#4168),#255,.T.);
#4168 = FACE_BOUND('',#4169,.T.);
#4169 = EDGE_LOOP('',(#4170,#4171,#4172,#4193));
#4170 = ORIENTED_EDGE('',*,*,#237,.T.);
#4171 = ORIENTED_EDGE('',*,*,#3421,.T.);
#4172 = ORIENTED_EDGE('',*,*,#4173,.F.);
#4173 = EDGE_CURVE('',#578,#3398,#4174,.T.);
#4174 = SURFACE_CURVE('',#4175,(#4179,#4186),.PCURVE_S1.);
#4175 = LINE('',#4176,#4177);
#4176 = CARTESIAN_POINT('',(11.,85.000000008555,42.));
#4177 = VECTOR('',#4178,1.);
#4178 = DIRECTION('',(0.,0.,1.));
#4179 = PCURVE('',#255,#4180);
#4180 = DEFINITIONAL_REPRESENTATION('',(#4181),#4185);
#4181 = LINE('',#4182,#4183);
#4182 = CARTESIAN_POINT('',(22.,0.));
#4183 = VECTOR('',#4184,1.);
#4184 = DIRECTION('',(0.,-1.));
#4185 = ( GEOMETRIC_REPRESENTATION_CONTEXT(2) 
PARAMETRIC_REPRESENTATION_CONTEXT() REPRESENTATION_CONTEXT('2D SPACE',''
  ) );
#4186 = PCURVE('',#594,#4187);
#4187 = DEFINITIONAL_REPRESENTATION('',(#4188),#4192);
#4188 = LINE('',#4189,#4190);
#4189 = CARTESIAN_POINT('',(-1.570796326795,0.));
#4190 = VECTOR('',#4191,1.);
#4191 = DIRECTION('',(-0.,-1.));
#4192 = ( GEOMETRIC_REPRESENTATION_CONTEXT(2) 
PARAMETRIC_REPRESENTATION_CONTEXT() REPRESENTATION_CONTEXT('2D SPACE',''
  ) );
#4193 = ORIENTED_EDGE('',*,*,#606,.F.);
#4194 = ADVANCED_FACE('',(#4195),#357,.T.);
#4195 = FACE_BOUND('',#4196,.T.);
#4196 = EDGE_LOOP('',(#4197,#4218,#4219,#4220));
#4197 = ORIENTED_EDGE('',*,*,#4198,.T.);
#4198 = EDGE_CURVE('',#342,#3210,#4199,.T.);
#4199 = SURFACE_CURVE('',#4200,(#4204,#4211),.PCURVE_S1.);
#4200 = LINE('',#4201,#4202);
#4201 = CARTESIAN_POINT('',(-24.5,24.999999990218,42.));
#4202 = VECTOR('',#4203,1.);
#4203 = DIRECTION('',(0.,0.,1.));
#4204 = PCURVE('',#357,#4205);
#4205 = DEFINITIONAL_REPRESENTATION('',(#4206),#4210);
#4206 = LINE('',#4207,#4208);
#4207 = CARTESIAN_POINT('',(3.552713678801E-15,0.));
#4208 = VECTOR('',#4209,1.);
#4209 = DIRECTION('',(0.,-1.));
#4210 = ( GEOMETRIC_REPRESENTATION_CONTEXT(2) 
PARAMETRIC_REPRESENTATION_CONTEXT() REPRESENTATION_CONTEXT('2D SPACE',''
  ) );
#4211 = PCURVE('',#390,#4212);
#4212 = DEFINITIONAL_REPRESENTATION('',(#4213),#4217);
#4213 = LINE('',#4214,#4215);
#4214 = CARTESIAN_POINT('',(-3.14159265359,0.));
#4215 = VECTOR('',#4216,1.);
#4216 = DIRECTION('',(-0.,-1.));
#4217 = ( GEOMETRIC_REPRESENTATION_CONTEXT(2) 
PARAMETRIC_REPRESENTATION_CONTEXT() REPRESENTATION_CONTEXT('2D SPACE',''
  ) );
#4218 = ORIENTED_EDGE('',*,*,#3209,.T.);
#4219 = ORIENTED_EDGE('',*,*,#4146,.F.);
#4220 = ORIENTED_EDGE('',*,*,#341,.F.);
#4221 = ADVANCED_FACE('',(#4222),#594,.T.);
#4222 = FACE_BOUND('',#4223,.F.);
#4223 = EDGE_LOOP('',(#4224,#4245,#4246,#4247));
#4224 = ORIENTED_EDGE('',*,*,#4225,.T.);
#4225 = EDGE_CURVE('',#550,#3375,#4226,.T.);
#4226 = SURFACE_CURVE('',#4227,(#4231,#4238),.PCURVE_S1.);
#4227 = LINE('',#4228,#4229);
#4228 = CARTESIAN_POINT('',(35.,61.000000007345,42.));
#4229 = VECTOR('',#4230,1.);
#4230 = DIRECTION('',(0.,0.,1.));
#4231 = PCURVE('',#594,#4232);
#4232 = DEFINITIONAL_REPRESENTATION('',(#4233),#4237);
#4233 = LINE('',#4234,#4235);
#4234 = CARTESIAN_POINT('',(-0.,0.));
#4235 = VECTOR('',#4236,1.);
#4236 = DIRECTION('',(-0.,-1.));
#4237 = ( GEOMETRIC_REPRESENTATION_CONTEXT(2) 
PARAMETRIC_REPRESENTATION_CONTEXT() REPRESENTATION_CONTEXT('2D SPACE',''
  ) );
#4238 = PCURVE('',#565,#4239);
#4239 = DEFINITIONAL_REPRESENTATION('',(#4240),#4244);
#4240 = LINE('',#4241,#4242);
#4241 = CARTESIAN_POINT('',(1.99999999758,0.));
#4242 = VECTOR('',#4243,1.);
#4243 = DIRECTION('',(0.,-1.));
#4244 = ( GEOMETRIC_REPRESENTATION_CONTEXT(2) 
PARAMETRIC_REPRESENTATION_CONTEXT() REPRESENTATION_CONTEXT('2D SPACE',''
  ) );
#4245 = ORIENTED_EDGE('',*,*,#3397,.T.);
#4246 = ORIENTED_EDGE('',*,*,#4173,.F.);
#4247 = ORIENTED_EDGE('',*,*,#577,.F.);
#4248 = ADVANCED_FACE('',(#4249),#390,.T.);
#4249 = FACE_BOUND('',#4250,.F.);
#4250 = EDGE_LOOP('',(#4251,#4252,#4253,#4274));
#4251 = ORIENTED_EDGE('',*,*,#4198,.T.);
#4252 = ORIENTED_EDGE('',*,*,#3232,.T.);
#4253 = ORIENTED_EDGE('',*,*,#4254,.F.);
#4254 = EDGE_CURVE('',#370,#3233,#4255,.T.);
#4255 = SURFACE_CURVE('',#4256,(#4260,#4267),.PCURVE_S1.);
#4256 = LINE('',#4257,#4258);
#4257 = CARTESIAN_POINT('',(-1.5,2.,42.));
#4258 = VECTOR('',#4259,1.);
#4259 = DIRECTION('',(0.,0.,1.));
#4260 = PCURVE('',#390,#4261);
#4261 = DEFINITIONAL_REPRESENTATION('',(#4262),#4266);
#4262 = LINE('',#4263,#4264);
#4263 = CARTESIAN_POINT('',(-4.712388980385,0.));
#4264 = VECTOR('',#4265,1.);
#4265 = DIRECTION('',(-0.,-1.));
#4266 = ( GEOMETRIC_REPRESENTATION_CONTEXT(2) 
PARAMETRIC_REPRESENTATION_CONTEXT() REPRESENTATION_CONTEXT('2D SPACE',''
  ) );
#4267 = PCURVE('',#418,#4268);
#4268 = DEFINITIONAL_REPRESENTATION('',(#4269),#4273);
#4269 = LINE('',#4270,#4271);
#4270 = CARTESIAN_POINT('',(0.,0.));
#4271 = VECTOR('',#4272,1.);
#4272 = DIRECTION('',(0.,-1.));
#4273 = ( GEOMETRIC_REPRESENTATION_CONTEXT(2) 
PARAMETRIC_REPRESENTATION_CONTEXT() REPRESENTATION_CONTEXT('2D SPACE',''
  ) );
#4274 = ORIENTED_EDGE('',*,*,#369,.T.);
#4275 = ADVANCED_FACE('',(#4276),#565,.F.);
#4276 = FACE_BOUND('',#4277,.F.);
#4277 = EDGE_LOOP('',(#4278,#4299,#4300,#4301));
#4278 = ORIENTED_EDGE('',*,*,#4279,.T.);
#4279 = EDGE_CURVE('',#521,#3351,#4280,.T.);
#4280 = SURFACE_CURVE('',#4281,(#4285,#4292),.PCURVE_S1.);
#4281 = LINE('',#4282,#4283);
#4282 = CARTESIAN_POINT('',(34.999999959151,59.000000009765,42.));
#4283 = VECTOR('',#4284,1.);
#4284 = DIRECTION('',(0.,0.,1.));
#4285 = PCURVE('',#565,#4286);
#4286 = DEFINITIONAL_REPRESENTATION('',(#4287),#4291);
#4287 = LINE('',#4288,#4289);
#4288 = CARTESIAN_POINT('',(0.,0.));
#4289 = VECTOR('',#4290,1.);
#4290 = DIRECTION('',(0.,-1.));
#4291 = ( GEOMETRIC_REPRESENTATION_CONTEXT(2) 
PARAMETRIC_REPRESENTATION_CONTEXT() REPRESENTATION_CONTEXT('2D SPACE',''
  ) );
#4292 = PCURVE('',#537,#4293);
#4293 = DEFINITIONAL_REPRESENTATION('',(#4294),#4298);
#4294 = LINE('',#4295,#4296);
#4295 = CARTESIAN_POINT('',(-6.28318530718,0.));
#4296 = VECTOR('',#4297,1.);
#4297 = DIRECTION('',(-0.,-1.));
#4298 = ( GEOMETRIC_REPRESENTATION_CONTEXT(2) 
PARAMETRIC_REPRESENTATION_CONTEXT() REPRESENTATION_CONTEXT('2D SPACE',''
  ) );
#4299 = ORIENTED_EDGE('',*,*,#3374,.T.);
#4300 = ORIENTED_EDGE('',*,*,#4225,.F.);
#4301 = ORIENTED_EDGE('',*,*,#549,.F.);
#4302 = ADVANCED_FACE('',(#4303),#418,.F.);
#4303 = FACE_BOUND('',#4304,.F.);
#4304 = EDGE_LOOP('',(#4305,#4306,#4307,#4328));
#4305 = ORIENTED_EDGE('',*,*,#4254,.T.);
#4306 = ORIENTED_EDGE('',*,*,#3256,.T.);
#4307 = ORIENTED_EDGE('',*,*,#4308,.F.);
#4308 = EDGE_CURVE('',#403,#3257,#4309,.T.);
#4309 = SURFACE_CURVE('',#4310,(#4314,#4321),.PCURVE_S1.);
#4310 = LINE('',#4311,#4312);
#4311 = CARTESIAN_POINT('',(1.49999999637,2.000000009782,42.));
#4312 = VECTOR('',#4313,1.);
#4313 = DIRECTION('',(0.,0.,1.));
#4314 = PCURVE('',#418,#4315);
#4315 = DEFINITIONAL_REPRESENTATION('',(#4316),#4320);
#4316 = LINE('',#4317,#4318);
#4317 = CARTESIAN_POINT('',(2.99999999637,0.));
#4318 = VECTOR('',#4319,1.);
#4319 = DIRECTION('',(0.,-1.));
#4320 = ( GEOMETRIC_REPRESENTATION_CONTEXT(2) 
PARAMETRIC_REPRESENTATION_CONTEXT() REPRESENTATION_CONTEXT('2D SPACE',''
  ) );
#4321 = PCURVE('',#451,#4322);
#4322 = DEFINITIONAL_REPRESENTATION('',(#4323),#4327);
#4323 = LINE('',#4324,#4325);
#4324 = CARTESIAN_POINT('',(-4.712388980385,0.));
#4325 = VECTOR('',#4326,1.);
#4326 = DIRECTION('',(-0.,-1.));
#4327 = ( GEOMETRIC_REPRESENTATION_CONTEXT(2) 
PARAMETRIC_REPRESENTATION_CONTEXT() REPRESENTATION_CONTEXT('2D SPACE',''
  ) );
#4328 = ORIENTED_EDGE('',*,*,#402,.F.);
#4329 = ADVANCED_FACE('',(#4330),#537,.T.);
#4330 = FACE_BOUND('',#4331,.F.);
#4331 = EDGE_LOOP('',(#4332,#4353,#4354,#4355));
#4332 = ORIENTED_EDGE('',*,*,#4333,.T.);
#4333 = EDGE_CURVE('',#492,#3327,#4334,.T.);
#4334 = SURFACE_CURVE('',#4335,(#4339,#4346),.PCURVE_S1.);
#4335 = LINE('',#4336,#4337);
#4336 = CARTESIAN_POINT('',(21.901900337275,37.618967124172,42.));
#4337 = VECTOR('',#4338,1.);
#4338 = DIRECTION('',(0.,0.,1.));
#4339 = PCURVE('',#537,#4340);
#4340 = DEFINITIONAL_REPRESENTATION('',(#4341),#4345);
#4341 = LINE('',#4342,#4343);
#4342 = CARTESIAN_POINT('',(-5.183914486539,0.));
#4343 = VECTOR('',#4344,1.);
#4344 = DIRECTION('',(-0.,-1.));
#4345 = ( GEOMETRIC_REPRESENTATION_CONTEXT(2) 
PARAMETRIC_REPRESENTATION_CONTEXT() REPRESENTATION_CONTEXT('2D SPACE',''
  ) );
#4346 = PCURVE('',#508,#4347);
#4347 = DEFINITIONAL_REPRESENTATION('',(#4348),#4352);
#4348 = LINE('',#4349,#4350);
#4349 = CARTESIAN_POINT('',(-0.47990422611,0.));
#4350 = VECTOR('',#4351,1.);
#4351 = DIRECTION('',(-0.,-1.));
#4352 = ( GEOMETRIC_REPRESENTATION_CONTEXT(2) 
PARAMETRIC_REPRESENTATION_CONTEXT() REPRESENTATION_CONTEXT('2D SPACE',''
  ) );
#4353 = ORIENTED_EDGE('',*,*,#3350,.T.);
#4354 = ORIENTED_EDGE('',*,*,#4279,.F.);
#4355 = ORIENTED_EDGE('',*,*,#520,.F.);
#4356 = ADVANCED_FACE('',(#4357),#451,.T.);
#4357 = FACE_BOUND('',#4358,.F.);
#4358 = EDGE_LOOP('',(#4359,#4360,#4361,#4382));
#4359 = ORIENTED_EDGE('',*,*,#4308,.T.);
#4360 = ORIENTED_EDGE('',*,*,#3279,.T.);
#4361 = ORIENTED_EDGE('',*,*,#4362,.F.);
#4362 = EDGE_CURVE('',#431,#3280,#4363,.T.);
#4363 = SURFACE_CURVE('',#4364,(#4368,#4375),.PCURVE_S1.);
#4364 = LINE('',#4365,#4366);
#4365 = CARTESIAN_POINT('',(24.499999998185,25.000000009782,42.));
#4366 = VECTOR('',#4367,1.);
#4367 = DIRECTION('',(0.,0.,1.));
#4368 = PCURVE('',#451,#4369);
#4369 = DEFINITIONAL_REPRESENTATION('',(#4370),#4374);
#4370 = LINE('',#4371,#4372);
#4371 = CARTESIAN_POINT('',(-6.28318530718,0.));
#4372 = VECTOR('',#4373,1.);
#4373 = DIRECTION('',(-0.,-1.));
#4374 = ( GEOMETRIC_REPRESENTATION_CONTEXT(2) 
PARAMETRIC_REPRESENTATION_CONTEXT() REPRESENTATION_CONTEXT('2D SPACE',''
  ) );
#4375 = PCURVE('',#479,#4376);
#4376 = DEFINITIONAL_REPRESENTATION('',(#4377),#4381);
#4377 = LINE('',#4378,#4379);
#4378 = CARTESIAN_POINT('',(-3.552713678801E-15,0.));
#4379 = VECTOR('',#4380,1.);
#4380 = DIRECTION('',(0.,-1.));
#4381 = ( GEOMETRIC_REPRESENTATION_CONTEXT(2) 
PARAMETRIC_REPRESENTATION_CONTEXT() REPRESENTATION_CONTEXT('2D SPACE',''
  ) );
#4382 = ORIENTED_EDGE('',*,*,#430,.T.);
#4383 = ADVANCED_FACE('',(#4384),#508,.T.);
#4384 = FACE_BOUND('',#4385,.F.);
#4385 = EDGE_LOOP('',(#4386,#4407,#4408,#4409));
#4386 = ORIENTED_EDGE('',*,*,#4387,.T.);
#4387 = EDGE_CURVE('',#464,#3304,#4388,.T.);
#4388 = SURFACE_CURVE('',#4389,(#4393,#4400),.PCURVE_S1.);
#4389 = LINE('',#4390,#4391);
#4390 = CARTESIAN_POINT('',(24.5,27.000000007362,42.));
#4391 = VECTOR('',#4392,1.);
#4392 = DIRECTION('',(0.,0.,1.));
#4393 = PCURVE('',#508,#4394);
#4394 = DEFINITIONAL_REPRESENTATION('',(#4395),#4399);
#4395 = LINE('',#4396,#4397);
#4396 = CARTESIAN_POINT('',(-0.,0.));
#4397 = VECTOR('',#4398,1.);
#4398 = DIRECTION('',(-0.,-1.));
#4399 = ( GEOMETRIC_REPRESENTATION_CONTEXT(2) 
PARAMETRIC_REPRESENTATION_CONTEXT() REPRESENTATION_CONTEXT('2D SPACE',''
  ) );
#4400 = PCURVE('',#479,#4401);
#4401 = DEFINITIONAL_REPRESENTATION('',(#4402),#4406);
#4402 = LINE('',#4403,#4404);
#4403 = CARTESIAN_POINT('',(1.99999999758,0.));
#4404 = VECTOR('',#4405,1.);
#4405 = DIRECTION('',(0.,-1.));
#4406 = ( GEOMETRIC_REPRESENTATION_CONTEXT(2) 
PARAMETRIC_REPRESENTATION_CONTEXT() REPRESENTATION_CONTEXT('2D SPACE',''
  ) );
#4407 = ORIENTED_EDGE('',*,*,#3326,.T.);
#4408 = ORIENTED_EDGE('',*,*,#4333,.F.);
#4409 = ORIENTED_EDGE('',*,*,#491,.F.);
#4410 = ADVANCED_FACE('',(#4411),#479,.F.);
#4411 = FACE_BOUND('',#4412,.F.);
#4412 = EDGE_LOOP('',(#4413,#4414,#4415,#4416));
#4413 = ORIENTED_EDGE('',*,*,#4362,.T.);
#4414 = ORIENTED_EDGE('',*,*,#3303,.T.);
#4415 = ORIENTED_EDGE('',*,*,#4387,.F.);
#4416 = ORIENTED_EDGE('',*,*,#463,.F.);
#4417 = ADVANCED_FACE('',(#4418),#647,.F.);
#4418 = FACE_BOUND('',#4419,.F.);
#4419 = EDGE_LOOP('',(#4420,#4441,#4442,#4443));
#4420 = ORIENTED_EDGE('',*,*,#4421,.T.);
#4421 = EDGE_CURVE('',#631,#3446,#4422,.T.);
#4422 = SEAM_CURVE('',#4423,(#4427,#4434),.PCURVE_S1.);
#4423 = LINE('',#4424,#4425);
#4424 = CARTESIAN_POINT('',(-18.3,15.,38.));
#4425 = VECTOR('',#4426,1.);
#4426 = DIRECTION('',(0.,0.,1.));
#4427 = PCURVE('',#647,#4428);
#4428 = DEFINITIONAL_REPRESENTATION('',(#4429),#4433);
#4429 = LINE('',#4430,#4431);
#4430 = CARTESIAN_POINT('',(6.28318530718,-0.));
#4431 = VECTOR('',#4432,1.);
#4432 = DIRECTION('',(0.,1.));
#4433 = ( GEOMETRIC_REPRESENTATION_CONTEXT(2) 
PARAMETRIC_REPRESENTATION_CONTEXT() REPRESENTATION_CONTEXT('2D SPACE',''
  ) );
#4434 = PCURVE('',#647,#4435);
#4435 = DEFINITIONAL_REPRESENTATION('',(#4436),#4440);
#4436 = LINE('',#4437,#4438);
#4437 = CARTESIAN_POINT('',(0.,-0.));
#4438 = VECTOR('',#4439,1.);
#4439 = DIRECTION('',(0.,1.));
#4440 = ( GEOMETRIC_REPRESENTATION_CONTEXT(2) 
PARAMETRIC_REPRESENTATION_CONTEXT() REPRESENTATION_CONTEXT('2D SPACE',''
  ) );
#4441 = ORIENTED_EDGE('',*,*,#3445,.F.);
#4442 = ORIENTED_EDGE('',*,*,#4421,.F.);
#4443 = ORIENTED_EDGE('',*,*,#630,.T.);
#4444 = ADVANCED_FACE('',(#4445),#678,.F.);
#4445 = FACE_BOUND('',#4446,.F.);
#4446 = EDGE_LOOP('',(#4447,#4470,#4498,#4519));
#4447 = ORIENTED_EDGE('',*,*,#4448,.F.);
#4448 = EDGE_CURVE('',#4449,#662,#4451,.T.);
#4449 = VERTEX_POINT('',#4450);
#4450 = CARTESIAN_POINT('',(-12.1,13.,41.5));
#4451 = SURFACE_CURVE('',#4452,(#4456,#4463),.PCURVE_S1.);
#4452 = LINE('',#4453,#4454);
#4453 = CARTESIAN_POINT('',(-12.1,13.,41.5));
#4454 = VECTOR('',#4455,1.);
#4455 = DIRECTION('',(0.,0.,1.));
#4456 = PCURVE('',#678,#4457);
#4457 = DEFINITIONAL_REPRESENTATION('',(#4458),#4462);
#4458 = LINE('',#4459,#4460);
#4459 = CARTESIAN_POINT('',(0.,1.4));
#4460 = VECTOR('',#4461,1.);
#4461 = DIRECTION('',(1.,0.));
#4462 = ( GEOMETRIC_REPRESENTATION_CONTEXT(2) 
PARAMETRIC_REPRESENTATION_CONTEXT() REPRESENTATION_CONTEXT('2D SPACE',''
  ) );
#4463 = PCURVE('',#754,#4464);
#4464 = DEFINITIONAL_REPRESENTATION('',(#4465),#4469);
#4465 = LINE('',#4466,#4467);
#4466 = CARTESIAN_POINT('',(0.,0.));
#4467 = VECTOR('',#4468,1.);
#4468 = DIRECTION('',(1.,0.));
#4469 = ( GEOMETRIC_REPRESENTATION_CONTEXT(2) 
PARAMETRIC_REPRESENTATION_CONTEXT() REPRESENTATION_CONTEXT('2D SPACE',''
  ) );
#4470 = ORIENTED_EDGE('',*,*,#4471,.F.);
#4471 = EDGE_CURVE('',#4472,#4449,#4474,.T.);
#4472 = VERTEX_POINT('',#4473);
#4473 = CARTESIAN_POINT('',(-13.5,13.,41.5));
#4474 = SURFACE_CURVE('',#4475,(#4479,#4486),.PCURVE_S1.);
#4475 = LINE('',#4476,#4477);
#4476 = CARTESIAN_POINT('',(-13.5,13.,41.5));
#4477 = VECTOR('',#4478,1.);
#4478 = DIRECTION('',(1.,0.,-0.));
#4479 = PCURVE('',#678,#4480);
#4480 = DEFINITIONAL_REPRESENTATION('',(#4481),#4485);
#4481 = LINE('',#4482,#4483);
#4482 = CARTESIAN_POINT('',(0.,0.));
#4483 = VECTOR('',#4484,1.);
#4484 = DIRECTION('',(0.,1.));
#4485 = ( GEOMETRIC_REPRESENTATION_CONTEXT(2) 
PARAMETRIC_REPRESENTATION_CONTEXT() REPRESENTATION_CONTEXT('2D SPACE',''
  ) );
#4486 = PCURVE('',#4487,#4492);
#4487 = PLANE('',#4488);
#4488 = AXIS2_PLACEMENT_3D('',#4489,#4490,#4491);
#4489 = CARTESIAN_POINT('',(-13.5,13.,41.5));
#4490 = DIRECTION('',(0.,0.,1.));
#4491 = DIRECTION('',(1.,0.,-0.));
#4492 = DEFINITIONAL_REPRESENTATION('',(#4493),#4497);
#4493 = LINE('',#4494,#4495);
#4494 = CARTESIAN_POINT('',(0.,0.));
#4495 = VECTOR('',#4496,1.);
#4496 = DIRECTION('',(1.,0.));
#4497 = ( GEOMETRIC_REPRESENTATION_CONTEXT(2) 
PARAMETRIC_REPRESENTATION_CONTEXT() REPRESENTATION_CONTEXT('2D SPACE',''
  ) );
#4498 = ORIENTED_EDGE('',*,*,#4499,.T.);
#4499 = EDGE_CURVE('',#4472,#664,#4500,.T.);
#4500 = SURFACE_CURVE('',#4501,(#4505,#4512),.PCURVE_S1.);
#4501 = LINE('',#4502,#4503);
#4502 = CARTESIAN_POINT('',(-13.5,13.,41.5));
#4503 = VECTOR('',#4504,1.);
#4504 = DIRECTION('',(0.,0.,1.));
#4505 = PCURVE('',#678,#4506);
#4506 = DEFINITIONAL_REPRESENTATION('',(#4507),#4511);
#4507 = LINE('',#4508,#4509);
#4508 = CARTESIAN_POINT('',(0.,0.));
#4509 = VECTOR('',#4510,1.);
#4510 = DIRECTION('',(1.,0.));
#4511 = ( GEOMETRIC_REPRESENTATION_CONTEXT(2) 
PARAMETRIC_REPRESENTATION_CONTEXT() REPRESENTATION_CONTEXT('2D SPACE',''
  ) );
#4512 = PCURVE('',#704,#4513);
#4513 = DEFINITIONAL_REPRESENTATION('',(#4514),#4518);
#4514 = LINE('',#4515,#4516);
#4515 = CARTESIAN_POINT('',(0.,0.));
#4516 = VECTOR('',#4517,1.);
#4517 = DIRECTION('',(1.,0.));
#4518 = ( GEOMETRIC_REPRESENTATION_CONTEXT(2) 
PARAMETRIC_REPRESENTATION_CONTEXT() REPRESENTATION_CONTEXT('2D SPACE',''
  ) );
#4519 = ORIENTED_EDGE('',*,*,#661,.F.);
#4520 = ADVANCED_FACE('',(#4521),#754,.T.);
#4521 = FACE_BOUND('',#4522,.T.);
#4522 = EDGE_LOOP('',(#4523,#4524,#4547,#4568));
#4523 = ORIENTED_EDGE('',*,*,#4448,.F.);
#4524 = ORIENTED_EDGE('',*,*,#4525,.T.);
#4525 = EDGE_CURVE('',#4449,#4526,#4528,.T.);
#4526 = VERTEX_POINT('',#4527);
#4527 = CARTESIAN_POINT('',(-12.1,14.6,41.5));
#4528 = SURFACE_CURVE('',#4529,(#4533,#4540),.PCURVE_S1.);
#4529 = LINE('',#4530,#4531);
#4530 = CARTESIAN_POINT('',(-12.1,13.,41.5));
#4531 = VECTOR('',#4532,1.);
#4532 = DIRECTION('',(-0.,1.,0.));
#4533 = PCURVE('',#754,#4534);
#4534 = DEFINITIONAL_REPRESENTATION('',(#4535),#4539);
#4535 = LINE('',#4536,#4537);
#4536 = CARTESIAN_POINT('',(0.,0.));
#4537 = VECTOR('',#4538,1.);
#4538 = DIRECTION('',(0.,-1.));
#4539 = ( GEOMETRIC_REPRESENTATION_CONTEXT(2) 
PARAMETRIC_REPRESENTATION_CONTEXT() REPRESENTATION_CONTEXT('2D SPACE',''
  ) );
#4540 = PCURVE('',#4487,#4541);
#4541 = DEFINITIONAL_REPRESENTATION('',(#4542),#4546);
#4542 = LINE('',#4543,#4544);
#4543 = CARTESIAN_POINT('',(1.4,0.));
#4544 = VECTOR('',#4545,1.);
#4545 = DIRECTION('',(0.,1.));
#4546 = ( GEOMETRIC_REPRESENTATION_CONTEXT(2) 
PARAMETRIC_REPRESENTATION_CONTEXT() REPRESENTATION_CONTEXT('2D SPACE',''
  ) );
#4547 = ORIENTED_EDGE('',*,*,#4548,.T.);
#4548 = EDGE_CURVE('',#4526,#716,#4549,.T.);
#4549 = SURFACE_CURVE('',#4550,(#4554,#4561),.PCURVE_S1.);
#4550 = LINE('',#4551,#4552);
#4551 = CARTESIAN_POINT('',(-12.1,14.6,41.5));
#4552 = VECTOR('',#4553,1.);
#4553 = DIRECTION('',(0.,0.,1.));
#4554 = PCURVE('',#754,#4555);
#4555 = DEFINITIONAL_REPRESENTATION('',(#4556),#4560);
#4556 = LINE('',#4557,#4558);
#4557 = CARTESIAN_POINT('',(0.,-1.6));
#4558 = VECTOR('',#4559,1.);
#4559 = DIRECTION('',(1.,0.));
#4560 = ( GEOMETRIC_REPRESENTATION_CONTEXT(2) 
PARAMETRIC_REPRESENTATION_CONTEXT() REPRESENTATION_CONTEXT('2D SPACE',''
  ) );
#4561 = PCURVE('',#730,#4562);
#4562 = DEFINITIONAL_REPRESENTATION('',(#4563),#4567);
#4563 = LINE('',#4564,#4565);
#4564 = CARTESIAN_POINT('',(0.,1.4));
#4565 = VECTOR('',#4566,1.);
#4566 = DIRECTION('',(1.,0.));
#4567 = ( GEOMETRIC_REPRESENTATION_CONTEXT(2) 
PARAMETRIC_REPRESENTATION_CONTEXT() REPRESENTATION_CONTEXT('2D SPACE',''
  ) );
#4568 = ORIENTED_EDGE('',*,*,#741,.F.);
#4569 = ADVANCED_FACE('',(#4570),#704,.F.);
#4570 = FACE_BOUND('',#4571,.F.);
#4571 = EDGE_LOOP('',(#4572,#4573,#4596,#4617));
#4572 = ORIENTED_EDGE('',*,*,#4499,.F.);
#4573 = ORIENTED_EDGE('',*,*,#4574,.T.);
#4574 = EDGE_CURVE('',#4472,#4575,#4577,.T.);
#4575 = VERTEX_POINT('',#4576);
#4576 = CARTESIAN_POINT('',(-13.5,14.6,41.5));
#4577 = SURFACE_CURVE('',#4578,(#4582,#4589),.PCURVE_S1.);
#4578 = LINE('',#4579,#4580);
#4579 = CARTESIAN_POINT('',(-13.5,13.,41.5));
#4580 = VECTOR('',#4581,1.);
#4581 = DIRECTION('',(-0.,1.,0.));
#4582 = PCURVE('',#704,#4583);
#4583 = DEFINITIONAL_REPRESENTATION('',(#4584),#4588);
#4584 = LINE('',#4585,#4586);
#4585 = CARTESIAN_POINT('',(0.,0.));
#4586 = VECTOR('',#4587,1.);
#4587 = DIRECTION('',(0.,-1.));
#4588 = ( GEOMETRIC_REPRESENTATION_CONTEXT(2) 
PARAMETRIC_REPRESENTATION_CONTEXT() REPRESENTATION_CONTEXT('2D SPACE',''
  ) );
#4589 = PCURVE('',#4487,#4590);
#4590 = DEFINITIONAL_REPRESENTATION('',(#4591),#4595);
#4591 = LINE('',#4592,#4593);
#4592 = CARTESIAN_POINT('',(0.,0.));
#4593 = VECTOR('',#4594,1.);
#4594 = DIRECTION('',(0.,1.));
#4595 = ( GEOMETRIC_REPRESENTATION_CONTEXT(2) 
PARAMETRIC_REPRESENTATION_CONTEXT() REPRESENTATION_CONTEXT('2D SPACE',''
  ) );
#4596 = ORIENTED_EDGE('',*,*,#4597,.T.);
#4597 = EDGE_CURVE('',#4575,#690,#4598,.T.);
#4598 = SURFACE_CURVE('',#4599,(#4603,#4610),.PCURVE_S1.);
#4599 = LINE('',#4600,#4601);
#4600 = CARTESIAN_POINT('',(-13.5,14.6,41.5));
#4601 = VECTOR('',#4602,1.);
#4602 = DIRECTION('',(0.,0.,1.));
#4603 = PCURVE('',#704,#4604);
#4604 = DEFINITIONAL_REPRESENTATION('',(#4605),#4609);
#4605 = LINE('',#4606,#4607);
#4606 = CARTESIAN_POINT('',(0.,-1.6));
#4607 = VECTOR('',#4608,1.);
#4608 = DIRECTION('',(1.,0.));
#4609 = ( GEOMETRIC_REPRESENTATION_CONTEXT(2) 
PARAMETRIC_REPRESENTATION_CONTEXT() REPRESENTATION_CONTEXT('2D SPACE',''
  ) );
#4610 = PCURVE('',#730,#4611);
#4611 = DEFINITIONAL_REPRESENTATION('',(#4612),#4616);
#4612 = LINE('',#4613,#4614);
#4613 = CARTESIAN_POINT('',(0.,0.));
#4614 = VECTOR('',#4615,1.);
#4615 = DIRECTION('',(1.,0.));
#4616 = ( GEOMETRIC_REPRESENTATION_CONTEXT(2) 
PARAMETRIC_REPRESENTATION_CONTEXT() REPRESENTATION_CONTEXT('2D SPACE',''
  ) );
#4617 = ORIENTED_EDGE('',*,*,#689,.F.);
#4618 = ADVANCED_FACE('',(#4619),#730,.T.);
#4619 = FACE_BOUND('',#4620,.T.);
#4620 = EDGE_LOOP('',(#4621,#4622,#4643,#4644));
#4621 = ORIENTED_EDGE('',*,*,#4548,.F.);
#4622 = ORIENTED_EDGE('',*,*,#4623,.F.);
#4623 = EDGE_CURVE('',#4575,#4526,#4624,.T.);
#4624 = SURFACE_CURVE('',#4625,(#4629,#4636),.PCURVE_S1.);
#4625 = LINE('',#4626,#4627);
#4626 = CARTESIAN_POINT('',(-13.5,14.6,41.5));
#4627 = VECTOR('',#4628,1.);
#4628 = DIRECTION('',(1.,0.,-0.));
#4629 = PCURVE('',#730,#4630);
#4630 = DEFINITIONAL_REPRESENTATION('',(#4631),#4635);
#4631 = LINE('',#4632,#4633);
#4632 = CARTESIAN_POINT('',(0.,0.));
#4633 = VECTOR('',#4634,1.);
#4634 = DIRECTION('',(0.,1.));
#4635 = ( GEOMETRIC_REPRESENTATION_CONTEXT(2) 
PARAMETRIC_REPRESENTATION_CONTEXT() REPRESENTATION_CONTEXT('2D SPACE',''
  ) );
#4636 = PCURVE('',#4487,#4637);
#4637 = DEFINITIONAL_REPRESENTATION('',(#4638),#4642);
#4638 = LINE('',#4639,#4640);
#4639 = CARTESIAN_POINT('',(0.,1.6));
#4640 = VECTOR('',#4641,1.);
#4641 = DIRECTION('',(1.,0.));
#4642 = ( GEOMETRIC_REPRESENTATION_CONTEXT(2) 
PARAMETRIC_REPRESENTATION_CONTEXT() REPRESENTATION_CONTEXT('2D SPACE',''
  ) );
#4643 = ORIENTED_EDGE('',*,*,#4597,.T.);
#4644 = ORIENTED_EDGE('',*,*,#715,.F.);
#4645 = ADVANCED_FACE('',(#4646),#790,.F.);
#4646 = FACE_BOUND('',#4647,.F.);
#4647 = EDGE_LOOP('',(#4648,#4683,#4702,#4703));
#4648 = ORIENTED_EDGE('',*,*,#4649,.F.);
#4649 = EDGE_CURVE('',#4650,#4652,#4654,.T.);
#4650 = VERTEX_POINT('',#4651);
#4651 = CARTESIAN_POINT('',(16.248549963265,13.341514950741,39.5));
#4652 = VERTEX_POINT('',#4653);
#4653 = CARTESIAN_POINT('',(1.49999999637,6.200000009873,39.5));
#4654 = SURFACE_CURVE('',#4655,(#4660,#4667),.PCURVE_S1.);
#4655 = CIRCLE('',#4656,18.8);
#4656 = AXIS2_PLACEMENT_3D('',#4657,#4658,#4659);
#4657 = CARTESIAN_POINT('',(1.49999999637,25.000000009873,39.5));
#4658 = DIRECTION('',(0.,0.,-1.));
#4659 = DIRECTION('',(-1.,0.,0.));
#4660 = PCURVE('',#790,#4661);
#4661 = DEFINITIONAL_REPRESENTATION('',(#4662),#4666);
#4662 = LINE('',#4663,#4664);
#4663 = CARTESIAN_POINT('',(0.,0.));
#4664 = VECTOR('',#4665,1.);
#4665 = DIRECTION('',(1.,0.));
#4666 = ( GEOMETRIC_REPRESENTATION_CONTEXT(2) 
PARAMETRIC_REPRESENTATION_CONTEXT() REPRESENTATION_CONTEXT('2D SPACE',''
  ) );
#4667 = PCURVE('',#4668,#4673);
#4668 = PLANE('',#4669);
#4669 = AXIS2_PLACEMENT_3D('',#4670,#4671,#4672);
#4670 = CARTESIAN_POINT('',(-3.5163018346E-09,60.00000000519,39.5));
#4671 = DIRECTION('',(0.,0.,1.));
#4672 = DIRECTION('',(1.,0.,-0.));
#4673 = DEFINITIONAL_REPRESENTATION('',(#4674),#4682);
#4674 = ( BOUNDED_CURVE() B_SPLINE_CURVE(2,(#4675,#4676,#4677,#4678,
#4679,#4680,#4681),.UNSPECIFIED.,.T.,.F.) B_SPLINE_CURVE_WITH_KNOTS((1,2
    ,2,2,2,1),(-2.094395102393,0.,2.094395102393,4.188790204786,
6.28318530718,8.377580409573),.UNSPECIFIED.) CURVE() 
GEOMETRIC_REPRESENTATION_ITEM() RATIONAL_B_SPLINE_CURVE((1.,0.5,1.,0.5,
1.,0.5,1.)) REPRESENTATION_ITEM('') );
#4675 = CARTESIAN_POINT('',(-17.30000000011,-34.99999999531));
#4676 = CARTESIAN_POINT('',(-17.30000000011,-2.437444813022));
#4677 = CARTESIAN_POINT('',(10.899999999887,-18.71872240416));
#4678 = CARTESIAN_POINT('',(39.099999999887,-34.99999999531));
#4679 = CARTESIAN_POINT('',(10.899999999887,-51.28127758646));
#4680 = CARTESIAN_POINT('',(-17.30000000011,-67.56255517761));
#4681 = CARTESIAN_POINT('',(-17.30000000011,-34.99999999531));
#4682 = ( GEOMETRIC_REPRESENTATION_CONTEXT(2) 
PARAMETRIC_REPRESENTATION_CONTEXT() REPRESENTATION_CONTEXT('2D SPACE',''
  ) );
#4683 = ORIENTED_EDGE('',*,*,#4684,.F.);
#4684 = EDGE_CURVE('',#768,#4650,#4685,.T.);
#4685 = SURFACE_CURVE('',#4686,(#4690,#4696),.PCURVE_S1.);
#4686 = LINE('',#4687,#4688);
#4687 = CARTESIAN_POINT('',(16.248549963265,13.341514950741,39.5));
#4688 = VECTOR('',#4689,1.);
#4689 = DIRECTION('',(0.,0.,-1.));
#4690 = PCURVE('',#790,#4691);
#4691 = DEFINITIONAL_REPRESENTATION('',(#4692),#4695);
#4692 = B_SPLINE_CURVE_WITH_KNOTS('',1,(#4693,#4694),.UNSPECIFIED.,.F.,
  .F.,(2,2),(-2.5000006,5.999999999062E-07),.PIECEWISE_BEZIER_KNOTS.);
#4693 = CARTESIAN_POINT('',(3.810503840723,-2.5000006));
#4694 = CARTESIAN_POINT('',(3.810503840723,5.999999999062E-07));
#4695 = ( GEOMETRIC_REPRESENTATION_CONTEXT(2) 
PARAMETRIC_REPRESENTATION_CONTEXT() REPRESENTATION_CONTEXT('2D SPACE',''
  ) );
#4696 = PCURVE('',#819,#4697);
#4697 = DEFINITIONAL_REPRESENTATION('',(#4698),#4701);
#4698 = B_SPLINE_CURVE_WITH_KNOTS('',1,(#4699,#4700),.UNSPECIFIED.,.F.,
  .F.,(2,2),(-2.5000006,5.999999999062E-07),.PIECEWISE_BEZIER_KNOTS.);
#4699 = CARTESIAN_POINT('',(3.613268146739,3.0000006));
#4700 = CARTESIAN_POINT('',(3.613268146739,0.4999994));
#4701 = ( GEOMETRIC_REPRESENTATION_CONTEXT(2) 
PARAMETRIC_REPRESENTATION_CONTEXT() REPRESENTATION_CONTEXT('2D SPACE',''
  ) );
#4702 = ORIENTED_EDGE('',*,*,#767,.T.);
#4703 = ORIENTED_EDGE('',*,*,#4704,.F.);
#4704 = EDGE_CURVE('',#4652,#770,#4705,.T.);
#4705 = SURFACE_CURVE('',#4706,(#4710,#4717),.PCURVE_S1.);
#4706 = LINE('',#4707,#4708);
#4707 = CARTESIAN_POINT('',(1.49999999637,6.200000009873,39.5));
#4708 = VECTOR('',#4709,1.);
#4709 = DIRECTION('',(0.,0.,1.));
#4710 = PCURVE('',#790,#4711);
#4711 = DEFINITIONAL_REPRESENTATION('',(#4712),#4716);
#4712 = LINE('',#4713,#4714);
#4713 = CARTESIAN_POINT('',(4.712388980385,0.));
#4714 = VECTOR('',#4715,1.);
#4715 = DIRECTION('',(0.,-1.));
#4716 = ( GEOMETRIC_REPRESENTATION_CONTEXT(2) 
PARAMETRIC_REPRESENTATION_CONTEXT() REPRESENTATION_CONTEXT('2D SPACE',''
  ) );
#4717 = PCURVE('',#1000,#4718);
#4718 = DEFINITIONAL_REPRESENTATION('',(#4719),#4723);
#4719 = LINE('',#4720,#4721);
#4720 = CARTESIAN_POINT('',(2.99999999637,0.));
#4721 = VECTOR('',#4722,1.);
#4722 = DIRECTION('',(0.,-1.));
#4723 = ( GEOMETRIC_REPRESENTATION_CONTEXT(2) 
PARAMETRIC_REPRESENTATION_CONTEXT() REPRESENTATION_CONTEXT('2D SPACE',''
  ) );
#4724 = ADVANCED_FACE('',(#4725),#819,.F.);
#4725 = FACE_BOUND('',#4726,.F.);
#4726 = EDGE_LOOP('',(#4727,#4748,#4749,#4750));
#4727 = ORIENTED_EDGE('',*,*,#4728,.F.);
#4728 = EDGE_CURVE('',#803,#4729,#4731,.T.);
#4729 = VERTEX_POINT('',#4730);
#4730 = CARTESIAN_POINT('',(17.216960274831,12.152153513038,39.5));
#4731 = SURFACE_CURVE('',#4732,(#4736,#4742),.PCURVE_S1.);
#4732 = LINE('',#4733,#4734);
#4733 = CARTESIAN_POINT('',(17.216960274831,12.152153513038,39.5));
#4734 = VECTOR('',#4735,1.);
#4735 = DIRECTION('',(-0.,-0.,-1.));
#4736 = PCURVE('',#819,#4737);
#4737 = DEFINITIONAL_REPRESENTATION('',(#4738),#4741);
#4738 = B_SPLINE_CURVE_WITH_KNOTS('',1,(#4739,#4740),.UNSPECIFIED.,.F.,
  .F.,(2,2),(-2.5000006,5.999999999062E-07),.PIECEWISE_BEZIER_KNOTS.);
#4739 = CARTESIAN_POINT('',(4.036629157025,3.0000006));
#4740 = CARTESIAN_POINT('',(4.036629157025,0.4999994));
#4741 = ( GEOMETRIC_REPRESENTATION_CONTEXT(2) 
PARAMETRIC_REPRESENTATION_CONTEXT() REPRESENTATION_CONTEXT('2D SPACE',''
  ) );
#4742 = PCURVE('',#852,#4743);
#4743 = DEFINITIONAL_REPRESENTATION('',(#4744),#4747);
#4744 = B_SPLINE_CURVE_WITH_KNOTS('',1,(#4745,#4746),.UNSPECIFIED.,.F.,
  .F.,(2,2),(-2.5000006,5.999999999062E-07),.PIECEWISE_BEZIER_KNOTS.);
#4745 = CARTESIAN_POINT('',(-5.597893659393,-2.5000006));
#4746 = CARTESIAN_POINT('',(-5.597893659393,5.999999999062E-07));
#4747 = ( GEOMETRIC_REPRESENTATION_CONTEXT(2) 
PARAMETRIC_REPRESENTATION_CONTEXT() REPRESENTATION_CONTEXT('2D SPACE',''
  ) );
#4748 = ORIENTED_EDGE('',*,*,#802,.F.);
#4749 = ORIENTED_EDGE('',*,*,#4684,.T.);
#4750 = ORIENTED_EDGE('',*,*,#4751,.T.);
#4751 = EDGE_CURVE('',#4650,#4729,#4752,.T.);
#4752 = SURFACE_CURVE('',#4753,(#4758,#4765),.PCURVE_S1.);
#4753 = CIRCLE('',#4754,3.65);
#4754 = AXIS2_PLACEMENT_3D('',#4755,#4756,#4757);
#4755 = CARTESIAN_POINT('',(19.5,15.,39.5));
#4756 = DIRECTION('',(0.,0.,1.));
#4757 = DIRECTION('',(1.,0.,-0.));
#4758 = PCURVE('',#819,#4759);
#4759 = DEFINITIONAL_REPRESENTATION('',(#4760),#4764);
#4760 = LINE('',#4761,#4762);
#4761 = CARTESIAN_POINT('',(0.,0.5));
#4762 = VECTOR('',#4763,1.);
#4763 = DIRECTION('',(1.,0.));
#4764 = ( GEOMETRIC_REPRESENTATION_CONTEXT(2) 
PARAMETRIC_REPRESENTATION_CONTEXT() REPRESENTATION_CONTEXT('2D SPACE',''
  ) );
#4765 = PCURVE('',#4668,#4766);
#4766 = DEFINITIONAL_REPRESENTATION('',(#4767),#4771);
#4767 = CIRCLE('',#4768,3.65);
#4768 = AXIS2_PLACEMENT_2D('',#4769,#4770);
#4769 = CARTESIAN_POINT('',(19.500000003516,-45.00000000519));
#4770 = DIRECTION('',(1.,0.));
#4771 = ( GEOMETRIC_REPRESENTATION_CONTEXT(2) 
PARAMETRIC_REPRESENTATION_CONTEXT() REPRESENTATION_CONTEXT('2D SPACE',''
  ) );
#4772 = ADVANCED_FACE('',(#4773),#1000,.T.);
#4773 = FACE_BOUND('',#4774,.T.);
#4774 = EDGE_LOOP('',(#4775,#4798,#4819,#4820));
#4775 = ORIENTED_EDGE('',*,*,#4776,.F.);
#4776 = EDGE_CURVE('',#4777,#4652,#4779,.T.);
#4777 = VERTEX_POINT('',#4778);
#4778 = CARTESIAN_POINT('',(-1.5,6.2,39.5));
#4779 = SURFACE_CURVE('',#4780,(#4784,#4791),.PCURVE_S1.);
#4780 = LINE('',#4781,#4782);
#4781 = CARTESIAN_POINT('',(0.,6.200000009873,39.5));
#4782 = VECTOR('',#4783,1.);
#4783 = DIRECTION('',(1.,0.,0.));
#4784 = PCURVE('',#1000,#4785);
#4785 = DEFINITIONAL_REPRESENTATION('',(#4786),#4790);
#4786 = LINE('',#4787,#4788);
#4787 = CARTESIAN_POINT('',(1.5,0.));
#4788 = VECTOR('',#4789,1.);
#4789 = DIRECTION('',(1.,0.));
#4790 = ( GEOMETRIC_REPRESENTATION_CONTEXT(2) 
PARAMETRIC_REPRESENTATION_CONTEXT() REPRESENTATION_CONTEXT('2D SPACE',''
  ) );
#4791 = PCURVE('',#4668,#4792);
#4792 = DEFINITIONAL_REPRESENTATION('',(#4793),#4797);
#4793 = LINE('',#4794,#4795);
#4794 = CARTESIAN_POINT('',(3.5163018346E-09,-53.79999999531));
#4795 = VECTOR('',#4796,1.);
#4796 = DIRECTION('',(1.,0.));
#4797 = ( GEOMETRIC_REPRESENTATION_CONTEXT(2) 
PARAMETRIC_REPRESENTATION_CONTEXT() REPRESENTATION_CONTEXT('2D SPACE',''
  ) );
#4798 = ORIENTED_EDGE('',*,*,#4799,.T.);
#4799 = EDGE_CURVE('',#4777,#954,#4800,.T.);
#4800 = SURFACE_CURVE('',#4801,(#4805,#4812),.PCURVE_S1.);
#4801 = LINE('',#4802,#4803);
#4802 = CARTESIAN_POINT('',(-1.5,6.2,39.5));
#4803 = VECTOR('',#4804,1.);
#4804 = DIRECTION('',(0.,0.,1.));
#4805 = PCURVE('',#1000,#4806);
#4806 = DEFINITIONAL_REPRESENTATION('',(#4807),#4811);
#4807 = LINE('',#4808,#4809);
#4808 = CARTESIAN_POINT('',(3.552713678801E-15,0.));
#4809 = VECTOR('',#4810,1.);
#4810 = DIRECTION('',(0.,-1.));
#4811 = ( GEOMETRIC_REPRESENTATION_CONTEXT(2) 
PARAMETRIC_REPRESENTATION_CONTEXT() REPRESENTATION_CONTEXT('2D SPACE',''
  ) );
#4812 = PCURVE('',#974,#4813);
#4813 = DEFINITIONAL_REPRESENTATION('',(#4814),#4818);
#4814 = LINE('',#4815,#4816);
#4815 = CARTESIAN_POINT('',(4.712388980385,0.));
#4816 = VECTOR('',#4817,1.);
#4817 = DIRECTION('',(0.,-1.));
#4818 = ( GEOMETRIC_REPRESENTATION_CONTEXT(2) 
PARAMETRIC_REPRESENTATION_CONTEXT() REPRESENTATION_CONTEXT('2D SPACE',''
  ) );
#4819 = ORIENTED_EDGE('',*,*,#986,.F.);
#4820 = ORIENTED_EDGE('',*,*,#4704,.F.);
#4821 = ADVANCED_FACE('',(#4822),#852,.T.);
#4822 = FACE_BOUND('',#4823,.F.);
#4823 = EDGE_LOOP('',(#4824,#4848,#4869,#4870));
#4824 = ORIENTED_EDGE('',*,*,#4825,.F.);
#4825 = EDGE_CURVE('',#4826,#4729,#4828,.T.);
#4826 = VERTEX_POINT('',#4827);
#4827 = CARTESIAN_POINT('',(1.49999999637,4.700000009836,39.5));
#4828 = SURFACE_CURVE('',#4829,(#4834,#4841),.PCURVE_S1.);
#4829 = CIRCLE('',#4830,20.3);
#4830 = AXIS2_PLACEMENT_3D('',#4831,#4832,#4833);
#4831 = CARTESIAN_POINT('',(1.49999999637,25.000000009836,39.5));
#4832 = DIRECTION('',(0.,0.,1.));
#4833 = DIRECTION('',(1.,0.,0.));
#4834 = PCURVE('',#852,#4835);
#4835 = DEFINITIONAL_REPRESENTATION('',(#4836),#4840);
#4836 = LINE('',#4837,#4838);
#4837 = CARTESIAN_POINT('',(-0.,0.));
#4838 = VECTOR('',#4839,1.);
#4839 = DIRECTION('',(-1.,0.));
#4840 = ( GEOMETRIC_REPRESENTATION_CONTEXT(2) 
PARAMETRIC_REPRESENTATION_CONTEXT() REPRESENTATION_CONTEXT('2D SPACE',''
  ) );
#4841 = PCURVE('',#4668,#4842);
#4842 = DEFINITIONAL_REPRESENTATION('',(#4843),#4847);
#4843 = CIRCLE('',#4844,20.3);
#4844 = AXIS2_PLACEMENT_2D('',#4845,#4846);
#4845 = CARTESIAN_POINT('',(1.499999999887,-34.99999999535));
#4846 = DIRECTION('',(1.,0.));
#4847 = ( GEOMETRIC_REPRESENTATION_CONTEXT(2) 
PARAMETRIC_REPRESENTATION_CONTEXT() REPRESENTATION_CONTEXT('2D SPACE',''
  ) );
#4848 = ORIENTED_EDGE('',*,*,#4849,.T.);
#4849 = EDGE_CURVE('',#4826,#832,#4850,.T.);
#4850 = SURFACE_CURVE('',#4851,(#4855,#4862),.PCURVE_S1.);
#4851 = LINE('',#4852,#4853);
#4852 = CARTESIAN_POINT('',(1.49999999637,4.700000009836,39.5));
#4853 = VECTOR('',#4854,1.);
#4854 = DIRECTION('',(0.,0.,1.));
#4855 = PCURVE('',#852,#4856);
#4856 = DEFINITIONAL_REPRESENTATION('',(#4857),#4861);
#4857 = LINE('',#4858,#4859);
#4858 = CARTESIAN_POINT('',(-4.712388980385,0.));
#4859 = VECTOR('',#4860,1.);
#4860 = DIRECTION('',(-0.,-1.));
#4861 = ( GEOMETRIC_REPRESENTATION_CONTEXT(2) 
PARAMETRIC_REPRESENTATION_CONTEXT() REPRESENTATION_CONTEXT('2D SPACE',''
  ) );
#4862 = PCURVE('',#880,#4863);
#4863 = DEFINITIONAL_REPRESENTATION('',(#4864),#4868);
#4864 = LINE('',#4865,#4866);
#4865 = CARTESIAN_POINT('',(2.99999999637,0.));
#4866 = VECTOR('',#4867,1.);
#4867 = DIRECTION('',(0.,-1.));
#4868 = ( GEOMETRIC_REPRESENTATION_CONTEXT(2) 
PARAMETRIC_REPRESENTATION_CONTEXT() REPRESENTATION_CONTEXT('2D SPACE',''
  ) );
#4869 = ORIENTED_EDGE('',*,*,#831,.F.);
#4870 = ORIENTED_EDGE('',*,*,#4728,.T.);
#4871 = ADVANCED_FACE('',(#4872),#974,.F.);
#4872 = FACE_BOUND('',#4873,.F.);
#4873 = EDGE_LOOP('',(#4874,#4902,#4903,#4904));
#4874 = ORIENTED_EDGE('',*,*,#4875,.F.);
#4875 = EDGE_CURVE('',#4777,#4876,#4878,.T.);
#4876 = VERTEX_POINT('',#4877);
#4877 = CARTESIAN_POINT('',(-16.24854997081,13.341514935948,39.5));
#4878 = SURFACE_CURVE('',#4879,(#4884,#4891),.PCURVE_S1.);
#4879 = CIRCLE('',#4880,18.8);
#4880 = AXIS2_PLACEMENT_3D('',#4881,#4882,#4883);
#4881 = CARTESIAN_POINT('',(-1.5,24.999999990127,39.5));
#4882 = DIRECTION('',(0.,0.,-1.));
#4883 = DIRECTION('',(-1.,0.,0.));
#4884 = PCURVE('',#974,#4885);
#4885 = DEFINITIONAL_REPRESENTATION('',(#4886),#4890);
#4886 = LINE('',#4887,#4888);
#4887 = CARTESIAN_POINT('',(0.,0.));
#4888 = VECTOR('',#4889,1.);
#4889 = DIRECTION('',(1.,0.));
#4890 = ( GEOMETRIC_REPRESENTATION_CONTEXT(2) 
PARAMETRIC_REPRESENTATION_CONTEXT() REPRESENTATION_CONTEXT('2D SPACE',''
  ) );
#4891 = PCURVE('',#4668,#4892);
#4892 = DEFINITIONAL_REPRESENTATION('',(#4893),#4901);
#4893 = ( BOUNDED_CURVE() B_SPLINE_CURVE(2,(#4894,#4895,#4896,#4897,
#4898,#4899,#4900),.UNSPECIFIED.,.T.,.F.) B_SPLINE_CURVE_WITH_KNOTS((1,2
    ,2,2,2,1),(-2.094395102393,0.,2.094395102393,4.188790204786,
6.28318530718,8.377580409573),.UNSPECIFIED.) CURVE() 
GEOMETRIC_REPRESENTATION_ITEM() RATIONAL_B_SPLINE_CURVE((1.,0.5,1.,0.5,
1.,0.5,1.)) REPRESENTATION_ITEM('') );
#4894 = CARTESIAN_POINT('',(-20.29999999648,-35.00000001506));
#4895 = CARTESIAN_POINT('',(-20.29999999648,-2.437444832768));
#4896 = CARTESIAN_POINT('',(7.900000003516,-18.71872242391));
#4897 = CARTESIAN_POINT('',(36.100000003516,-35.00000001506));
#4898 = CARTESIAN_POINT('',(7.900000003516,-51.28127760621));
#4899 = CARTESIAN_POINT('',(-20.29999999648,-67.56255519735));
#4900 = CARTESIAN_POINT('',(-20.29999999648,-35.00000001506));
#4901 = ( GEOMETRIC_REPRESENTATION_CONTEXT(2) 
PARAMETRIC_REPRESENTATION_CONTEXT() REPRESENTATION_CONTEXT('2D SPACE',''
  ) );
#4902 = ORIENTED_EDGE('',*,*,#4799,.T.);
#4903 = ORIENTED_EDGE('',*,*,#953,.T.);
#4904 = ORIENTED_EDGE('',*,*,#4905,.T.);
#4905 = EDGE_CURVE('',#925,#4876,#4906,.T.);
#4906 = SURFACE_CURVE('',#4907,(#4911,#4917),.PCURVE_S1.);
#4907 = LINE('',#4908,#4909);
#4908 = CARTESIAN_POINT('',(-16.24854997081,13.341514935948,39.5));
#4909 = VECTOR('',#4910,1.);
#4910 = DIRECTION('',(0.,0.,-1.));
#4911 = PCURVE('',#974,#4912);
#4912 = DEFINITIONAL_REPRESENTATION('',(#4913),#4916);
#4913 = B_SPLINE_CURVE_WITH_KNOTS('',1,(#4914,#4915),.UNSPECIFIED.,.F.,
  .F.,(2,2),(-2.5000006,5.999999999062E-07),.PIECEWISE_BEZIER_KNOTS.);
#4914 = CARTESIAN_POINT('',(5.614274120382,-2.5000006));
#4915 = CARTESIAN_POINT('',(5.614274120382,5.999999999062E-07));
#4916 = ( GEOMETRIC_REPRESENTATION_CONTEXT(2) 
PARAMETRIC_REPRESENTATION_CONTEXT() REPRESENTATION_CONTEXT('2D SPACE',''
  ) );
#4917 = PCURVE('',#941,#4918);
#4918 = DEFINITIONAL_REPRESENTATION('',(#4919),#4922);
#4919 = B_SPLINE_CURVE_WITH_KNOTS('',1,(#4920,#4921),.UNSPECIFIED.,.F.,
  .F.,(2,2),(-2.5000006,5.999999999062E-07),.PIECEWISE_BEZIER_KNOTS.);
#4920 = CARTESIAN_POINT('',(5.811509809481,3.0000006));
#4921 = CARTESIAN_POINT('',(5.811509809481,0.4999994));
#4922 = ( GEOMETRIC_REPRESENTATION_CONTEXT(2) 
PARAMETRIC_REPRESENTATION_CONTEXT() REPRESENTATION_CONTEXT('2D SPACE',''
  ) );
#4923 = ADVANCED_FACE('',(#4924),#880,.F.);
#4924 = FACE_BOUND('',#4925,.F.);
#4925 = EDGE_LOOP('',(#4926,#4949,#4970,#4971));
#4926 = ORIENTED_EDGE('',*,*,#4927,.F.);
#4927 = EDGE_CURVE('',#4928,#4826,#4930,.T.);
#4928 = VERTEX_POINT('',#4929);
#4929 = CARTESIAN_POINT('',(-1.5,4.7,39.5));
#4930 = SURFACE_CURVE('',#4931,(#4935,#4942),.PCURVE_S1.);
#4931 = LINE('',#4932,#4933);
#4932 = CARTESIAN_POINT('',(0.,4.700000009836,39.5));
#4933 = VECTOR('',#4934,1.);
#4934 = DIRECTION('',(1.,0.,0.));
#4935 = PCURVE('',#880,#4936);
#4936 = DEFINITIONAL_REPRESENTATION('',(#4937),#4941);
#4937 = LINE('',#4938,#4939);
#4938 = CARTESIAN_POINT('',(1.5,0.));
#4939 = VECTOR('',#4940,1.);
#4940 = DIRECTION('',(1.,0.));
#4941 = ( GEOMETRIC_REPRESENTATION_CONTEXT(2) 
PARAMETRIC_REPRESENTATION_CONTEXT() REPRESENTATION_CONTEXT('2D SPACE',''
  ) );
#4942 = PCURVE('',#4668,#4943);
#4943 = DEFINITIONAL_REPRESENTATION('',(#4944),#4948);
#4944 = LINE('',#4945,#4946);
#4945 = CARTESIAN_POINT('',(3.5163018346E-09,-55.29999999535));
#4946 = VECTOR('',#4947,1.);
#4947 = DIRECTION('',(1.,0.));
#4948 = ( GEOMETRIC_REPRESENTATION_CONTEXT(2) 
PARAMETRIC_REPRESENTATION_CONTEXT() REPRESENTATION_CONTEXT('2D SPACE',''
  ) );
#4949 = ORIENTED_EDGE('',*,*,#4950,.T.);
#4950 = EDGE_CURVE('',#4928,#865,#4951,.T.);
#4951 = SURFACE_CURVE('',#4952,(#4956,#4963),.PCURVE_S1.);
#4952 = LINE('',#4953,#4954);
#4953 = CARTESIAN_POINT('',(-1.5,4.7,39.5));
#4954 = VECTOR('',#4955,1.);
#4955 = DIRECTION('',(0.,0.,1.));
#4956 = PCURVE('',#880,#4957);
#4957 = DEFINITIONAL_REPRESENTATION('',(#4958),#4962);
#4958 = LINE('',#4959,#4960);
#4959 = CARTESIAN_POINT('',(-3.552713678801E-15,0.));
#4960 = VECTOR('',#4961,1.);
#4961 = DIRECTION('',(0.,-1.));
#4962 = ( GEOMETRIC_REPRESENTATION_CONTEXT(2) 
PARAMETRIC_REPRESENTATION_CONTEXT() REPRESENTATION_CONTEXT('2D SPACE',''
  ) );
#4963 = PCURVE('',#912,#4964);
#4964 = DEFINITIONAL_REPRESENTATION('',(#4965),#4969);
#4965 = LINE('',#4966,#4967);
#4966 = CARTESIAN_POINT('',(-4.712388980385,0.));
#4967 = VECTOR('',#4968,1.);
#4968 = DIRECTION('',(-0.,-1.));
#4969 = ( GEOMETRIC_REPRESENTATION_CONTEXT(2) 
PARAMETRIC_REPRESENTATION_CONTEXT() REPRESENTATION_CONTEXT('2D SPACE',''
  ) );
#4970 = ORIENTED_EDGE('',*,*,#864,.F.);
#4971 = ORIENTED_EDGE('',*,*,#4849,.F.);
#4972 = ADVANCED_FACE('',(#4973),#941,.F.);
#4973 = FACE_BOUND('',#4974,.F.);
#4974 = EDGE_LOOP('',(#4975,#4976,#4977,#4998));
#4975 = ORIENTED_EDGE('',*,*,#4905,.F.);
#4976 = ORIENTED_EDGE('',*,*,#924,.F.);
#4977 = ORIENTED_EDGE('',*,*,#4978,.T.);
#4978 = EDGE_CURVE('',#892,#4979,#4981,.T.);
#4979 = VERTEX_POINT('',#4980);
#4980 = CARTESIAN_POINT('',(-17.21696028673,12.152153503492,39.5));
#4981 = SURFACE_CURVE('',#4982,(#4986,#4992),.PCURVE_S1.);
#4982 = LINE('',#4983,#4984);
#4983 = CARTESIAN_POINT('',(-17.21696028673,12.152153503492,39.5));
#4984 = VECTOR('',#4985,1.);
#4985 = DIRECTION('',(-0.,-0.,-1.));
#4986 = PCURVE('',#941,#4987);
#4987 = DEFINITIONAL_REPRESENTATION('',(#4988),#4991);
#4988 = B_SPLINE_CURVE_WITH_KNOTS('',1,(#4989,#4990),.UNSPECIFIED.,.F.,
  .F.,(2,2),(-2.5000006,5.999999999062E-07),.PIECEWISE_BEZIER_KNOTS.);
#4989 = CARTESIAN_POINT('',(5.388148799563,3.0000006));
#4990 = CARTESIAN_POINT('',(5.388148799563,0.4999994));
#4991 = ( GEOMETRIC_REPRESENTATION_CONTEXT(2) 
PARAMETRIC_REPRESENTATION_CONTEXT() REPRESENTATION_CONTEXT('2D SPACE',''
  ) );
#4992 = PCURVE('',#912,#4993);
#4993 = DEFINITIONAL_REPRESENTATION('',(#4994),#4997);
#4994 = B_SPLINE_CURVE_WITH_KNOTS('',1,(#4995,#4996),.UNSPECIFIED.,.F.,
  .F.,(2,2),(-2.5000006,5.999999999062E-07),.PIECEWISE_BEZIER_KNOTS.);
#4995 = CARTESIAN_POINT('',(-3.826884300732,-2.5000006));
#4996 = CARTESIAN_POINT('',(-3.826884300732,5.999999999062E-07));
#4997 = ( GEOMETRIC_REPRESENTATION_CONTEXT(2) 
PARAMETRIC_REPRESENTATION_CONTEXT() REPRESENTATION_CONTEXT('2D SPACE',''
  ) );
#4998 = ORIENTED_EDGE('',*,*,#4999,.T.);
#4999 = EDGE_CURVE('',#4979,#4876,#5000,.T.);
#5000 = SURFACE_CURVE('',#5001,(#5006,#5013),.PCURVE_S1.);
#5001 = CIRCLE('',#5002,3.65);
#5002 = AXIS2_PLACEMENT_3D('',#5003,#5004,#5005);
#5003 = CARTESIAN_POINT('',(-19.5,15.,39.5));
#5004 = DIRECTION('',(0.,0.,1.));
#5005 = DIRECTION('',(1.,0.,-0.));
#5006 = PCURVE('',#941,#5007);
#5007 = DEFINITIONAL_REPRESENTATION('',(#5008),#5012);
#5008 = LINE('',#5009,#5010);
#5009 = CARTESIAN_POINT('',(0.,0.5));
#5010 = VECTOR('',#5011,1.);
#5011 = DIRECTION('',(1.,0.));
#5012 = ( GEOMETRIC_REPRESENTATION_CONTEXT(2) 
PARAMETRIC_REPRESENTATION_CONTEXT() REPRESENTATION_CONTEXT('2D SPACE',''
  ) );
#5013 = PCURVE('',#4668,#5014);
#5014 = DEFINITIONAL_REPRESENTATION('',(#5015),#5019);
#5015 = CIRCLE('',#5016,3.65);
#5016 = AXIS2_PLACEMENT_2D('',#5017,#5018);
#5017 = CARTESIAN_POINT('',(-19.49999999648,-45.00000000519));
#5018 = DIRECTION('',(1.,0.));
#5019 = ( GEOMETRIC_REPRESENTATION_CONTEXT(2) 
PARAMETRIC_REPRESENTATION_CONTEXT() REPRESENTATION_CONTEXT('2D SPACE',''
  ) );
#5020 = ADVANCED_FACE('',(#5021),#912,.T.);
#5021 = FACE_BOUND('',#5022,.F.);
#5022 = EDGE_LOOP('',(#5023,#5045,#5046,#5047));
#5023 = ORIENTED_EDGE('',*,*,#5024,.F.);
#5024 = EDGE_CURVE('',#4979,#4928,#5025,.T.);
#5025 = SURFACE_CURVE('',#5026,(#5031,#5038),.PCURVE_S1.);
#5026 = CIRCLE('',#5027,20.3);
#5027 = AXIS2_PLACEMENT_3D('',#5028,#5029,#5030);
#5028 = CARTESIAN_POINT('',(-1.5,24.999999990164,39.5));
#5029 = DIRECTION('',(0.,0.,1.));
#5030 = DIRECTION('',(1.,0.,0.));
#5031 = PCURVE('',#912,#5032);
#5032 = DEFINITIONAL_REPRESENTATION('',(#5033),#5037);
#5033 = LINE('',#5034,#5035);
#5034 = CARTESIAN_POINT('',(-0.,0.));
#5035 = VECTOR('',#5036,1.);
#5036 = DIRECTION('',(-1.,0.));
#5037 = ( GEOMETRIC_REPRESENTATION_CONTEXT(2) 
PARAMETRIC_REPRESENTATION_CONTEXT() REPRESENTATION_CONTEXT('2D SPACE',''
  ) );
#5038 = PCURVE('',#4668,#5039);
#5039 = DEFINITIONAL_REPRESENTATION('',(#5040),#5044);
#5040 = CIRCLE('',#5041,20.3);
#5041 = AXIS2_PLACEMENT_2D('',#5042,#5043);
#5042 = CARTESIAN_POINT('',(-1.499999996484,-35.00000001502));
#5043 = DIRECTION('',(1.,0.));
#5044 = ( GEOMETRIC_REPRESENTATION_CONTEXT(2) 
PARAMETRIC_REPRESENTATION_CONTEXT() REPRESENTATION_CONTEXT('2D SPACE',''
  ) );
#5045 = ORIENTED_EDGE('',*,*,#4978,.F.);
#5046 = ORIENTED_EDGE('',*,*,#891,.F.);
#5047 = ORIENTED_EDGE('',*,*,#4950,.F.);
#5048 = ADVANCED_FACE('',(#5049),#1036,.F.);
#5049 = FACE_BOUND('',#5050,.F.);
#5050 = EDGE_LOOP('',(#5051,#5086,#5105,#5106));
#5051 = ORIENTED_EDGE('',*,*,#5052,.F.);
#5052 = EDGE_CURVE('',#5053,#5055,#5057,.T.);
#5053 = VERTEX_POINT('',#5054);
#5054 = CARTESIAN_POINT('',(-19.19040050761,18.636845907419,39.5));
#5055 = VERTEX_POINT('',#5056);
#5056 = CARTESIAN_POINT('',(-20.3,24.999999990127,39.5));
#5057 = SURFACE_CURVE('',#5058,(#5063,#5070),.PCURVE_S1.);
#5058 = CIRCLE('',#5059,18.8);
#5059 = AXIS2_PLACEMENT_3D('',#5060,#5061,#5062);
#5060 = CARTESIAN_POINT('',(-1.5,24.999999990127,39.5));
#5061 = DIRECTION('',(0.,0.,-1.));
#5062 = DIRECTION('',(-1.,0.,0.));
#5063 = PCURVE('',#1036,#5064);
#5064 = DEFINITIONAL_REPRESENTATION('',(#5065),#5069);
#5065 = LINE('',#5066,#5067);
#5066 = CARTESIAN_POINT('',(0.,0.));
#5067 = VECTOR('',#5068,1.);
#5068 = DIRECTION('',(1.,0.));
#5069 = ( GEOMETRIC_REPRESENTATION_CONTEXT(2) 
PARAMETRIC_REPRESENTATION_CONTEXT() REPRESENTATION_CONTEXT('2D SPACE',''
  ) );
#5070 = PCURVE('',#5071,#5076);
#5071 = PLANE('',#5072);
#5072 = AXIS2_PLACEMENT_3D('',#5073,#5074,#5075);
#5073 = CARTESIAN_POINT('',(-3.5163018346E-09,60.00000000519,39.5));
#5074 = DIRECTION('',(0.,0.,1.));
#5075 = DIRECTION('',(1.,0.,-0.));
#5076 = DEFINITIONAL_REPRESENTATION('',(#5077),#5085);
#5077 = ( BOUNDED_CURVE() B_SPLINE_CURVE(2,(#5078,#5079,#5080,#5081,
#5082,#5083,#5084),.UNSPECIFIED.,.T.,.F.) B_SPLINE_CURVE_WITH_KNOTS((1,2
    ,2,2,2,1),(-2.094395102393,0.,2.094395102393,4.188790204786,
6.28318530718,8.377580409573),.UNSPECIFIED.) CURVE() 
GEOMETRIC_REPRESENTATION_ITEM() RATIONAL_B_SPLINE_CURVE((1.,0.5,1.,0.5,
1.,0.5,1.)) REPRESENTATION_ITEM('') );
#5078 = CARTESIAN_POINT('',(-20.29999999648,-35.00000001506));
#5079 = CARTESIAN_POINT('',(-20.29999999648,-2.437444832768));
#5080 = CARTESIAN_POINT('',(7.900000003516,-18.71872242391));
#5081 = CARTESIAN_POINT('',(36.100000003516,-35.00000001506));
#5082 = CARTESIAN_POINT('',(7.900000003516,-51.28127760621));
#5083 = CARTESIAN_POINT('',(-20.29999999648,-67.56255519735));
#5084 = CARTESIAN_POINT('',(-20.29999999648,-35.00000001506));
#5085 = ( GEOMETRIC_REPRESENTATION_CONTEXT(2) 
PARAMETRIC_REPRESENTATION_CONTEXT() REPRESENTATION_CONTEXT('2D SPACE',''
  ) );
#5086 = ORIENTED_EDGE('',*,*,#5087,.F.);
#5087 = EDGE_CURVE('',#1014,#5053,#5088,.T.);
#5088 = SURFACE_CURVE('',#5089,(#5093,#5099),.PCURVE_S1.);
#5089 = LINE('',#5090,#5091);
#5090 = CARTESIAN_POINT('',(-19.19040050761,18.636845907419,39.5));
#5091 = VECTOR('',#5092,1.);
#5092 = DIRECTION('',(0.,0.,-1.));
#5093 = PCURVE('',#1036,#5094);
#5094 = DEFINITIONAL_REPRESENTATION('',(#5095),#5098);
#5095 = B_SPLINE_CURVE_WITH_KNOTS('',1,(#5096,#5097),.UNSPECIFIED.,.F.,
  .F.,(2,2),(-2.5000006,5.999999999062E-07),.PIECEWISE_BEZIER_KNOTS.);
#5096 = CARTESIAN_POINT('',(5.93789948603,-2.5000006));
#5097 = CARTESIAN_POINT('',(5.93789948603,5.999999999062E-07));
#5098 = ( GEOMETRIC_REPRESENTATION_CONTEXT(2) 
PARAMETRIC_REPRESENTATION_CONTEXT() REPRESENTATION_CONTEXT('2D SPACE',''
  ) );
#5099 = PCURVE('',#1065,#5100);
#5100 = DEFINITIONAL_REPRESENTATION('',(#5101),#5104);
#5101 = B_SPLINE_CURVE_WITH_KNOTS('',1,(#5102,#5103),.UNSPECIFIED.,.F.,
  .F.,(2,2),(-2.5000006,5.999999999062E-07),.PIECEWISE_BEZIER_KNOTS.);
#5102 = CARTESIAN_POINT('',(1.485872505645,3.0000006));
#5103 = CARTESIAN_POINT('',(1.485872505645,0.4999994));
#5104 = ( GEOMETRIC_REPRESENTATION_CONTEXT(2) 
PARAMETRIC_REPRESENTATION_CONTEXT() REPRESENTATION_CONTEXT('2D SPACE',''
  ) );
#5105 = ORIENTED_EDGE('',*,*,#1013,.T.);
#5106 = ORIENTED_EDGE('',*,*,#5107,.F.);
#5107 = EDGE_CURVE('',#5055,#1016,#5108,.T.);
#5108 = SURFACE_CURVE('',#5109,(#5113,#5120),.PCURVE_S1.);
#5109 = LINE('',#5110,#5111);
#5110 = CARTESIAN_POINT('',(-20.3,24.999999990127,39.5));
#5111 = VECTOR('',#5112,1.);
#5112 = DIRECTION('',(0.,0.,1.));
#5113 = PCURVE('',#1036,#5114);
#5114 = DEFINITIONAL_REPRESENTATION('',(#5115),#5119);
#5115 = LINE('',#5116,#5117);
#5116 = CARTESIAN_POINT('',(6.28318530718,0.));
#5117 = VECTOR('',#5118,1.);
#5118 = DIRECTION('',(0.,-1.));
#5119 = ( GEOMETRIC_REPRESENTATION_CONTEXT(2) 
PARAMETRIC_REPRESENTATION_CONTEXT() REPRESENTATION_CONTEXT('2D SPACE',''
  ) );
#5120 = PCURVE('',#1399,#5121);
#5121 = DEFINITIONAL_REPRESENTATION('',(#5122),#5126);
#5122 = LINE('',#5123,#5124);
#5123 = CARTESIAN_POINT('',(0.,0.));
#5124 = VECTOR('',#5125,1.);
#5125 = DIRECTION('',(0.,-1.));
#5126 = ( GEOMETRIC_REPRESENTATION_CONTEXT(2) 
PARAMETRIC_REPRESENTATION_CONTEXT() REPRESENTATION_CONTEXT('2D SPACE',''
  ) );
#5127 = ADVANCED_FACE('',(#5128),#1065,.F.);
#5128 = FACE_BOUND('',#5129,.F.);
#5129 = EDGE_LOOP('',(#5130,#5131,#5132,#5156));
#5130 = ORIENTED_EDGE('',*,*,#1048,.F.);
#5131 = ORIENTED_EDGE('',*,*,#5087,.T.);
#5132 = ORIENTED_EDGE('',*,*,#5133,.T.);
#5133 = EDGE_CURVE('',#5053,#5134,#5136,.T.);
#5134 = VERTEX_POINT('',#5135);
#5135 = CARTESIAN_POINT('',(-20.71184868338,18.442952623634,39.5));
#5136 = SURFACE_CURVE('',#5137,(#5142,#5149),.PCURVE_S1.);
#5137 = CIRCLE('',#5138,3.65);
#5138 = AXIS2_PLACEMENT_3D('',#5139,#5140,#5141);
#5139 = CARTESIAN_POINT('',(-19.5,15.,39.5));
#5140 = DIRECTION('',(0.,0.,1.));
#5141 = DIRECTION('',(1.,0.,-0.));
#5142 = PCURVE('',#1065,#5143);
#5143 = DEFINITIONAL_REPRESENTATION('',(#5144),#5148);
#5144 = LINE('',#5145,#5146);
#5145 = CARTESIAN_POINT('',(0.,0.5));
#5146 = VECTOR('',#5147,1.);
#5147 = DIRECTION('',(1.,0.));
#5148 = ( GEOMETRIC_REPRESENTATION_CONTEXT(2) 
PARAMETRIC_REPRESENTATION_CONTEXT() REPRESENTATION_CONTEXT('2D SPACE',''
  ) );
#5149 = PCURVE('',#5071,#5150);
#5150 = DEFINITIONAL_REPRESENTATION('',(#5151),#5155);
#5151 = CIRCLE('',#5152,3.65);
#5152 = AXIS2_PLACEMENT_2D('',#5153,#5154);
#5153 = CARTESIAN_POINT('',(-19.49999999648,-45.00000000519));
#5154 = DIRECTION('',(1.,0.));
#5155 = ( GEOMETRIC_REPRESENTATION_CONTEXT(2) 
PARAMETRIC_REPRESENTATION_CONTEXT() REPRESENTATION_CONTEXT('2D SPACE',''
  ) );
#5156 = ORIENTED_EDGE('',*,*,#5157,.F.);
#5157 = EDGE_CURVE('',#1049,#5134,#5158,.T.);
#5158 = SURFACE_CURVE('',#5159,(#5163,#5169),.PCURVE_S1.);
#5159 = LINE('',#5160,#5161);
#5160 = CARTESIAN_POINT('',(-20.71184868338,18.442952623634,39.5));
#5161 = VECTOR('',#5162,1.);
#5162 = DIRECTION('',(-0.,-0.,-1.));
#5163 = PCURVE('',#1065,#5164);
#5164 = DEFINITIONAL_REPRESENTATION('',(#5165),#5168);
#5165 = B_SPLINE_CURVE_WITH_KNOTS('',1,(#5166,#5167),.UNSPECIFIED.,.F.,
  .F.,(2,2),(-2.5000006,5.999999999062E-07),.PIECEWISE_BEZIER_KNOTS.);
#5166 = CARTESIAN_POINT('',(1.909233515566,3.0000006));
#5167 = CARTESIAN_POINT('',(1.909233515566,0.4999994));
#5168 = ( GEOMETRIC_REPRESENTATION_CONTEXT(2) 
PARAMETRIC_REPRESENTATION_CONTEXT() REPRESENTATION_CONTEXT('2D SPACE',''
  ) );
#5169 = PCURVE('',#1098,#5170);
#5170 = DEFINITIONAL_REPRESENTATION('',(#5171),#5174);
#5171 = B_SPLINE_CURVE_WITH_KNOTS('',1,(#5172,#5173),.UNSPECIFIED.,.F.,
  .F.,(2,2),(-2.5000006,5.999999999062E-07),.PIECEWISE_BEZIER_KNOTS.);
#5172 = CARTESIAN_POINT('',(-3.470498014397,-2.5000006));
#5173 = CARTESIAN_POINT('',(-3.470498014397,5.999999999062E-07));
#5174 = ( GEOMETRIC_REPRESENTATION_CONTEXT(2) 
PARAMETRIC_REPRESENTATION_CONTEXT() REPRESENTATION_CONTEXT('2D SPACE',''
  ) );
#5175 = ADVANCED_FACE('',(#5176),#1399,.F.);
#5176 = FACE_BOUND('',#5177,.F.);
#5177 = EDGE_LOOP('',(#5178,#5201,#5202,#5203));
#5178 = ORIENTED_EDGE('',*,*,#5179,.F.);
#5179 = EDGE_CURVE('',#5055,#5180,#5182,.T.);
#5180 = VERTEX_POINT('',#5181);
#5181 = CARTESIAN_POINT('',(-20.3,27.000000007453,39.5));
#5182 = SURFACE_CURVE('',#5183,(#5187,#5194),.PCURVE_S1.);
#5183 = LINE('',#5184,#5185);
#5184 = CARTESIAN_POINT('',(-20.3,26.000000009873,39.5));
#5185 = VECTOR('',#5186,1.);
#5186 = DIRECTION('',(0.,1.,0.));
#5187 = PCURVE('',#1399,#5188);
#5188 = DEFINITIONAL_REPRESENTATION('',(#5189),#5193);
#5189 = LINE('',#5190,#5191);
#5190 = CARTESIAN_POINT('',(1.000000019746,0.));
#5191 = VECTOR('',#5192,1.);
#5192 = DIRECTION('',(1.,0.));
#5193 = ( GEOMETRIC_REPRESENTATION_CONTEXT(2) 
PARAMETRIC_REPRESENTATION_CONTEXT() REPRESENTATION_CONTEXT('2D SPACE',''
  ) );
#5194 = PCURVE('',#5071,#5195);
#5195 = DEFINITIONAL_REPRESENTATION('',(#5196),#5200);
#5196 = LINE('',#5197,#5198);
#5197 = CARTESIAN_POINT('',(-20.29999999648,-33.99999999531));
#5198 = VECTOR('',#5199,1.);
#5199 = DIRECTION('',(0.,1.));
#5200 = ( GEOMETRIC_REPRESENTATION_CONTEXT(2) 
PARAMETRIC_REPRESENTATION_CONTEXT() REPRESENTATION_CONTEXT('2D SPACE',''
  ) );
#5201 = ORIENTED_EDGE('',*,*,#5107,.T.);
#5202 = ORIENTED_EDGE('',*,*,#1385,.F.);
#5203 = ORIENTED_EDGE('',*,*,#5204,.F.);
#5204 = EDGE_CURVE('',#5180,#1353,#5205,.T.);
#5205 = SURFACE_CURVE('',#5206,(#5210,#5217),.PCURVE_S1.);
#5206 = LINE('',#5207,#5208);
#5207 = CARTESIAN_POINT('',(-20.3,27.000000007453,39.5));
#5208 = VECTOR('',#5209,1.);
#5209 = DIRECTION('',(0.,0.,1.));
#5210 = PCURVE('',#1399,#5211);
#5211 = DEFINITIONAL_REPRESENTATION('',(#5212),#5216);
#5212 = LINE('',#5213,#5214);
#5213 = CARTESIAN_POINT('',(2.000000017327,0.));
#5214 = VECTOR('',#5215,1.);
#5215 = DIRECTION('',(0.,-1.));
#5216 = ( GEOMETRIC_REPRESENTATION_CONTEXT(2) 
PARAMETRIC_REPRESENTATION_CONTEXT() REPRESENTATION_CONTEXT('2D SPACE',''
  ) );
#5217 = PCURVE('',#1373,#5218);
#5218 = DEFINITIONAL_REPRESENTATION('',(#5219),#5223);
#5219 = LINE('',#5220,#5221);
#5220 = CARTESIAN_POINT('',(0.,0.));
#5221 = VECTOR('',#5222,1.);
#5222 = DIRECTION('',(0.,-1.));
#5223 = ( GEOMETRIC_REPRESENTATION_CONTEXT(2) 
PARAMETRIC_REPRESENTATION_CONTEXT() REPRESENTATION_CONTEXT('2D SPACE',''
  ) );
#5224 = ADVANCED_FACE('',(#5225),#1098,.T.);
#5225 = FACE_BOUND('',#5226,.F.);
#5226 = EDGE_LOOP('',(#5227,#5251,#5272,#5273));
#5227 = ORIENTED_EDGE('',*,*,#5228,.F.);
#5228 = EDGE_CURVE('',#5229,#5134,#5231,.T.);
#5229 = VERTEX_POINT('',#5230);
#5230 = CARTESIAN_POINT('',(-21.8,24.999999990164,39.5));
#5231 = SURFACE_CURVE('',#5232,(#5237,#5244),.PCURVE_S1.);
#5232 = CIRCLE('',#5233,20.3);
#5233 = AXIS2_PLACEMENT_3D('',#5234,#5235,#5236);
#5234 = CARTESIAN_POINT('',(-1.5,24.999999990164,39.5));
#5235 = DIRECTION('',(0.,0.,1.));
#5236 = DIRECTION('',(1.,0.,0.));
#5237 = PCURVE('',#1098,#5238);
#5238 = DEFINITIONAL_REPRESENTATION('',(#5239),#5243);
#5239 = LINE('',#5240,#5241);
#5240 = CARTESIAN_POINT('',(-0.,0.));
#5241 = VECTOR('',#5242,1.);
#5242 = DIRECTION('',(-1.,0.));
#5243 = ( GEOMETRIC_REPRESENTATION_CONTEXT(2) 
PARAMETRIC_REPRESENTATION_CONTEXT() REPRESENTATION_CONTEXT('2D SPACE',''
  ) );
#5244 = PCURVE('',#5071,#5245);
#5245 = DEFINITIONAL_REPRESENTATION('',(#5246),#5250);
#5246 = CIRCLE('',#5247,20.3);
#5247 = AXIS2_PLACEMENT_2D('',#5248,#5249);
#5248 = CARTESIAN_POINT('',(-1.499999996484,-35.00000001502));
#5249 = DIRECTION('',(1.,0.));
#5250 = ( GEOMETRIC_REPRESENTATION_CONTEXT(2) 
PARAMETRIC_REPRESENTATION_CONTEXT() REPRESENTATION_CONTEXT('2D SPACE',''
  ) );
#5251 = ORIENTED_EDGE('',*,*,#5252,.T.);
#5252 = EDGE_CURVE('',#5229,#1078,#5253,.T.);
#5253 = SURFACE_CURVE('',#5254,(#5258,#5265),.PCURVE_S1.);
#5254 = LINE('',#5255,#5256);
#5255 = CARTESIAN_POINT('',(-21.8,24.999999990164,39.5));
#5256 = VECTOR('',#5257,1.);
#5257 = DIRECTION('',(0.,0.,1.));
#5258 = PCURVE('',#1098,#5259);
#5259 = DEFINITIONAL_REPRESENTATION('',(#5260),#5264);
#5260 = LINE('',#5261,#5262);
#5261 = CARTESIAN_POINT('',(-3.14159265359,0.));
#5262 = VECTOR('',#5263,1.);
#5263 = DIRECTION('',(-0.,-1.));
#5264 = ( GEOMETRIC_REPRESENTATION_CONTEXT(2) 
PARAMETRIC_REPRESENTATION_CONTEXT() REPRESENTATION_CONTEXT('2D SPACE',''
  ) );
#5265 = PCURVE('',#1126,#5266);
#5266 = DEFINITIONAL_REPRESENTATION('',(#5267),#5271);
#5267 = LINE('',#5268,#5269);
#5268 = CARTESIAN_POINT('',(3.552713678801E-15,0.));
#5269 = VECTOR('',#5270,1.);
#5270 = DIRECTION('',(0.,-1.));
#5271 = ( GEOMETRIC_REPRESENTATION_CONTEXT(2) 
PARAMETRIC_REPRESENTATION_CONTEXT() REPRESENTATION_CONTEXT('2D SPACE',''
  ) );
#5272 = ORIENTED_EDGE('',*,*,#1077,.F.);
#5273 = ORIENTED_EDGE('',*,*,#5157,.T.);
#5274 = ADVANCED_FACE('',(#5275),#1373,.F.);
#5275 = FACE_BOUND('',#5276,.F.);
#5276 = EDGE_LOOP('',(#5277,#5305,#5306,#5307));
#5277 = ORIENTED_EDGE('',*,*,#5278,.F.);
#5278 = EDGE_CURVE('',#5180,#5279,#5281,.T.);
#5279 = VERTEX_POINT('',#5280);
#5280 = CARTESIAN_POINT('',(-15.37212106057,39.688745307153,39.5));
#5281 = SURFACE_CURVE('',#5282,(#5287,#5294),.PCURVE_S1.);
#5282 = CIRCLE('',#5283,18.8);
#5283 = AXIS2_PLACEMENT_3D('',#5284,#5285,#5286);
#5284 = CARTESIAN_POINT('',(-1.5,27.000000007453,39.5));
#5285 = DIRECTION('',(0.,0.,-1.));
#5286 = DIRECTION('',(-1.,0.,0.));
#5287 = PCURVE('',#1373,#5288);
#5288 = DEFINITIONAL_REPRESENTATION('',(#5289),#5293);
#5289 = LINE('',#5290,#5291);
#5290 = CARTESIAN_POINT('',(0.,0.));
#5291 = VECTOR('',#5292,1.);
#5292 = DIRECTION('',(1.,0.));
#5293 = ( GEOMETRIC_REPRESENTATION_CONTEXT(2) 
PARAMETRIC_REPRESENTATION_CONTEXT() REPRESENTATION_CONTEXT('2D SPACE',''
  ) );
#5294 = PCURVE('',#5071,#5295);
#5295 = DEFINITIONAL_REPRESENTATION('',(#5296),#5304);
#5296 = ( BOUNDED_CURVE() B_SPLINE_CURVE(2,(#5297,#5298,#5299,#5300,
#5301,#5302,#5303),.UNSPECIFIED.,.T.,.F.) B_SPLINE_CURVE_WITH_KNOTS((1,2
    ,2,2,2,1),(-2.094395102393,0.,2.094395102393,4.188790204786,
6.28318530718,8.377580409573),.UNSPECIFIED.) CURVE() 
GEOMETRIC_REPRESENTATION_ITEM() RATIONAL_B_SPLINE_CURVE((1.,0.5,1.,0.5,
1.,0.5,1.)) REPRESENTATION_ITEM('') );
#5297 = CARTESIAN_POINT('',(-20.29999999648,-32.99999999773));
#5298 = CARTESIAN_POINT('',(-20.29999999648,-0.437444815442));
#5299 = CARTESIAN_POINT('',(7.900000003516,-16.71872240658));
#5300 = CARTESIAN_POINT('',(36.100000003516,-32.99999999773));
#5301 = CARTESIAN_POINT('',(7.900000003516,-49.28127758888));
#5302 = CARTESIAN_POINT('',(-20.29999999648,-65.56255518003));
#5303 = CARTESIAN_POINT('',(-20.29999999648,-32.99999999773));
#5304 = ( GEOMETRIC_REPRESENTATION_CONTEXT(2) 
PARAMETRIC_REPRESENTATION_CONTEXT() REPRESENTATION_CONTEXT('2D SPACE',''
  ) );
#5305 = ORIENTED_EDGE('',*,*,#5204,.T.);
#5306 = ORIENTED_EDGE('',*,*,#1352,.T.);
#5307 = ORIENTED_EDGE('',*,*,#5308,.F.);
#5308 = EDGE_CURVE('',#5279,#1320,#5309,.T.);
#5309 = SURFACE_CURVE('',#5310,(#5314,#5321),.PCURVE_S1.);
#5310 = LINE('',#5311,#5312);
#5311 = CARTESIAN_POINT('',(-15.37212106057,39.688745307153,39.5));
#5312 = VECTOR('',#5313,1.);
#5313 = DIRECTION('',(0.,0.,1.));
#5314 = PCURVE('',#1373,#5315);
#5315 = DEFINITIONAL_REPRESENTATION('',(#5316),#5320);
#5316 = LINE('',#5317,#5318);
#5317 = CARTESIAN_POINT('',(0.740874250844,0.));
#5318 = VECTOR('',#5319,1.);
#5319 = DIRECTION('',(0.,-1.));
#5320 = ( GEOMETRIC_REPRESENTATION_CONTEXT(2) 
PARAMETRIC_REPRESENTATION_CONTEXT() REPRESENTATION_CONTEXT('2D SPACE',''
  ) );
#5321 = PCURVE('',#1340,#5322);
#5322 = DEFINITIONAL_REPRESENTATION('',(#5323),#5327);
#5323 = LINE('',#5324,#5325);
#5324 = CARTESIAN_POINT('',(-4.489739787362,0.));
#5325 = VECTOR('',#5326,1.);
#5326 = DIRECTION('',(-0.,-1.));
#5327 = ( GEOMETRIC_REPRESENTATION_CONTEXT(2) 
PARAMETRIC_REPRESENTATION_CONTEXT() REPRESENTATION_CONTEXT('2D SPACE',''
  ) );
#5328 = ADVANCED_FACE('',(#5329),#1126,.T.);
#5329 = FACE_BOUND('',#5330,.T.);
#5330 = EDGE_LOOP('',(#5331,#5354,#5355,#5356));
#5331 = ORIENTED_EDGE('',*,*,#5332,.F.);
#5332 = EDGE_CURVE('',#5229,#5333,#5335,.T.);
#5333 = VERTEX_POINT('',#5334);
#5334 = CARTESIAN_POINT('',(-21.8,27.000000007416,39.5));
#5335 = SURFACE_CURVE('',#5336,(#5340,#5347),.PCURVE_S1.);
#5336 = LINE('',#5337,#5338);
#5337 = CARTESIAN_POINT('',(-21.8,26.000000009836,39.5));
#5338 = VECTOR('',#5339,1.);
#5339 = DIRECTION('',(0.,1.,0.));
#5340 = PCURVE('',#1126,#5341);
#5341 = DEFINITIONAL_REPRESENTATION('',(#5342),#5346);
#5342 = LINE('',#5343,#5344);
#5343 = CARTESIAN_POINT('',(1.000000019673,0.));
#5344 = VECTOR('',#5345,1.);
#5345 = DIRECTION('',(1.,0.));
#5346 = ( GEOMETRIC_REPRESENTATION_CONTEXT(2) 
PARAMETRIC_REPRESENTATION_CONTEXT() REPRESENTATION_CONTEXT('2D SPACE',''
  ) );
#5347 = PCURVE('',#5071,#5348);
#5348 = DEFINITIONAL_REPRESENTATION('',(#5349),#5353);
#5349 = LINE('',#5350,#5351);
#5350 = CARTESIAN_POINT('',(-21.79999999648,-33.99999999535));
#5351 = VECTOR('',#5352,1.);
#5352 = DIRECTION('',(0.,1.));
#5353 = ( GEOMETRIC_REPRESENTATION_CONTEXT(2) 
PARAMETRIC_REPRESENTATION_CONTEXT() REPRESENTATION_CONTEXT('2D SPACE',''
  ) );
#5354 = ORIENTED_EDGE('',*,*,#5252,.T.);
#5355 = ORIENTED_EDGE('',*,*,#1110,.F.);
#5356 = ORIENTED_EDGE('',*,*,#5357,.F.);
#5357 = EDGE_CURVE('',#5333,#1111,#5358,.T.);
#5358 = SURFACE_CURVE('',#5359,(#5363,#5370),.PCURVE_S1.);
#5359 = LINE('',#5360,#5361);
#5360 = CARTESIAN_POINT('',(-21.8,27.000000007416,39.5));
#5361 = VECTOR('',#5362,1.);
#5362 = DIRECTION('',(0.,0.,1.));
#5363 = PCURVE('',#1126,#5364);
#5364 = DEFINITIONAL_REPRESENTATION('',(#5365),#5369);
#5365 = LINE('',#5366,#5367);
#5366 = CARTESIAN_POINT('',(2.000000017253,0.));
#5367 = VECTOR('',#5368,1.);
#5368 = DIRECTION('',(0.,-1.));
#5369 = ( GEOMETRIC_REPRESENTATION_CONTEXT(2) 
PARAMETRIC_REPRESENTATION_CONTEXT() REPRESENTATION_CONTEXT('2D SPACE',''
  ) );
#5370 = PCURVE('',#1158,#5371);
#5371 = DEFINITIONAL_REPRESENTATION('',(#5372),#5376);
#5372 = LINE('',#5373,#5374);
#5373 = CARTESIAN_POINT('',(-3.14159265359,0.));
#5374 = VECTOR('',#5375,1.);
#5375 = DIRECTION('',(-0.,-1.));
#5376 = ( GEOMETRIC_REPRESENTATION_CONTEXT(2) 
PARAMETRIC_REPRESENTATION_CONTEXT() REPRESENTATION_CONTEXT('2D SPACE',''
  ) );
#5377 = ADVANCED_FACE('',(#5378),#1340,.F.);
#5378 = FACE_BOUND('',#5379,.T.);
#5379 = EDGE_LOOP('',(#5380,#5404,#5425,#5426));
#5380 = ORIENTED_EDGE('',*,*,#5381,.F.);
#5381 = EDGE_CURVE('',#5382,#5279,#5384,.T.);
#5382 = VERTEX_POINT('',#5383);
#5383 = CARTESIAN_POINT('',(-30.8,58.999999990152,39.5));
#5384 = SURFACE_CURVE('',#5385,(#5390,#5397),.PCURVE_S1.);
#5385 = CIRCLE('',#5386,19.8);
#5386 = AXIS2_PLACEMENT_3D('',#5387,#5388,#5389);
#5387 = CARTESIAN_POINT('',(-11.,58.999999990152,39.5));
#5388 = DIRECTION('',(0.,0.,1.));
#5389 = DIRECTION('',(1.,0.,0.));
#5390 = PCURVE('',#1340,#5391);
#5391 = DEFINITIONAL_REPRESENTATION('',(#5392),#5396);
#5392 = LINE('',#5393,#5394);
#5393 = CARTESIAN_POINT('',(-0.,0.));
#5394 = VECTOR('',#5395,1.);
#5395 = DIRECTION('',(-1.,0.));
#5396 = ( GEOMETRIC_REPRESENTATION_CONTEXT(2) 
PARAMETRIC_REPRESENTATION_CONTEXT() REPRESENTATION_CONTEXT('2D SPACE',''
  ) );
#5397 = PCURVE('',#5071,#5398);
#5398 = DEFINITIONAL_REPRESENTATION('',(#5399),#5403);
#5399 = CIRCLE('',#5400,19.8);
#5400 = AXIS2_PLACEMENT_2D('',#5401,#5402);
#5401 = CARTESIAN_POINT('',(-10.99999999648,-1.000000015038));
#5402 = DIRECTION('',(1.,0.));
#5403 = ( GEOMETRIC_REPRESENTATION_CONTEXT(2) 
PARAMETRIC_REPRESENTATION_CONTEXT() REPRESENTATION_CONTEXT('2D SPACE',''
  ) );
#5404 = ORIENTED_EDGE('',*,*,#5405,.T.);
#5405 = EDGE_CURVE('',#5382,#1293,#5406,.T.);
#5406 = SURFACE_CURVE('',#5407,(#5411,#5418),.PCURVE_S1.);
#5407 = LINE('',#5408,#5409);
#5408 = CARTESIAN_POINT('',(-30.8,58.999999990152,39.5));
#5409 = VECTOR('',#5410,1.);
#5410 = DIRECTION('',(0.,0.,1.));
#5411 = PCURVE('',#1340,#5412);
#5412 = DEFINITIONAL_REPRESENTATION('',(#5413),#5417);
#5413 = LINE('',#5414,#5415);
#5414 = CARTESIAN_POINT('',(-3.14159265359,0.));
#5415 = VECTOR('',#5416,1.);
#5416 = DIRECTION('',(-0.,-1.));
#5417 = ( GEOMETRIC_REPRESENTATION_CONTEXT(2) 
PARAMETRIC_REPRESENTATION_CONTEXT() REPRESENTATION_CONTEXT('2D SPACE',''
  ) );
#5418 = PCURVE('',#1308,#5419);
#5419 = DEFINITIONAL_REPRESENTATION('',(#5420),#5424);
#5420 = LINE('',#5421,#5422);
#5421 = CARTESIAN_POINT('',(-7.105427357601E-15,0.));
#5422 = VECTOR('',#5423,1.);
#5423 = DIRECTION('',(0.,-1.));
#5424 = ( GEOMETRIC_REPRESENTATION_CONTEXT(2) 
PARAMETRIC_REPRESENTATION_CONTEXT() REPRESENTATION_CONTEXT('2D SPACE',''
  ) );
#5425 = ORIENTED_EDGE('',*,*,#1319,.F.);
#5426 = ORIENTED_EDGE('',*,*,#5308,.F.);
#5427 = ADVANCED_FACE('',(#5428),#1158,.T.);
#5428 = FACE_BOUND('',#5429,.F.);
#5429 = EDGE_LOOP('',(#5430,#5454,#5475,#5476));
#5430 = ORIENTED_EDGE('',*,*,#5431,.F.);
#5431 = EDGE_CURVE('',#5432,#5333,#5434,.T.);
#5432 = VERTEX_POINT('',#5433);
#5433 = CARTESIAN_POINT('',(-17.9668079211,38.871572645,39.5));
#5434 = SURFACE_CURVE('',#5435,(#5440,#5447),.PCURVE_S1.);
#5435 = CIRCLE('',#5436,20.3);
#5436 = AXIS2_PLACEMENT_3D('',#5437,#5438,#5439);
#5437 = CARTESIAN_POINT('',(-1.5,27.000000007416,39.5));
#5438 = DIRECTION('',(0.,0.,1.));
#5439 = DIRECTION('',(1.,0.,0.));
#5440 = PCURVE('',#1158,#5441);
#5441 = DEFINITIONAL_REPRESENTATION('',(#5442),#5446);
#5442 = LINE('',#5443,#5444);
#5443 = CARTESIAN_POINT('',(-0.,0.));
#5444 = VECTOR('',#5445,1.);
#5445 = DIRECTION('',(-1.,0.));
#5446 = ( GEOMETRIC_REPRESENTATION_CONTEXT(2) 
PARAMETRIC_REPRESENTATION_CONTEXT() REPRESENTATION_CONTEXT('2D SPACE',''
  ) );
#5447 = PCURVE('',#5071,#5448);
#5448 = DEFINITIONAL_REPRESENTATION('',(#5449),#5453);
#5449 = CIRCLE('',#5450,20.3);
#5450 = AXIS2_PLACEMENT_2D('',#5451,#5452);
#5451 = CARTESIAN_POINT('',(-1.499999996484,-32.99999999777));
#5452 = DIRECTION('',(1.,0.));
#5453 = ( GEOMETRIC_REPRESENTATION_CONTEXT(2) 
PARAMETRIC_REPRESENTATION_CONTEXT() REPRESENTATION_CONTEXT('2D SPACE',''
  ) );
#5454 = ORIENTED_EDGE('',*,*,#5455,.T.);
#5455 = EDGE_CURVE('',#5432,#1138,#5456,.T.);
#5456 = SURFACE_CURVE('',#5457,(#5461,#5468),.PCURVE_S1.);
#5457 = LINE('',#5458,#5459);
#5458 = CARTESIAN_POINT('',(-17.9668079211,38.871572645,39.5));
#5459 = VECTOR('',#5460,1.);
#5460 = DIRECTION('',(0.,0.,1.));
#5461 = PCURVE('',#1158,#5462);
#5462 = DEFINITIONAL_REPRESENTATION('',(#5463),#5467);
#5463 = LINE('',#5464,#5465);
#5464 = CARTESIAN_POINT('',(-2.516951118083,0.));
#5465 = VECTOR('',#5466,1.);
#5466 = DIRECTION('',(-0.,-1.));
#5467 = ( GEOMETRIC_REPRESENTATION_CONTEXT(2) 
PARAMETRIC_REPRESENTATION_CONTEXT() REPRESENTATION_CONTEXT('2D SPACE',''
  ) );
#5468 = PCURVE('',#1191,#5469);
#5469 = DEFINITIONAL_REPRESENTATION('',(#5470),#5474);
#5470 = LINE('',#5471,#5472);
#5471 = CARTESIAN_POINT('',(-4.379176827498,0.));
#5472 = VECTOR('',#5473,1.);
#5473 = DIRECTION('',(-0.,-1.));
#5474 = ( GEOMETRIC_REPRESENTATION_CONTEXT(2) 
PARAMETRIC_REPRESENTATION_CONTEXT() REPRESENTATION_CONTEXT('2D SPACE',''
  ) );
#5475 = ORIENTED_EDGE('',*,*,#1137,.F.);
#5476 = ORIENTED_EDGE('',*,*,#5357,.F.);
#5477 = ADVANCED_FACE('',(#5478),#1308,.F.);
#5478 = FACE_BOUND('',#5479,.F.);
#5479 = EDGE_LOOP('',(#5480,#5503,#5504,#5505));
#5480 = ORIENTED_EDGE('',*,*,#5481,.F.);
#5481 = EDGE_CURVE('',#5382,#5482,#5484,.T.);
#5482 = VERTEX_POINT('',#5483);
#5483 = CARTESIAN_POINT('',(-30.8,60.489658136307,39.5));
#5484 = SURFACE_CURVE('',#5485,(#5489,#5496),.PCURVE_S1.);
#5485 = LINE('',#5486,#5487);
#5486 = CARTESIAN_POINT('',(-30.8,60.000000009848,39.5));
#5487 = VECTOR('',#5488,1.);
#5488 = DIRECTION('',(0.,1.,0.));
#5489 = PCURVE('',#1308,#5490);
#5490 = DEFINITIONAL_REPRESENTATION('',(#5491),#5495);
#5491 = LINE('',#5492,#5493);
#5492 = CARTESIAN_POINT('',(1.000000019696,0.));
#5493 = VECTOR('',#5494,1.);
#5494 = DIRECTION('',(1.,0.));
#5495 = ( GEOMETRIC_REPRESENTATION_CONTEXT(2) 
PARAMETRIC_REPRESENTATION_CONTEXT() REPRESENTATION_CONTEXT('2D SPACE',''
  ) );
#5496 = PCURVE('',#5071,#5497);
#5497 = DEFINITIONAL_REPRESENTATION('',(#5498),#5502);
#5498 = LINE('',#5499,#5500);
#5499 = CARTESIAN_POINT('',(-30.79999999648,4.657913166284E-09));
#5500 = VECTOR('',#5501,1.);
#5501 = DIRECTION('',(0.,1.));
#5502 = ( GEOMETRIC_REPRESENTATION_CONTEXT(2) 
PARAMETRIC_REPRESENTATION_CONTEXT() REPRESENTATION_CONTEXT('2D SPACE',''
  ) );
#5503 = ORIENTED_EDGE('',*,*,#5405,.T.);
#5504 = ORIENTED_EDGE('',*,*,#1292,.F.);
#5505 = ORIENTED_EDGE('',*,*,#5506,.F.);
#5506 = EDGE_CURVE('',#5482,#1264,#5507,.T.);
#5507 = SURFACE_CURVE('',#5508,(#5512,#5518),.PCURVE_S1.);
#5508 = LINE('',#5509,#5510);
#5509 = CARTESIAN_POINT('',(-30.8,60.489658136306,39.));
#5510 = VECTOR('',#5511,1.);
#5511 = DIRECTION('',(0.,0.,1.));
#5512 = PCURVE('',#1308,#5513);
#5513 = DEFINITIONAL_REPRESENTATION('',(#5514),#5517);
#5514 = B_SPLINE_CURVE_WITH_KNOTS('',1,(#5515,#5516),.UNSPECIFIED.,.F.,
  .F.,(2,2),(0.25,3.0000006),.PIECEWISE_BEZIER_KNOTS.);
#5515 = CARTESIAN_POINT('',(1.489658146154,0.25));
#5516 = CARTESIAN_POINT('',(1.489658146154,-2.5000006));
#5517 = ( GEOMETRIC_REPRESENTATION_CONTEXT(2) 
PARAMETRIC_REPRESENTATION_CONTEXT() REPRESENTATION_CONTEXT('2D SPACE',''
  ) );
#5518 = PCURVE('',#1280,#5519);
#5519 = DEFINITIONAL_REPRESENTATION('',(#5520),#5523);
#5520 = B_SPLINE_CURVE_WITH_KNOTS('',1,(#5521,#5522),.UNSPECIFIED.,.F.,
  .F.,(2,2),(0.25,3.0000006),.PIECEWISE_BEZIER_KNOTS.);
#5521 = CARTESIAN_POINT('',(4.434867712817,0.25));
#5522 = CARTESIAN_POINT('',(4.434867712817,3.0000006));
#5523 = ( GEOMETRIC_REPRESENTATION_CONTEXT(2) 
PARAMETRIC_REPRESENTATION_CONTEXT() REPRESENTATION_CONTEXT('2D SPACE',''
  ) );
#5524 = ADVANCED_FACE('',(#5525),#1191,.T.);
#5525 = FACE_BOUND('',#5526,.F.);
#5526 = EDGE_LOOP('',(#5527,#5551,#5572,#5573));
#5527 = ORIENTED_EDGE('',*,*,#5528,.F.);
#5528 = EDGE_CURVE('',#5529,#5432,#5531,.T.);
#5529 = VERTEX_POINT('',#5530);
#5530 = CARTESIAN_POINT('',(-32.3,58.999999990185,39.5));
#5531 = SURFACE_CURVE('',#5532,(#5537,#5544),.PCURVE_S1.);
#5532 = CIRCLE('',#5533,21.3);
#5533 = AXIS2_PLACEMENT_3D('',#5534,#5535,#5536);
#5534 = CARTESIAN_POINT('',(-11.,58.999999990185,39.5));
#5535 = DIRECTION('',(0.,0.,1.));
#5536 = DIRECTION('',(1.,0.,0.));
#5537 = PCURVE('',#1191,#5538);
#5538 = DEFINITIONAL_REPRESENTATION('',(#5539),#5543);
#5539 = LINE('',#5540,#5541);
#5540 = CARTESIAN_POINT('',(-0.,0.));
#5541 = VECTOR('',#5542,1.);
#5542 = DIRECTION('',(-1.,0.));
#5543 = ( GEOMETRIC_REPRESENTATION_CONTEXT(2) 
PARAMETRIC_REPRESENTATION_CONTEXT() REPRESENTATION_CONTEXT('2D SPACE',''
  ) );
#5544 = PCURVE('',#5071,#5545);
#5545 = DEFINITIONAL_REPRESENTATION('',(#5546),#5550);
#5546 = CIRCLE('',#5547,21.3);
#5547 = AXIS2_PLACEMENT_2D('',#5548,#5549);
#5548 = CARTESIAN_POINT('',(-10.99999999648,-1.000000015005));
#5549 = DIRECTION('',(1.,0.));
#5550 = ( GEOMETRIC_REPRESENTATION_CONTEXT(2) 
PARAMETRIC_REPRESENTATION_CONTEXT() REPRESENTATION_CONTEXT('2D SPACE',''
  ) );
#5551 = ORIENTED_EDGE('',*,*,#5552,.T.);
#5552 = EDGE_CURVE('',#5529,#1171,#5553,.T.);
#5553 = SURFACE_CURVE('',#5554,(#5558,#5565),.PCURVE_S1.);
#5554 = LINE('',#5555,#5556);
#5555 = CARTESIAN_POINT('',(-32.3,58.999999990185,39.5));
#5556 = VECTOR('',#5557,1.);
#5557 = DIRECTION('',(0.,0.,1.));
#5558 = PCURVE('',#1191,#5559);
#5559 = DEFINITIONAL_REPRESENTATION('',(#5560),#5564);
#5560 = LINE('',#5561,#5562);
#5561 = CARTESIAN_POINT('',(-3.14159265359,0.));
#5562 = VECTOR('',#5563,1.);
#5563 = DIRECTION('',(-0.,-1.));
#5564 = ( GEOMETRIC_REPRESENTATION_CONTEXT(2) 
PARAMETRIC_REPRESENTATION_CONTEXT() REPRESENTATION_CONTEXT('2D SPACE',''
  ) );
#5565 = PCURVE('',#1219,#5566);
#5566 = DEFINITIONAL_REPRESENTATION('',(#5567),#5571);
#5567 = LINE('',#5568,#5569);
#5568 = CARTESIAN_POINT('',(0.,0.));
#5569 = VECTOR('',#5570,1.);
#5570 = DIRECTION('',(0.,-1.));
#5571 = ( GEOMETRIC_REPRESENTATION_CONTEXT(2) 
PARAMETRIC_REPRESENTATION_CONTEXT() REPRESENTATION_CONTEXT('2D SPACE',''
  ) );
#5572 = ORIENTED_EDGE('',*,*,#1170,.F.);
#5573 = ORIENTED_EDGE('',*,*,#5455,.F.);
#5574 = ADVANCED_FACE('',(#5575),#1280,.F.);
#5575 = FACE_BOUND('',#5576,.F.);
#5576 = EDGE_LOOP('',(#5577,#5578,#5579,#5600));
#5577 = ORIENTED_EDGE('',*,*,#5506,.T.);
#5578 = ORIENTED_EDGE('',*,*,#1263,.F.);
#5579 = ORIENTED_EDGE('',*,*,#5580,.T.);
#5580 = EDGE_CURVE('',#1231,#5581,#5583,.T.);
#5581 = VERTEX_POINT('',#5582);
#5582 = CARTESIAN_POINT('',(-32.29731704427,61.338063190015,39.5));
#5583 = SURFACE_CURVE('',#5584,(#5588,#5594),.PCURVE_S1.);
#5584 = LINE('',#5585,#5586);
#5585 = CARTESIAN_POINT('',(-32.29731704427,61.338063190015,39.5));
#5586 = VECTOR('',#5587,1.);
#5587 = DIRECTION('',(-0.,-0.,-1.));
#5588 = PCURVE('',#1280,#5589);
#5589 = DEFINITIONAL_REPRESENTATION('',(#5590),#5593);
#5590 = B_SPLINE_CURVE_WITH_KNOTS('',1,(#5591,#5592),.UNSPECIFIED.,.F.,
  .F.,(2,2),(-2.5000006,5.999999999062E-07),.PIECEWISE_BEZIER_KNOTS.);
#5591 = CARTESIAN_POINT('',(3.958887664483,3.0000006));
#5592 = CARTESIAN_POINT('',(3.958887664483,0.4999994));
#5593 = ( GEOMETRIC_REPRESENTATION_CONTEXT(2) 
PARAMETRIC_REPRESENTATION_CONTEXT() REPRESENTATION_CONTEXT('2D SPACE',''
  ) );
#5594 = PCURVE('',#1251,#5595);
#5595 = DEFINITIONAL_REPRESENTATION('',(#5596),#5599);
#5596 = B_SPLINE_CURVE_WITH_KNOTS('',1,(#5597,#5598),.UNSPECIFIED.,.F.,
  .F.,(2,2),(-2.5000006,5.999999999062E-07),.PIECEWISE_BEZIER_KNOTS.);
#5597 = CARTESIAN_POINT('',(-3.125720476241,-2.5000006));
#5598 = CARTESIAN_POINT('',(-3.125720476241,5.999999999062E-07));
#5599 = ( GEOMETRIC_REPRESENTATION_CONTEXT(2) 
PARAMETRIC_REPRESENTATION_CONTEXT() REPRESENTATION_CONTEXT('2D SPACE',''
  ) );
#5600 = ORIENTED_EDGE('',*,*,#5601,.T.);
#5601 = EDGE_CURVE('',#5581,#5482,#5602,.T.);
#5602 = SURFACE_CURVE('',#5603,(#5608,#5615),.PCURVE_S1.);
#5603 = CIRCLE('',#5604,3.65);
#5604 = AXIS2_PLACEMENT_3D('',#5605,#5606,#5607);
#5605 = CARTESIAN_POINT('',(-29.8,64.,39.5));
#5606 = DIRECTION('',(0.,0.,1.));
#5607 = DIRECTION('',(1.,0.,-0.));
#5608 = PCURVE('',#1280,#5609);
#5609 = DEFINITIONAL_REPRESENTATION('',(#5610),#5614);
#5610 = LINE('',#5611,#5612);
#5611 = CARTESIAN_POINT('',(0.,0.5));
#5612 = VECTOR('',#5613,1.);
#5613 = DIRECTION('',(1.,0.));
#5614 = ( GEOMETRIC_REPRESENTATION_CONTEXT(2) 
PARAMETRIC_REPRESENTATION_CONTEXT() REPRESENTATION_CONTEXT('2D SPACE',''
  ) );
#5615 = PCURVE('',#5071,#5616);
#5616 = DEFINITIONAL_REPRESENTATION('',(#5617),#5621);
#5617 = CIRCLE('',#5618,3.65);
#5618 = AXIS2_PLACEMENT_2D('',#5619,#5620);
#5619 = CARTESIAN_POINT('',(-29.79999999648,3.99999999481));
#5620 = DIRECTION('',(1.,0.));
#5621 = ( GEOMETRIC_REPRESENTATION_CONTEXT(2) 
PARAMETRIC_REPRESENTATION_CONTEXT() REPRESENTATION_CONTEXT('2D SPACE',''
  ) );
#5622 = ADVANCED_FACE('',(#5623),#1219,.T.);
#5623 = FACE_BOUND('',#5624,.T.);
#5624 = EDGE_LOOP('',(#5625,#5648,#5649,#5650));
#5625 = ORIENTED_EDGE('',*,*,#5626,.F.);
#5626 = EDGE_CURVE('',#5529,#5627,#5629,.T.);
#5627 = VERTEX_POINT('',#5628);
#5628 = CARTESIAN_POINT('',(-32.3,61.000000007395,39.5));
#5629 = SURFACE_CURVE('',#5630,(#5634,#5641),.PCURVE_S1.);
#5630 = LINE('',#5631,#5632);
#5631 = CARTESIAN_POINT('',(-32.3,60.000000009815,39.5));
#5632 = VECTOR('',#5633,1.);
#5633 = DIRECTION('',(0.,1.,0.));
#5634 = PCURVE('',#1219,#5635);
#5635 = DEFINITIONAL_REPRESENTATION('',(#5636),#5640);
#5636 = LINE('',#5637,#5638);
#5637 = CARTESIAN_POINT('',(1.000000019629,0.));
#5638 = VECTOR('',#5639,1.);
#5639 = DIRECTION('',(1.,0.));
#5640 = ( GEOMETRIC_REPRESENTATION_CONTEXT(2) 
PARAMETRIC_REPRESENTATION_CONTEXT() REPRESENTATION_CONTEXT('2D SPACE',''
  ) );
#5641 = PCURVE('',#5071,#5642);
#5642 = DEFINITIONAL_REPRESENTATION('',(#5643),#5647);
#5643 = LINE('',#5644,#5645);
#5644 = CARTESIAN_POINT('',(-32.29999999648,4.624475025139E-09));
#5645 = VECTOR('',#5646,1.);
#5646 = DIRECTION('',(0.,1.));
#5647 = ( GEOMETRIC_REPRESENTATION_CONTEXT(2) 
PARAMETRIC_REPRESENTATION_CONTEXT() REPRESENTATION_CONTEXT('2D SPACE',''
  ) );
#5648 = ORIENTED_EDGE('',*,*,#5552,.T.);
#5649 = ORIENTED_EDGE('',*,*,#1203,.F.);
#5650 = ORIENTED_EDGE('',*,*,#5651,.F.);
#5651 = EDGE_CURVE('',#5627,#1204,#5652,.T.);
#5652 = SURFACE_CURVE('',#5653,(#5657,#5664),.PCURVE_S1.);
#5653 = LINE('',#5654,#5655);
#5654 = CARTESIAN_POINT('',(-32.3,61.000000007395,39.5));
#5655 = VECTOR('',#5656,1.);
#5656 = DIRECTION('',(0.,0.,1.));
#5657 = PCURVE('',#1219,#5658);
#5658 = DEFINITIONAL_REPRESENTATION('',(#5659),#5663);
#5659 = LINE('',#5660,#5661);
#5660 = CARTESIAN_POINT('',(2.000000017209,0.));
#5661 = VECTOR('',#5662,1.);
#5662 = DIRECTION('',(0.,-1.));
#5663 = ( GEOMETRIC_REPRESENTATION_CONTEXT(2) 
PARAMETRIC_REPRESENTATION_CONTEXT() REPRESENTATION_CONTEXT('2D SPACE',''
  ) );
#5664 = PCURVE('',#1251,#5665);
#5665 = DEFINITIONAL_REPRESENTATION('',(#5666),#5670);
#5666 = LINE('',#5667,#5668);
#5667 = CARTESIAN_POINT('',(-3.14159265359,0.));
#5668 = VECTOR('',#5669,1.);
#5669 = DIRECTION('',(-0.,-1.));
#5670 = ( GEOMETRIC_REPRESENTATION_CONTEXT(2) 
PARAMETRIC_REPRESENTATION_CONTEXT() REPRESENTATION_CONTEXT('2D SPACE',''
  ) );
#5671 = ADVANCED_FACE('',(#5672),#1251,.T.);
#5672 = FACE_BOUND('',#5673,.F.);
#5673 = EDGE_LOOP('',(#5674,#5696,#5697,#5698));
#5674 = ORIENTED_EDGE('',*,*,#5675,.F.);
#5675 = EDGE_CURVE('',#5581,#5627,#5676,.T.);
#5676 = SURFACE_CURVE('',#5677,(#5682,#5689),.PCURVE_S1.);
#5677 = CIRCLE('',#5678,21.3);
#5678 = AXIS2_PLACEMENT_3D('',#5679,#5680,#5681);
#5679 = CARTESIAN_POINT('',(-11.,61.000000007395,39.5));
#5680 = DIRECTION('',(0.,0.,1.));
#5681 = DIRECTION('',(1.,0.,0.));
#5682 = PCURVE('',#1251,#5683);
#5683 = DEFINITIONAL_REPRESENTATION('',(#5684),#5688);
#5684 = LINE('',#5685,#5686);
#5685 = CARTESIAN_POINT('',(-0.,0.));
#5686 = VECTOR('',#5687,1.);
#5687 = DIRECTION('',(-1.,0.));
#5688 = ( GEOMETRIC_REPRESENTATION_CONTEXT(2) 
PARAMETRIC_REPRESENTATION_CONTEXT() REPRESENTATION_CONTEXT('2D SPACE',''
  ) );
#5689 = PCURVE('',#5071,#5690);
#5690 = DEFINITIONAL_REPRESENTATION('',(#5691),#5695);
#5691 = CIRCLE('',#5692,21.3);
#5692 = AXIS2_PLACEMENT_2D('',#5693,#5694);
#5693 = CARTESIAN_POINT('',(-10.99999999648,1.000000002205));
#5694 = DIRECTION('',(1.,0.));
#5695 = ( GEOMETRIC_REPRESENTATION_CONTEXT(2) 
PARAMETRIC_REPRESENTATION_CONTEXT() REPRESENTATION_CONTEXT('2D SPACE',''
  ) );
#5696 = ORIENTED_EDGE('',*,*,#5580,.F.);
#5697 = ORIENTED_EDGE('',*,*,#1230,.F.);
#5698 = ORIENTED_EDGE('',*,*,#5651,.F.);
#5699 = ADVANCED_FACE('',(#5700),#1429,.F.);
#5700 = FACE_BOUND('',#5701,.F.);
#5701 = EDGE_LOOP('',(#5702,#5725,#5753,#5774));
#5702 = ORIENTED_EDGE('',*,*,#5703,.F.);
#5703 = EDGE_CURVE('',#5704,#1413,#5706,.T.);
#5704 = VERTEX_POINT('',#5705);
#5705 = CARTESIAN_POINT('',(13.5,13.,41.5));
#5706 = SURFACE_CURVE('',#5707,(#5711,#5718),.PCURVE_S1.);
#5707 = LINE('',#5708,#5709);
#5708 = CARTESIAN_POINT('',(13.5,13.,41.5));
#5709 = VECTOR('',#5710,1.);
#5710 = DIRECTION('',(0.,0.,1.));
#5711 = PCURVE('',#1429,#5712);
#5712 = DEFINITIONAL_REPRESENTATION('',(#5713),#5717);
#5713 = LINE('',#5714,#5715);
#5714 = CARTESIAN_POINT('',(0.,1.4));
#5715 = VECTOR('',#5716,1.);
#5716 = DIRECTION('',(1.,0.));
#5717 = ( GEOMETRIC_REPRESENTATION_CONTEXT(2) 
PARAMETRIC_REPRESENTATION_CONTEXT() REPRESENTATION_CONTEXT('2D SPACE',''
  ) );
#5718 = PCURVE('',#1505,#5719);
#5719 = DEFINITIONAL_REPRESENTATION('',(#5720),#5724);
#5720 = LINE('',#5721,#5722);
#5721 = CARTESIAN_POINT('',(0.,0.));
#5722 = VECTOR('',#5723,1.);
#5723 = DIRECTION('',(1.,0.));
#5724 = ( GEOMETRIC_REPRESENTATION_CONTEXT(2) 
PARAMETRIC_REPRESENTATION_CONTEXT() REPRESENTATION_CONTEXT('2D SPACE',''
  ) );
#5725 = ORIENTED_EDGE('',*,*,#5726,.F.);
#5726 = EDGE_CURVE('',#5727,#5704,#5729,.T.);
#5727 = VERTEX_POINT('',#5728);
#5728 = CARTESIAN_POINT('',(12.1,13.,41.5));
#5729 = SURFACE_CURVE('',#5730,(#5734,#5741),.PCURVE_S1.);
#5730 = LINE('',#5731,#5732);
#5731 = CARTESIAN_POINT('',(12.1,13.,41.5));
#5732 = VECTOR('',#5733,1.);
#5733 = DIRECTION('',(1.,0.,-0.));
#5734 = PCURVE('',#1429,#5735);
#5735 = DEFINITIONAL_REPRESENTATION('',(#5736),#5740);
#5736 = LINE('',#5737,#5738);
#5737 = CARTESIAN_POINT('',(0.,0.));
#5738 = VECTOR('',#5739,1.);
#5739 = DIRECTION('',(0.,1.));
#5740 = ( GEOMETRIC_REPRESENTATION_CONTEXT(2) 
PARAMETRIC_REPRESENTATION_CONTEXT() REPRESENTATION_CONTEXT('2D SPACE',''
  ) );
#5741 = PCURVE('',#5742,#5747);
#5742 = PLANE('',#5743);
#5743 = AXIS2_PLACEMENT_3D('',#5744,#5745,#5746);
#5744 = CARTESIAN_POINT('',(12.1,13.,41.5));
#5745 = DIRECTION('',(0.,0.,1.));
#5746 = DIRECTION('',(1.,0.,-0.));
#5747 = DEFINITIONAL_REPRESENTATION('',(#5748),#5752);
#5748 = LINE('',#5749,#5750);
#5749 = CARTESIAN_POINT('',(0.,0.));
#5750 = VECTOR('',#5751,1.);
#5751 = DIRECTION('',(1.,0.));
#5752 = ( GEOMETRIC_REPRESENTATION_CONTEXT(2) 
PARAMETRIC_REPRESENTATION_CONTEXT() REPRESENTATION_CONTEXT('2D SPACE',''
  ) );
#5753 = ORIENTED_EDGE('',*,*,#5754,.T.);
#5754 = EDGE_CURVE('',#5727,#1415,#5755,.T.);
#5755 = SURFACE_CURVE('',#5756,(#5760,#5767),.PCURVE_S1.);
#5756 = LINE('',#5757,#5758);
#5757 = CARTESIAN_POINT('',(12.1,13.,41.5));
#5758 = VECTOR('',#5759,1.);
#5759 = DIRECTION('',(0.,0.,1.));
#5760 = PCURVE('',#1429,#5761);
#5761 = DEFINITIONAL_REPRESENTATION('',(#5762),#5766);
#5762 = LINE('',#5763,#5764);
#5763 = CARTESIAN_POINT('',(0.,0.));
#5764 = VECTOR('',#5765,1.);
#5765 = DIRECTION('',(1.,0.));
#5766 = ( GEOMETRIC_REPRESENTATION_CONTEXT(2) 
PARAMETRIC_REPRESENTATION_CONTEXT() REPRESENTATION_CONTEXT('2D SPACE',''
  ) );
#5767 = PCURVE('',#1455,#5768);
#5768 = DEFINITIONAL_REPRESENTATION('',(#5769),#5773);
#5769 = LINE('',#5770,#5771);
#5770 = CARTESIAN_POINT('',(0.,0.));
#5771 = VECTOR('',#5772,1.);
#5772 = DIRECTION('',(1.,0.));
#5773 = ( GEOMETRIC_REPRESENTATION_CONTEXT(2) 
PARAMETRIC_REPRESENTATION_CONTEXT() REPRESENTATION_CONTEXT('2D SPACE',''
  ) );
#5774 = ORIENTED_EDGE('',*,*,#1412,.F.);
#5775 = ADVANCED_FACE('',(#5776),#1505,.T.);
#5776 = FACE_BOUND('',#5777,.T.);
#5777 = EDGE_LOOP('',(#5778,#5779,#5802,#5823));
#5778 = ORIENTED_EDGE('',*,*,#5703,.F.);
#5779 = ORIENTED_EDGE('',*,*,#5780,.T.);
#5780 = EDGE_CURVE('',#5704,#5781,#5783,.T.);
#5781 = VERTEX_POINT('',#5782);
#5782 = CARTESIAN_POINT('',(13.5,14.6,41.5));
#5783 = SURFACE_CURVE('',#5784,(#5788,#5795),.PCURVE_S1.);
#5784 = LINE('',#5785,#5786);
#5785 = CARTESIAN_POINT('',(13.5,13.,41.5));
#5786 = VECTOR('',#5787,1.);
#5787 = DIRECTION('',(-0.,1.,0.));
#5788 = PCURVE('',#1505,#5789);
#5789 = DEFINITIONAL_REPRESENTATION('',(#5790),#5794);
#5790 = LINE('',#5791,#5792);
#5791 = CARTESIAN_POINT('',(0.,0.));
#5792 = VECTOR('',#5793,1.);
#5793 = DIRECTION('',(0.,-1.));
#5794 = ( GEOMETRIC_REPRESENTATION_CONTEXT(2) 
PARAMETRIC_REPRESENTATION_CONTEXT() REPRESENTATION_CONTEXT('2D SPACE',''
  ) );
#5795 = PCURVE('',#5742,#5796);
#5796 = DEFINITIONAL_REPRESENTATION('',(#5797),#5801);
#5797 = LINE('',#5798,#5799);
#5798 = CARTESIAN_POINT('',(1.4,0.));
#5799 = VECTOR('',#5800,1.);
#5800 = DIRECTION('',(0.,1.));
#5801 = ( GEOMETRIC_REPRESENTATION_CONTEXT(2) 
PARAMETRIC_REPRESENTATION_CONTEXT() REPRESENTATION_CONTEXT('2D SPACE',''
  ) );
#5802 = ORIENTED_EDGE('',*,*,#5803,.T.);
#5803 = EDGE_CURVE('',#5781,#1467,#5804,.T.);
#5804 = SURFACE_CURVE('',#5805,(#5809,#5816),.PCURVE_S1.);
#5805 = LINE('',#5806,#5807);
#5806 = CARTESIAN_POINT('',(13.5,14.6,41.5));
#5807 = VECTOR('',#5808,1.);
#5808 = DIRECTION('',(0.,0.,1.));
#5809 = PCURVE('',#1505,#5810);
#5810 = DEFINITIONAL_REPRESENTATION('',(#5811),#5815);
#5811 = LINE('',#5812,#5813);
#5812 = CARTESIAN_POINT('',(0.,-1.6));
#5813 = VECTOR('',#5814,1.);
#5814 = DIRECTION('',(1.,0.));
#5815 = ( GEOMETRIC_REPRESENTATION_CONTEXT(2) 
PARAMETRIC_REPRESENTATION_CONTEXT() REPRESENTATION_CONTEXT('2D SPACE',''
  ) );
#5816 = PCURVE('',#1481,#5817);
#5817 = DEFINITIONAL_REPRESENTATION('',(#5818),#5822);
#5818 = LINE('',#5819,#5820);
#5819 = CARTESIAN_POINT('',(0.,1.4));
#5820 = VECTOR('',#5821,1.);
#5821 = DIRECTION('',(1.,0.));
#5822 = ( GEOMETRIC_REPRESENTATION_CONTEXT(2) 
PARAMETRIC_REPRESENTATION_CONTEXT() REPRESENTATION_CONTEXT('2D SPACE',''
  ) );
#5823 = ORIENTED_EDGE('',*,*,#1492,.F.);
#5824 = ADVANCED_FACE('',(#5825),#1455,.F.);
#5825 = FACE_BOUND('',#5826,.F.);
#5826 = EDGE_LOOP('',(#5827,#5828,#5851,#5872));
#5827 = ORIENTED_EDGE('',*,*,#5754,.F.);
#5828 = ORIENTED_EDGE('',*,*,#5829,.T.);
#5829 = EDGE_CURVE('',#5727,#5830,#5832,.T.);
#5830 = VERTEX_POINT('',#5831);
#5831 = CARTESIAN_POINT('',(12.1,14.6,41.5));
#5832 = SURFACE_CURVE('',#5833,(#5837,#5844),.PCURVE_S1.);
#5833 = LINE('',#5834,#5835);
#5834 = CARTESIAN_POINT('',(12.1,13.,41.5));
#5835 = VECTOR('',#5836,1.);
#5836 = DIRECTION('',(-0.,1.,0.));
#5837 = PCURVE('',#1455,#5838);
#5838 = DEFINITIONAL_REPRESENTATION('',(#5839),#5843);
#5839 = LINE('',#5840,#5841);
#5840 = CARTESIAN_POINT('',(0.,0.));
#5841 = VECTOR('',#5842,1.);
#5842 = DIRECTION('',(0.,-1.));
#5843 = ( GEOMETRIC_REPRESENTATION_CONTEXT(2) 
PARAMETRIC_REPRESENTATION_CONTEXT() REPRESENTATION_CONTEXT('2D SPACE',''
  ) );
#5844 = PCURVE('',#5742,#5845);
#5845 = DEFINITIONAL_REPRESENTATION('',(#5846),#5850);
#5846 = LINE('',#5847,#5848);
#5847 = CARTESIAN_POINT('',(0.,0.));
#5848 = VECTOR('',#5849,1.);
#5849 = DIRECTION('',(0.,1.));
#5850 = ( GEOMETRIC_REPRESENTATION_CONTEXT(2) 
PARAMETRIC_REPRESENTATION_CONTEXT() REPRESENTATION_CONTEXT('2D SPACE',''
  ) );
#5851 = ORIENTED_EDGE('',*,*,#5852,.T.);
#5852 = EDGE_CURVE('',#5830,#1441,#5853,.T.);
#5853 = SURFACE_CURVE('',#5854,(#5858,#5865),.PCURVE_S1.);
#5854 = LINE('',#5855,#5856);
#5855 = CARTESIAN_POINT('',(12.1,14.6,41.5));
#5856 = VECTOR('',#5857,1.);
#5857 = DIRECTION('',(0.,0.,1.));
#5858 = PCURVE('',#1455,#5859);
#5859 = DEFINITIONAL_REPRESENTATION('',(#5860),#5864);
#5860 = LINE('',#5861,#5862);
#5861 = CARTESIAN_POINT('',(0.,-1.6));
#5862 = VECTOR('',#5863,1.);
#5863 = DIRECTION('',(1.,0.));
#5864 = ( GEOMETRIC_REPRESENTATION_CONTEXT(2) 
PARAMETRIC_REPRESENTATION_CONTEXT() REPRESENTATION_CONTEXT('2D SPACE',''
  ) );
#5865 = PCURVE('',#1481,#5866);
#5866 = DEFINITIONAL_REPRESENTATION('',(#5867),#5871);
#5867 = LINE('',#5868,#5869);
#5868 = CARTESIAN_POINT('',(0.,0.));
#5869 = VECTOR('',#5870,1.);
#5870 = DIRECTION('',(1.,0.));
#5871 = ( GEOMETRIC_REPRESENTATION_CONTEXT(2) 
PARAMETRIC_REPRESENTATION_CONTEXT() REPRESENTATION_CONTEXT('2D SPACE',''
  ) );
#5872 = ORIENTED_EDGE('',*,*,#1440,.F.);
#5873 = ADVANCED_FACE('',(#5874),#1481,.T.);
#5874 = FACE_BOUND('',#5875,.T.);
#5875 = EDGE_LOOP('',(#5876,#5877,#5898,#5899));
#5876 = ORIENTED_EDGE('',*,*,#5803,.F.);
#5877 = ORIENTED_EDGE('',*,*,#5878,.F.);
#5878 = EDGE_CURVE('',#5830,#5781,#5879,.T.);
#5879 = SURFACE_CURVE('',#5880,(#5884,#5891),.PCURVE_S1.);
#5880 = LINE('',#5881,#5882);
#5881 = CARTESIAN_POINT('',(12.1,14.6,41.5));
#5882 = VECTOR('',#5883,1.);
#5883 = DIRECTION('',(1.,0.,-0.));
#5884 = PCURVE('',#1481,#5885);
#5885 = DEFINITIONAL_REPRESENTATION('',(#5886),#5890);
#5886 = LINE('',#5887,#5888);
#5887 = CARTESIAN_POINT('',(0.,0.));
#5888 = VECTOR('',#5889,1.);
#5889 = DIRECTION('',(0.,1.));
#5890 = ( GEOMETRIC_REPRESENTATION_CONTEXT(2) 
PARAMETRIC_REPRESENTATION_CONTEXT() REPRESENTATION_CONTEXT('2D SPACE',''
  ) );
#5891 = PCURVE('',#5742,#5892);
#5892 = DEFINITIONAL_REPRESENTATION('',(#5893),#5897);
#5893 = LINE('',#5894,#5895);
#5894 = CARTESIAN_POINT('',(0.,1.6));
#5895 = VECTOR('',#5896,1.);
#5896 = DIRECTION('',(1.,0.));
#5897 = ( GEOMETRIC_REPRESENTATION_CONTEXT(2) 
PARAMETRIC_REPRESENTATION_CONTEXT() REPRESENTATION_CONTEXT('2D SPACE',''
  ) );
#5898 = ORIENTED_EDGE('',*,*,#5852,.T.);
#5899 = ORIENTED_EDGE('',*,*,#1466,.F.);
#5900 = ADVANCED_FACE('',(#5901),#1535,.F.);
#5901 = FACE_BOUND('',#5902,.F.);
#5902 = EDGE_LOOP('',(#5903,#5904,#5925,#5926));
#5903 = ORIENTED_EDGE('',*,*,#1518,.T.);
#5904 = ORIENTED_EDGE('',*,*,#5905,.T.);
#5905 = EDGE_CURVE('',#1521,#3474,#5906,.T.);
#5906 = SURFACE_CURVE('',#5907,(#5911,#5918),.PCURVE_S1.);
#5907 = LINE('',#5908,#5909);
#5908 = CARTESIAN_POINT('',(-8.,15.3,38.));
#5909 = VECTOR('',#5910,1.);
#5910 = DIRECTION('',(0.,0.,1.));
#5911 = PCURVE('',#1535,#5912);
#5912 = DEFINITIONAL_REPRESENTATION('',(#5913),#5917);
#5913 = LINE('',#5914,#5915);
#5914 = CARTESIAN_POINT('',(0.,0.));
#5915 = VECTOR('',#5916,1.);
#5916 = DIRECTION('',(0.,-1.));
#5917 = ( GEOMETRIC_REPRESENTATION_CONTEXT(2) 
PARAMETRIC_REPRESENTATION_CONTEXT() REPRESENTATION_CONTEXT('2D SPACE',''
  ) );
#5918 = PCURVE('',#1742,#5919);
#5919 = DEFINITIONAL_REPRESENTATION('',(#5920),#5924);
#5920 = LINE('',#5921,#5922);
#5921 = CARTESIAN_POINT('',(6.28318530718,0.));
#5922 = VECTOR('',#5923,1.);
#5923 = DIRECTION('',(0.,-1.));
#5924 = ( GEOMETRIC_REPRESENTATION_CONTEXT(2) 
PARAMETRIC_REPRESENTATION_CONTEXT() REPRESENTATION_CONTEXT('2D SPACE',''
  ) );
#5925 = ORIENTED_EDGE('',*,*,#3471,.F.);
#5926 = ORIENTED_EDGE('',*,*,#5927,.F.);
#5927 = EDGE_CURVE('',#1519,#3472,#5928,.T.);
#5928 = SURFACE_CURVE('',#5929,(#5933,#5940),.PCURVE_S1.);
#5929 = LINE('',#5930,#5931);
#5930 = CARTESIAN_POINT('',(-8.,25.299999948861,38.));
#5931 = VECTOR('',#5932,1.);
#5932 = DIRECTION('',(0.,0.,1.));
#5933 = PCURVE('',#1535,#5934);
#5934 = DEFINITIONAL_REPRESENTATION('',(#5935),#5939);
#5935 = LINE('',#5936,#5937);
#5936 = CARTESIAN_POINT('',(9.999999948861,0.));
#5937 = VECTOR('',#5938,1.);
#5938 = DIRECTION('',(0.,-1.));
#5939 = ( GEOMETRIC_REPRESENTATION_CONTEXT(2) 
PARAMETRIC_REPRESENTATION_CONTEXT() REPRESENTATION_CONTEXT('2D SPACE',''
  ) );
#5940 = PCURVE('',#1567,#5941);
#5941 = DEFINITIONAL_REPRESENTATION('',(#5942),#5946);
#5942 = LINE('',#5943,#5944);
#5943 = CARTESIAN_POINT('',(0.,0.));
#5944 = VECTOR('',#5945,1.);
#5945 = DIRECTION('',(0.,-1.));
#5946 = ( GEOMETRIC_REPRESENTATION_CONTEXT(2) 
PARAMETRIC_REPRESENTATION_CONTEXT() REPRESENTATION_CONTEXT('2D SPACE',''
  ) );
#5947 = ADVANCED_FACE('',(#5948),#1567,.F.);
#5948 = FACE_BOUND('',#5949,.F.);
#5949 = EDGE_LOOP('',(#5950,#5951,#5952,#5953));
#5950 = ORIENTED_EDGE('',*,*,#1546,.F.);
#5951 = ORIENTED_EDGE('',*,*,#5927,.T.);
#5952 = ORIENTED_EDGE('',*,*,#3494,.T.);
#5953 = ORIENTED_EDGE('',*,*,#5954,.F.);
#5954 = EDGE_CURVE('',#1547,#3495,#5955,.T.);
#5955 = SURFACE_CURVE('',#5956,(#5960,#5967),.PCURVE_S1.);
#5956 = LINE('',#5957,#5958);
#5957 = CARTESIAN_POINT('',(-6.,27.29999997443,38.));
#5958 = VECTOR('',#5959,1.);
#5959 = DIRECTION('',(0.,0.,1.));
#5960 = PCURVE('',#1567,#5961);
#5961 = DEFINITIONAL_REPRESENTATION('',(#5962),#5966);
#5962 = LINE('',#5963,#5964);
#5963 = CARTESIAN_POINT('',(1.570796326795,0.));
#5964 = VECTOR('',#5965,1.);
#5965 = DIRECTION('',(0.,-1.));
#5966 = ( GEOMETRIC_REPRESENTATION_CONTEXT(2) 
PARAMETRIC_REPRESENTATION_CONTEXT() REPRESENTATION_CONTEXT('2D SPACE',''
  ) );
#5967 = PCURVE('',#1594,#5968);
#5968 = DEFINITIONAL_REPRESENTATION('',(#5969),#5973);
#5969 = LINE('',#5970,#5971);
#5970 = CARTESIAN_POINT('',(0.,0.));
#5971 = VECTOR('',#5972,1.);
#5972 = DIRECTION('',(0.,-1.));
#5973 = ( GEOMETRIC_REPRESENTATION_CONTEXT(2) 
PARAMETRIC_REPRESENTATION_CONTEXT() REPRESENTATION_CONTEXT('2D SPACE',''
  ) );
#5974 = ADVANCED_FACE('',(#5975),#1742,.F.);
#5975 = FACE_BOUND('',#5976,.F.);
#5976 = EDGE_LOOP('',(#5977,#5978,#5999,#6000));
#5977 = ORIENTED_EDGE('',*,*,#1723,.F.);
#5978 = ORIENTED_EDGE('',*,*,#5979,.T.);
#5979 = EDGE_CURVE('',#1698,#3621,#5980,.T.);
#5980 = SURFACE_CURVE('',#5981,(#5985,#5992),.PCURVE_S1.);
#5981 = LINE('',#5982,#5983);
#5982 = CARTESIAN_POINT('',(-6.,13.3,38.));
#5983 = VECTOR('',#5984,1.);
#5984 = DIRECTION('',(0.,0.,1.));
#5985 = PCURVE('',#1742,#5986);
#5986 = DEFINITIONAL_REPRESENTATION('',(#5987),#5991);
#5987 = LINE('',#5988,#5989);
#5988 = CARTESIAN_POINT('',(4.712388980385,0.));
#5989 = VECTOR('',#5990,1.);
#5990 = DIRECTION('',(0.,-1.));
#5991 = ( GEOMETRIC_REPRESENTATION_CONTEXT(2) 
PARAMETRIC_REPRESENTATION_CONTEXT() REPRESENTATION_CONTEXT('2D SPACE',''
  ) );
#5992 = PCURVE('',#1712,#5993);
#5993 = DEFINITIONAL_REPRESENTATION('',(#5994),#5998);
#5994 = LINE('',#5995,#5996);
#5995 = CARTESIAN_POINT('',(0.,0.));
#5996 = VECTOR('',#5997,1.);
#5997 = DIRECTION('',(0.,-1.));
#5998 = ( GEOMETRIC_REPRESENTATION_CONTEXT(2) 
PARAMETRIC_REPRESENTATION_CONTEXT() REPRESENTATION_CONTEXT('2D SPACE',''
  ) );
#5999 = ORIENTED_EDGE('',*,*,#3641,.T.);
#6000 = ORIENTED_EDGE('',*,*,#5905,.F.);
#6001 = ADVANCED_FACE('',(#6002),#1594,.F.);
#6002 = FACE_BOUND('',#6003,.F.);
#6003 = EDGE_LOOP('',(#6004,#6005,#6006,#6007));
#6004 = ORIENTED_EDGE('',*,*,#1579,.T.);
#6005 = ORIENTED_EDGE('',*,*,#5954,.T.);
#6006 = ORIENTED_EDGE('',*,*,#3522,.F.);
#6007 = ORIENTED_EDGE('',*,*,#6008,.F.);
#6008 = EDGE_CURVE('',#1580,#3523,#6009,.T.);
#6009 = SURFACE_CURVE('',#6010,(#6014,#6021),.PCURVE_S1.);
#6010 = LINE('',#6011,#6012);
#6011 = CARTESIAN_POINT('',(6.,27.29999997443,38.));
#6012 = VECTOR('',#6013,1.);
#6013 = DIRECTION('',(0.,0.,1.));
#6014 = PCURVE('',#1594,#6015);
#6015 = DEFINITIONAL_REPRESENTATION('',(#6016),#6020);
#6016 = LINE('',#6017,#6018);
#6017 = CARTESIAN_POINT('',(12.,0.));
#6018 = VECTOR('',#6019,1.);
#6019 = DIRECTION('',(0.,-1.));
#6020 = ( GEOMETRIC_REPRESENTATION_CONTEXT(2) 
PARAMETRIC_REPRESENTATION_CONTEXT() REPRESENTATION_CONTEXT('2D SPACE',''
  ) );
#6021 = PCURVE('',#1626,#6022);
#6022 = DEFINITIONAL_REPRESENTATION('',(#6023),#6027);
#6023 = LINE('',#6024,#6025);
#6024 = CARTESIAN_POINT('',(1.570796326795,0.));
#6025 = VECTOR('',#6026,1.);
#6026 = DIRECTION('',(0.,-1.));
#6027 = ( GEOMETRIC_REPRESENTATION_CONTEXT(2) 
PARAMETRIC_REPRESENTATION_CONTEXT() REPRESENTATION_CONTEXT('2D SPACE',''
  ) );
#6028 = ADVANCED_FACE('',(#6029),#1712,.T.);
#6029 = FACE_BOUND('',#6030,.T.);
#6030 = EDGE_LOOP('',(#6031,#6032,#6033,#6034));
#6031 = ORIENTED_EDGE('',*,*,#1697,.T.);
#6032 = ORIENTED_EDGE('',*,*,#5979,.T.);
#6033 = ORIENTED_EDGE('',*,*,#3620,.F.);
#6034 = ORIENTED_EDGE('',*,*,#6035,.F.);
#6035 = EDGE_CURVE('',#1665,#3593,#6036,.T.);
#6036 = SURFACE_CURVE('',#6037,(#6041,#6048),.PCURVE_S1.);
#6037 = LINE('',#6038,#6039);
#6038 = CARTESIAN_POINT('',(5.999999927492,13.3,38.));
#6039 = VECTOR('',#6040,1.);
#6040 = DIRECTION('',(0.,0.,1.));
#6041 = PCURVE('',#1712,#6042);
#6042 = DEFINITIONAL_REPRESENTATION('',(#6043),#6047);
#6043 = LINE('',#6044,#6045);
#6044 = CARTESIAN_POINT('',(11.999999927492,0.));
#6045 = VECTOR('',#6046,1.);
#6046 = DIRECTION('',(0.,-1.));
#6047 = ( GEOMETRIC_REPRESENTATION_CONTEXT(2) 
PARAMETRIC_REPRESENTATION_CONTEXT() REPRESENTATION_CONTEXT('2D SPACE',''
  ) );
#6048 = PCURVE('',#1685,#6049);
#6049 = DEFINITIONAL_REPRESENTATION('',(#6050),#6054);
#6050 = LINE('',#6051,#6052);
#6051 = CARTESIAN_POINT('',(4.712388980385,0.));
#6052 = VECTOR('',#6053,1.);
#6053 = DIRECTION('',(0.,-1.));
#6054 = ( GEOMETRIC_REPRESENTATION_CONTEXT(2) 
PARAMETRIC_REPRESENTATION_CONTEXT() REPRESENTATION_CONTEXT('2D SPACE',''
  ) );
#6055 = ADVANCED_FACE('',(#6056),#1626,.F.);
#6056 = FACE_BOUND('',#6057,.F.);
#6057 = EDGE_LOOP('',(#6058,#6059,#6060,#6061));
#6058 = ORIENTED_EDGE('',*,*,#1605,.F.);
#6059 = ORIENTED_EDGE('',*,*,#6008,.T.);
#6060 = ORIENTED_EDGE('',*,*,#3543,.T.);
#6061 = ORIENTED_EDGE('',*,*,#6062,.F.);
#6062 = EDGE_CURVE('',#1606,#3544,#6063,.T.);
#6063 = SURFACE_CURVE('',#6064,(#6068,#6075),.PCURVE_S1.);
#6064 = LINE('',#6065,#6066);
#6065 = CARTESIAN_POINT('',(8.,25.299999948861,38.));
#6066 = VECTOR('',#6067,1.);
#6067 = DIRECTION('',(0.,0.,1.));
#6068 = PCURVE('',#1626,#6069);
#6069 = DEFINITIONAL_REPRESENTATION('',(#6070),#6074);
#6070 = LINE('',#6071,#6072);
#6071 = CARTESIAN_POINT('',(3.14159265359,0.));
#6072 = VECTOR('',#6073,1.);
#6073 = DIRECTION('',(0.,-1.));
#6074 = ( GEOMETRIC_REPRESENTATION_CONTEXT(2) 
PARAMETRIC_REPRESENTATION_CONTEXT() REPRESENTATION_CONTEXT('2D SPACE',''
  ) );
#6075 = PCURVE('',#1653,#6076);
#6076 = DEFINITIONAL_REPRESENTATION('',(#6077),#6081);
#6077 = LINE('',#6078,#6079);
#6078 = CARTESIAN_POINT('',(9.999999948861,0.));
#6079 = VECTOR('',#6080,1.);
#6080 = DIRECTION('',(0.,-1.));
#6081 = ( GEOMETRIC_REPRESENTATION_CONTEXT(2) 
PARAMETRIC_REPRESENTATION_CONTEXT() REPRESENTATION_CONTEXT('2D SPACE',''
  ) );
#6082 = ADVANCED_FACE('',(#6083),#1685,.F.);
#6083 = FACE_BOUND('',#6084,.F.);
#6084 = EDGE_LOOP('',(#6085,#6086,#6107,#6108));
#6085 = ORIENTED_EDGE('',*,*,#1664,.F.);
#6086 = ORIENTED_EDGE('',*,*,#6087,.T.);
#6087 = EDGE_CURVE('',#1639,#3572,#6088,.T.);
#6088 = SURFACE_CURVE('',#6089,(#6093,#6100),.PCURVE_S1.);
#6089 = LINE('',#6090,#6091);
#6090 = CARTESIAN_POINT('',(7.999999963746,15.3,38.));
#6091 = VECTOR('',#6092,1.);
#6092 = DIRECTION('',(0.,0.,1.));
#6093 = PCURVE('',#1685,#6094);
#6094 = DEFINITIONAL_REPRESENTATION('',(#6095),#6099);
#6095 = LINE('',#6096,#6097);
#6096 = CARTESIAN_POINT('',(3.14159265359,0.));
#6097 = VECTOR('',#6098,1.);
#6098 = DIRECTION('',(0.,-1.));
#6099 = ( GEOMETRIC_REPRESENTATION_CONTEXT(2) 
PARAMETRIC_REPRESENTATION_CONTEXT() REPRESENTATION_CONTEXT('2D SPACE',''
  ) );
#6100 = PCURVE('',#1653,#6101);
#6101 = DEFINITIONAL_REPRESENTATION('',(#6102),#6106);
#6102 = LINE('',#6103,#6104);
#6103 = CARTESIAN_POINT('',(0.,0.));
#6104 = VECTOR('',#6105,1.);
#6105 = DIRECTION('',(0.,-1.));
#6106 = ( GEOMETRIC_REPRESENTATION_CONTEXT(2) 
PARAMETRIC_REPRESENTATION_CONTEXT() REPRESENTATION_CONTEXT('2D SPACE',''
  ) );
#6107 = ORIENTED_EDGE('',*,*,#3592,.T.);
#6108 = ORIENTED_EDGE('',*,*,#6035,.F.);
#6109 = ADVANCED_FACE('',(#6110),#1653,.T.);
#6110 = FACE_BOUND('',#6111,.T.);
#6111 = EDGE_LOOP('',(#6112,#6113,#6114,#6115));
#6112 = ORIENTED_EDGE('',*,*,#1638,.T.);
#6113 = ORIENTED_EDGE('',*,*,#6087,.T.);
#6114 = ORIENTED_EDGE('',*,*,#3571,.F.);
#6115 = ORIENTED_EDGE('',*,*,#6062,.F.);
#6116 = ADVANCED_FACE('',(#6117),#1773,.F.);
#6117 = FACE_BOUND('',#6118,.F.);
#6118 = EDGE_LOOP('',(#6119,#6140,#6141,#6142));
#6119 = ORIENTED_EDGE('',*,*,#6120,.T.);
#6120 = EDGE_CURVE('',#1757,#3670,#6121,.T.);
#6121 = SEAM_CURVE('',#6122,(#6126,#6133),.PCURVE_S1.);
#6122 = LINE('',#6123,#6124);
#6123 = CARTESIAN_POINT('',(20.7,15.,38.));
#6124 = VECTOR('',#6125,1.);
#6125 = DIRECTION('',(0.,0.,1.));
#6126 = PCURVE('',#1773,#6127);
#6127 = DEFINITIONAL_REPRESENTATION('',(#6128),#6132);
#6128 = LINE('',#6129,#6130);
#6129 = CARTESIAN_POINT('',(6.28318530718,-0.));
#6130 = VECTOR('',#6131,1.);
#6131 = DIRECTION('',(0.,1.));
#6132 = ( GEOMETRIC_REPRESENTATION_CONTEXT(2) 
PARAMETRIC_REPRESENTATION_CONTEXT() REPRESENTATION_CONTEXT('2D SPACE',''
  ) );
#6133 = PCURVE('',#1773,#6134);
#6134 = DEFINITIONAL_REPRESENTATION('',(#6135),#6139);
#6135 = LINE('',#6136,#6137);
#6136 = CARTESIAN_POINT('',(0.,-0.));
#6137 = VECTOR('',#6138,1.);
#6138 = DIRECTION('',(0.,1.));
#6139 = ( GEOMETRIC_REPRESENTATION_CONTEXT(2) 
PARAMETRIC_REPRESENTATION_CONTEXT() REPRESENTATION_CONTEXT('2D SPACE',''
  ) );
#6140 = ORIENTED_EDGE('',*,*,#3669,.F.);
#6141 = ORIENTED_EDGE('',*,*,#6120,.F.);
#6142 = ORIENTED_EDGE('',*,*,#1756,.T.);
#6143 = ADVANCED_FACE('',(#6144),#1810,.T.);
#6144 = FACE_BOUND('',#6145,.F.);
#6145 = EDGE_LOOP('',(#6146,#6177,#6196,#6197));
#6146 = ORIENTED_EDGE('',*,*,#6147,.F.);
#6147 = EDGE_CURVE('',#6148,#6150,#6152,.T.);
#6148 = VERTEX_POINT('',#6149);
#6149 = CARTESIAN_POINT('',(20.711848674145,18.442952626885,39.5));
#6150 = VERTEX_POINT('',#6151);
#6151 = CARTESIAN_POINT('',(21.799999998185,25.000000009836,39.5));
#6152 = SURFACE_CURVE('',#6153,(#6158,#6165),.PCURVE_S1.);
#6153 = CIRCLE('',#6154,20.3);
#6154 = AXIS2_PLACEMENT_3D('',#6155,#6156,#6157);
#6155 = CARTESIAN_POINT('',(1.49999999637,25.000000009836,39.5));
#6156 = DIRECTION('',(0.,0.,1.));
#6157 = DIRECTION('',(1.,0.,0.));
#6158 = PCURVE('',#1810,#6159);
#6159 = DEFINITIONAL_REPRESENTATION('',(#6160),#6164);
#6160 = LINE('',#6161,#6162);
#6161 = CARTESIAN_POINT('',(-0.,0.));
#6162 = VECTOR('',#6163,1.);
#6163 = DIRECTION('',(-1.,0.));
#6164 = ( GEOMETRIC_REPRESENTATION_CONTEXT(2) 
PARAMETRIC_REPRESENTATION_CONTEXT() REPRESENTATION_CONTEXT('2D SPACE',''
  ) );
#6165 = PCURVE('',#6166,#6171);
#6166 = PLANE('',#6167);
#6167 = AXIS2_PLACEMENT_3D('',#6168,#6169,#6170);
#6168 = CARTESIAN_POINT('',(-3.5163018346E-09,60.00000000519,39.5));
#6169 = DIRECTION('',(0.,0.,1.));
#6170 = DIRECTION('',(1.,0.,-0.));
#6171 = DEFINITIONAL_REPRESENTATION('',(#6172),#6176);
#6172 = CIRCLE('',#6173,20.3);
#6173 = AXIS2_PLACEMENT_2D('',#6174,#6175);
#6174 = CARTESIAN_POINT('',(1.499999999887,-34.99999999535));
#6175 = DIRECTION('',(1.,0.));
#6176 = ( GEOMETRIC_REPRESENTATION_CONTEXT(2) 
PARAMETRIC_REPRESENTATION_CONTEXT() REPRESENTATION_CONTEXT('2D SPACE',''
  ) );
#6177 = ORIENTED_EDGE('',*,*,#6178,.F.);
#6178 = EDGE_CURVE('',#1790,#6148,#6179,.T.);
#6179 = SURFACE_CURVE('',#6180,(#6184,#6190),.PCURVE_S1.);
#6180 = LINE('',#6181,#6182);
#6181 = CARTESIAN_POINT('',(20.711848674145,18.442952626885,39.5));
#6182 = VECTOR('',#6183,1.);
#6183 = DIRECTION('',(-0.,-0.,-1.));
#6184 = PCURVE('',#1810,#6185);
#6185 = DEFINITIONAL_REPRESENTATION('',(#6186),#6189);
#6186 = B_SPLINE_CURVE_WITH_KNOTS('',1,(#6187,#6188),.UNSPECIFIED.,.F.,
  .F.,(2,2),(-2.5000006,5.999999999062E-07),.PIECEWISE_BEZIER_KNOTS.);
#6187 = CARTESIAN_POINT('',(-5.954279945517,-2.5000006));
#6188 = CARTESIAN_POINT('',(-5.954279945517,5.999999999062E-07));
#6189 = ( GEOMETRIC_REPRESENTATION_CONTEXT(2) 
PARAMETRIC_REPRESENTATION_CONTEXT() REPRESENTATION_CONTEXT('2D SPACE',''
  ) );
#6190 = PCURVE('',#1839,#6191);
#6191 = DEFINITIONAL_REPRESENTATION('',(#6192),#6195);
#6192 = B_SPLINE_CURVE_WITH_KNOTS('',1,(#6193,#6194),.UNSPECIFIED.,.F.,
  .F.,(2,2),(-2.5000006,5.999999999062E-07),.PIECEWISE_BEZIER_KNOTS.);
#6193 = CARTESIAN_POINT('',(1.232359140706,3.0000006));
#6194 = CARTESIAN_POINT('',(1.232359140706,0.4999994));
#6195 = ( GEOMETRIC_REPRESENTATION_CONTEXT(2) 
PARAMETRIC_REPRESENTATION_CONTEXT() REPRESENTATION_CONTEXT('2D SPACE',''
  ) );
#6196 = ORIENTED_EDGE('',*,*,#1787,.F.);
#6197 = ORIENTED_EDGE('',*,*,#6198,.F.);
#6198 = EDGE_CURVE('',#6150,#1788,#6199,.T.);
#6199 = SURFACE_CURVE('',#6200,(#6204,#6211),.PCURVE_S1.);
#6200 = LINE('',#6201,#6202);
#6201 = CARTESIAN_POINT('',(21.799999998185,25.000000009836,39.5));
#6202 = VECTOR('',#6203,1.);
#6203 = DIRECTION('',(0.,0.,1.));
#6204 = PCURVE('',#1810,#6205);
#6205 = DEFINITIONAL_REPRESENTATION('',(#6206),#6210);
#6206 = LINE('',#6207,#6208);
#6207 = CARTESIAN_POINT('',(-6.28318530718,0.));
#6208 = VECTOR('',#6209,1.);
#6209 = DIRECTION('',(-0.,-1.));
#6210 = ( GEOMETRIC_REPRESENTATION_CONTEXT(2) 
PARAMETRIC_REPRESENTATION_CONTEXT() REPRESENTATION_CONTEXT('2D SPACE',''
  ) );
#6211 = PCURVE('',#2173,#6212);
#6212 = DEFINITIONAL_REPRESENTATION('',(#6213),#6217);
#6213 = LINE('',#6214,#6215);
#6214 = CARTESIAN_POINT('',(-3.552713678801E-15,0.));
#6215 = VECTOR('',#6216,1.);
#6216 = DIRECTION('',(0.,-1.));
#6217 = ( GEOMETRIC_REPRESENTATION_CONTEXT(2) 
PARAMETRIC_REPRESENTATION_CONTEXT() REPRESENTATION_CONTEXT('2D SPACE',''
  ) );
#6218 = ADVANCED_FACE('',(#6219),#2173,.F.);
#6219 = FACE_BOUND('',#6220,.F.);
#6220 = EDGE_LOOP('',(#6221,#6244,#6245,#6246));
#6221 = ORIENTED_EDGE('',*,*,#6222,.F.);
#6222 = EDGE_CURVE('',#6150,#6223,#6225,.T.);
#6223 = VERTEX_POINT('',#6224);
#6224 = CARTESIAN_POINT('',(21.8,27.000000007416,39.5));
#6225 = SURFACE_CURVE('',#6226,(#6230,#6237),.PCURVE_S1.);
#6226 = LINE('',#6227,#6228);
#6227 = CARTESIAN_POINT('',(21.8,26.000000009836,39.5));
#6228 = VECTOR('',#6229,1.);
#6229 = DIRECTION('',(0.,1.,0.));
#6230 = PCURVE('',#2173,#6231);
#6231 = DEFINITIONAL_REPRESENTATION('',(#6232),#6236);
#6232 = LINE('',#6233,#6234);
#6233 = CARTESIAN_POINT('',(1.,0.));
#6234 = VECTOR('',#6235,1.);
#6235 = DIRECTION('',(1.,0.));
#6236 = ( GEOMETRIC_REPRESENTATION_CONTEXT(2) 
PARAMETRIC_REPRESENTATION_CONTEXT() REPRESENTATION_CONTEXT('2D SPACE',''
  ) );
#6237 = PCURVE('',#6166,#6238);
#6238 = DEFINITIONAL_REPRESENTATION('',(#6239),#6243);
#6239 = LINE('',#6240,#6241);
#6240 = CARTESIAN_POINT('',(21.800000003516,-33.99999999535));
#6241 = VECTOR('',#6242,1.);
#6242 = DIRECTION('',(0.,1.));
#6243 = ( GEOMETRIC_REPRESENTATION_CONTEXT(2) 
PARAMETRIC_REPRESENTATION_CONTEXT() REPRESENTATION_CONTEXT('2D SPACE',''
  ) );
#6244 = ORIENTED_EDGE('',*,*,#6198,.T.);
#6245 = ORIENTED_EDGE('',*,*,#2159,.F.);
#6246 = ORIENTED_EDGE('',*,*,#6247,.F.);
#6247 = EDGE_CURVE('',#6223,#2127,#6248,.T.);
#6248 = SURFACE_CURVE('',#6249,(#6253,#6260),.PCURVE_S1.);
#6249 = LINE('',#6250,#6251);
#6250 = CARTESIAN_POINT('',(21.8,27.000000007416,39.5));
#6251 = VECTOR('',#6252,1.);
#6252 = DIRECTION('',(0.,0.,1.));
#6253 = PCURVE('',#2173,#6254);
#6254 = DEFINITIONAL_REPRESENTATION('',(#6255),#6259);
#6255 = LINE('',#6256,#6257);
#6256 = CARTESIAN_POINT('',(1.99999999758,0.));
#6257 = VECTOR('',#6258,1.);
#6258 = DIRECTION('',(0.,-1.));
#6259 = ( GEOMETRIC_REPRESENTATION_CONTEXT(2) 
PARAMETRIC_REPRESENTATION_CONTEXT() REPRESENTATION_CONTEXT('2D SPACE',''
  ) );
#6260 = PCURVE('',#2147,#6261);
#6261 = DEFINITIONAL_REPRESENTATION('',(#6262),#6266);
#6262 = LINE('',#6263,#6264);
#6263 = CARTESIAN_POINT('',(-0.,0.));
#6264 = VECTOR('',#6265,1.);
#6265 = DIRECTION('',(-0.,-1.));
#6266 = ( GEOMETRIC_REPRESENTATION_CONTEXT(2) 
PARAMETRIC_REPRESENTATION_CONTEXT() REPRESENTATION_CONTEXT('2D SPACE',''
  ) );
#6267 = ADVANCED_FACE('',(#6268),#1839,.F.);
#6268 = FACE_BOUND('',#6269,.F.);
#6269 = EDGE_LOOP('',(#6270,#6271,#6272,#6296));
#6270 = ORIENTED_EDGE('',*,*,#1822,.F.);
#6271 = ORIENTED_EDGE('',*,*,#6178,.T.);
#6272 = ORIENTED_EDGE('',*,*,#6273,.T.);
#6273 = EDGE_CURVE('',#6148,#6274,#6276,.T.);
#6274 = VERTEX_POINT('',#6275);
#6275 = CARTESIAN_POINT('',(19.190400496541,18.636845906477,39.5));
#6276 = SURFACE_CURVE('',#6277,(#6282,#6289),.PCURVE_S1.);
#6277 = CIRCLE('',#6278,3.65);
#6278 = AXIS2_PLACEMENT_3D('',#6279,#6280,#6281);
#6279 = CARTESIAN_POINT('',(19.5,15.,39.5));
#6280 = DIRECTION('',(0.,0.,1.));
#6281 = DIRECTION('',(1.,0.,-0.));
#6282 = PCURVE('',#1839,#6283);
#6283 = DEFINITIONAL_REPRESENTATION('',(#6284),#6288);
#6284 = LINE('',#6285,#6286);
#6285 = CARTESIAN_POINT('',(0.,0.5));
#6286 = VECTOR('',#6287,1.);
#6287 = DIRECTION('',(1.,0.));
#6288 = ( GEOMETRIC_REPRESENTATION_CONTEXT(2) 
PARAMETRIC_REPRESENTATION_CONTEXT() REPRESENTATION_CONTEXT('2D SPACE',''
  ) );
#6289 = PCURVE('',#6166,#6290);
#6290 = DEFINITIONAL_REPRESENTATION('',(#6291),#6295);
#6291 = CIRCLE('',#6292,3.65);
#6292 = AXIS2_PLACEMENT_2D('',#6293,#6294);
#6293 = CARTESIAN_POINT('',(19.500000003516,-45.00000000519));
#6294 = DIRECTION('',(1.,0.));
#6295 = ( GEOMETRIC_REPRESENTATION_CONTEXT(2) 
PARAMETRIC_REPRESENTATION_CONTEXT() REPRESENTATION_CONTEXT('2D SPACE',''
  ) );
#6296 = ORIENTED_EDGE('',*,*,#6297,.F.);
#6297 = EDGE_CURVE('',#1823,#6274,#6298,.T.);
#6298 = SURFACE_CURVE('',#6299,(#6303,#6309),.PCURVE_S1.);
#6299 = LINE('',#6300,#6301);
#6300 = CARTESIAN_POINT('',(19.190400496541,18.636845906477,39.5));
#6301 = VECTOR('',#6302,1.);
#6302 = DIRECTION('',(0.,0.,-1.));
#6303 = PCURVE('',#1839,#6304);
#6304 = DEFINITIONAL_REPRESENTATION('',(#6305),#6308);
#6305 = B_SPLINE_CURVE_WITH_KNOTS('',1,(#6306,#6307),.UNSPECIFIED.,.F.,
  .F.,(2,2),(-2.5000006,5.999999999062E-07),.PIECEWISE_BEZIER_KNOTS.);
#6306 = CARTESIAN_POINT('',(1.655720150989,3.0000006));
#6307 = CARTESIAN_POINT('',(1.655720150989,0.4999994));
#6308 = ( GEOMETRIC_REPRESENTATION_CONTEXT(2) 
PARAMETRIC_REPRESENTATION_CONTEXT() REPRESENTATION_CONTEXT('2D SPACE',''
  ) );
#6309 = PCURVE('',#1872,#6310);
#6310 = DEFINITIONAL_REPRESENTATION('',(#6311),#6314);
#6311 = B_SPLINE_CURVE_WITH_KNOTS('',1,(#6312,#6313),.UNSPECIFIED.,.F.,
  .F.,(2,2),(-2.5000006,5.999999999062E-07),.PIECEWISE_BEZIER_KNOTS.);
#6312 = CARTESIAN_POINT('',(3.486878475908,-2.5000006));
#6313 = CARTESIAN_POINT('',(3.486878475908,5.999999999062E-07));
#6314 = ( GEOMETRIC_REPRESENTATION_CONTEXT(2) 
PARAMETRIC_REPRESENTATION_CONTEXT() REPRESENTATION_CONTEXT('2D SPACE',''
  ) );
#6315 = ADVANCED_FACE('',(#6316),#2147,.T.);
#6316 = FACE_BOUND('',#6317,.F.);
#6317 = EDGE_LOOP('',(#6318,#6342,#6343,#6344));
#6318 = ORIENTED_EDGE('',*,*,#6319,.F.);
#6319 = EDGE_CURVE('',#6223,#6320,#6322,.T.);
#6320 = VERTEX_POINT('',#6321);
#6321 = CARTESIAN_POINT('',(17.966807909779,38.871572660709,39.5));
#6322 = SURFACE_CURVE('',#6323,(#6328,#6335),.PCURVE_S1.);
#6323 = CIRCLE('',#6324,20.3);
#6324 = AXIS2_PLACEMENT_3D('',#6325,#6326,#6327);
#6325 = CARTESIAN_POINT('',(1.5,27.000000007416,39.5));
#6326 = DIRECTION('',(0.,0.,1.));
#6327 = DIRECTION('',(1.,0.,0.));
#6328 = PCURVE('',#2147,#6329);
#6329 = DEFINITIONAL_REPRESENTATION('',(#6330),#6334);
#6330 = LINE('',#6331,#6332);
#6331 = CARTESIAN_POINT('',(-0.,0.));
#6332 = VECTOR('',#6333,1.);
#6333 = DIRECTION('',(-1.,0.));
#6334 = ( GEOMETRIC_REPRESENTATION_CONTEXT(2) 
PARAMETRIC_REPRESENTATION_CONTEXT() REPRESENTATION_CONTEXT('2D SPACE',''
  ) );
#6335 = PCURVE('',#6166,#6336);
#6336 = DEFINITIONAL_REPRESENTATION('',(#6337),#6341);
#6337 = CIRCLE('',#6338,20.3);
#6338 = AXIS2_PLACEMENT_2D('',#6339,#6340);
#6339 = CARTESIAN_POINT('',(1.500000003516,-32.99999999777));
#6340 = DIRECTION('',(1.,0.));
#6341 = ( GEOMETRIC_REPRESENTATION_CONTEXT(2) 
PARAMETRIC_REPRESENTATION_CONTEXT() REPRESENTATION_CONTEXT('2D SPACE',''
  ) );
#6342 = ORIENTED_EDGE('',*,*,#6247,.T.);
#6343 = ORIENTED_EDGE('',*,*,#2126,.F.);
#6344 = ORIENTED_EDGE('',*,*,#6345,.F.);
#6345 = EDGE_CURVE('',#6320,#2094,#6346,.T.);
#6346 = SURFACE_CURVE('',#6347,(#6351,#6358),.PCURVE_S1.);
#6347 = LINE('',#6348,#6349);
#6348 = CARTESIAN_POINT('',(17.966807909779,38.871572660709,39.5));
#6349 = VECTOR('',#6350,1.);
#6350 = DIRECTION('',(0.,0.,1.));
#6351 = PCURVE('',#2147,#6352);
#6352 = DEFINITIONAL_REPRESENTATION('',(#6353),#6357);
#6353 = LINE('',#6354,#6355);
#6354 = CARTESIAN_POINT('',(-0.62464153646,0.));
#6355 = VECTOR('',#6356,1.);
#6356 = DIRECTION('',(-0.,-1.));
#6357 = ( GEOMETRIC_REPRESENTATION_CONTEXT(2) 
PARAMETRIC_REPRESENTATION_CONTEXT() REPRESENTATION_CONTEXT('2D SPACE',''
  ) );
#6358 = PCURVE('',#2114,#6359);
#6359 = DEFINITIONAL_REPRESENTATION('',(#6360),#6364);
#6360 = LINE('',#6361,#6362);
#6361 = CARTESIAN_POINT('',(-5.045601132709,0.));
#6362 = VECTOR('',#6363,1.);
#6363 = DIRECTION('',(-0.,-1.));
#6364 = ( GEOMETRIC_REPRESENTATION_CONTEXT(2) 
PARAMETRIC_REPRESENTATION_CONTEXT() REPRESENTATION_CONTEXT('2D SPACE',''
  ) );
#6365 = ADVANCED_FACE('',(#6366),#1872,.F.);
#6366 = FACE_BOUND('',#6367,.F.);
#6367 = EDGE_LOOP('',(#6368,#6396,#6417,#6418));
#6368 = ORIENTED_EDGE('',*,*,#6369,.F.);
#6369 = EDGE_CURVE('',#6370,#6274,#6372,.T.);
#6370 = VERTEX_POINT('',#6371);
#6371 = CARTESIAN_POINT('',(20.299999998185,25.000000009873,39.5));
#6372 = SURFACE_CURVE('',#6373,(#6378,#6385),.PCURVE_S1.);
#6373 = CIRCLE('',#6374,18.8);
#6374 = AXIS2_PLACEMENT_3D('',#6375,#6376,#6377);
#6375 = CARTESIAN_POINT('',(1.49999999637,25.000000009873,39.5));
#6376 = DIRECTION('',(0.,0.,-1.));
#6377 = DIRECTION('',(-1.,0.,0.));
#6378 = PCURVE('',#1872,#6379);
#6379 = DEFINITIONAL_REPRESENTATION('',(#6380),#6384);
#6380 = LINE('',#6381,#6382);
#6381 = CARTESIAN_POINT('',(0.,0.));
#6382 = VECTOR('',#6383,1.);
#6383 = DIRECTION('',(1.,0.));
#6384 = ( GEOMETRIC_REPRESENTATION_CONTEXT(2) 
PARAMETRIC_REPRESENTATION_CONTEXT() REPRESENTATION_CONTEXT('2D SPACE',''
  ) );
#6385 = PCURVE('',#6166,#6386);
#6386 = DEFINITIONAL_REPRESENTATION('',(#6387),#6395);
#6387 = ( BOUNDED_CURVE() B_SPLINE_CURVE(2,(#6388,#6389,#6390,#6391,
#6392,#6393,#6394),.UNSPECIFIED.,.T.,.F.) B_SPLINE_CURVE_WITH_KNOTS((1,2
    ,2,2,2,1),(-2.094395102393,0.,2.094395102393,4.188790204786,
6.28318530718,8.377580409573),.UNSPECIFIED.) CURVE() 
GEOMETRIC_REPRESENTATION_ITEM() RATIONAL_B_SPLINE_CURVE((1.,0.5,1.,0.5,
1.,0.5,1.)) REPRESENTATION_ITEM('') );
#6388 = CARTESIAN_POINT('',(-17.30000000011,-34.99999999531));
#6389 = CARTESIAN_POINT('',(-17.30000000011,-2.437444813022));
#6390 = CARTESIAN_POINT('',(10.899999999887,-18.71872240416));
#6391 = CARTESIAN_POINT('',(39.099999999887,-34.99999999531));
#6392 = CARTESIAN_POINT('',(10.899999999887,-51.28127758646));
#6393 = CARTESIAN_POINT('',(-17.30000000011,-67.56255517761));
#6394 = CARTESIAN_POINT('',(-17.30000000011,-34.99999999531));
#6395 = ( GEOMETRIC_REPRESENTATION_CONTEXT(2) 
PARAMETRIC_REPRESENTATION_CONTEXT() REPRESENTATION_CONTEXT('2D SPACE',''
  ) );
#6396 = ORIENTED_EDGE('',*,*,#6397,.T.);
#6397 = EDGE_CURVE('',#6370,#1852,#6398,.T.);
#6398 = SURFACE_CURVE('',#6399,(#6403,#6410),.PCURVE_S1.);
#6399 = LINE('',#6400,#6401);
#6400 = CARTESIAN_POINT('',(20.299999998185,25.000000009873,39.5));
#6401 = VECTOR('',#6402,1.);
#6402 = DIRECTION('',(0.,0.,1.));
#6403 = PCURVE('',#1872,#6404);
#6404 = DEFINITIONAL_REPRESENTATION('',(#6405),#6409);
#6405 = LINE('',#6406,#6407);
#6406 = CARTESIAN_POINT('',(3.14159265359,0.));
#6407 = VECTOR('',#6408,1.);
#6408 = DIRECTION('',(0.,-1.));
#6409 = ( GEOMETRIC_REPRESENTATION_CONTEXT(2) 
PARAMETRIC_REPRESENTATION_CONTEXT() REPRESENTATION_CONTEXT('2D SPACE',''
  ) );
#6410 = PCURVE('',#1900,#6411);
#6411 = DEFINITIONAL_REPRESENTATION('',(#6412),#6416);
#6412 = LINE('',#6413,#6414);
#6413 = CARTESIAN_POINT('',(3.552713678801E-15,0.));
#6414 = VECTOR('',#6415,1.);
#6415 = DIRECTION('',(0.,-1.));
#6416 = ( GEOMETRIC_REPRESENTATION_CONTEXT(2) 
PARAMETRIC_REPRESENTATION_CONTEXT() REPRESENTATION_CONTEXT('2D SPACE',''
  ) );
#6417 = ORIENTED_EDGE('',*,*,#1851,.T.);
#6418 = ORIENTED_EDGE('',*,*,#6297,.T.);
#6419 = ADVANCED_FACE('',(#6420),#2114,.T.);
#6420 = FACE_BOUND('',#6421,.F.);
#6421 = EDGE_LOOP('',(#6422,#6446,#6447,#6448));
#6422 = ORIENTED_EDGE('',*,*,#6423,.F.);
#6423 = EDGE_CURVE('',#6320,#6424,#6426,.T.);
#6424 = VERTEX_POINT('',#6425);
#6425 = CARTESIAN_POINT('',(32.3,59.000000009815,39.5));
#6426 = SURFACE_CURVE('',#6427,(#6432,#6439),.PCURVE_S1.);
#6427 = CIRCLE('',#6428,21.3);
#6428 = AXIS2_PLACEMENT_3D('',#6429,#6430,#6431);
#6429 = CARTESIAN_POINT('',(11.,59.000000009815,39.5));
#6430 = DIRECTION('',(0.,0.,1.));
#6431 = DIRECTION('',(1.,0.,0.));
#6432 = PCURVE('',#2114,#6433);
#6433 = DEFINITIONAL_REPRESENTATION('',(#6434),#6438);
#6434 = LINE('',#6435,#6436);
#6435 = CARTESIAN_POINT('',(-0.,0.));
#6436 = VECTOR('',#6437,1.);
#6437 = DIRECTION('',(-1.,0.));
#6438 = ( GEOMETRIC_REPRESENTATION_CONTEXT(2) 
PARAMETRIC_REPRESENTATION_CONTEXT() REPRESENTATION_CONTEXT('2D SPACE',''
  ) );
#6439 = PCURVE('',#6166,#6440);
#6440 = DEFINITIONAL_REPRESENTATION('',(#6441),#6445);
#6441 = CIRCLE('',#6442,21.3);
#6442 = AXIS2_PLACEMENT_2D('',#6443,#6444);
#6443 = CARTESIAN_POINT('',(11.000000003516,-0.999999995376));
#6444 = DIRECTION('',(1.,0.));
#6445 = ( GEOMETRIC_REPRESENTATION_CONTEXT(2) 
PARAMETRIC_REPRESENTATION_CONTEXT() REPRESENTATION_CONTEXT('2D SPACE',''
  ) );
#6446 = ORIENTED_EDGE('',*,*,#6345,.T.);
#6447 = ORIENTED_EDGE('',*,*,#2093,.F.);
#6448 = ORIENTED_EDGE('',*,*,#6449,.F.);
#6449 = EDGE_CURVE('',#6424,#2067,#6450,.T.);
#6450 = SURFACE_CURVE('',#6451,(#6455,#6462),.PCURVE_S1.);
#6451 = LINE('',#6452,#6453);
#6452 = CARTESIAN_POINT('',(32.3,59.000000009815,39.5));
#6453 = VECTOR('',#6454,1.);
#6454 = DIRECTION('',(0.,0.,1.));
#6455 = PCURVE('',#2114,#6456);
#6456 = DEFINITIONAL_REPRESENTATION('',(#6457),#6461);
#6457 = LINE('',#6458,#6459);
#6458 = CARTESIAN_POINT('',(-6.28318530718,0.));
#6459 = VECTOR('',#6460,1.);
#6460 = DIRECTION('',(-0.,-1.));
#6461 = ( GEOMETRIC_REPRESENTATION_CONTEXT(2) 
PARAMETRIC_REPRESENTATION_CONTEXT() REPRESENTATION_CONTEXT('2D SPACE',''
  ) );
#6462 = PCURVE('',#2082,#6463);
#6463 = DEFINITIONAL_REPRESENTATION('',(#6464),#6468);
#6464 = LINE('',#6465,#6466);
#6465 = CARTESIAN_POINT('',(-7.105427357601E-15,0.));
#6466 = VECTOR('',#6467,1.);
#6467 = DIRECTION('',(0.,-1.));
#6468 = ( GEOMETRIC_REPRESENTATION_CONTEXT(2) 
PARAMETRIC_REPRESENTATION_CONTEXT() REPRESENTATION_CONTEXT('2D SPACE',''
  ) );
#6469 = ADVANCED_FACE('',(#6470),#1900,.T.);
#6470 = FACE_BOUND('',#6471,.T.);
#6471 = EDGE_LOOP('',(#6472,#6495,#6496,#6497));
#6472 = ORIENTED_EDGE('',*,*,#6473,.F.);
#6473 = EDGE_CURVE('',#6370,#6474,#6476,.T.);
#6474 = VERTEX_POINT('',#6475);
#6475 = CARTESIAN_POINT('',(20.3,27.000000007453,39.5));
#6476 = SURFACE_CURVE('',#6477,(#6481,#6488),.PCURVE_S1.);
#6477 = LINE('',#6478,#6479);
#6478 = CARTESIAN_POINT('',(20.3,26.000000009873,39.5));
#6479 = VECTOR('',#6480,1.);
#6480 = DIRECTION('',(0.,1.,0.));
#6481 = PCURVE('',#1900,#6482);
#6482 = DEFINITIONAL_REPRESENTATION('',(#6483),#6487);
#6483 = LINE('',#6484,#6485);
#6484 = CARTESIAN_POINT('',(1.,0.));
#6485 = VECTOR('',#6486,1.);
#6486 = DIRECTION('',(1.,0.));
#6487 = ( GEOMETRIC_REPRESENTATION_CONTEXT(2) 
PARAMETRIC_REPRESENTATION_CONTEXT() REPRESENTATION_CONTEXT('2D SPACE',''
  ) );
#6488 = PCURVE('',#6166,#6489);
#6489 = DEFINITIONAL_REPRESENTATION('',(#6490),#6494);
#6490 = LINE('',#6491,#6492);
#6491 = CARTESIAN_POINT('',(20.300000003516,-33.99999999531));
#6492 = VECTOR('',#6493,1.);
#6493 = DIRECTION('',(0.,1.));
#6494 = ( GEOMETRIC_REPRESENTATION_CONTEXT(2) 
PARAMETRIC_REPRESENTATION_CONTEXT() REPRESENTATION_CONTEXT('2D SPACE',''
  ) );
#6495 = ORIENTED_EDGE('',*,*,#6397,.T.);
#6496 = ORIENTED_EDGE('',*,*,#1884,.F.);
#6497 = ORIENTED_EDGE('',*,*,#6498,.F.);
#6498 = EDGE_CURVE('',#6474,#1885,#6499,.T.);
#6499 = SURFACE_CURVE('',#6500,(#6504,#6511),.PCURVE_S1.);
#6500 = LINE('',#6501,#6502);
#6501 = CARTESIAN_POINT('',(20.3,27.000000007453,39.5));
#6502 = VECTOR('',#6503,1.);
#6503 = DIRECTION('',(0.,0.,1.));
#6504 = PCURVE('',#1900,#6505);
#6505 = DEFINITIONAL_REPRESENTATION('',(#6506),#6510);
#6506 = LINE('',#6507,#6508);
#6507 = CARTESIAN_POINT('',(1.99999999758,0.));
#6508 = VECTOR('',#6509,1.);
#6509 = DIRECTION('',(0.,-1.));
#6510 = ( GEOMETRIC_REPRESENTATION_CONTEXT(2) 
PARAMETRIC_REPRESENTATION_CONTEXT() REPRESENTATION_CONTEXT('2D SPACE',''
  ) );
#6511 = PCURVE('',#1932,#6512);
#6512 = DEFINITIONAL_REPRESENTATION('',(#6513),#6517);
#6513 = LINE('',#6514,#6515);
#6514 = CARTESIAN_POINT('',(3.14159265359,0.));
#6515 = VECTOR('',#6516,1.);
#6516 = DIRECTION('',(0.,-1.));
#6517 = ( GEOMETRIC_REPRESENTATION_CONTEXT(2) 
PARAMETRIC_REPRESENTATION_CONTEXT() REPRESENTATION_CONTEXT('2D SPACE',''
  ) );
#6518 = ADVANCED_FACE('',(#6519),#2082,.F.);
#6519 = FACE_BOUND('',#6520,.F.);
#6520 = EDGE_LOOP('',(#6521,#6544,#6545,#6546));
#6521 = ORIENTED_EDGE('',*,*,#6522,.F.);
#6522 = EDGE_CURVE('',#6424,#6523,#6525,.T.);
#6523 = VERTEX_POINT('',#6524);
#6524 = CARTESIAN_POINT('',(32.3,61.000000007395,39.5));
#6525 = SURFACE_CURVE('',#6526,(#6530,#6537),.PCURVE_S1.);
#6526 = LINE('',#6527,#6528);
#6527 = CARTESIAN_POINT('',(32.3,60.000000009815,39.5));
#6528 = VECTOR('',#6529,1.);
#6529 = DIRECTION('',(0.,1.,0.));
#6530 = PCURVE('',#2082,#6531);
#6531 = DEFINITIONAL_REPRESENTATION('',(#6532),#6536);
#6532 = LINE('',#6533,#6534);
#6533 = CARTESIAN_POINT('',(1.,0.));
#6534 = VECTOR('',#6535,1.);
#6535 = DIRECTION('',(1.,0.));
#6536 = ( GEOMETRIC_REPRESENTATION_CONTEXT(2) 
PARAMETRIC_REPRESENTATION_CONTEXT() REPRESENTATION_CONTEXT('2D SPACE',''
  ) );
#6537 = PCURVE('',#6166,#6538);
#6538 = DEFINITIONAL_REPRESENTATION('',(#6539),#6543);
#6539 = LINE('',#6540,#6541);
#6540 = CARTESIAN_POINT('',(32.300000003516,4.624475025139E-09));
#6541 = VECTOR('',#6542,1.);
#6542 = DIRECTION('',(0.,1.));
#6543 = ( GEOMETRIC_REPRESENTATION_CONTEXT(2) 
PARAMETRIC_REPRESENTATION_CONTEXT() REPRESENTATION_CONTEXT('2D SPACE',''
  ) );
#6544 = ORIENTED_EDGE('',*,*,#6449,.T.);
#6545 = ORIENTED_EDGE('',*,*,#2066,.F.);
#6546 = ORIENTED_EDGE('',*,*,#6547,.F.);
#6547 = EDGE_CURVE('',#6523,#2034,#6548,.T.);
#6548 = SURFACE_CURVE('',#6549,(#6553,#6560),.PCURVE_S1.);
#6549 = LINE('',#6550,#6551);
#6550 = CARTESIAN_POINT('',(32.3,61.000000007395,39.5));
#6551 = VECTOR('',#6552,1.);
#6552 = DIRECTION('',(0.,0.,1.));
#6553 = PCURVE('',#2082,#6554);
#6554 = DEFINITIONAL_REPRESENTATION('',(#6555),#6559);
#6555 = LINE('',#6556,#6557);
#6556 = CARTESIAN_POINT('',(1.99999999758,0.));
#6557 = VECTOR('',#6558,1.);
#6558 = DIRECTION('',(0.,-1.));
#6559 = ( GEOMETRIC_REPRESENTATION_CONTEXT(2) 
PARAMETRIC_REPRESENTATION_CONTEXT() REPRESENTATION_CONTEXT('2D SPACE',''
  ) );
#6560 = PCURVE('',#2054,#6561);
#6561 = DEFINITIONAL_REPRESENTATION('',(#6562),#6566);
#6562 = LINE('',#6563,#6564);
#6563 = CARTESIAN_POINT('',(-0.,0.));
#6564 = VECTOR('',#6565,1.);
#6565 = DIRECTION('',(-0.,-1.));
#6566 = ( GEOMETRIC_REPRESENTATION_CONTEXT(2) 
PARAMETRIC_REPRESENTATION_CONTEXT() REPRESENTATION_CONTEXT('2D SPACE',''
  ) );
#6567 = ADVANCED_FACE('',(#6568),#1932,.F.);
#6568 = FACE_BOUND('',#6569,.F.);
#6569 = EDGE_LOOP('',(#6570,#6598,#6619,#6620));
#6570 = ORIENTED_EDGE('',*,*,#6571,.F.);
#6571 = EDGE_CURVE('',#6572,#6474,#6574,.T.);
#6572 = VERTEX_POINT('',#6573);
#6573 = CARTESIAN_POINT('',(15.372121060578,39.688745307153,39.5));
#6574 = SURFACE_CURVE('',#6575,(#6580,#6587),.PCURVE_S1.);
#6575 = CIRCLE('',#6576,18.8);
#6576 = AXIS2_PLACEMENT_3D('',#6577,#6578,#6579);
#6577 = CARTESIAN_POINT('',(1.5,27.000000007453,39.5));
#6578 = DIRECTION('',(0.,0.,-1.));
#6579 = DIRECTION('',(-1.,0.,0.));
#6580 = PCURVE('',#1932,#6581);
#6581 = DEFINITIONAL_REPRESENTATION('',(#6582),#6586);
#6582 = LINE('',#6583,#6584);
#6583 = CARTESIAN_POINT('',(0.,0.));
#6584 = VECTOR('',#6585,1.);
#6585 = DIRECTION('',(1.,0.));
#6586 = ( GEOMETRIC_REPRESENTATION_CONTEXT(2) 
PARAMETRIC_REPRESENTATION_CONTEXT() REPRESENTATION_CONTEXT('2D SPACE',''
  ) );
#6587 = PCURVE('',#6166,#6588);
#6588 = DEFINITIONAL_REPRESENTATION('',(#6589),#6597);
#6589 = ( BOUNDED_CURVE() B_SPLINE_CURVE(2,(#6590,#6591,#6592,#6593,
#6594,#6595,#6596),.UNSPECIFIED.,.T.,.F.) B_SPLINE_CURVE_WITH_KNOTS((1,2
    ,2,2,2,1),(-2.094395102393,0.,2.094395102393,4.188790204786,
6.28318530718,8.377580409573),.UNSPECIFIED.) CURVE() 
GEOMETRIC_REPRESENTATION_ITEM() RATIONAL_B_SPLINE_CURVE((1.,0.5,1.,0.5,
1.,0.5,1.)) REPRESENTATION_ITEM('') );
#6590 = CARTESIAN_POINT('',(-17.29999999648,-32.99999999773));
#6591 = CARTESIAN_POINT('',(-17.29999999648,-0.437444815442));
#6592 = CARTESIAN_POINT('',(10.900000003516,-16.71872240658));
#6593 = CARTESIAN_POINT('',(39.100000003516,-32.99999999773));
#6594 = CARTESIAN_POINT('',(10.900000003516,-49.28127758888));
#6595 = CARTESIAN_POINT('',(-17.29999999648,-65.56255518003));
#6596 = CARTESIAN_POINT('',(-17.29999999648,-32.99999999773));
#6597 = ( GEOMETRIC_REPRESENTATION_CONTEXT(2) 
PARAMETRIC_REPRESENTATION_CONTEXT() REPRESENTATION_CONTEXT('2D SPACE',''
  ) );
#6598 = ORIENTED_EDGE('',*,*,#6599,.T.);
#6599 = EDGE_CURVE('',#6572,#1912,#6600,.T.);
#6600 = SURFACE_CURVE('',#6601,(#6605,#6612),.PCURVE_S1.);
#6601 = LINE('',#6602,#6603);
#6602 = CARTESIAN_POINT('',(15.372121060578,39.688745307153,39.5));
#6603 = VECTOR('',#6604,1.);
#6604 = DIRECTION('',(0.,0.,1.));
#6605 = PCURVE('',#1932,#6606);
#6606 = DEFINITIONAL_REPRESENTATION('',(#6607),#6611);
#6607 = LINE('',#6608,#6609);
#6608 = CARTESIAN_POINT('',(2.400718402746,0.));
#6609 = VECTOR('',#6610,1.);
#6610 = DIRECTION('',(0.,-1.));
#6611 = ( GEOMETRIC_REPRESENTATION_CONTEXT(2) 
PARAMETRIC_REPRESENTATION_CONTEXT() REPRESENTATION_CONTEXT('2D SPACE',''
  ) );
#6612 = PCURVE('',#1965,#6613);
#6613 = DEFINITIONAL_REPRESENTATION('',(#6614),#6618);
#6614 = LINE('',#6615,#6616);
#6615 = CARTESIAN_POINT('',(-4.935038173407,0.));
#6616 = VECTOR('',#6617,1.);
#6617 = DIRECTION('',(-0.,-1.));
#6618 = ( GEOMETRIC_REPRESENTATION_CONTEXT(2) 
PARAMETRIC_REPRESENTATION_CONTEXT() REPRESENTATION_CONTEXT('2D SPACE',''
  ) );
#6619 = ORIENTED_EDGE('',*,*,#1911,.T.);
#6620 = ORIENTED_EDGE('',*,*,#6498,.F.);
#6621 = ADVANCED_FACE('',(#6622),#2054,.T.);
#6622 = FACE_BOUND('',#6623,.F.);
#6623 = EDGE_LOOP('',(#6624,#6648,#6649,#6650));
#6624 = ORIENTED_EDGE('',*,*,#6625,.F.);
#6625 = EDGE_CURVE('',#6523,#6626,#6628,.T.);
#6626 = VERTEX_POINT('',#6627);
#6627 = CARTESIAN_POINT('',(32.297317044279,61.338063190015,39.5));
#6628 = SURFACE_CURVE('',#6629,(#6634,#6641),.PCURVE_S1.);
#6629 = CIRCLE('',#6630,21.3);
#6630 = AXIS2_PLACEMENT_3D('',#6631,#6632,#6633);
#6631 = CARTESIAN_POINT('',(11.,61.000000007395,39.5));
#6632 = DIRECTION('',(0.,0.,1.));
#6633 = DIRECTION('',(1.,0.,0.));
#6634 = PCURVE('',#2054,#6635);
#6635 = DEFINITIONAL_REPRESENTATION('',(#6636),#6640);
#6636 = LINE('',#6637,#6638);
#6637 = CARTESIAN_POINT('',(-0.,0.));
#6638 = VECTOR('',#6639,1.);
#6639 = DIRECTION('',(-1.,0.));
#6640 = ( GEOMETRIC_REPRESENTATION_CONTEXT(2) 
PARAMETRIC_REPRESENTATION_CONTEXT() REPRESENTATION_CONTEXT('2D SPACE',''
  ) );
#6641 = PCURVE('',#6166,#6642);
#6642 = DEFINITIONAL_REPRESENTATION('',(#6643),#6647);
#6643 = CIRCLE('',#6644,21.3);
#6644 = AXIS2_PLACEMENT_2D('',#6645,#6646);
#6645 = CARTESIAN_POINT('',(11.000000003516,1.000000002205));
#6646 = DIRECTION('',(1.,0.));
#6647 = ( GEOMETRIC_REPRESENTATION_CONTEXT(2) 
PARAMETRIC_REPRESENTATION_CONTEXT() REPRESENTATION_CONTEXT('2D SPACE',''
  ) );
#6648 = ORIENTED_EDGE('',*,*,#6547,.T.);
#6649 = ORIENTED_EDGE('',*,*,#2033,.F.);
#6650 = ORIENTED_EDGE('',*,*,#6651,.T.);
#6651 = EDGE_CURVE('',#2005,#6626,#6652,.T.);
#6652 = SURFACE_CURVE('',#6653,(#6657,#6663),.PCURVE_S1.);
#6653 = LINE('',#6654,#6655);
#6654 = CARTESIAN_POINT('',(32.297317044279,61.338063190015,39.5));
#6655 = VECTOR('',#6656,1.);
#6656 = DIRECTION('',(-0.,-0.,-1.));
#6657 = PCURVE('',#2054,#6658);
#6658 = DEFINITIONAL_REPRESENTATION('',(#6659),#6662);
#6659 = B_SPLINE_CURVE_WITH_KNOTS('',1,(#6660,#6661),.UNSPECIFIED.,.F.,
  .F.,(2,2),(-2.5000006,5.999999999062E-07),.PIECEWISE_BEZIER_KNOTS.);
#6660 = CARTESIAN_POINT('',(-1.58721773485E-02,-2.5000006));
#6661 = CARTESIAN_POINT('',(-1.58721773485E-02,5.999999999062E-07));
#6662 = ( GEOMETRIC_REPRESENTATION_CONTEXT(2) 
PARAMETRIC_REPRESENTATION_CONTEXT() REPRESENTATION_CONTEXT('2D SPACE',''
  ) );
#6663 = PCURVE('',#2021,#6664);
#6664 = DEFINITIONAL_REPRESENTATION('',(#6665),#6668);
#6665 = B_SPLINE_CURVE_WITH_KNOTS('',1,(#6666,#6667),.UNSPECIFIED.,.F.,
  .F.,(2,2),(-2.5000006,5.999999999062E-07),.PIECEWISE_BEZIER_KNOTS.);
#6666 = CARTESIAN_POINT('',(5.465890296286,3.0000006));
#6667 = CARTESIAN_POINT('',(5.465890296286,0.4999994));
#6668 = ( GEOMETRIC_REPRESENTATION_CONTEXT(2) 
PARAMETRIC_REPRESENTATION_CONTEXT() REPRESENTATION_CONTEXT('2D SPACE',''
  ) );
#6669 = ADVANCED_FACE('',(#6670),#1965,.F.);
#6670 = FACE_BOUND('',#6671,.T.);
#6671 = EDGE_LOOP('',(#6672,#6696,#6697,#6698));
#6672 = ORIENTED_EDGE('',*,*,#6673,.F.);
#6673 = EDGE_CURVE('',#6572,#6674,#6676,.T.);
#6674 = VERTEX_POINT('',#6675);
#6675 = CARTESIAN_POINT('',(30.8,58.999999990152,39.5));
#6676 = SURFACE_CURVE('',#6677,(#6682,#6689),.PCURVE_S1.);
#6677 = CIRCLE('',#6678,19.8);
#6678 = AXIS2_PLACEMENT_3D('',#6679,#6680,#6681);
#6679 = CARTESIAN_POINT('',(11.,58.999999990152,39.5));
#6680 = DIRECTION('',(0.,0.,1.));
#6681 = DIRECTION('',(1.,0.,0.));
#6682 = PCURVE('',#1965,#6683);
#6683 = DEFINITIONAL_REPRESENTATION('',(#6684),#6688);
#6684 = LINE('',#6685,#6686);
#6685 = CARTESIAN_POINT('',(-0.,0.));
#6686 = VECTOR('',#6687,1.);
#6687 = DIRECTION('',(-1.,0.));
#6688 = ( GEOMETRIC_REPRESENTATION_CONTEXT(2) 
PARAMETRIC_REPRESENTATION_CONTEXT() REPRESENTATION_CONTEXT('2D SPACE',''
  ) );
#6689 = PCURVE('',#6166,#6690);
#6690 = DEFINITIONAL_REPRESENTATION('',(#6691),#6695);
#6691 = CIRCLE('',#6692,19.8);
#6692 = AXIS2_PLACEMENT_2D('',#6693,#6694);
#6693 = CARTESIAN_POINT('',(11.000000003516,-1.000000015038));
#6694 = DIRECTION('',(1.,0.));
#6695 = ( GEOMETRIC_REPRESENTATION_CONTEXT(2) 
PARAMETRIC_REPRESENTATION_CONTEXT() REPRESENTATION_CONTEXT('2D SPACE',''
  ) );
#6696 = ORIENTED_EDGE('',*,*,#6599,.T.);
#6697 = ORIENTED_EDGE('',*,*,#1944,.F.);
#6698 = ORIENTED_EDGE('',*,*,#6699,.F.);
#6699 = EDGE_CURVE('',#6674,#1945,#6700,.T.);
#6700 = SURFACE_CURVE('',#6701,(#6705,#6712),.PCURVE_S1.);
#6701 = LINE('',#6702,#6703);
#6702 = CARTESIAN_POINT('',(30.8,58.999999990152,39.5));
#6703 = VECTOR('',#6704,1.);
#6704 = DIRECTION('',(0.,0.,1.));
#6705 = PCURVE('',#1965,#6706);
#6706 = DEFINITIONAL_REPRESENTATION('',(#6707),#6711);
#6707 = LINE('',#6708,#6709);
#6708 = CARTESIAN_POINT('',(-6.28318530718,0.));
#6709 = VECTOR('',#6710,1.);
#6710 = DIRECTION('',(-0.,-1.));
#6711 = ( GEOMETRIC_REPRESENTATION_CONTEXT(2) 
PARAMETRIC_REPRESENTATION_CONTEXT() REPRESENTATION_CONTEXT('2D SPACE',''
  ) );
#6712 = PCURVE('',#1993,#6713);
#6713 = DEFINITIONAL_REPRESENTATION('',(#6714),#6718);
#6714 = LINE('',#6715,#6716);
#6715 = CARTESIAN_POINT('',(-7.105427357601E-15,0.));
#6716 = VECTOR('',#6717,1.);
#6717 = DIRECTION('',(0.,-1.));
#6718 = ( GEOMETRIC_REPRESENTATION_CONTEXT(2) 
PARAMETRIC_REPRESENTATION_CONTEXT() REPRESENTATION_CONTEXT('2D SPACE',''
  ) );
#6719 = ADVANCED_FACE('',(#6720),#2021,.F.);
#6720 = FACE_BOUND('',#6721,.F.);
#6721 = EDGE_LOOP('',(#6722,#6723,#6724,#6745));
#6722 = ORIENTED_EDGE('',*,*,#6651,.F.);
#6723 = ORIENTED_EDGE('',*,*,#2004,.F.);
#6724 = ORIENTED_EDGE('',*,*,#6725,.F.);
#6725 = EDGE_CURVE('',#6726,#1978,#6728,.T.);
#6726 = VERTEX_POINT('',#6727);
#6727 = CARTESIAN_POINT('',(30.8,60.489658136307,39.5));
#6728 = SURFACE_CURVE('',#6729,(#6733,#6739),.PCURVE_S1.);
#6729 = LINE('',#6730,#6731);
#6730 = CARTESIAN_POINT('',(30.8,60.489658136306,39.));
#6731 = VECTOR('',#6732,1.);
#6732 = DIRECTION('',(0.,0.,1.));
#6733 = PCURVE('',#2021,#6734);
#6734 = DEFINITIONAL_REPRESENTATION('',(#6735),#6738);
#6735 = B_SPLINE_CURVE_WITH_KNOTS('',1,(#6736,#6737),.UNSPECIFIED.,.F.,
  .F.,(2,2),(0.25,3.0000006),.PIECEWISE_BEZIER_KNOTS.);
#6736 = CARTESIAN_POINT('',(4.989910247953,0.25));
#6737 = CARTESIAN_POINT('',(4.989910247953,3.0000006));
#6738 = ( GEOMETRIC_REPRESENTATION_CONTEXT(2) 
PARAMETRIC_REPRESENTATION_CONTEXT() REPRESENTATION_CONTEXT('2D SPACE',''
  ) );
#6739 = PCURVE('',#1993,#6740);
#6740 = DEFINITIONAL_REPRESENTATION('',(#6741),#6744);
#6741 = B_SPLINE_CURVE_WITH_KNOTS('',1,(#6742,#6743),.UNSPECIFIED.,.F.,
  .F.,(2,2),(0.25,3.0000006),.PIECEWISE_BEZIER_KNOTS.);
#6742 = CARTESIAN_POINT('',(1.489658146154,0.25));
#6743 = CARTESIAN_POINT('',(1.489658146154,-2.5000006));
#6744 = ( GEOMETRIC_REPRESENTATION_CONTEXT(2) 
PARAMETRIC_REPRESENTATION_CONTEXT() REPRESENTATION_CONTEXT('2D SPACE',''
  ) );
#6745 = ORIENTED_EDGE('',*,*,#6746,.T.);
#6746 = EDGE_CURVE('',#6726,#6626,#6747,.T.);
#6747 = SURFACE_CURVE('',#6748,(#6753,#6760),.PCURVE_S1.);
#6748 = CIRCLE('',#6749,3.65);
#6749 = AXIS2_PLACEMENT_3D('',#6750,#6751,#6752);
#6750 = CARTESIAN_POINT('',(29.8,64.,39.5));
#6751 = DIRECTION('',(0.,0.,1.));
#6752 = DIRECTION('',(1.,0.,-0.));
#6753 = PCURVE('',#2021,#6754);
#6754 = DEFINITIONAL_REPRESENTATION('',(#6755),#6759);
#6755 = LINE('',#6756,#6757);
#6756 = CARTESIAN_POINT('',(0.,0.5));
#6757 = VECTOR('',#6758,1.);
#6758 = DIRECTION('',(1.,0.));
#6759 = ( GEOMETRIC_REPRESENTATION_CONTEXT(2) 
PARAMETRIC_REPRESENTATION_CONTEXT() REPRESENTATION_CONTEXT('2D SPACE',''
  ) );
#6760 = PCURVE('',#6166,#6761);
#6761 = DEFINITIONAL_REPRESENTATION('',(#6762),#6766);
#6762 = CIRCLE('',#6763,3.65);
#6763 = AXIS2_PLACEMENT_2D('',#6764,#6765);
#6764 = CARTESIAN_POINT('',(29.800000003516,3.99999999481));
#6765 = DIRECTION('',(1.,0.));
#6766 = ( GEOMETRIC_REPRESENTATION_CONTEXT(2) 
PARAMETRIC_REPRESENTATION_CONTEXT() REPRESENTATION_CONTEXT('2D SPACE',''
  ) );
#6767 = ADVANCED_FACE('',(#6768),#1993,.T.);
#6768 = FACE_BOUND('',#6769,.T.);
#6769 = EDGE_LOOP('',(#6770,#6791,#6792,#6793));
#6770 = ORIENTED_EDGE('',*,*,#6771,.F.);
#6771 = EDGE_CURVE('',#6674,#6726,#6772,.T.);
#6772 = SURFACE_CURVE('',#6773,(#6777,#6784),.PCURVE_S1.);
#6773 = LINE('',#6774,#6775);
#6774 = CARTESIAN_POINT('',(30.8,60.000000009848,39.5));
#6775 = VECTOR('',#6776,1.);
#6776 = DIRECTION('',(0.,1.,0.));
#6777 = PCURVE('',#1993,#6778);
#6778 = DEFINITIONAL_REPRESENTATION('',(#6779),#6783);
#6779 = LINE('',#6780,#6781);
#6780 = CARTESIAN_POINT('',(1.000000019696,0.));
#6781 = VECTOR('',#6782,1.);
#6782 = DIRECTION('',(1.,0.));
#6783 = ( GEOMETRIC_REPRESENTATION_CONTEXT(2) 
PARAMETRIC_REPRESENTATION_CONTEXT() REPRESENTATION_CONTEXT('2D SPACE',''
  ) );
#6784 = PCURVE('',#6166,#6785);
#6785 = DEFINITIONAL_REPRESENTATION('',(#6786),#6790);
#6786 = LINE('',#6787,#6788);
#6787 = CARTESIAN_POINT('',(30.800000003516,4.657913166284E-09));
#6788 = VECTOR('',#6789,1.);
#6789 = DIRECTION('',(0.,1.));
#6790 = ( GEOMETRIC_REPRESENTATION_CONTEXT(2) 
PARAMETRIC_REPRESENTATION_CONTEXT() REPRESENTATION_CONTEXT('2D SPACE',''
  ) );
#6791 = ORIENTED_EDGE('',*,*,#6699,.T.);
#6792 = ORIENTED_EDGE('',*,*,#1977,.F.);
#6793 = ORIENTED_EDGE('',*,*,#6725,.F.);
#6794 = ADVANCED_FACE('',(#6795),#2203,.F.);
#6795 = FACE_BOUND('',#6796,.F.);
#6796 = EDGE_LOOP('',(#6797,#6798,#6819,#6820));
#6797 = ORIENTED_EDGE('',*,*,#2186,.T.);
#6798 = ORIENTED_EDGE('',*,*,#6799,.T.);
#6799 = EDGE_CURVE('',#2189,#3698,#6800,.T.);
#6800 = SURFACE_CURVE('',#6801,(#6805,#6812),.PCURVE_S1.);
#6801 = LINE('',#6802,#6803);
#6802 = CARTESIAN_POINT('',(-19.,49.9,39.));
#6803 = VECTOR('',#6804,1.);
#6804 = DIRECTION('',(0.,0.,1.));
#6805 = PCURVE('',#2203,#6806);
#6806 = DEFINITIONAL_REPRESENTATION('',(#6807),#6811);
#6807 = LINE('',#6808,#6809);
#6808 = CARTESIAN_POINT('',(0.,0.));
#6809 = VECTOR('',#6810,1.);
#6810 = DIRECTION('',(0.,-1.));
#6811 = ( GEOMETRIC_REPRESENTATION_CONTEXT(2) 
PARAMETRIC_REPRESENTATION_CONTEXT() REPRESENTATION_CONTEXT('2D SPACE',''
  ) );
#6812 = PCURVE('',#2410,#6813);
#6813 = DEFINITIONAL_REPRESENTATION('',(#6814),#6818);
#6814 = LINE('',#6815,#6816);
#6815 = CARTESIAN_POINT('',(6.28318530718,0.));
#6816 = VECTOR('',#6817,1.);
#6817 = DIRECTION('',(0.,-1.));
#6818 = ( GEOMETRIC_REPRESENTATION_CONTEXT(2) 
PARAMETRIC_REPRESENTATION_CONTEXT() REPRESENTATION_CONTEXT('2D SPACE',''
  ) );
#6819 = ORIENTED_EDGE('',*,*,#3695,.F.);
#6820 = ORIENTED_EDGE('',*,*,#6821,.F.);
#6821 = EDGE_CURVE('',#2187,#3696,#6822,.T.);
#6822 = SURFACE_CURVE('',#6823,(#6827,#6834),.PCURVE_S1.);
#6823 = LINE('',#6824,#6825);
#6824 = CARTESIAN_POINT('',(-19.,58.1,39.));
#6825 = VECTOR('',#6826,1.);
#6826 = DIRECTION('',(0.,0.,1.));
#6827 = PCURVE('',#2203,#6828);
#6828 = DEFINITIONAL_REPRESENTATION('',(#6829),#6833);
#6829 = LINE('',#6830,#6831);
#6830 = CARTESIAN_POINT('',(8.2,0.));
#6831 = VECTOR('',#6832,1.);
#6832 = DIRECTION('',(0.,-1.));
#6833 = ( GEOMETRIC_REPRESENTATION_CONTEXT(2) 
PARAMETRIC_REPRESENTATION_CONTEXT() REPRESENTATION_CONTEXT('2D SPACE',''
  ) );
#6834 = PCURVE('',#2235,#6835);
#6835 = DEFINITIONAL_REPRESENTATION('',(#6836),#6840);
#6836 = LINE('',#6837,#6838);
#6837 = CARTESIAN_POINT('',(0.,0.));
#6838 = VECTOR('',#6839,1.);
#6839 = DIRECTION('',(0.,-1.));
#6840 = ( GEOMETRIC_REPRESENTATION_CONTEXT(2) 
PARAMETRIC_REPRESENTATION_CONTEXT() REPRESENTATION_CONTEXT('2D SPACE',''
  ) );
#6841 = ADVANCED_FACE('',(#6842),#2235,.F.);
#6842 = FACE_BOUND('',#6843,.F.);
#6843 = EDGE_LOOP('',(#6844,#6845,#6846,#6847));
#6844 = ORIENTED_EDGE('',*,*,#2214,.F.);
#6845 = ORIENTED_EDGE('',*,*,#6821,.T.);
#6846 = ORIENTED_EDGE('',*,*,#3718,.T.);
#6847 = ORIENTED_EDGE('',*,*,#6848,.F.);
#6848 = EDGE_CURVE('',#2215,#3719,#6849,.T.);
#6849 = SURFACE_CURVE('',#6850,(#6854,#6861),.PCURVE_S1.);
#6850 = LINE('',#6851,#6852);
#6851 = CARTESIAN_POINT('',(-18.10000000104,59.,39.));
#6852 = VECTOR('',#6853,1.);
#6853 = DIRECTION('',(0.,0.,1.));
#6854 = PCURVE('',#2235,#6855);
#6855 = DEFINITIONAL_REPRESENTATION('',(#6856),#6860);
#6856 = LINE('',#6857,#6858);
#6857 = CARTESIAN_POINT('',(1.570796326795,0.));
#6858 = VECTOR('',#6859,1.);
#6859 = DIRECTION('',(0.,-1.));
#6860 = ( GEOMETRIC_REPRESENTATION_CONTEXT(2) 
PARAMETRIC_REPRESENTATION_CONTEXT() REPRESENTATION_CONTEXT('2D SPACE',''
  ) );
#6861 = PCURVE('',#2262,#6862);
#6862 = DEFINITIONAL_REPRESENTATION('',(#6863),#6867);
#6863 = LINE('',#6864,#6865);
#6864 = CARTESIAN_POINT('',(-5.551115123126E-17,0.));
#6865 = VECTOR('',#6866,1.);
#6866 = DIRECTION('',(0.,-1.));
#6867 = ( GEOMETRIC_REPRESENTATION_CONTEXT(2) 
PARAMETRIC_REPRESENTATION_CONTEXT() REPRESENTATION_CONTEXT('2D SPACE',''
  ) );
#6868 = ADVANCED_FACE('',(#6869),#2410,.F.);
#6869 = FACE_BOUND('',#6870,.F.);
#6870 = EDGE_LOOP('',(#6871,#6872,#6893,#6894));
#6871 = ORIENTED_EDGE('',*,*,#2391,.F.);
#6872 = ORIENTED_EDGE('',*,*,#6873,.T.);
#6873 = EDGE_CURVE('',#2366,#3845,#6874,.T.);
#6874 = SURFACE_CURVE('',#6875,(#6879,#6886),.PCURVE_S1.);
#6875 = LINE('',#6876,#6877);
#6876 = CARTESIAN_POINT('',(-18.10000000104,49.,39.));
#6877 = VECTOR('',#6878,1.);
#6878 = DIRECTION('',(0.,0.,1.));
#6879 = PCURVE('',#2410,#6880);
#6880 = DEFINITIONAL_REPRESENTATION('',(#6881),#6885);
#6881 = LINE('',#6882,#6883);
#6882 = CARTESIAN_POINT('',(4.712388980385,0.));
#6883 = VECTOR('',#6884,1.);
#6884 = DIRECTION('',(0.,-1.));
#6885 = ( GEOMETRIC_REPRESENTATION_CONTEXT(2) 
PARAMETRIC_REPRESENTATION_CONTEXT() REPRESENTATION_CONTEXT('2D SPACE',''
  ) );
#6886 = PCURVE('',#2380,#6887);
#6887 = DEFINITIONAL_REPRESENTATION('',(#6888),#6892);
#6888 = LINE('',#6889,#6890);
#6889 = CARTESIAN_POINT('',(1.665334536938E-16,0.));
#6890 = VECTOR('',#6891,1.);
#6891 = DIRECTION('',(0.,-1.));
#6892 = ( GEOMETRIC_REPRESENTATION_CONTEXT(2) 
PARAMETRIC_REPRESENTATION_CONTEXT() REPRESENTATION_CONTEXT('2D SPACE',''
  ) );
#6893 = ORIENTED_EDGE('',*,*,#3865,.T.);
#6894 = ORIENTED_EDGE('',*,*,#6799,.F.);
#6895 = ADVANCED_FACE('',(#6896),#2262,.F.);
#6896 = FACE_BOUND('',#6897,.F.);
#6897 = EDGE_LOOP('',(#6898,#6899,#6900,#6901));
#6898 = ORIENTED_EDGE('',*,*,#2247,.T.);
#6899 = ORIENTED_EDGE('',*,*,#6848,.T.);
#6900 = ORIENTED_EDGE('',*,*,#3746,.F.);
#6901 = ORIENTED_EDGE('',*,*,#6902,.F.);
#6902 = EDGE_CURVE('',#2248,#3747,#6903,.T.);
#6903 = SURFACE_CURVE('',#6904,(#6908,#6915),.PCURVE_S1.);
#6904 = LINE('',#6905,#6906);
#6905 = CARTESIAN_POINT('',(-17.90000001088,59.,39.));
#6906 = VECTOR('',#6907,1.);
#6907 = DIRECTION('',(0.,0.,1.));
#6908 = PCURVE('',#2262,#6909);
#6909 = DEFINITIONAL_REPRESENTATION('',(#6910),#6914);
#6910 = LINE('',#6911,#6912);
#6911 = CARTESIAN_POINT('',(0.199999990154,0.));
#6912 = VECTOR('',#6913,1.);
#6913 = DIRECTION('',(0.,-1.));
#6914 = ( GEOMETRIC_REPRESENTATION_CONTEXT(2) 
PARAMETRIC_REPRESENTATION_CONTEXT() REPRESENTATION_CONTEXT('2D SPACE',''
  ) );
#6915 = PCURVE('',#2294,#6916);
#6916 = DEFINITIONAL_REPRESENTATION('',(#6917),#6921);
#6917 = LINE('',#6918,#6919);
#6918 = CARTESIAN_POINT('',(1.570796326795,0.));
#6919 = VECTOR('',#6920,1.);
#6920 = DIRECTION('',(0.,-1.));
#6921 = ( GEOMETRIC_REPRESENTATION_CONTEXT(2) 
PARAMETRIC_REPRESENTATION_CONTEXT() REPRESENTATION_CONTEXT('2D SPACE',''
  ) );
#6922 = ADVANCED_FACE('',(#6923),#2380,.T.);
#6923 = FACE_BOUND('',#6924,.T.);
#6924 = EDGE_LOOP('',(#6925,#6926,#6927,#6928));
#6925 = ORIENTED_EDGE('',*,*,#2365,.T.);
#6926 = ORIENTED_EDGE('',*,*,#6873,.T.);
#6927 = ORIENTED_EDGE('',*,*,#3844,.F.);
#6928 = ORIENTED_EDGE('',*,*,#6929,.F.);
#6929 = EDGE_CURVE('',#2333,#3817,#6930,.T.);
#6930 = SURFACE_CURVE('',#6931,(#6935,#6942),.PCURVE_S1.);
#6931 = LINE('',#6932,#6933);
#6932 = CARTESIAN_POINT('',(-17.90000001088,49.,39.));
#6933 = VECTOR('',#6934,1.);
#6934 = DIRECTION('',(0.,0.,1.));
#6935 = PCURVE('',#2380,#6936);
#6936 = DEFINITIONAL_REPRESENTATION('',(#6937),#6941);
#6937 = LINE('',#6938,#6939);
#6938 = CARTESIAN_POINT('',(0.199999990154,0.));
#6939 = VECTOR('',#6940,1.);
#6940 = DIRECTION('',(0.,-1.));
#6941 = ( GEOMETRIC_REPRESENTATION_CONTEXT(2) 
PARAMETRIC_REPRESENTATION_CONTEXT() REPRESENTATION_CONTEXT('2D SPACE',''
  ) );
#6942 = PCURVE('',#2353,#6943);
#6943 = DEFINITIONAL_REPRESENTATION('',(#6944),#6948);
#6944 = LINE('',#6945,#6946);
#6945 = CARTESIAN_POINT('',(4.712388980385,0.));
#6946 = VECTOR('',#6947,1.);
#6947 = DIRECTION('',(0.,-1.));
#6948 = ( GEOMETRIC_REPRESENTATION_CONTEXT(2) 
PARAMETRIC_REPRESENTATION_CONTEXT() REPRESENTATION_CONTEXT('2D SPACE',''
  ) );
#6949 = ADVANCED_FACE('',(#6950),#2294,.F.);
#6950 = FACE_BOUND('',#6951,.F.);
#6951 = EDGE_LOOP('',(#6952,#6953,#6954,#6955));
#6952 = ORIENTED_EDGE('',*,*,#2273,.F.);
#6953 = ORIENTED_EDGE('',*,*,#6902,.T.);
#6954 = ORIENTED_EDGE('',*,*,#3767,.T.);
#6955 = ORIENTED_EDGE('',*,*,#6956,.F.);
#6956 = EDGE_CURVE('',#2274,#3768,#6957,.T.);
#6957 = SURFACE_CURVE('',#6958,(#6962,#6969),.PCURVE_S1.);
#6958 = LINE('',#6959,#6960);
#6959 = CARTESIAN_POINT('',(-17.00000000492,58.1,39.));
#6960 = VECTOR('',#6961,1.);
#6961 = DIRECTION('',(0.,0.,1.));
#6962 = PCURVE('',#2294,#6963);
#6963 = DEFINITIONAL_REPRESENTATION('',(#6964),#6968);
#6964 = LINE('',#6965,#6966);
#6965 = CARTESIAN_POINT('',(3.14159265359,0.));
#6966 = VECTOR('',#6967,1.);
#6967 = DIRECTION('',(0.,-1.));
#6968 = ( GEOMETRIC_REPRESENTATION_CONTEXT(2) 
PARAMETRIC_REPRESENTATION_CONTEXT() REPRESENTATION_CONTEXT('2D SPACE',''
  ) );
#6969 = PCURVE('',#2321,#6970);
#6970 = DEFINITIONAL_REPRESENTATION('',(#6971),#6975);
#6971 = LINE('',#6972,#6973);
#6972 = CARTESIAN_POINT('',(8.2,0.));
#6973 = VECTOR('',#6974,1.);
#6974 = DIRECTION('',(0.,-1.));
#6975 = ( GEOMETRIC_REPRESENTATION_CONTEXT(2) 
PARAMETRIC_REPRESENTATION_CONTEXT() REPRESENTATION_CONTEXT('2D SPACE',''
  ) );
#6976 = ADVANCED_FACE('',(#6977),#2353,.F.);
#6977 = FACE_BOUND('',#6978,.F.);
#6978 = EDGE_LOOP('',(#6979,#6980,#7001,#7002));
#6979 = ORIENTED_EDGE('',*,*,#2332,.F.);
#6980 = ORIENTED_EDGE('',*,*,#6981,.T.);
#6981 = EDGE_CURVE('',#2307,#3796,#6982,.T.);
#6982 = SURFACE_CURVE('',#6983,(#6987,#6994),.PCURVE_S1.);
#6983 = LINE('',#6984,#6985);
#6984 = CARTESIAN_POINT('',(-17.00000000492,49.9,39.));
#6985 = VECTOR('',#6986,1.);
#6986 = DIRECTION('',(0.,0.,1.));
#6987 = PCURVE('',#2353,#6988);
#6988 = DEFINITIONAL_REPRESENTATION('',(#6989),#6993);
#6989 = LINE('',#6990,#6991);
#6990 = CARTESIAN_POINT('',(3.14159265359,0.));
#6991 = VECTOR('',#6992,1.);
#6992 = DIRECTION('',(0.,-1.));
#6993 = ( GEOMETRIC_REPRESENTATION_CONTEXT(2) 
PARAMETRIC_REPRESENTATION_CONTEXT() REPRESENTATION_CONTEXT('2D SPACE',''
  ) );
#6994 = PCURVE('',#2321,#6995);
#6995 = DEFINITIONAL_REPRESENTATION('',(#6996),#7000);
#6996 = LINE('',#6997,#6998);
#6997 = CARTESIAN_POINT('',(0.,0.));
#6998 = VECTOR('',#6999,1.);
#6999 = DIRECTION('',(0.,-1.));
#7000 = ( GEOMETRIC_REPRESENTATION_CONTEXT(2) 
PARAMETRIC_REPRESENTATION_CONTEXT() REPRESENTATION_CONTEXT('2D SPACE',''
  ) );
#7001 = ORIENTED_EDGE('',*,*,#3816,.T.);
#7002 = ORIENTED_EDGE('',*,*,#6929,.F.);
#7003 = ADVANCED_FACE('',(#7004),#2321,.T.);
#7004 = FACE_BOUND('',#7005,.T.);
#7005 = EDGE_LOOP('',(#7006,#7007,#7008,#7009));
#7006 = ORIENTED_EDGE('',*,*,#2306,.T.);
#7007 = ORIENTED_EDGE('',*,*,#6981,.T.);
#7008 = ORIENTED_EDGE('',*,*,#3795,.F.);
#7009 = ORIENTED_EDGE('',*,*,#6956,.F.);
#7010 = ADVANCED_FACE('',(#7011),#2441,.F.);
#7011 = FACE_BOUND('',#7012,.F.);
#7012 = EDGE_LOOP('',(#7013,#7034,#7035,#7036));
#7013 = ORIENTED_EDGE('',*,*,#7014,.T.);
#7014 = EDGE_CURVE('',#2425,#3894,#7015,.T.);
#7015 = SEAM_CURVE('',#7016,(#7020,#7027),.PCURVE_S1.);
#7016 = LINE('',#7017,#7018);
#7017 = CARTESIAN_POINT('',(-28.6,64.,38.));
#7018 = VECTOR('',#7019,1.);
#7019 = DIRECTION('',(0.,0.,1.));
#7020 = PCURVE('',#2441,#7021);
#7021 = DEFINITIONAL_REPRESENTATION('',(#7022),#7026);
#7022 = LINE('',#7023,#7024);
#7023 = CARTESIAN_POINT('',(6.28318530718,-0.));
#7024 = VECTOR('',#7025,1.);
#7025 = DIRECTION('',(0.,1.));
#7026 = ( GEOMETRIC_REPRESENTATION_CONTEXT(2) 
PARAMETRIC_REPRESENTATION_CONTEXT() REPRESENTATION_CONTEXT('2D SPACE',''
  ) );
#7027 = PCURVE('',#2441,#7028);
#7028 = DEFINITIONAL_REPRESENTATION('',(#7029),#7033);
#7029 = LINE('',#7030,#7031);
#7030 = CARTESIAN_POINT('',(0.,-0.));
#7031 = VECTOR('',#7032,1.);
#7032 = DIRECTION('',(0.,1.));
#7033 = ( GEOMETRIC_REPRESENTATION_CONTEXT(2) 
PARAMETRIC_REPRESENTATION_CONTEXT() REPRESENTATION_CONTEXT('2D SPACE',''
  ) );
#7034 = ORIENTED_EDGE('',*,*,#3893,.F.);
#7035 = ORIENTED_EDGE('',*,*,#7014,.F.);
#7036 = ORIENTED_EDGE('',*,*,#2424,.T.);
#7037 = ADVANCED_FACE('',(#7038),#2478,.T.);
#7038 = FACE_BOUND('',#7039,.F.);
#7039 = EDGE_LOOP('',(#7040,#7071,#7090,#7091));
#7040 = ORIENTED_EDGE('',*,*,#7041,.F.);
#7041 = EDGE_CURVE('',#7042,#7044,#7046,.T.);
#7042 = VERTEX_POINT('',#7043);
#7043 = CARTESIAN_POINT('',(31.344833383415,67.306960812814,39.5));
#7044 = VERTEX_POINT('',#7045);
#7045 = CARTESIAN_POINT('',(11.,82.300000008605,39.5));
#7046 = SURFACE_CURVE('',#7047,(#7052,#7059),.PCURVE_S1.);
#7047 = CIRCLE('',#7048,21.3);
#7048 = AXIS2_PLACEMENT_3D('',#7049,#7050,#7051);
#7049 = CARTESIAN_POINT('',(11.,61.000000007395,39.5));
#7050 = DIRECTION('',(0.,0.,1.));
#7051 = DIRECTION('',(1.,0.,0.));
#7052 = PCURVE('',#2478,#7053);
#7053 = DEFINITIONAL_REPRESENTATION('',(#7054),#7058);
#7054 = LINE('',#7055,#7056);
#7055 = CARTESIAN_POINT('',(-0.,0.));
#7056 = VECTOR('',#7057,1.);
#7057 = DIRECTION('',(-1.,0.));
#7058 = ( GEOMETRIC_REPRESENTATION_CONTEXT(2) 
PARAMETRIC_REPRESENTATION_CONTEXT() REPRESENTATION_CONTEXT('2D SPACE',''
  ) );
#7059 = PCURVE('',#7060,#7065);
#7060 = PLANE('',#7061);
#7061 = AXIS2_PLACEMENT_3D('',#7062,#7063,#7064);
#7062 = CARTESIAN_POINT('',(-3.5163018346E-09,60.00000000519,39.5));
#7063 = DIRECTION('',(0.,0.,1.));
#7064 = DIRECTION('',(1.,0.,-0.));
#7065 = DEFINITIONAL_REPRESENTATION('',(#7066),#7070);
#7066 = CIRCLE('',#7067,21.3);
#7067 = AXIS2_PLACEMENT_2D('',#7068,#7069);
#7068 = CARTESIAN_POINT('',(11.000000003516,1.000000002205));
#7069 = DIRECTION('',(1.,0.));
#7070 = ( GEOMETRIC_REPRESENTATION_CONTEXT(2) 
PARAMETRIC_REPRESENTATION_CONTEXT() REPRESENTATION_CONTEXT('2D SPACE',''
  ) );
#7071 = ORIENTED_EDGE('',*,*,#7072,.F.);
#7072 = EDGE_CURVE('',#2458,#7042,#7073,.T.);
#7073 = SURFACE_CURVE('',#7074,(#7078,#7084),.PCURVE_S1.);
#7074 = LINE('',#7075,#7076);
#7075 = CARTESIAN_POINT('',(31.344833383415,67.306960812814,39.5));
#7076 = VECTOR('',#7077,1.);
#7077 = DIRECTION('',(-0.,-0.,-1.));
#7078 = PCURVE('',#2478,#7079);
#7079 = DEFINITIONAL_REPRESENTATION('',(#7080),#7083);
#7080 = B_SPLINE_CURVE_WITH_KNOTS('',1,(#7081,#7082),.UNSPECIFIED.,.F.,
  .F.,(2,2),(-2.5000006,5.999999999062E-07),.PIECEWISE_BEZIER_KNOTS.);
#7081 = CARTESIAN_POINT('',(-0.300608470786,-2.5000006));
#7082 = CARTESIAN_POINT('',(-0.300608470786,5.999999999062E-07));
#7083 = ( GEOMETRIC_REPRESENTATION_CONTEXT(2) 
PARAMETRIC_REPRESENTATION_CONTEXT() REPRESENTATION_CONTEXT('2D SPACE',''
  ) );
#7084 = PCURVE('',#2507,#7085);
#7085 = DEFINITIONAL_REPRESENTATION('',(#7086),#7089);
#7086 = B_SPLINE_CURVE_WITH_KNOTS('',1,(#7087,#7088),.UNSPECIFIED.,.F.,
  .F.,(2,2),(-2.5000006,5.999999999062E-07),.PIECEWISE_BEZIER_KNOTS.);
#7087 = CARTESIAN_POINT('',(1.133775659028,3.0000006));
#7088 = CARTESIAN_POINT('',(1.133775659028,0.4999994));
#7089 = ( GEOMETRIC_REPRESENTATION_CONTEXT(2) 
PARAMETRIC_REPRESENTATION_CONTEXT() REPRESENTATION_CONTEXT('2D SPACE',''
  ) );
#7090 = ORIENTED_EDGE('',*,*,#2455,.F.);
#7091 = ORIENTED_EDGE('',*,*,#7092,.F.);
#7092 = EDGE_CURVE('',#7044,#2456,#7093,.T.);
#7093 = SURFACE_CURVE('',#7094,(#7098,#7105),.PCURVE_S1.);
#7094 = LINE('',#7095,#7096);
#7095 = CARTESIAN_POINT('',(11.,82.300000008605,39.5));
#7096 = VECTOR('',#7097,1.);
#7097 = DIRECTION('',(0.,0.,1.));
#7098 = PCURVE('',#2478,#7099);
#7099 = DEFINITIONAL_REPRESENTATION('',(#7100),#7104);
#7100 = LINE('',#7101,#7102);
#7101 = CARTESIAN_POINT('',(-1.570796326795,0.));
#7102 = VECTOR('',#7103,1.);
#7103 = DIRECTION('',(-0.,-1.));
#7104 = ( GEOMETRIC_REPRESENTATION_CONTEXT(2) 
PARAMETRIC_REPRESENTATION_CONTEXT() REPRESENTATION_CONTEXT('2D SPACE',''
  ) );
#7105 = PCURVE('',#2688,#7106);
#7106 = DEFINITIONAL_REPRESENTATION('',(#7107),#7111);
#7107 = LINE('',#7108,#7109);
#7108 = CARTESIAN_POINT('',(22.,0.));
#7109 = VECTOR('',#7110,1.);
#7110 = DIRECTION('',(0.,-1.));
#7111 = ( GEOMETRIC_REPRESENTATION_CONTEXT(2) 
PARAMETRIC_REPRESENTATION_CONTEXT() REPRESENTATION_CONTEXT('2D SPACE',''
  ) );
#7112 = ADVANCED_FACE('',(#7113),#2688,.T.);
#7113 = FACE_BOUND('',#7114,.T.);
#7114 = EDGE_LOOP('',(#7115,#7138,#7159,#7160));
#7115 = ORIENTED_EDGE('',*,*,#7116,.F.);
#7116 = EDGE_CURVE('',#7117,#7044,#7119,.T.);
#7117 = VERTEX_POINT('',#7118);
#7118 = CARTESIAN_POINT('',(-11.,82.300000008605,39.5));
#7119 = SURFACE_CURVE('',#7120,(#7124,#7131),.PCURVE_S1.);
#7120 = LINE('',#7121,#7122);
#7121 = CARTESIAN_POINT('',(0.,82.300000009815,39.5));
#7122 = VECTOR('',#7123,1.);
#7123 = DIRECTION('',(1.,0.,0.));
#7124 = PCURVE('',#2688,#7125);
#7125 = DEFINITIONAL_REPRESENTATION('',(#7126),#7130);
#7126 = LINE('',#7127,#7128);
#7127 = CARTESIAN_POINT('',(11.,0.));
#7128 = VECTOR('',#7129,1.);
#7129 = DIRECTION('',(1.,0.));
#7130 = ( GEOMETRIC_REPRESENTATION_CONTEXT(2) 
PARAMETRIC_REPRESENTATION_CONTEXT() REPRESENTATION_CONTEXT('2D SPACE',''
  ) );
#7131 = PCURVE('',#7060,#7132);
#7132 = DEFINITIONAL_REPRESENTATION('',(#7133),#7137);
#7133 = LINE('',#7134,#7135);
#7134 = CARTESIAN_POINT('',(3.5163018346E-09,22.300000004624));
#7135 = VECTOR('',#7136,1.);
#7136 = DIRECTION('',(1.,0.));
#7137 = ( GEOMETRIC_REPRESENTATION_CONTEXT(2) 
PARAMETRIC_REPRESENTATION_CONTEXT() REPRESENTATION_CONTEXT('2D SPACE',''
  ) );
#7138 = ORIENTED_EDGE('',*,*,#7139,.T.);
#7139 = EDGE_CURVE('',#7117,#2642,#7140,.T.);
#7140 = SURFACE_CURVE('',#7141,(#7145,#7152),.PCURVE_S1.);
#7141 = LINE('',#7142,#7143);
#7142 = CARTESIAN_POINT('',(-11.,82.300000008605,39.5));
#7143 = VECTOR('',#7144,1.);
#7144 = DIRECTION('',(0.,0.,1.));
#7145 = PCURVE('',#2688,#7146);
#7146 = DEFINITIONAL_REPRESENTATION('',(#7147),#7151);
#7147 = LINE('',#7148,#7149);
#7148 = CARTESIAN_POINT('',(0.,0.));
#7149 = VECTOR('',#7150,1.);
#7150 = DIRECTION('',(0.,-1.));
#7151 = ( GEOMETRIC_REPRESENTATION_CONTEXT(2) 
PARAMETRIC_REPRESENTATION_CONTEXT() REPRESENTATION_CONTEXT('2D SPACE',''
  ) );
#7152 = PCURVE('',#2662,#7153);
#7153 = DEFINITIONAL_REPRESENTATION('',(#7154),#7158);
#7154 = LINE('',#7155,#7156);
#7155 = CARTESIAN_POINT('',(-1.570796326795,0.));
#7156 = VECTOR('',#7157,1.);
#7157 = DIRECTION('',(-0.,-1.));
#7158 = ( GEOMETRIC_REPRESENTATION_CONTEXT(2) 
PARAMETRIC_REPRESENTATION_CONTEXT() REPRESENTATION_CONTEXT('2D SPACE',''
  ) );
#7159 = ORIENTED_EDGE('',*,*,#2674,.F.);
#7160 = ORIENTED_EDGE('',*,*,#7092,.F.);
#7161 = ADVANCED_FACE('',(#7162),#2507,.F.);
#7162 = FACE_BOUND('',#7163,.F.);
#7163 = EDGE_LOOP('',(#7164,#7165,#7166,#7190));
#7164 = ORIENTED_EDGE('',*,*,#2490,.F.);
#7165 = ORIENTED_EDGE('',*,*,#7072,.T.);
#7166 = ORIENTED_EDGE('',*,*,#7167,.T.);
#7167 = EDGE_CURVE('',#7042,#7168,#7170,.T.);
#7168 = VERTEX_POINT('',#7169);
#7169 = CARTESIAN_POINT('',(29.650951251498,67.646955507073,39.5));
#7170 = SURFACE_CURVE('',#7171,(#7176,#7183),.PCURVE_S1.);
#7171 = CIRCLE('',#7172,3.65);
#7172 = AXIS2_PLACEMENT_3D('',#7173,#7174,#7175);
#7173 = CARTESIAN_POINT('',(29.8,64.,39.5));
#7174 = DIRECTION('',(0.,0.,1.));
#7175 = DIRECTION('',(1.,0.,-0.));
#7176 = PCURVE('',#2507,#7177);
#7177 = DEFINITIONAL_REPRESENTATION('',(#7178),#7182);
#7178 = LINE('',#7179,#7180);
#7179 = CARTESIAN_POINT('',(0.,0.5));
#7180 = VECTOR('',#7181,1.);
#7181 = DIRECTION('',(1.,0.));
#7182 = ( GEOMETRIC_REPRESENTATION_CONTEXT(2) 
PARAMETRIC_REPRESENTATION_CONTEXT() REPRESENTATION_CONTEXT('2D SPACE',''
  ) );
#7183 = PCURVE('',#7060,#7184);
#7184 = DEFINITIONAL_REPRESENTATION('',(#7185),#7189);
#7185 = CIRCLE('',#7186,3.65);
#7186 = AXIS2_PLACEMENT_2D('',#7187,#7188);
#7187 = CARTESIAN_POINT('',(29.800000003516,3.99999999481));
#7188 = DIRECTION('',(1.,0.));
#7189 = ( GEOMETRIC_REPRESENTATION_CONTEXT(2) 
PARAMETRIC_REPRESENTATION_CONTEXT() REPRESENTATION_CONTEXT('2D SPACE',''
  ) );
#7190 = ORIENTED_EDGE('',*,*,#7191,.F.);
#7191 = EDGE_CURVE('',#2491,#7168,#7192,.T.);
#7192 = SURFACE_CURVE('',#7193,(#7197,#7203),.PCURVE_S1.);
#7193 = LINE('',#7194,#7195);
#7194 = CARTESIAN_POINT('',(29.650951251498,67.646955507073,39.5));
#7195 = VECTOR('',#7196,1.);
#7196 = DIRECTION('',(-0.,-0.,-1.));
#7197 = PCURVE('',#2507,#7198);
#7198 = DEFINITIONAL_REPRESENTATION('',(#7199),#7202);
#7199 = B_SPLINE_CURVE_WITH_KNOTS('',1,(#7200,#7201),.UNSPECIFIED.,.F.,
  .F.,(2,2),(-2.5000006,5.999999999062E-07),.PIECEWISE_BEZIER_KNOTS.);
#7200 = CARTESIAN_POINT('',(1.611642957818,3.0000006));
#7201 = CARTESIAN_POINT('',(1.611642957818,0.4999994));
#7202 = ( GEOMETRIC_REPRESENTATION_CONTEXT(2) 
PARAMETRIC_REPRESENTATION_CONTEXT() REPRESENTATION_CONTEXT('2D SPACE',''
  ) );
#7203 = PCURVE('',#2540,#7204);
#7204 = DEFINITIONAL_REPRESENTATION('',(#7205),#7208);
#7205 = B_SPLINE_CURVE_WITH_KNOTS('',1,(#7206,#7207),.UNSPECIFIED.,.F.,
  .F.,(2,2),(-2.5000006,5.999999999062E-07),.PIECEWISE_BEZIER_KNOTS.);
#7206 = CARTESIAN_POINT('',(-0.342353376431,-2.5000006));
#7207 = CARTESIAN_POINT('',(-0.342353376431,5.999999999062E-07));
#7208 = ( GEOMETRIC_REPRESENTATION_CONTEXT(2) 
PARAMETRIC_REPRESENTATION_CONTEXT() REPRESENTATION_CONTEXT('2D SPACE',''
  ) );
#7209 = ADVANCED_FACE('',(#7210),#2662,.T.);
#7210 = FACE_BOUND('',#7211,.F.);
#7211 = EDGE_LOOP('',(#7212,#7236,#7237,#7238));
#7212 = ORIENTED_EDGE('',*,*,#7213,.F.);
#7213 = EDGE_CURVE('',#7117,#7214,#7216,.T.);
#7214 = VERTEX_POINT('',#7215);
#7215 = CARTESIAN_POINT('',(-31.34483338341,67.306960812814,39.5));
#7216 = SURFACE_CURVE('',#7217,(#7222,#7229),.PCURVE_S1.);
#7217 = CIRCLE('',#7218,21.3);
#7218 = AXIS2_PLACEMENT_3D('',#7219,#7220,#7221);
#7219 = CARTESIAN_POINT('',(-11.,61.000000007395,39.5));
#7220 = DIRECTION('',(0.,0.,1.));
#7221 = DIRECTION('',(1.,0.,0.));
#7222 = PCURVE('',#2662,#7223);
#7223 = DEFINITIONAL_REPRESENTATION('',(#7224),#7228);
#7224 = LINE('',#7225,#7226);
#7225 = CARTESIAN_POINT('',(-0.,0.));
#7226 = VECTOR('',#7227,1.);
#7227 = DIRECTION('',(-1.,0.));
#7228 = ( GEOMETRIC_REPRESENTATION_CONTEXT(2) 
PARAMETRIC_REPRESENTATION_CONTEXT() REPRESENTATION_CONTEXT('2D SPACE',''
  ) );
#7229 = PCURVE('',#7060,#7230);
#7230 = DEFINITIONAL_REPRESENTATION('',(#7231),#7235);
#7231 = CIRCLE('',#7232,21.3);
#7232 = AXIS2_PLACEMENT_2D('',#7233,#7234);
#7233 = CARTESIAN_POINT('',(-10.99999999648,1.000000002205));
#7234 = DIRECTION('',(1.,0.));
#7235 = ( GEOMETRIC_REPRESENTATION_CONTEXT(2) 
PARAMETRIC_REPRESENTATION_CONTEXT() REPRESENTATION_CONTEXT('2D SPACE',''
  ) );
#7236 = ORIENTED_EDGE('',*,*,#7139,.T.);
#7237 = ORIENTED_EDGE('',*,*,#2641,.F.);
#7238 = ORIENTED_EDGE('',*,*,#7239,.T.);
#7239 = EDGE_CURVE('',#2613,#7214,#7240,.T.);
#7240 = SURFACE_CURVE('',#7241,(#7245,#7251),.PCURVE_S1.);
#7241 = LINE('',#7242,#7243);
#7242 = CARTESIAN_POINT('',(-31.34483338341,67.306960812814,39.5));
#7243 = VECTOR('',#7244,1.);
#7244 = DIRECTION('',(-0.,-0.,-1.));
#7245 = PCURVE('',#2662,#7246);
#7246 = DEFINITIONAL_REPRESENTATION('',(#7247),#7250);
#7247 = B_SPLINE_CURVE_WITH_KNOTS('',1,(#7248,#7249),.UNSPECIFIED.,.F.,
  .F.,(2,2),(-2.5000006,5.999999999062E-07),.PIECEWISE_BEZIER_KNOTS.);
#7248 = CARTESIAN_POINT('',(-2.840984182804,-2.5000006));
#7249 = CARTESIAN_POINT('',(-2.840984182804,5.999999999062E-07));
#7250 = ( GEOMETRIC_REPRESENTATION_CONTEXT(2) 
PARAMETRIC_REPRESENTATION_CONTEXT() REPRESENTATION_CONTEXT('2D SPACE',''
  ) );
#7251 = PCURVE('',#2629,#7252);
#7252 = DEFINITIONAL_REPRESENTATION('',(#7253),#7256);
#7253 = B_SPLINE_CURVE_WITH_KNOTS('',1,(#7254,#7255),.UNSPECIFIED.,.F.,
  .F.,(2,2),(-2.5000006,5.999999999062E-07),.PIECEWISE_BEZIER_KNOTS.);
#7254 = CARTESIAN_POINT('',(2.007816994562,3.0000006));
#7255 = CARTESIAN_POINT('',(2.007816994562,0.4999994));
#7256 = ( GEOMETRIC_REPRESENTATION_CONTEXT(2) 
PARAMETRIC_REPRESENTATION_CONTEXT() REPRESENTATION_CONTEXT('2D SPACE',''
  ) );
#7257 = ADVANCED_FACE('',(#7258),#2540,.F.);
#7258 = FACE_BOUND('',#7259,.T.);
#7259 = EDGE_LOOP('',(#7260,#7284,#7285,#7286));
#7260 = ORIENTED_EDGE('',*,*,#7261,.F.);
#7261 = EDGE_CURVE('',#7168,#7262,#7264,.T.);
#7262 = VERTEX_POINT('',#7263);
#7263 = CARTESIAN_POINT('',(11.,80.800000008638,39.5));
#7264 = SURFACE_CURVE('',#7265,(#7270,#7277),.PCURVE_S1.);
#7265 = CIRCLE('',#7266,19.8);
#7266 = AXIS2_PLACEMENT_3D('',#7267,#7268,#7269);
#7267 = CARTESIAN_POINT('',(11.,61.000000007428,39.5));
#7268 = DIRECTION('',(0.,0.,1.));
#7269 = DIRECTION('',(1.,0.,0.));
#7270 = PCURVE('',#2540,#7271);
#7271 = DEFINITIONAL_REPRESENTATION('',(#7272),#7276);
#7272 = LINE('',#7273,#7274);
#7273 = CARTESIAN_POINT('',(-0.,0.));
#7274 = VECTOR('',#7275,1.);
#7275 = DIRECTION('',(-1.,0.));
#7276 = ( GEOMETRIC_REPRESENTATION_CONTEXT(2) 
PARAMETRIC_REPRESENTATION_CONTEXT() REPRESENTATION_CONTEXT('2D SPACE',''
  ) );
#7277 = PCURVE('',#7060,#7278);
#7278 = DEFINITIONAL_REPRESENTATION('',(#7279),#7283);
#7279 = CIRCLE('',#7280,19.8);
#7280 = AXIS2_PLACEMENT_2D('',#7281,#7282);
#7281 = CARTESIAN_POINT('',(11.000000003516,1.000000002238));
#7282 = DIRECTION('',(1.,0.));
#7283 = ( GEOMETRIC_REPRESENTATION_CONTEXT(2) 
PARAMETRIC_REPRESENTATION_CONTEXT() REPRESENTATION_CONTEXT('2D SPACE',''
  ) );
#7284 = ORIENTED_EDGE('',*,*,#7191,.F.);
#7285 = ORIENTED_EDGE('',*,*,#2519,.F.);
#7286 = ORIENTED_EDGE('',*,*,#7287,.F.);
#7287 = EDGE_CURVE('',#7262,#2520,#7288,.T.);
#7288 = SURFACE_CURVE('',#7289,(#7293,#7300),.PCURVE_S1.);
#7289 = LINE('',#7290,#7291);
#7290 = CARTESIAN_POINT('',(11.,80.800000008638,39.5));
#7291 = VECTOR('',#7292,1.);
#7292 = DIRECTION('',(0.,0.,1.));
#7293 = PCURVE('',#2540,#7294);
#7294 = DEFINITIONAL_REPRESENTATION('',(#7295),#7299);
#7295 = LINE('',#7296,#7297);
#7296 = CARTESIAN_POINT('',(-1.570796326795,0.));
#7297 = VECTOR('',#7298,1.);
#7298 = DIRECTION('',(-0.,-1.));
#7299 = ( GEOMETRIC_REPRESENTATION_CONTEXT(2) 
PARAMETRIC_REPRESENTATION_CONTEXT() REPRESENTATION_CONTEXT('2D SPACE',''
  ) );
#7300 = PCURVE('',#2568,#7301);
#7301 = DEFINITIONAL_REPRESENTATION('',(#7302),#7306);
#7302 = LINE('',#7303,#7304);
#7303 = CARTESIAN_POINT('',(22.,0.));
#7304 = VECTOR('',#7305,1.);
#7305 = DIRECTION('',(0.,-1.));
#7306 = ( GEOMETRIC_REPRESENTATION_CONTEXT(2) 
PARAMETRIC_REPRESENTATION_CONTEXT() REPRESENTATION_CONTEXT('2D SPACE',''
  ) );
#7307 = ADVANCED_FACE('',(#7308),#2629,.F.);
#7308 = FACE_BOUND('',#7309,.F.);
#7309 = EDGE_LOOP('',(#7310,#7311,#7332,#7354));
#7310 = ORIENTED_EDGE('',*,*,#2612,.F.);
#7311 = ORIENTED_EDGE('',*,*,#7312,.T.);
#7312 = EDGE_CURVE('',#2580,#7313,#7315,.T.);
#7313 = VERTEX_POINT('',#7314);
#7314 = CARTESIAN_POINT('',(-29.65095125149,67.646955507073,39.5));
#7315 = SURFACE_CURVE('',#7316,(#7320,#7326),.PCURVE_S1.);
#7316 = LINE('',#7317,#7318);
#7317 = CARTESIAN_POINT('',(-29.65095125149,67.646955507073,39.5));
#7318 = VECTOR('',#7319,1.);
#7319 = DIRECTION('',(-0.,-0.,-1.));
#7320 = PCURVE('',#2629,#7321);
#7321 = DEFINITIONAL_REPRESENTATION('',(#7322),#7325);
#7322 = B_SPLINE_CURVE_WITH_KNOTS('',1,(#7323,#7324),.UNSPECIFIED.,.F.,
  .F.,(2,2),(-2.5000006,5.999999999062E-07),.PIECEWISE_BEZIER_KNOTS.);
#7323 = CARTESIAN_POINT('',(1.529949695772,3.0000006));
#7324 = CARTESIAN_POINT('',(1.529949695772,0.4999994));
#7325 = ( GEOMETRIC_REPRESENTATION_CONTEXT(2) 
PARAMETRIC_REPRESENTATION_CONTEXT() REPRESENTATION_CONTEXT('2D SPACE',''
  ) );
#7326 = PCURVE('',#2600,#7327);
#7327 = DEFINITIONAL_REPRESENTATION('',(#7328),#7331);
#7328 = B_SPLINE_CURVE_WITH_KNOTS('',1,(#7329,#7330),.UNSPECIFIED.,.F.,
  .F.,(2,2),(-2.5000006,5.999999999062E-07),.PIECEWISE_BEZIER_KNOTS.);
#7329 = CARTESIAN_POINT('',(-2.799239277159,-2.5000006));
#7330 = CARTESIAN_POINT('',(-2.799239277159,5.999999999062E-07));
#7331 = ( GEOMETRIC_REPRESENTATION_CONTEXT(2) 
PARAMETRIC_REPRESENTATION_CONTEXT() REPRESENTATION_CONTEXT('2D SPACE',''
  ) );
#7332 = ORIENTED_EDGE('',*,*,#7333,.T.);
#7333 = EDGE_CURVE('',#7313,#7214,#7334,.T.);
#7334 = SURFACE_CURVE('',#7335,(#7340,#7347),.PCURVE_S1.);
#7335 = CIRCLE('',#7336,3.65);
#7336 = AXIS2_PLACEMENT_3D('',#7337,#7338,#7339);
#7337 = CARTESIAN_POINT('',(-29.8,64.,39.5));
#7338 = DIRECTION('',(0.,0.,1.));
#7339 = DIRECTION('',(1.,0.,-0.));
#7340 = PCURVE('',#2629,#7341);
#7341 = DEFINITIONAL_REPRESENTATION('',(#7342),#7346);
#7342 = LINE('',#7343,#7344);
#7343 = CARTESIAN_POINT('',(0.,0.5));
#7344 = VECTOR('',#7345,1.);
#7345 = DIRECTION('',(1.,0.));
#7346 = ( GEOMETRIC_REPRESENTATION_CONTEXT(2) 
PARAMETRIC_REPRESENTATION_CONTEXT() REPRESENTATION_CONTEXT('2D SPACE',''
  ) );
#7347 = PCURVE('',#7060,#7348);
#7348 = DEFINITIONAL_REPRESENTATION('',(#7349),#7353);
#7349 = CIRCLE('',#7350,3.65);
#7350 = AXIS2_PLACEMENT_2D('',#7351,#7352);
#7351 = CARTESIAN_POINT('',(-29.79999999648,3.99999999481));
#7352 = DIRECTION('',(1.,0.));
#7353 = ( GEOMETRIC_REPRESENTATION_CONTEXT(2) 
PARAMETRIC_REPRESENTATION_CONTEXT() REPRESENTATION_CONTEXT('2D SPACE',''
  ) );
#7354 = ORIENTED_EDGE('',*,*,#7239,.F.);
#7355 = ADVANCED_FACE('',(#7356),#2568,.F.);
#7356 = FACE_BOUND('',#7357,.F.);
#7357 = EDGE_LOOP('',(#7358,#7381,#7402,#7403));
#7358 = ORIENTED_EDGE('',*,*,#7359,.F.);
#7359 = EDGE_CURVE('',#7360,#7262,#7362,.T.);
#7360 = VERTEX_POINT('',#7361);
#7361 = CARTESIAN_POINT('',(-11.,80.800000008638,39.5));
#7362 = SURFACE_CURVE('',#7363,(#7367,#7374),.PCURVE_S1.);
#7363 = LINE('',#7364,#7365);
#7364 = CARTESIAN_POINT('',(0.,80.800000009848,39.5));
#7365 = VECTOR('',#7366,1.);
#7366 = DIRECTION('',(1.,0.,0.));
#7367 = PCURVE('',#2568,#7368);
#7368 = DEFINITIONAL_REPRESENTATION('',(#7369),#7373);
#7369 = LINE('',#7370,#7371);
#7370 = CARTESIAN_POINT('',(11.,0.));
#7371 = VECTOR('',#7372,1.);
#7372 = DIRECTION('',(1.,0.));
#7373 = ( GEOMETRIC_REPRESENTATION_CONTEXT(2) 
PARAMETRIC_REPRESENTATION_CONTEXT() REPRESENTATION_CONTEXT('2D SPACE',''
  ) );
#7374 = PCURVE('',#7060,#7375);
#7375 = DEFINITIONAL_REPRESENTATION('',(#7376),#7380);
#7376 = LINE('',#7377,#7378);
#7377 = CARTESIAN_POINT('',(3.5163018346E-09,20.800000004658));
#7378 = VECTOR('',#7379,1.);
#7379 = DIRECTION('',(1.,0.));
#7380 = ( GEOMETRIC_REPRESENTATION_CONTEXT(2) 
PARAMETRIC_REPRESENTATION_CONTEXT() REPRESENTATION_CONTEXT('2D SPACE',''
  ) );
#7381 = ORIENTED_EDGE('',*,*,#7382,.T.);
#7382 = EDGE_CURVE('',#7360,#2553,#7383,.T.);
#7383 = SURFACE_CURVE('',#7384,(#7388,#7395),.PCURVE_S1.);
#7384 = LINE('',#7385,#7386);
#7385 = CARTESIAN_POINT('',(-11.,80.800000008638,39.5));
#7386 = VECTOR('',#7387,1.);
#7387 = DIRECTION('',(0.,0.,1.));
#7388 = PCURVE('',#2568,#7389);
#7389 = DEFINITIONAL_REPRESENTATION('',(#7390),#7394);
#7390 = LINE('',#7391,#7392);
#7391 = CARTESIAN_POINT('',(0.,0.));
#7392 = VECTOR('',#7393,1.);
#7393 = DIRECTION('',(0.,-1.));
#7394 = ( GEOMETRIC_REPRESENTATION_CONTEXT(2) 
PARAMETRIC_REPRESENTATION_CONTEXT() REPRESENTATION_CONTEXT('2D SPACE',''
  ) );
#7395 = PCURVE('',#2600,#7396);
#7396 = DEFINITIONAL_REPRESENTATION('',(#7397),#7401);
#7397 = LINE('',#7398,#7399);
#7398 = CARTESIAN_POINT('',(-1.570796326795,0.));
#7399 = VECTOR('',#7400,1.);
#7400 = DIRECTION('',(-0.,-1.));
#7401 = ( GEOMETRIC_REPRESENTATION_CONTEXT(2) 
PARAMETRIC_REPRESENTATION_CONTEXT() REPRESENTATION_CONTEXT('2D SPACE',''
  ) );
#7402 = ORIENTED_EDGE('',*,*,#2552,.F.);
#7403 = ORIENTED_EDGE('',*,*,#7287,.F.);
#7404 = ADVANCED_FACE('',(#7405),#2600,.F.);
#7405 = FACE_BOUND('',#7406,.T.);
#7406 = EDGE_LOOP('',(#7407,#7429,#7430,#7431));
#7407 = ORIENTED_EDGE('',*,*,#7408,.F.);
#7408 = EDGE_CURVE('',#7360,#7313,#7409,.T.);
#7409 = SURFACE_CURVE('',#7410,(#7415,#7422),.PCURVE_S1.);
#7410 = CIRCLE('',#7411,19.8);
#7411 = AXIS2_PLACEMENT_3D('',#7412,#7413,#7414);
#7412 = CARTESIAN_POINT('',(-11.,61.000000007428,39.5));
#7413 = DIRECTION('',(0.,0.,1.));
#7414 = DIRECTION('',(1.,0.,0.));
#7415 = PCURVE('',#2600,#7416);
#7416 = DEFINITIONAL_REPRESENTATION('',(#7417),#7421);
#7417 = LINE('',#7418,#7419);
#7418 = CARTESIAN_POINT('',(-0.,0.));
#7419 = VECTOR('',#7420,1.);
#7420 = DIRECTION('',(-1.,0.));
#7421 = ( GEOMETRIC_REPRESENTATION_CONTEXT(2) 
PARAMETRIC_REPRESENTATION_CONTEXT() REPRESENTATION_CONTEXT('2D SPACE',''
  ) );
#7422 = PCURVE('',#7060,#7423);
#7423 = DEFINITIONAL_REPRESENTATION('',(#7424),#7428);
#7424 = CIRCLE('',#7425,19.8);
#7425 = AXIS2_PLACEMENT_2D('',#7426,#7427);
#7426 = CARTESIAN_POINT('',(-10.99999999648,1.000000002238));
#7427 = DIRECTION('',(1.,0.));
#7428 = ( GEOMETRIC_REPRESENTATION_CONTEXT(2) 
PARAMETRIC_REPRESENTATION_CONTEXT() REPRESENTATION_CONTEXT('2D SPACE',''
  ) );
#7429 = ORIENTED_EDGE('',*,*,#7382,.T.);
#7430 = ORIENTED_EDGE('',*,*,#2579,.F.);
#7431 = ORIENTED_EDGE('',*,*,#7312,.T.);
#7432 = ADVANCED_FACE('',(#7433),#2718,.F.);
#7433 = FACE_BOUND('',#7434,.F.);
#7434 = EDGE_LOOP('',(#7435,#7458,#7486,#7507));
#7435 = ORIENTED_EDGE('',*,*,#7436,.F.);
#7436 = EDGE_CURVE('',#7437,#2702,#7439,.T.);
#7437 = VERTEX_POINT('',#7438);
#7438 = CARTESIAN_POINT('',(-4.1,83.,33.3));
#7439 = SURFACE_CURVE('',#7440,(#7444,#7451),.PCURVE_S1.);
#7440 = LINE('',#7441,#7442);
#7441 = CARTESIAN_POINT('',(-4.1,83.,33.3));
#7442 = VECTOR('',#7443,1.);
#7443 = DIRECTION('',(0.,0.,1.));
#7444 = PCURVE('',#2718,#7445);
#7445 = DEFINITIONAL_REPRESENTATION('',(#7446),#7450);
#7446 = LINE('',#7447,#7448);
#7447 = CARTESIAN_POINT('',(0.,1.4));
#7448 = VECTOR('',#7449,1.);
#7449 = DIRECTION('',(1.,0.));
#7450 = ( GEOMETRIC_REPRESENTATION_CONTEXT(2) 
PARAMETRIC_REPRESENTATION_CONTEXT() REPRESENTATION_CONTEXT('2D SPACE',''
  ) );
#7451 = PCURVE('',#2794,#7452);
#7452 = DEFINITIONAL_REPRESENTATION('',(#7453),#7457);
#7453 = LINE('',#7454,#7455);
#7454 = CARTESIAN_POINT('',(0.,0.));
#7455 = VECTOR('',#7456,1.);
#7456 = DIRECTION('',(1.,0.));
#7457 = ( GEOMETRIC_REPRESENTATION_CONTEXT(2) 
PARAMETRIC_REPRESENTATION_CONTEXT() REPRESENTATION_CONTEXT('2D SPACE',''
  ) );
#7458 = ORIENTED_EDGE('',*,*,#7459,.F.);
#7459 = EDGE_CURVE('',#7460,#7437,#7462,.T.);
#7460 = VERTEX_POINT('',#7461);
#7461 = CARTESIAN_POINT('',(-5.5,83.,33.3));
#7462 = SURFACE_CURVE('',#7463,(#7467,#7474),.PCURVE_S1.);
#7463 = LINE('',#7464,#7465);
#7464 = CARTESIAN_POINT('',(-5.5,83.,33.3));
#7465 = VECTOR('',#7466,1.);
#7466 = DIRECTION('',(1.,0.,-0.));
#7467 = PCURVE('',#2718,#7468);
#7468 = DEFINITIONAL_REPRESENTATION('',(#7469),#7473);
#7469 = LINE('',#7470,#7471);
#7470 = CARTESIAN_POINT('',(0.,0.));
#7471 = VECTOR('',#7472,1.);
#7472 = DIRECTION('',(0.,1.));
#7473 = ( GEOMETRIC_REPRESENTATION_CONTEXT(2) 
PARAMETRIC_REPRESENTATION_CONTEXT() REPRESENTATION_CONTEXT('2D SPACE',''
  ) );
#7474 = PCURVE('',#7475,#7480);
#7475 = PLANE('',#7476);
#7476 = AXIS2_PLACEMENT_3D('',#7477,#7478,#7479);
#7477 = CARTESIAN_POINT('',(-5.5,83.,33.3));
#7478 = DIRECTION('',(0.,0.,1.));
#7479 = DIRECTION('',(1.,0.,-0.));
#7480 = DEFINITIONAL_REPRESENTATION('',(#7481),#7485);
#7481 = LINE('',#7482,#7483);
#7482 = CARTESIAN_POINT('',(0.,0.));
#7483 = VECTOR('',#7484,1.);
#7484 = DIRECTION('',(1.,0.));
#7485 = ( GEOMETRIC_REPRESENTATION_CONTEXT(2) 
PARAMETRIC_REPRESENTATION_CONTEXT() REPRESENTATION_CONTEXT('2D SPACE',''
  ) );
#7486 = ORIENTED_EDGE('',*,*,#7487,.T.);
#7487 = EDGE_CURVE('',#7460,#2704,#7488,.T.);
#7488 = SURFACE_CURVE('',#7489,(#7493,#7500),.PCURVE_S1.);
#7489 = LINE('',#7490,#7491);
#7490 = CARTESIAN_POINT('',(-5.5,83.,33.3));
#7491 = VECTOR('',#7492,1.);
#7492 = DIRECTION('',(0.,0.,1.));
#7493 = PCURVE('',#2718,#7494);
#7494 = DEFINITIONAL_REPRESENTATION('',(#7495),#7499);
#7495 = LINE('',#7496,#7497);
#7496 = CARTESIAN_POINT('',(0.,0.));
#7497 = VECTOR('',#7498,1.);
#7498 = DIRECTION('',(1.,0.));
#7499 = ( GEOMETRIC_REPRESENTATION_CONTEXT(2) 
PARAMETRIC_REPRESENTATION_CONTEXT() REPRESENTATION_CONTEXT('2D SPACE',''
  ) );
#7500 = PCURVE('',#2744,#7501);
#7501 = DEFINITIONAL_REPRESENTATION('',(#7502),#7506);
#7502 = LINE('',#7503,#7504);
#7503 = CARTESIAN_POINT('',(0.,0.));
#7504 = VECTOR('',#7505,1.);
#7505 = DIRECTION('',(1.,0.));
#7506 = ( GEOMETRIC_REPRESENTATION_CONTEXT(2) 
PARAMETRIC_REPRESENTATION_CONTEXT() REPRESENTATION_CONTEXT('2D SPACE',''
  ) );
#7507 = ORIENTED_EDGE('',*,*,#2701,.F.);
#7508 = ADVANCED_FACE('',(#7509),#2794,.T.);
#7509 = FACE_BOUND('',#7510,.T.);
#7510 = EDGE_LOOP('',(#7511,#7512,#7535,#7556));
#7511 = ORIENTED_EDGE('',*,*,#7436,.F.);
#7512 = ORIENTED_EDGE('',*,*,#7513,.T.);
#7513 = EDGE_CURVE('',#7437,#7514,#7516,.T.);
#7514 = VERTEX_POINT('',#7515);
#7515 = CARTESIAN_POINT('',(-4.1,84.1,33.3));
#7516 = SURFACE_CURVE('',#7517,(#7521,#7528),.PCURVE_S1.);
#7517 = LINE('',#7518,#7519);
#7518 = CARTESIAN_POINT('',(-4.1,83.,33.3));
#7519 = VECTOR('',#7520,1.);
#7520 = DIRECTION('',(-0.,1.,0.));
#7521 = PCURVE('',#2794,#7522);
#7522 = DEFINITIONAL_REPRESENTATION('',(#7523),#7527);
#7523 = LINE('',#7524,#7525);
#7524 = CARTESIAN_POINT('',(0.,0.));
#7525 = VECTOR('',#7526,1.);
#7526 = DIRECTION('',(0.,-1.));
#7527 = ( GEOMETRIC_REPRESENTATION_CONTEXT(2) 
PARAMETRIC_REPRESENTATION_CONTEXT() REPRESENTATION_CONTEXT('2D SPACE',''
  ) );
#7528 = PCURVE('',#7475,#7529);
#7529 = DEFINITIONAL_REPRESENTATION('',(#7530),#7534);
#7530 = LINE('',#7531,#7532);
#7531 = CARTESIAN_POINT('',(1.4,0.));
#7532 = VECTOR('',#7533,1.);
#7533 = DIRECTION('',(0.,1.));
#7534 = ( GEOMETRIC_REPRESENTATION_CONTEXT(2) 
PARAMETRIC_REPRESENTATION_CONTEXT() REPRESENTATION_CONTEXT('2D SPACE',''
  ) );
#7535 = ORIENTED_EDGE('',*,*,#7536,.T.);
#7536 = EDGE_CURVE('',#7514,#2756,#7537,.T.);
#7537 = SURFACE_CURVE('',#7538,(#7542,#7549),.PCURVE_S1.);
#7538 = LINE('',#7539,#7540);
#7539 = CARTESIAN_POINT('',(-4.1,84.1,33.3));
#7540 = VECTOR('',#7541,1.);
#7541 = DIRECTION('',(0.,0.,1.));
#7542 = PCURVE('',#2794,#7543);
#7543 = DEFINITIONAL_REPRESENTATION('',(#7544),#7548);
#7544 = LINE('',#7545,#7546);
#7545 = CARTESIAN_POINT('',(0.,-1.1));
#7546 = VECTOR('',#7547,1.);
#7547 = DIRECTION('',(1.,0.));
#7548 = ( GEOMETRIC_REPRESENTATION_CONTEXT(2) 
PARAMETRIC_REPRESENTATION_CONTEXT() REPRESENTATION_CONTEXT('2D SPACE',''
  ) );
#7549 = PCURVE('',#2770,#7550);
#7550 = DEFINITIONAL_REPRESENTATION('',(#7551),#7555);
#7551 = LINE('',#7552,#7553);
#7552 = CARTESIAN_POINT('',(0.,1.4));
#7553 = VECTOR('',#7554,1.);
#7554 = DIRECTION('',(1.,0.));
#7555 = ( GEOMETRIC_REPRESENTATION_CONTEXT(2) 
PARAMETRIC_REPRESENTATION_CONTEXT() REPRESENTATION_CONTEXT('2D SPACE',''
  ) );
#7556 = ORIENTED_EDGE('',*,*,#2781,.F.);
#7557 = ADVANCED_FACE('',(#7558),#2744,.F.);
#7558 = FACE_BOUND('',#7559,.F.);
#7559 = EDGE_LOOP('',(#7560,#7561,#7584,#7605));
#7560 = ORIENTED_EDGE('',*,*,#7487,.F.);
#7561 = ORIENTED_EDGE('',*,*,#7562,.T.);
#7562 = EDGE_CURVE('',#7460,#7563,#7565,.T.);
#7563 = VERTEX_POINT('',#7564);
#7564 = CARTESIAN_POINT('',(-5.5,84.1,33.3));
#7565 = SURFACE_CURVE('',#7566,(#7570,#7577),.PCURVE_S1.);
#7566 = LINE('',#7567,#7568);
#7567 = CARTESIAN_POINT('',(-5.5,83.,33.3));
#7568 = VECTOR('',#7569,1.);
#7569 = DIRECTION('',(-0.,1.,0.));
#7570 = PCURVE('',#2744,#7571);
#7571 = DEFINITIONAL_REPRESENTATION('',(#7572),#7576);
#7572 = LINE('',#7573,#7574);
#7573 = CARTESIAN_POINT('',(0.,0.));
#7574 = VECTOR('',#7575,1.);
#7575 = DIRECTION('',(0.,-1.));
#7576 = ( GEOMETRIC_REPRESENTATION_CONTEXT(2) 
PARAMETRIC_REPRESENTATION_CONTEXT() REPRESENTATION_CONTEXT('2D SPACE',''
  ) );
#7577 = PCURVE('',#7475,#7578);
#7578 = DEFINITIONAL_REPRESENTATION('',(#7579),#7583);
#7579 = LINE('',#7580,#7581);
#7580 = CARTESIAN_POINT('',(0.,0.));
#7581 = VECTOR('',#7582,1.);
#7582 = DIRECTION('',(0.,1.));
#7583 = ( GEOMETRIC_REPRESENTATION_CONTEXT(2) 
PARAMETRIC_REPRESENTATION_CONTEXT() REPRESENTATION_CONTEXT('2D SPACE',''
  ) );
#7584 = ORIENTED_EDGE('',*,*,#7585,.T.);
#7585 = EDGE_CURVE('',#7563,#2730,#7586,.T.);
#7586 = SURFACE_CURVE('',#7587,(#7591,#7598),.PCURVE_S1.);
#7587 = LINE('',#7588,#7589);
#7588 = CARTESIAN_POINT('',(-5.5,84.1,33.3));
#7589 = VECTOR('',#7590,1.);
#7590 = DIRECTION('',(0.,0.,1.));
#7591 = PCURVE('',#2744,#7592);
#7592 = DEFINITIONAL_REPRESENTATION('',(#7593),#7597);
#7593 = LINE('',#7594,#7595);
#7594 = CARTESIAN_POINT('',(0.,-1.1));
#7595 = VECTOR('',#7596,1.);
#7596 = DIRECTION('',(1.,0.));
#7597 = ( GEOMETRIC_REPRESENTATION_CONTEXT(2) 
PARAMETRIC_REPRESENTATION_CONTEXT() REPRESENTATION_CONTEXT('2D SPACE',''
  ) );
#7598 = PCURVE('',#2770,#7599);
#7599 = DEFINITIONAL_REPRESENTATION('',(#7600),#7604);
#7600 = LINE('',#7601,#7602);
#7601 = CARTESIAN_POINT('',(0.,0.));
#7602 = VECTOR('',#7603,1.);
#7603 = DIRECTION('',(1.,0.));
#7604 = ( GEOMETRIC_REPRESENTATION_CONTEXT(2) 
PARAMETRIC_REPRESENTATION_CONTEXT() REPRESENTATION_CONTEXT('2D SPACE',''
  ) );
#7605 = ORIENTED_EDGE('',*,*,#2729,.F.);
#7606 = ADVANCED_FACE('',(#7607),#2770,.T.);
#7607 = FACE_BOUND('',#7608,.T.);
#7608 = EDGE_LOOP('',(#7609,#7610,#7631,#7632));
#7609 = ORIENTED_EDGE('',*,*,#7536,.F.);
#7610 = ORIENTED_EDGE('',*,*,#7611,.F.);
#7611 = EDGE_CURVE('',#7563,#7514,#7612,.T.);
#7612 = SURFACE_CURVE('',#7613,(#7617,#7624),.PCURVE_S1.);
#7613 = LINE('',#7614,#7615);
#7614 = CARTESIAN_POINT('',(-5.5,84.1,33.3));
#7615 = VECTOR('',#7616,1.);
#7616 = DIRECTION('',(1.,0.,-0.));
#7617 = PCURVE('',#2770,#7618);
#7618 = DEFINITIONAL_REPRESENTATION('',(#7619),#7623);
#7619 = LINE('',#7620,#7621);
#7620 = CARTESIAN_POINT('',(0.,0.));
#7621 = VECTOR('',#7622,1.);
#7622 = DIRECTION('',(0.,1.));
#7623 = ( GEOMETRIC_REPRESENTATION_CONTEXT(2) 
PARAMETRIC_REPRESENTATION_CONTEXT() REPRESENTATION_CONTEXT('2D SPACE',''
  ) );
#7624 = PCURVE('',#7475,#7625);
#7625 = DEFINITIONAL_REPRESENTATION('',(#7626),#7630);
#7626 = LINE('',#7627,#7628);
#7627 = CARTESIAN_POINT('',(0.,1.1));
#7628 = VECTOR('',#7629,1.);
#7629 = DIRECTION('',(1.,0.));
#7630 = ( GEOMETRIC_REPRESENTATION_CONTEXT(2) 
PARAMETRIC_REPRESENTATION_CONTEXT() REPRESENTATION_CONTEXT('2D SPACE',''
  ) );
#7631 = ORIENTED_EDGE('',*,*,#7585,.T.);
#7632 = ORIENTED_EDGE('',*,*,#2755,.F.);
#7633 = ADVANCED_FACE('',(#7634),#2824,.F.);
#7634 = FACE_BOUND('',#7635,.F.);
#7635 = EDGE_LOOP('',(#7636,#7637,#7658,#7659));
#7636 = ORIENTED_EDGE('',*,*,#2807,.T.);
#7637 = ORIENTED_EDGE('',*,*,#7638,.T.);
#7638 = EDGE_CURVE('',#2810,#3922,#7639,.T.);
#7639 = SURFACE_CURVE('',#7640,(#7644,#7651),.PCURVE_S1.);
#7640 = LINE('',#7641,#7642);
#7641 = CARTESIAN_POINT('',(17.,49.9,39.));
#7642 = VECTOR('',#7643,1.);
#7643 = DIRECTION('',(0.,0.,1.));
#7644 = PCURVE('',#2824,#7645);
#7645 = DEFINITIONAL_REPRESENTATION('',(#7646),#7650);
#7646 = LINE('',#7647,#7648);
#7647 = CARTESIAN_POINT('',(0.,0.));
#7648 = VECTOR('',#7649,1.);
#7649 = DIRECTION('',(0.,-1.));
#7650 = ( GEOMETRIC_REPRESENTATION_CONTEXT(2) 
PARAMETRIC_REPRESENTATION_CONTEXT() REPRESENTATION_CONTEXT('2D SPACE',''
  ) );
#7651 = PCURVE('',#3031,#7652);
#7652 = DEFINITIONAL_REPRESENTATION('',(#7653),#7657);
#7653 = LINE('',#7654,#7655);
#7654 = CARTESIAN_POINT('',(6.28318530718,0.));
#7655 = VECTOR('',#7656,1.);
#7656 = DIRECTION('',(0.,-1.));
#7657 = ( GEOMETRIC_REPRESENTATION_CONTEXT(2) 
PARAMETRIC_REPRESENTATION_CONTEXT() REPRESENTATION_CONTEXT('2D SPACE',''
  ) );
#7658 = ORIENTED_EDGE('',*,*,#3919,.F.);
#7659 = ORIENTED_EDGE('',*,*,#7660,.F.);
#7660 = EDGE_CURVE('',#2808,#3920,#7661,.T.);
#7661 = SURFACE_CURVE('',#7662,(#7666,#7673),.PCURVE_S1.);
#7662 = LINE('',#7663,#7664);
#7663 = CARTESIAN_POINT('',(17.,58.1,39.));
#7664 = VECTOR('',#7665,1.);
#7665 = DIRECTION('',(0.,0.,1.));
#7666 = PCURVE('',#2824,#7667);
#7667 = DEFINITIONAL_REPRESENTATION('',(#7668),#7672);
#7668 = LINE('',#7669,#7670);
#7669 = CARTESIAN_POINT('',(8.2,0.));
#7670 = VECTOR('',#7671,1.);
#7671 = DIRECTION('',(0.,-1.));
#7672 = ( GEOMETRIC_REPRESENTATION_CONTEXT(2) 
PARAMETRIC_REPRESENTATION_CONTEXT() REPRESENTATION_CONTEXT('2D SPACE',''
  ) );
#7673 = PCURVE('',#2856,#7674);
#7674 = DEFINITIONAL_REPRESENTATION('',(#7675),#7679);
#7675 = LINE('',#7676,#7677);
#7676 = CARTESIAN_POINT('',(0.,0.));
#7677 = VECTOR('',#7678,1.);
#7678 = DIRECTION('',(0.,-1.));
#7679 = ( GEOMETRIC_REPRESENTATION_CONTEXT(2) 
PARAMETRIC_REPRESENTATION_CONTEXT() REPRESENTATION_CONTEXT('2D SPACE',''
  ) );
#7680 = ADVANCED_FACE('',(#7681),#3031,.F.);
#7681 = FACE_BOUND('',#7682,.F.);
#7682 = EDGE_LOOP('',(#7683,#7684,#7705,#7706));
#7683 = ORIENTED_EDGE('',*,*,#3012,.F.);
#7684 = ORIENTED_EDGE('',*,*,#7685,.T.);
#7685 = EDGE_CURVE('',#2987,#4069,#7686,.T.);
#7686 = SURFACE_CURVE('',#7687,(#7691,#7698),.PCURVE_S1.);
#7687 = LINE('',#7688,#7689);
#7688 = CARTESIAN_POINT('',(17.899999998958,49.,39.));
#7689 = VECTOR('',#7690,1.);
#7690 = DIRECTION('',(0.,0.,1.));
#7691 = PCURVE('',#3031,#7692);
#7692 = DEFINITIONAL_REPRESENTATION('',(#7693),#7697);
#7693 = LINE('',#7694,#7695);
#7694 = CARTESIAN_POINT('',(4.712388980385,0.));
#7695 = VECTOR('',#7696,1.);
#7696 = DIRECTION('',(0.,-1.));
#7697 = ( GEOMETRIC_REPRESENTATION_CONTEXT(2) 
PARAMETRIC_REPRESENTATION_CONTEXT() REPRESENTATION_CONTEXT('2D SPACE',''
  ) );
#7698 = PCURVE('',#3001,#7699);
#7699 = DEFINITIONAL_REPRESENTATION('',(#7700),#7704);
#7700 = LINE('',#7701,#7702);
#7701 = CARTESIAN_POINT('',(1.665334536938E-16,0.));
#7702 = VECTOR('',#7703,1.);
#7703 = DIRECTION('',(0.,-1.));
#7704 = ( GEOMETRIC_REPRESENTATION_CONTEXT(2) 
PARAMETRIC_REPRESENTATION_CONTEXT() REPRESENTATION_CONTEXT('2D SPACE',''
  ) );
#7705 = ORIENTED_EDGE('',*,*,#4089,.T.);
#7706 = ORIENTED_EDGE('',*,*,#7638,.F.);
#7707 = ADVANCED_FACE('',(#7708),#3001,.T.);
#7708 = FACE_BOUND('',#7709,.T.);
#7709 = EDGE_LOOP('',(#7710,#7711,#7712,#7713));
#7710 = ORIENTED_EDGE('',*,*,#2986,.T.);
#7711 = ORIENTED_EDGE('',*,*,#7685,.T.);
#7712 = ORIENTED_EDGE('',*,*,#4068,.F.);
#7713 = ORIENTED_EDGE('',*,*,#7714,.F.);
#7714 = EDGE_CURVE('',#2954,#4041,#7715,.T.);
#7715 = SURFACE_CURVE('',#7716,(#7720,#7727),.PCURVE_S1.);
#7716 = LINE('',#7717,#7718);
#7717 = CARTESIAN_POINT('',(18.099999989112,49.,39.));
#7718 = VECTOR('',#7719,1.);
#7719 = DIRECTION('',(0.,0.,1.));
#7720 = PCURVE('',#3001,#7721);
#7721 = DEFINITIONAL_REPRESENTATION('',(#7722),#7726);
#7722 = LINE('',#7723,#7724);
#7723 = CARTESIAN_POINT('',(0.199999990154,0.));
#7724 = VECTOR('',#7725,1.);
#7725 = DIRECTION('',(0.,-1.));
#7726 = ( GEOMETRIC_REPRESENTATION_CONTEXT(2) 
PARAMETRIC_REPRESENTATION_CONTEXT() REPRESENTATION_CONTEXT('2D SPACE',''
  ) );
#7727 = PCURVE('',#2974,#7728);
#7728 = DEFINITIONAL_REPRESENTATION('',(#7729),#7733);
#7729 = LINE('',#7730,#7731);
#7730 = CARTESIAN_POINT('',(4.712388980385,0.));
#7731 = VECTOR('',#7732,1.);
#7732 = DIRECTION('',(0.,-1.));
#7733 = ( GEOMETRIC_REPRESENTATION_CONTEXT(2) 
PARAMETRIC_REPRESENTATION_CONTEXT() REPRESENTATION_CONTEXT('2D SPACE',''
  ) );
#7734 = ADVANCED_FACE('',(#7735),#2974,.F.);
#7735 = FACE_BOUND('',#7736,.F.);
#7736 = EDGE_LOOP('',(#7737,#7738,#7759,#7760));
#7737 = ORIENTED_EDGE('',*,*,#2953,.F.);
#7738 = ORIENTED_EDGE('',*,*,#7739,.T.);
#7739 = EDGE_CURVE('',#2928,#4020,#7740,.T.);
#7740 = SURFACE_CURVE('',#7741,(#7745,#7752),.PCURVE_S1.);
#7741 = LINE('',#7742,#7743);
#7742 = CARTESIAN_POINT('',(18.999999995077,49.9,39.));
#7743 = VECTOR('',#7744,1.);
#7744 = DIRECTION('',(0.,0.,1.));
#7745 = PCURVE('',#2974,#7746);
#7746 = DEFINITIONAL_REPRESENTATION('',(#7747),#7751);
#7747 = LINE('',#7748,#7749);
#7748 = CARTESIAN_POINT('',(3.14159265359,0.));
#7749 = VECTOR('',#7750,1.);
#7750 = DIRECTION('',(0.,-1.));
#7751 = ( GEOMETRIC_REPRESENTATION_CONTEXT(2) 
PARAMETRIC_REPRESENTATION_CONTEXT() REPRESENTATION_CONTEXT('2D SPACE',''
  ) );
#7752 = PCURVE('',#2942,#7753);
#7753 = DEFINITIONAL_REPRESENTATION('',(#7754),#7758);
#7754 = LINE('',#7755,#7756);
#7755 = CARTESIAN_POINT('',(0.,0.));
#7756 = VECTOR('',#7757,1.);
#7757 = DIRECTION('',(0.,-1.));
#7758 = ( GEOMETRIC_REPRESENTATION_CONTEXT(2) 
PARAMETRIC_REPRESENTATION_CONTEXT() REPRESENTATION_CONTEXT('2D SPACE',''
  ) );
#7759 = ORIENTED_EDGE('',*,*,#4040,.T.);
#7760 = ORIENTED_EDGE('',*,*,#7714,.F.);
#7761 = ADVANCED_FACE('',(#7762),#2942,.T.);
#7762 = FACE_BOUND('',#7763,.T.);
#7763 = EDGE_LOOP('',(#7764,#7765,#7766,#7767));
#7764 = ORIENTED_EDGE('',*,*,#2927,.T.);
#7765 = ORIENTED_EDGE('',*,*,#7739,.T.);
#7766 = ORIENTED_EDGE('',*,*,#4019,.F.);
#7767 = ORIENTED_EDGE('',*,*,#7768,.F.);
#7768 = EDGE_CURVE('',#2895,#3992,#7769,.T.);
#7769 = SURFACE_CURVE('',#7770,(#7774,#7781),.PCURVE_S1.);
#7770 = LINE('',#7771,#7772);
#7771 = CARTESIAN_POINT('',(18.999999995077,58.1,39.));
#7772 = VECTOR('',#7773,1.);
#7773 = DIRECTION('',(0.,0.,1.));
#7774 = PCURVE('',#2942,#7775);
#7775 = DEFINITIONAL_REPRESENTATION('',(#7776),#7780);
#7776 = LINE('',#7777,#7778);
#7777 = CARTESIAN_POINT('',(8.2,0.));
#7778 = VECTOR('',#7779,1.);
#7779 = DIRECTION('',(0.,-1.));
#7780 = ( GEOMETRIC_REPRESENTATION_CONTEXT(2) 
PARAMETRIC_REPRESENTATION_CONTEXT() REPRESENTATION_CONTEXT('2D SPACE',''
  ) );
#7781 = PCURVE('',#2915,#7782);
#7782 = DEFINITIONAL_REPRESENTATION('',(#7783),#7787);
#7783 = LINE('',#7784,#7785);
#7784 = CARTESIAN_POINT('',(3.14159265359,0.));
#7785 = VECTOR('',#7786,1.);
#7786 = DIRECTION('',(0.,-1.));
#7787 = ( GEOMETRIC_REPRESENTATION_CONTEXT(2) 
PARAMETRIC_REPRESENTATION_CONTEXT() REPRESENTATION_CONTEXT('2D SPACE',''
  ) );
#7788 = ADVANCED_FACE('',(#7789),#2915,.F.);
#7789 = FACE_BOUND('',#7790,.F.);
#7790 = EDGE_LOOP('',(#7791,#7792,#7813,#7814));
#7791 = ORIENTED_EDGE('',*,*,#2894,.F.);
#7792 = ORIENTED_EDGE('',*,*,#7793,.T.);
#7793 = EDGE_CURVE('',#2869,#3971,#7794,.T.);
#7794 = SURFACE_CURVE('',#7795,(#7799,#7806),.PCURVE_S1.);
#7795 = LINE('',#7796,#7797);
#7796 = CARTESIAN_POINT('',(18.099999989112,59.,39.));
#7797 = VECTOR('',#7798,1.);
#7798 = DIRECTION('',(0.,0.,1.));
#7799 = PCURVE('',#2915,#7800);
#7800 = DEFINITIONAL_REPRESENTATION('',(#7801),#7805);
#7801 = LINE('',#7802,#7803);
#7802 = CARTESIAN_POINT('',(1.570796326795,0.));
#7803 = VECTOR('',#7804,1.);
#7804 = DIRECTION('',(0.,-1.));
#7805 = ( GEOMETRIC_REPRESENTATION_CONTEXT(2) 
PARAMETRIC_REPRESENTATION_CONTEXT() REPRESENTATION_CONTEXT('2D SPACE',''
  ) );
#7806 = PCURVE('',#2883,#7807);
#7807 = DEFINITIONAL_REPRESENTATION('',(#7808),#7812);
#7808 = LINE('',#7809,#7810);
#7809 = CARTESIAN_POINT('',(0.199999990154,0.));
#7810 = VECTOR('',#7811,1.);
#7811 = DIRECTION('',(0.,-1.));
#7812 = ( GEOMETRIC_REPRESENTATION_CONTEXT(2) 
PARAMETRIC_REPRESENTATION_CONTEXT() REPRESENTATION_CONTEXT('2D SPACE',''
  ) );
#7813 = ORIENTED_EDGE('',*,*,#3991,.T.);
#7814 = ORIENTED_EDGE('',*,*,#7768,.F.);
#7815 = ADVANCED_FACE('',(#7816),#2883,.F.);
#7816 = FACE_BOUND('',#7817,.F.);
#7817 = EDGE_LOOP('',(#7818,#7819,#7840,#7841));
#7818 = ORIENTED_EDGE('',*,*,#2868,.T.);
#7819 = ORIENTED_EDGE('',*,*,#7820,.T.);
#7820 = EDGE_CURVE('',#2836,#3943,#7821,.T.);
#7821 = SURFACE_CURVE('',#7822,(#7826,#7833),.PCURVE_S1.);
#7822 = LINE('',#7823,#7824);
#7823 = CARTESIAN_POINT('',(17.899999998958,59.,39.));
#7824 = VECTOR('',#7825,1.);
#7825 = DIRECTION('',(0.,0.,1.));
#7826 = PCURVE('',#2883,#7827);
#7827 = DEFINITIONAL_REPRESENTATION('',(#7828),#7832);
#7828 = LINE('',#7829,#7830);
#7829 = CARTESIAN_POINT('',(-5.551115123126E-17,0.));
#7830 = VECTOR('',#7831,1.);
#7831 = DIRECTION('',(0.,-1.));
#7832 = ( GEOMETRIC_REPRESENTATION_CONTEXT(2) 
PARAMETRIC_REPRESENTATION_CONTEXT() REPRESENTATION_CONTEXT('2D SPACE',''
  ) );
#7833 = PCURVE('',#2856,#7834);
#7834 = DEFINITIONAL_REPRESENTATION('',(#7835),#7839);
#7835 = LINE('',#7836,#7837);
#7836 = CARTESIAN_POINT('',(1.570796326795,0.));
#7837 = VECTOR('',#7838,1.);
#7838 = DIRECTION('',(0.,-1.));
#7839 = ( GEOMETRIC_REPRESENTATION_CONTEXT(2) 
PARAMETRIC_REPRESENTATION_CONTEXT() REPRESENTATION_CONTEXT('2D SPACE',''
  ) );
#7840 = ORIENTED_EDGE('',*,*,#3970,.F.);
#7841 = ORIENTED_EDGE('',*,*,#7793,.F.);
#7842 = ADVANCED_FACE('',(#7843),#2856,.F.);
#7843 = FACE_BOUND('',#7844,.F.);
#7844 = EDGE_LOOP('',(#7845,#7846,#7847,#7848));
#7845 = ORIENTED_EDGE('',*,*,#2835,.F.);
#7846 = ORIENTED_EDGE('',*,*,#7660,.T.);
#7847 = ORIENTED_EDGE('',*,*,#3942,.T.);
#7848 = ORIENTED_EDGE('',*,*,#7820,.F.);
#7849 = ADVANCED_FACE('',(#7850),#3062,.F.);
#7850 = FACE_BOUND('',#7851,.F.);
#7851 = EDGE_LOOP('',(#7852,#7873,#7874,#7875));
#7852 = ORIENTED_EDGE('',*,*,#7853,.T.);
#7853 = EDGE_CURVE('',#3046,#4118,#7854,.T.);
#7854 = SEAM_CURVE('',#7855,(#7859,#7866),.PCURVE_S1.);
#7855 = LINE('',#7856,#7857);
#7856 = CARTESIAN_POINT('',(31.,64.,38.));
#7857 = VECTOR('',#7858,1.);
#7858 = DIRECTION('',(0.,0.,1.));
#7859 = PCURVE('',#3062,#7860);
#7860 = DEFINITIONAL_REPRESENTATION('',(#7861),#7865);
#7861 = LINE('',#7862,#7863);
#7862 = CARTESIAN_POINT('',(6.28318530718,-0.));
#7863 = VECTOR('',#7864,1.);
#7864 = DIRECTION('',(0.,1.));
#7865 = ( GEOMETRIC_REPRESENTATION_CONTEXT(2) 
PARAMETRIC_REPRESENTATION_CONTEXT() REPRESENTATION_CONTEXT('2D SPACE',''
  ) );
#7866 = PCURVE('',#3062,#7867);
#7867 = DEFINITIONAL_REPRESENTATION('',(#7868),#7872);
#7868 = LINE('',#7869,#7870);
#7869 = CARTESIAN_POINT('',(0.,-0.));
#7870 = VECTOR('',#7871,1.);
#7871 = DIRECTION('',(0.,1.));
#7872 = ( GEOMETRIC_REPRESENTATION_CONTEXT(2) 
PARAMETRIC_REPRESENTATION_CONTEXT() REPRESENTATION_CONTEXT('2D SPACE',''
  ) );
#7873 = ORIENTED_EDGE('',*,*,#4117,.F.);
#7874 = ORIENTED_EDGE('',*,*,#7853,.F.);
#7875 = ORIENTED_EDGE('',*,*,#3045,.T.);
#7876 = ADVANCED_FACE('',(#7877),#3093,.F.);
#7877 = FACE_BOUND('',#7878,.F.);
#7878 = EDGE_LOOP('',(#7879,#7902,#7930,#7951));
#7879 = ORIENTED_EDGE('',*,*,#7880,.F.);
#7880 = EDGE_CURVE('',#7881,#3077,#7883,.T.);
#7881 = VERTEX_POINT('',#7882);
#7882 = CARTESIAN_POINT('',(5.5,83.,33.3));
#7883 = SURFACE_CURVE('',#7884,(#7888,#7895),.PCURVE_S1.);
#7884 = LINE('',#7885,#7886);
#7885 = CARTESIAN_POINT('',(5.5,83.,33.3));
#7886 = VECTOR('',#7887,1.);
#7887 = DIRECTION('',(0.,0.,1.));
#7888 = PCURVE('',#3093,#7889);
#7889 = DEFINITIONAL_REPRESENTATION('',(#7890),#7894);
#7890 = LINE('',#7891,#7892);
#7891 = CARTESIAN_POINT('',(0.,1.4));
#7892 = VECTOR('',#7893,1.);
#7893 = DIRECTION('',(1.,0.));
#7894 = ( GEOMETRIC_REPRESENTATION_CONTEXT(2) 
PARAMETRIC_REPRESENTATION_CONTEXT() REPRESENTATION_CONTEXT('2D SPACE',''
  ) );
#7895 = PCURVE('',#3169,#7896);
#7896 = DEFINITIONAL_REPRESENTATION('',(#7897),#7901);
#7897 = LINE('',#7898,#7899);
#7898 = CARTESIAN_POINT('',(0.,0.));
#7899 = VECTOR('',#7900,1.);
#7900 = DIRECTION('',(1.,0.));
#7901 = ( GEOMETRIC_REPRESENTATION_CONTEXT(2) 
PARAMETRIC_REPRESENTATION_CONTEXT() REPRESENTATION_CONTEXT('2D SPACE',''
  ) );
#7902 = ORIENTED_EDGE('',*,*,#7903,.F.);
#7903 = EDGE_CURVE('',#7904,#7881,#7906,.T.);
#7904 = VERTEX_POINT('',#7905);
#7905 = CARTESIAN_POINT('',(4.1,83.,33.3));
#7906 = SURFACE_CURVE('',#7907,(#7911,#7918),.PCURVE_S1.);
#7907 = LINE('',#7908,#7909);
#7908 = CARTESIAN_POINT('',(4.1,83.,33.3));
#7909 = VECTOR('',#7910,1.);
#7910 = DIRECTION('',(1.,0.,-0.));
#7911 = PCURVE('',#3093,#7912);
#7912 = DEFINITIONAL_REPRESENTATION('',(#7913),#7917);
#7913 = LINE('',#7914,#7915);
#7914 = CARTESIAN_POINT('',(0.,0.));
#7915 = VECTOR('',#7916,1.);
#7916 = DIRECTION('',(0.,1.));
#7917 = ( GEOMETRIC_REPRESENTATION_CONTEXT(2) 
PARAMETRIC_REPRESENTATION_CONTEXT() REPRESENTATION_CONTEXT('2D SPACE',''
  ) );
#7918 = PCURVE('',#7919,#7924);
#7919 = PLANE('',#7920);
#7920 = AXIS2_PLACEMENT_3D('',#7921,#7922,#7923);
#7921 = CARTESIAN_POINT('',(4.1,83.,33.3));
#7922 = DIRECTION('',(0.,0.,1.));
#7923 = DIRECTION('',(1.,0.,-0.));
#7924 = DEFINITIONAL_REPRESENTATION('',(#7925),#7929);
#7925 = LINE('',#7926,#7927);
#7926 = CARTESIAN_POINT('',(0.,0.));
#7927 = VECTOR('',#7928,1.);
#7928 = DIRECTION('',(1.,0.));
#7929 = ( GEOMETRIC_REPRESENTATION_CONTEXT(2) 
PARAMETRIC_REPRESENTATION_CONTEXT() REPRESENTATION_CONTEXT('2D SPACE',''
  ) );
#7930 = ORIENTED_EDGE('',*,*,#7931,.T.);
#7931 = EDGE_CURVE('',#7904,#3079,#7932,.T.);
#7932 = SURFACE_CURVE('',#7933,(#7937,#7944),.PCURVE_S1.);
#7933 = LINE('',#7934,#7935);
#7934 = CARTESIAN_POINT('',(4.1,83.,33.3));
#7935 = VECTOR('',#7936,1.);
#7936 = DIRECTION('',(0.,0.,1.));
#7937 = PCURVE('',#3093,#7938);
#7938 = DEFINITIONAL_REPRESENTATION('',(#7939),#7943);
#7939 = LINE('',#7940,#7941);
#7940 = CARTESIAN_POINT('',(0.,0.));
#7941 = VECTOR('',#7942,1.);
#7942 = DIRECTION('',(1.,0.));
#7943 = ( GEOMETRIC_REPRESENTATION_CONTEXT(2) 
PARAMETRIC_REPRESENTATION_CONTEXT() REPRESENTATION_CONTEXT('2D SPACE',''
  ) );
#7944 = PCURVE('',#3119,#7945);
#7945 = DEFINITIONAL_REPRESENTATION('',(#7946),#7950);
#7946 = LINE('',#7947,#7948);
#7947 = CARTESIAN_POINT('',(0.,0.));
#7948 = VECTOR('',#7949,1.);
#7949 = DIRECTION('',(1.,0.));
#7950 = ( GEOMETRIC_REPRESENTATION_CONTEXT(2) 
PARAMETRIC_REPRESENTATION_CONTEXT() REPRESENTATION_CONTEXT('2D SPACE',''
  ) );
#7951 = ORIENTED_EDGE('',*,*,#3076,.F.);
#7952 = ADVANCED_FACE('',(#7953),#3169,.T.);
#7953 = FACE_BOUND('',#7954,.T.);
#7954 = EDGE_LOOP('',(#7955,#7956,#7979,#8000));
#7955 = ORIENTED_EDGE('',*,*,#7880,.F.);
#7956 = ORIENTED_EDGE('',*,*,#7957,.T.);
#7957 = EDGE_CURVE('',#7881,#7958,#7960,.T.);
#7958 = VERTEX_POINT('',#7959);
#7959 = CARTESIAN_POINT('',(5.5,84.1,33.3));
#7960 = SURFACE_CURVE('',#7961,(#7965,#7972),.PCURVE_S1.);
#7961 = LINE('',#7962,#7963);
#7962 = CARTESIAN_POINT('',(5.5,83.,33.3));
#7963 = VECTOR('',#7964,1.);
#7964 = DIRECTION('',(-0.,1.,0.));
#7965 = PCURVE('',#3169,#7966);
#7966 = DEFINITIONAL_REPRESENTATION('',(#7967),#7971);
#7967 = LINE('',#7968,#7969);
#7968 = CARTESIAN_POINT('',(0.,0.));
#7969 = VECTOR('',#7970,1.);
#7970 = DIRECTION('',(0.,-1.));
#7971 = ( GEOMETRIC_REPRESENTATION_CONTEXT(2) 
PARAMETRIC_REPRESENTATION_CONTEXT() REPRESENTATION_CONTEXT('2D SPACE',''
  ) );
#7972 = PCURVE('',#7919,#7973);
#7973 = DEFINITIONAL_REPRESENTATION('',(#7974),#7978);
#7974 = LINE('',#7975,#7976);
#7975 = CARTESIAN_POINT('',(1.4,0.));
#7976 = VECTOR('',#7977,1.);
#7977 = DIRECTION('',(0.,1.));
#7978 = ( GEOMETRIC_REPRESENTATION_CONTEXT(2) 
PARAMETRIC_REPRESENTATION_CONTEXT() REPRESENTATION_CONTEXT('2D SPACE',''
  ) );
#7979 = ORIENTED_EDGE('',*,*,#7980,.T.);
#7980 = EDGE_CURVE('',#7958,#3131,#7981,.T.);
#7981 = SURFACE_CURVE('',#7982,(#7986,#7993),.PCURVE_S1.);
#7982 = LINE('',#7983,#7984);
#7983 = CARTESIAN_POINT('',(5.5,84.1,33.3));
#7984 = VECTOR('',#7985,1.);
#7985 = DIRECTION('',(0.,0.,1.));
#7986 = PCURVE('',#3169,#7987);
#7987 = DEFINITIONAL_REPRESENTATION('',(#7988),#7992);
#7988 = LINE('',#7989,#7990);
#7989 = CARTESIAN_POINT('',(0.,-1.1));
#7990 = VECTOR('',#7991,1.);
#7991 = DIRECTION('',(1.,0.));
#7992 = ( GEOMETRIC_REPRESENTATION_CONTEXT(2) 
PARAMETRIC_REPRESENTATION_CONTEXT() REPRESENTATION_CONTEXT('2D SPACE',''
  ) );
#7993 = PCURVE('',#3145,#7994);
#7994 = DEFINITIONAL_REPRESENTATION('',(#7995),#7999);
#7995 = LINE('',#7996,#7997);
#7996 = CARTESIAN_POINT('',(0.,1.4));
#7997 = VECTOR('',#7998,1.);
#7998 = DIRECTION('',(1.,0.));
#7999 = ( GEOMETRIC_REPRESENTATION_CONTEXT(2) 
PARAMETRIC_REPRESENTATION_CONTEXT() REPRESENTATION_CONTEXT('2D SPACE',''
  ) );
#8000 = ORIENTED_EDGE('',*,*,#3156,.F.);
#8001 = ADVANCED_FACE('',(#8002),#3119,.F.);
#8002 = FACE_BOUND('',#8003,.F.);
#8003 = EDGE_LOOP('',(#8004,#8005,#8028,#8049));
#8004 = ORIENTED_EDGE('',*,*,#7931,.F.);
#8005 = ORIENTED_EDGE('',*,*,#8006,.T.);
#8006 = EDGE_CURVE('',#7904,#8007,#8009,.T.);
#8007 = VERTEX_POINT('',#8008);
#8008 = CARTESIAN_POINT('',(4.1,84.1,33.3));
#8009 = SURFACE_CURVE('',#8010,(#8014,#8021),.PCURVE_S1.);
#8010 = LINE('',#8011,#8012);
#8011 = CARTESIAN_POINT('',(4.1,83.,33.3));
#8012 = VECTOR('',#8013,1.);
#8013 = DIRECTION('',(-0.,1.,0.));
#8014 = PCURVE('',#3119,#8015);
#8015 = DEFINITIONAL_REPRESENTATION('',(#8016),#8020);
#8016 = LINE('',#8017,#8018);
#8017 = CARTESIAN_POINT('',(0.,0.));
#8018 = VECTOR('',#8019,1.);
#8019 = DIRECTION('',(0.,-1.));
#8020 = ( GEOMETRIC_REPRESENTATION_CONTEXT(2) 
PARAMETRIC_REPRESENTATION_CONTEXT() REPRESENTATION_CONTEXT('2D SPACE',''
  ) );
#8021 = PCURVE('',#7919,#8022);
#8022 = DEFINITIONAL_REPRESENTATION('',(#8023),#8027);
#8023 = LINE('',#8024,#8025);
#8024 = CARTESIAN_POINT('',(0.,0.));
#8025 = VECTOR('',#8026,1.);
#8026 = DIRECTION('',(0.,1.));
#8027 = ( GEOMETRIC_REPRESENTATION_CONTEXT(2) 
PARAMETRIC_REPRESENTATION_CONTEXT() REPRESENTATION_CONTEXT('2D SPACE',''
  ) );
#8028 = ORIENTED_EDGE('',*,*,#8029,.T.);
#8029 = EDGE_CURVE('',#8007,#3105,#8030,.T.);
#8030 = SURFACE_CURVE('',#8031,(#8035,#8042),.PCURVE_S1.);
#8031 = LINE('',#8032,#8033);
#8032 = CARTESIAN_POINT('',(4.1,84.1,33.3));
#8033 = VECTOR('',#8034,1.);
#8034 = DIRECTION('',(0.,0.,1.));
#8035 = PCURVE('',#3119,#8036);
#8036 = DEFINITIONAL_REPRESENTATION('',(#8037),#8041);
#8037 = LINE('',#8038,#8039);
#8038 = CARTESIAN_POINT('',(0.,-1.1));
#8039 = VECTOR('',#8040,1.);
#8040 = DIRECTION('',(1.,0.));
#8041 = ( GEOMETRIC_REPRESENTATION_CONTEXT(2) 
PARAMETRIC_REPRESENTATION_CONTEXT() REPRESENTATION_CONTEXT('2D SPACE',''
  ) );
#8042 = PCURVE('',#3145,#8043);
#8043 = DEFINITIONAL_REPRESENTATION('',(#8044),#8048);
#8044 = LINE('',#8045,#8046);
#8045 = CARTESIAN_POINT('',(0.,0.));
#8046 = VECTOR('',#8047,1.);
#8047 = DIRECTION('',(1.,0.));
#8048 = ( GEOMETRIC_REPRESENTATION_CONTEXT(2) 
PARAMETRIC_REPRESENTATION_CONTEXT() REPRESENTATION_CONTEXT('2D SPACE',''
  ) );
#8049 = ORIENTED_EDGE('',*,*,#3104,.F.);
#8050 = ADVANCED_FACE('',(#8051),#3145,.T.);
#8051 = FACE_BOUND('',#8052,.T.);
#8052 = EDGE_LOOP('',(#8053,#8054,#8075,#8076));
#8053 = ORIENTED_EDGE('',*,*,#7980,.F.);
#8054 = ORIENTED_EDGE('',*,*,#8055,.F.);
#8055 = EDGE_CURVE('',#8007,#7958,#8056,.T.);
#8056 = SURFACE_CURVE('',#8057,(#8061,#8068),.PCURVE_S1.);
#8057 = LINE('',#8058,#8059);
#8058 = CARTESIAN_POINT('',(4.1,84.1,33.3));
#8059 = VECTOR('',#8060,1.);
#8060 = DIRECTION('',(1.,0.,-0.));
#8061 = PCURVE('',#3145,#8062);
#8062 = DEFINITIONAL_REPRESENTATION('',(#8063),#8067);
#8063 = LINE('',#8064,#8065);
#8064 = CARTESIAN_POINT('',(0.,0.));
#8065 = VECTOR('',#8066,1.);
#8066 = DIRECTION('',(0.,1.));
#8067 = ( GEOMETRIC_REPRESENTATION_CONTEXT(2) 
PARAMETRIC_REPRESENTATION_CONTEXT() REPRESENTATION_CONTEXT('2D SPACE',''
  ) );
#8068 = PCURVE('',#7919,#8069);
#8069 = DEFINITIONAL_REPRESENTATION('',(#8070),#8074);
#8070 = LINE('',#8071,#8072);
#8071 = CARTESIAN_POINT('',(0.,1.1));
#8072 = VECTOR('',#8073,1.);
#8073 = DIRECTION('',(1.,0.));
#8074 = ( GEOMETRIC_REPRESENTATION_CONTEXT(2) 
PARAMETRIC_REPRESENTATION_CONTEXT() REPRESENTATION_CONTEXT('2D SPACE',''
  ) );
#8075 = ORIENTED_EDGE('',*,*,#8029,.T.);
#8076 = ORIENTED_EDGE('',*,*,#3130,.F.);
#8077 = ADVANCED_FACE('',(#8078),#4487,.F.);
#8078 = FACE_BOUND('',#8079,.F.);
#8079 = EDGE_LOOP('',(#8080,#8081,#8082,#8083));
#8080 = ORIENTED_EDGE('',*,*,#4574,.F.);
#8081 = ORIENTED_EDGE('',*,*,#4471,.T.);
#8082 = ORIENTED_EDGE('',*,*,#4525,.T.);
#8083 = ORIENTED_EDGE('',*,*,#4623,.F.);
#8084 = ADVANCED_FACE('',(#8085),#4668,.F.);
#8085 = FACE_BOUND('',#8086,.F.);
#8086 = EDGE_LOOP('',(#8087,#8088,#8089,#8090,#8091,#8092,#8093,#8094));
#8087 = ORIENTED_EDGE('',*,*,#4776,.F.);
#8088 = ORIENTED_EDGE('',*,*,#4875,.T.);
#8089 = ORIENTED_EDGE('',*,*,#4999,.F.);
#8090 = ORIENTED_EDGE('',*,*,#5024,.T.);
#8091 = ORIENTED_EDGE('',*,*,#4927,.T.);
#8092 = ORIENTED_EDGE('',*,*,#4825,.T.);
#8093 = ORIENTED_EDGE('',*,*,#4751,.F.);
#8094 = ORIENTED_EDGE('',*,*,#4649,.T.);
#8095 = ADVANCED_FACE('',(#8096),#5071,.F.);
#8096 = FACE_BOUND('',#8097,.F.);
#8097 = EDGE_LOOP('',(#8098,#8099,#8100,#8101,#8102,#8103,#8104,#8105,
    #8106,#8107,#8108,#8109,#8110));
#8098 = ORIENTED_EDGE('',*,*,#5626,.F.);
#8099 = ORIENTED_EDGE('',*,*,#5528,.T.);
#8100 = ORIENTED_EDGE('',*,*,#5431,.T.);
#8101 = ORIENTED_EDGE('',*,*,#5332,.F.);
#8102 = ORIENTED_EDGE('',*,*,#5228,.T.);
#8103 = ORIENTED_EDGE('',*,*,#5133,.F.);
#8104 = ORIENTED_EDGE('',*,*,#5052,.T.);
#8105 = ORIENTED_EDGE('',*,*,#5179,.T.);
#8106 = ORIENTED_EDGE('',*,*,#5278,.T.);
#8107 = ORIENTED_EDGE('',*,*,#5381,.F.);
#8108 = ORIENTED_EDGE('',*,*,#5481,.T.);
#8109 = ORIENTED_EDGE('',*,*,#5601,.F.);
#8110 = ORIENTED_EDGE('',*,*,#5675,.T.);
#8111 = ADVANCED_FACE('',(#8112),#5742,.F.);
#8112 = FACE_BOUND('',#8113,.F.);
#8113 = EDGE_LOOP('',(#8114,#8115,#8116,#8117));
#8114 = ORIENTED_EDGE('',*,*,#5829,.F.);
#8115 = ORIENTED_EDGE('',*,*,#5726,.T.);
#8116 = ORIENTED_EDGE('',*,*,#5780,.T.);
#8117 = ORIENTED_EDGE('',*,*,#5878,.F.);
#8118 = ADVANCED_FACE('',(#8119),#6166,.F.);
#8119 = FACE_BOUND('',#8120,.F.);
#8120 = EDGE_LOOP('',(#8121,#8122,#8123,#8124,#8125,#8126,#8127,#8128,
    #8129,#8130,#8131,#8132,#8133));
#8121 = ORIENTED_EDGE('',*,*,#6369,.T.);
#8122 = ORIENTED_EDGE('',*,*,#6273,.F.);
#8123 = ORIENTED_EDGE('',*,*,#6147,.T.);
#8124 = ORIENTED_EDGE('',*,*,#6222,.T.);
#8125 = ORIENTED_EDGE('',*,*,#6319,.T.);
#8126 = ORIENTED_EDGE('',*,*,#6423,.T.);
#8127 = ORIENTED_EDGE('',*,*,#6522,.T.);
#8128 = ORIENTED_EDGE('',*,*,#6625,.T.);
#8129 = ORIENTED_EDGE('',*,*,#6746,.F.);
#8130 = ORIENTED_EDGE('',*,*,#6771,.F.);
#8131 = ORIENTED_EDGE('',*,*,#6673,.F.);
#8132 = ORIENTED_EDGE('',*,*,#6571,.T.);
#8133 = ORIENTED_EDGE('',*,*,#6473,.F.);
#8134 = ADVANCED_FACE('',(#8135),#7060,.F.);
#8135 = FACE_BOUND('',#8136,.F.);
#8136 = EDGE_LOOP('',(#8137,#8138,#8139,#8140,#8141,#8142,#8143,#8144));
#8137 = ORIENTED_EDGE('',*,*,#7167,.F.);
#8138 = ORIENTED_EDGE('',*,*,#7041,.T.);
#8139 = ORIENTED_EDGE('',*,*,#7116,.F.);
#8140 = ORIENTED_EDGE('',*,*,#7213,.T.);
#8141 = ORIENTED_EDGE('',*,*,#7333,.F.);
#8142 = ORIENTED_EDGE('',*,*,#7408,.F.);
#8143 = ORIENTED_EDGE('',*,*,#7359,.T.);
#8144 = ORIENTED_EDGE('',*,*,#7261,.F.);
#8145 = ADVANCED_FACE('',(#8146),#7475,.F.);
#8146 = FACE_BOUND('',#8147,.F.);
#8147 = EDGE_LOOP('',(#8148,#8149,#8150,#8151));
#8148 = ORIENTED_EDGE('',*,*,#7562,.F.);
#8149 = ORIENTED_EDGE('',*,*,#7459,.T.);
#8150 = ORIENTED_EDGE('',*,*,#7513,.T.);
#8151 = ORIENTED_EDGE('',*,*,#7611,.F.);
#8152 = ADVANCED_FACE('',(#8153),#7919,.F.);
#8153 = FACE_BOUND('',#8154,.F.);
#8154 = EDGE_LOOP('',(#8155,#8156,#8157,#8158));
#8155 = ORIENTED_EDGE('',*,*,#8006,.F.);
#8156 = ORIENTED_EDGE('',*,*,#7903,.T.);
#8157 = ORIENTED_EDGE('',*,*,#7957,.T.);
#8158 = ORIENTED_EDGE('',*,*,#8055,.F.);
#8159 = ( GEOMETRIC_REPRESENTATION_CONTEXT(3) 
GLOBAL_UNCERTAINTY_ASSIGNED_CONTEXT((#8163)) 
GLOBAL_UNIT_ASSIGNED_CONTEXT((#8160,#8161,#8162)) REPRESENTATION_CONTEXT
('Context #1','3D Context with UNIT and UNCERTAINTY') );
#8160 = ( LENGTH_UNIT() NAMED_UNIT(*) SI_UNIT(.MILLI.,.METRE.) );
#8161 = ( NAMED_UNIT(*) PLANE_ANGLE_UNIT() SI_UNIT($,.RADIAN.) );
#8162 = ( NAMED_UNIT(*) SI_UNIT($,.STERADIAN.) SOLID_ANGLE_UNIT() );
#8163 = UNCERTAINTY_MEASURE_WITH_UNIT(LENGTH_MEASURE(2.E-07),#8160,
  'distance_accuracy_value','confusion accuracy');
#8164 = CONTEXT_DEPENDENT_SHAPE_REPRESENTATION(#8165,#8167);
#8165 = ( REPRESENTATION_RELATIONSHIP('','',#32,#10) 
REPRESENTATION_RELATIONSHIP_WITH_TRANSFORMATION(#8166) 
SHAPE_REPRESENTATION_RELATIONSHIP() );
#8166 = ITEM_DEFINED_TRANSFORMATION('','',#11,#15);
#8167 = PRODUCT_DEFINITION_SHAPE('Placement','Placement of an item',
  #8168);
#8168 = NEXT_ASSEMBLY_USAGE_OCCURRENCE('1','=>[0:1:1:2]','',#5,#27,$);
#8169 = PRODUCT_RELATED_PRODUCT_CATEGORY('part',$,(#29));
#8170 = MECHANICAL_DESIGN_GEOMETRIC_PRESENTATION_REPRESENTATION('',(
    #8171),#8159);
#8171 = STYLED_ITEM('color',(#8172),#33);
#8172 = PRESENTATION_STYLE_ASSIGNMENT((#8173));
#8173 = SURFACE_STYLE_USAGE(.BOTH.,#8174);
#8174 = SURFACE_SIDE_STYLE('',(#8175));
#8175 = SURFACE_STYLE_FILL_AREA(#8176);
#8176 = FILL_AREA_STYLE('',(#8177));
#8177 = FILL_AREA_STYLE_COLOUR('',#8178);
#8178 = COLOUR_RGB('',0.430000007837,0.460000000054,0.490000003723);
ENDSEC;
END-ISO-10303-21;
