ISO-10303-21;
HEADER;
FILE_DESCRIPTION(('Open CASCADE Model'),'2;1');
FILE_NAME('Open CASCADE Shape Model','2026-09-11T19:02:05',('Author'),(
    'Open CASCADE'),'Open CASCADE STEP processor 7.9','Open CASCADE 7.9'
  ,'Unknown');
FILE_SCHEMA(('AUTOMOTIVE_DESIGN { 1 0 10303 214 1 1 1 1 }'));
ENDSEC;
DATA;
#1 = APPLICATION_PROTOCOL_DEFINITION('international standard',
  'automotive_design',2000,#2);
#2 = APPLICATION_CONTEXT(
  'core data for automotive mechanical design processes');
#3 = SHAPE_DEFINITION_REPRESENTATION(#4,#10);
#4 = PRODUCT_DEFINITION_SHAPE('','',#5);
#5 = PRODUCT_DEFINITION('design','',#6,#9);
#6 = PRODUCT_DEFINITION_FORMATION('','',#7);
#7 = PRODUCT('piku_bunny_body','piku_bunny_body','',(#8));
#8 = PRODUCT_CONTEXT('',#2,'mechanical');
#9 = PRODUCT_DEFINITION_CONTEXT('part definition',#2,'design');
#10 = ADVANCED_BREP_SHAPE_REPRESENTATION('',(#11,#15),#15195);
#11 = AXIS2_PLACEMENT_3D('',#12,#13,#14);
#12 = CARTESIAN_POINT('',(0.,0.,0.));
#13 = DIRECTION('',(0.,0.,1.));
#14 = DIRECTION('',(1.,0.,-0.));
#15 = MANIFOLD_SOLID_BREP('',#16);
#16 = CLOSED_SHELL('',(#17,#3226,#3300,#3354,#3451,#3504,#3592,#3704,
    #3925,#4294,#4343,#4368,#4421,#4471,#4525,#4578,#4631,#4685,#4739,
    #4792,#4915,#4969,#5113,#5166,#5219,#5331,#5612,#5792,#5840,#5889,
    #5943,#5996,#6049,#6103,#6157,#6210,#6263,#6317,#6406,#6459,#6549,
    #6695,#6748,#6783,#6938,#7264,#7400,#7449,#7498,#7551,#7604,#7637,
    #7713,#7763,#7813,#7862,#7911,#7961,#8011,#8038,#8114,#8164,#8214,
    #8263,#8312,#8362,#8412,#8439,#8513,#8567,#8621,#8668,#8715,#8769,
    #8823,#8848,#8924,#8974,#9024,#9073,#9122,#9172,#9222,#9249,#9325,
    #9375,#9424,#9474,#9523,#9573,#9622,#9650,#9726,#9776,#9826,#9875,
    #9924,#9974,#10024,#10051,#10127,#10177,#10227,#10276,#10325,#10375,
    #10425,#10452,#10528,#10582,#10635,#10684,#10782,#10835,#10911,
    #11010,#11086,#11296,#11345,#11395,#11444,#11493,#11543,#11593,
    #11642,#11670,#11720,#11790,#11839,#11845,#11920,#12019,#12137,
    #12163,#12213,#12263,#12312,#12362,#12412,#12461,#12510,#12560,
    #12589,#12638,#12687,#12767,#12977,#13044,#13099,#13148,#13197,
    #13229,#13240,#13251,#13636,#13647,#13658,#13669,#13680,#13690,
    #14120,#14130,#14141,#14169,#14174,#14184,#14195,#14205,#14233,
    #14238,#14285,#14363,#14417,#14493,#14520,#14545,#14570,#14597,
    #14624,#14649,#14674,#14681,#14736,#14791,#14823,#14899,#15004,
    #15053,#15057,#15061,#15134,#15161,#15188));
#17 = ADVANCED_FACE('',(#18,#1560,#1798,#2036,#2274,#2512,#2750,#2988),
  #32,.F.);
#18 = FACE_BOUND('',#19,.F.);
#19 = EDGE_LOOP('',(#20,#55,#88,#116,#149,#182,#210,#243,#271,#304,#332,
    #365,#393,#426,#454,#487,#515,#548,#576,#609,#637,#670,#698,#731,
    #764,#792,#825,#853,#886,#914,#947,#980,#1008,#1041,#1069,#1102,
    #1130,#1163,#1191,#1224,#1252,#1285,#1313,#1346,#1374,#1407,#1435,
    #1468,#1501,#1529));
#20 = ORIENTED_EDGE('',*,*,#21,.F.);
#21 = EDGE_CURVE('',#22,#24,#26,.T.);
#22 = VERTEX_POINT('',#23);
#23 = CARTESIAN_POINT('',(-26.28665048868,-5.866715720499,
    -2.22044604925E-16));
#24 = VERTEX_POINT('',#25);
#25 = CARTESIAN_POINT('',(-24.37074512355,2.983468053104E-02,
    -2.22044604925E-16));
#26 = SURFACE_CURVE('',#27,(#31,#43),.PCURVE_S1.);
#27 = LINE('',#28,#29);
#28 = CARTESIAN_POINT('',(-26.28665048868,-5.866715720499,
    -2.22044604925E-16));
#29 = VECTOR('',#30,1.);
#30 = DIRECTION('',(0.309016994375,0.951056516295,0.));
#31 = PCURVE('',#32,#37);
#32 = PLANE('',#33);
#33 = AXIS2_PLACEMENT_3D('',#34,#35,#36);
#34 = CARTESIAN_POINT('',(-4.401982376383E-10,-1.168974250944E-09,0.));
#35 = DIRECTION('',(0.,0.,1.));
#36 = DIRECTION('',(1.,0.,0.));
#37 = DEFINITIONAL_REPRESENTATION('',(#38),#42);
#38 = LINE('',#39,#40);
#39 = CARTESIAN_POINT('',(-26.28665048824,-5.86671571933));
#40 = VECTOR('',#41,1.);
#41 = DIRECTION('',(0.309016994375,0.951056516295));
#42 = ( GEOMETRIC_REPRESENTATION_CONTEXT(2) 
PARAMETRIC_REPRESENTATION_CONTEXT() REPRESENTATION_CONTEXT('2D SPACE',''
  ) );
#43 = PCURVE('',#44,#49);
#44 = CYLINDRICAL_SURFACE('',#45,1.);
#45 = AXIS2_PLACEMENT_3D('',#46,#47,#48);
#46 = CARTESIAN_POINT('',(-26.28665048868,-5.866715720499,1.));
#47 = DIRECTION('',(0.309016994375,0.951056516295,0.));
#48 = DIRECTION('',(-0.951056516295,0.309016994375,0.));
#49 = DEFINITIONAL_REPRESENTATION('',(#50),#54);
#50 = LINE('',#51,#52);
#51 = CARTESIAN_POINT('',(-1.570796326795,0.));
#52 = VECTOR('',#53,1.);
#53 = DIRECTION('',(-0.,1.));
#54 = ( GEOMETRIC_REPRESENTATION_CONTEXT(2) 
PARAMETRIC_REPRESENTATION_CONTEXT() REPRESENTATION_CONTEXT('2D SPACE',''
  ) );
#55 = ORIENTED_EDGE('',*,*,#56,.F.);
#56 = EDGE_CURVE('',#57,#22,#59,.T.);
#57 = VERTEX_POINT('',#58);
#58 = CARTESIAN_POINT('',(-24.10371611597,-10.15096565618,
    -2.22044604925E-16));
#59 = SURFACE_CURVE('',#60,(#65,#76),.PCURVE_S1.);
#60 = CIRCLE('',#61,3.4);
#61 = AXIS2_PLACEMENT_3D('',#62,#63,#64);
#62 = CARTESIAN_POINT('',(-23.0530583351,-6.917373500781,0.));
#63 = DIRECTION('',(0.,-0.,-1.));
#64 = DIRECTION('',(-0.309016994375,-0.951056516295,0.));
#65 = PCURVE('',#32,#66);
#66 = DEFINITIONAL_REPRESENTATION('',(#67),#75);
#67 = ( BOUNDED_CURVE() B_SPLINE_CURVE(2,(#68,#69,#70,#71,#72,#73,#74),
.UNSPECIFIED.,.T.,.F.) B_SPLINE_CURVE_WITH_KNOTS((1,2,2,2,2,1),(
    -2.094395102393,0.,2.094395102393,4.188790204786,6.28318530718,
8.377580409573),.UNSPECIFIED.) CURVE() GEOMETRIC_REPRESENTATION_ITEM() 
RATIONAL_B_SPLINE_CURVE((1.,0.5,1.,0.5,1.,0.5,1.)) REPRESENTATION_ITEM(
  '') );
#68 = CARTESIAN_POINT('',(-24.10371611553,-10.15096565501));
#69 = CARTESIAN_POINT('',(-29.70446201965,-8.331172997173));
#70 = CARTESIAN_POINT('',(-25.32810239628,-4.390681092989));
#71 = CARTESIAN_POINT('',(-20.95174277291,-0.450189188805));
#72 = CARTESIAN_POINT('',(-19.72735649216,-6.210473750832));
#73 = CARTESIAN_POINT('',(-18.50297021142,-11.97075831285));
#74 = CARTESIAN_POINT('',(-24.10371611553,-10.15096565501));
#75 = ( GEOMETRIC_REPRESENTATION_CONTEXT(2) 
PARAMETRIC_REPRESENTATION_CONTEXT() REPRESENTATION_CONTEXT('2D SPACE',''
  ) );
#76 = PCURVE('',#77,#82);
#77 = TOROIDAL_SURFACE('',#78,3.4,1.);
#78 = AXIS2_PLACEMENT_3D('',#79,#80,#81);
#79 = CARTESIAN_POINT('',(-23.0530583351,-6.917373500781,1.));
#80 = DIRECTION('',(0.,-0.,-1.));
#81 = DIRECTION('',(-0.309016994375,-0.951056516295,0.));
#82 = DEFINITIONAL_REPRESENTATION('',(#83),#87);
#83 = LINE('',#84,#85);
#84 = CARTESIAN_POINT('',(0.,1.570796326795));
#85 = VECTOR('',#86,1.);
#86 = DIRECTION('',(1.,0.));
#87 = ( GEOMETRIC_REPRESENTATION_CONTEXT(2) 
PARAMETRIC_REPRESENTATION_CONTEXT() REPRESENTATION_CONTEXT('2D SPACE',''
  ) );
#88 = ORIENTED_EDGE('',*,*,#89,.F.);
#89 = EDGE_CURVE('',#90,#57,#92,.T.);
#90 = VERTEX_POINT('',#91);
#91 = CARTESIAN_POINT('',(-23.91350483391,-10.21276904817,0.));
#92 = SURFACE_CURVE('',#93,(#97,#104),.PCURVE_S1.);
#93 = LINE('',#94,#95);
#94 = CARTESIAN_POINT('',(-23.91350483391,-10.21276904817,
    -2.22044604925E-16));
#95 = VECTOR('',#96,1.);
#96 = DIRECTION('',(-0.951056516295,0.309016994375,-0.));
#97 = PCURVE('',#32,#98);
#98 = DEFINITIONAL_REPRESENTATION('',(#99),#103);
#99 = LINE('',#100,#101);
#100 = CARTESIAN_POINT('',(-23.91350483347,-10.212769047));
#101 = VECTOR('',#102,1.);
#102 = DIRECTION('',(-0.951056516295,0.309016994375));
#103 = ( GEOMETRIC_REPRESENTATION_CONTEXT(2) 
PARAMETRIC_REPRESENTATION_CONTEXT() REPRESENTATION_CONTEXT('2D SPACE',''
  ) );
#104 = PCURVE('',#105,#110);
#105 = CYLINDRICAL_SURFACE('',#106,1.);
#106 = AXIS2_PLACEMENT_3D('',#107,#108,#109);
#107 = CARTESIAN_POINT('',(-23.91350483391,-10.21276904817,1.));
#108 = DIRECTION('',(-0.951056516295,0.309016994375,-0.));
#109 = DIRECTION('',(-0.309016994375,-0.951056516295,-0.));
#110 = DEFINITIONAL_REPRESENTATION('',(#111),#115);
#111 = LINE('',#112,#113);
#112 = CARTESIAN_POINT('',(-1.570796326795,0.));
#113 = VECTOR('',#114,1.);
#114 = DIRECTION('',(-0.,1.));
#115 = ( GEOMETRIC_REPRESENTATION_CONTEXT(2) 
PARAMETRIC_REPRESENTATION_CONTEXT() REPRESENTATION_CONTEXT('2D SPACE',''
  ) );
#116 = ORIENTED_EDGE('',*,*,#117,.F.);
#117 = EDGE_CURVE('',#118,#90,#120,.T.);
#118 = VERTEX_POINT('',#119);
#119 = CARTESIAN_POINT('',(-21.90812519357,-10.24238178536,0.));
#120 = SURFACE_CURVE('',#121,(#126,#137),.PCURVE_S1.);
#121 = CIRCLE('',#122,3.4);
#122 = AXIS2_PLACEMENT_3D('',#123,#124,#125);
#123 = CARTESIAN_POINT('',(-22.86284705304,-6.979176892768,0.));
#124 = DIRECTION('',(0.,-0.,-1.));
#125 = DIRECTION('',(0.951056516295,-0.309016994375,0.));
#126 = PCURVE('',#32,#127);
#127 = DEFINITIONAL_REPRESENTATION('',(#128),#136);
#128 = ( BOUNDED_CURVE() B_SPLINE_CURVE(2,(#129,#130,#131,#132,#133,#134
,#135),.UNSPECIFIED.,.T.,.F.) B_SPLINE_CURVE_WITH_KNOTS((1,2,2,2,2,1),(
    -2.094395102393,0.,2.094395102393,4.188790204786,6.28318530718,
8.377580409573),.UNSPECIFIED.) CURVE() GEOMETRIC_REPRESENTATION_ITEM() 
RATIONAL_B_SPLINE_CURVE((1.,0.5,1.,0.5,1.,0.5,1.)) REPRESENTATION_ITEM(
  '') );
#129 = CARTESIAN_POINT('',(-19.6292548972,-8.029834672474));
#130 = CARTESIAN_POINT('',(-21.44904755504,-13.63058057658));
#131 = CARTESIAN_POINT('',(-25.38953945922,-9.254220953219));
#132 = CARTESIAN_POINT('',(-29.33003136341,-4.877861329849));
#133 = CARTESIAN_POINT('',(-23.56974680138,-3.653475049104));
#134 = CARTESIAN_POINT('',(-17.80946223935,-2.429088768359));
#135 = CARTESIAN_POINT('',(-19.6292548972,-8.029834672474));
#136 = ( GEOMETRIC_REPRESENTATION_CONTEXT(2) 
PARAMETRIC_REPRESENTATION_CONTEXT() REPRESENTATION_CONTEXT('2D SPACE',''
  ) );
#137 = PCURVE('',#138,#143);
#138 = TOROIDAL_SURFACE('',#139,3.4,1.);
#139 = AXIS2_PLACEMENT_3D('',#140,#141,#142);
#140 = CARTESIAN_POINT('',(-22.86284705304,-6.979176892768,1.));
#141 = DIRECTION('',(0.,-0.,-1.));
#142 = DIRECTION('',(0.951056516295,-0.309016994375,0.));
#143 = DEFINITIONAL_REPRESENTATION('',(#144),#148);
#144 = LINE('',#145,#146);
#145 = CARTESIAN_POINT('',(0.,1.570796326795));
#146 = VECTOR('',#147,1.);
#147 = DIRECTION('',(1.,0.));
#148 = ( GEOMETRIC_REPRESENTATION_CONTEXT(2) 
PARAMETRIC_REPRESENTATION_CONTEXT() REPRESENTATION_CONTEXT('2D SPACE',''
  ) );
#149 = ORIENTED_EDGE('',*,*,#150,.F.);
#150 = EDGE_CURVE('',#151,#118,#153,.T.);
#151 = VERTEX_POINT('',#152);
#152 = CARTESIAN_POINT('',(-12.47722560697,-20.49999998794,
    -1.110223024625E-16));
#153 = SURFACE_CURVE('',#154,(#159,#170),.PCURVE_S1.);
#154 = CIRCLE('',#155,15.5);
#155 = AXIS2_PLACEMENT_3D('',#156,#157,#158);
#156 = CARTESIAN_POINT('',(-7.,-6.,0.));
#157 = DIRECTION('',(-0.,0.,-1.));
#158 = DIRECTION('',(-2.089831575765E-16,-1.,0.));
#159 = PCURVE('',#32,#160);
#160 = DEFINITIONAL_REPRESENTATION('',(#161),#169);
#161 = ( BOUNDED_CURVE() B_SPLINE_CURVE(2,(#162,#163,#164,#165,#166,#167
,#168),.UNSPECIFIED.,.T.,.F.) B_SPLINE_CURVE_WITH_KNOTS((1,2,2,2,2,1),(
    -2.094395102393,0.,2.094395102393,4.188790204786,6.28318530718,
8.377580409573),.UNSPECIFIED.) CURVE() GEOMETRIC_REPRESENTATION_ITEM() 
RATIONAL_B_SPLINE_CURVE((1.,0.5,1.,0.5,1.,0.5,1.)) REPRESENTATION_ITEM(
  '') );
#162 = CARTESIAN_POINT('',(-6.99999999956,-21.49999999883));
#163 = CARTESIAN_POINT('',(-33.84678751687,-21.49999999883));
#164 = CARTESIAN_POINT('',(-20.42339375821,1.750000001169));
#165 = CARTESIAN_POINT('',(-6.99999999956,25.000000001169));
#166 = CARTESIAN_POINT('',(6.423393759099,1.750000001169));
#167 = CARTESIAN_POINT('',(19.846787517758,-21.49999999883));
#168 = CARTESIAN_POINT('',(-6.99999999956,-21.49999999883));
#169 = ( GEOMETRIC_REPRESENTATION_CONTEXT(2) 
PARAMETRIC_REPRESENTATION_CONTEXT() REPRESENTATION_CONTEXT('2D SPACE',''
  ) );
#170 = PCURVE('',#171,#176);
#171 = TOROIDAL_SURFACE('',#172,15.5,1.5);
#172 = AXIS2_PLACEMENT_3D('',#173,#174,#175);
#173 = CARTESIAN_POINT('',(-7.,-6.,1.5));
#174 = DIRECTION('',(-0.,-0.,-1.));
#175 = DIRECTION('',(-2.089831575765E-16,-1.,0.));
#176 = DEFINITIONAL_REPRESENTATION('',(#177),#181);
#177 = LINE('',#178,#179);
#178 = CARTESIAN_POINT('',(0.,1.570796326795));
#179 = VECTOR('',#180,1.);
#180 = DIRECTION('',(1.,0.));
#181 = ( GEOMETRIC_REPRESENTATION_CONTEXT(2) 
PARAMETRIC_REPRESENTATION_CONTEXT() REPRESENTATION_CONTEXT('2D SPACE',''
  ) );
#182 = ORIENTED_EDGE('',*,*,#183,.F.);
#183 = EDGE_CURVE('',#184,#151,#186,.T.);
#184 = VERTEX_POINT('',#185);
#185 = CARTESIAN_POINT('',(-12.5,-20.50000004713,0.));
#186 = SURFACE_CURVE('',#187,(#191,#198),.PCURVE_S1.);
#187 = LINE('',#188,#189);
#188 = CARTESIAN_POINT('',(-12.5,-20.49999998794,-2.22044604925E-16));
#189 = VECTOR('',#190,1.);
#190 = DIRECTION('',(1.,0.,0.));
#191 = PCURVE('',#32,#192);
#192 = DEFINITIONAL_REPRESENTATION('',(#193),#197);
#193 = LINE('',#194,#195);
#194 = CARTESIAN_POINT('',(-12.49999999956,-20.49999998677));
#195 = VECTOR('',#196,1.);
#196 = DIRECTION('',(1.,0.));
#197 = ( GEOMETRIC_REPRESENTATION_CONTEXT(2) 
PARAMETRIC_REPRESENTATION_CONTEXT() REPRESENTATION_CONTEXT('2D SPACE',''
  ) );
#198 = PCURVE('',#199,#204);
#199 = CYLINDRICAL_SURFACE('',#200,1.);
#200 = AXIS2_PLACEMENT_3D('',#201,#202,#203);
#201 = CARTESIAN_POINT('',(-12.5,-20.49999998794,1.));
#202 = DIRECTION('',(1.,0.,0.));
#203 = DIRECTION('',(-0.,1.,0.));
#204 = DEFINITIONAL_REPRESENTATION('',(#205),#209);
#205 = LINE('',#206,#207);
#206 = CARTESIAN_POINT('',(-1.570796326795,0.));
#207 = VECTOR('',#208,1.);
#208 = DIRECTION('',(-0.,1.));
#209 = ( GEOMETRIC_REPRESENTATION_CONTEXT(2) 
PARAMETRIC_REPRESENTATION_CONTEXT() REPRESENTATION_CONTEXT('2D SPACE',''
  ) );
#210 = ORIENTED_EDGE('',*,*,#211,.F.);
#211 = EDGE_CURVE('',#212,#184,#214,.T.);
#212 = VERTEX_POINT('',#213);
#213 = CARTESIAN_POINT('',(-15.,-23.00000004713,-2.22044604925E-16));
#214 = SURFACE_CURVE('',#215,(#220,#231),.PCURVE_S1.);
#215 = CIRCLE('',#216,2.5);
#216 = AXIS2_PLACEMENT_3D('',#217,#218,#219);
#217 = CARTESIAN_POINT('',(-12.5,-23.00000004713,0.));
#218 = DIRECTION('',(-0.,0.,-1.));
#219 = DIRECTION('',(-1.,0.,0.));
#220 = PCURVE('',#32,#221);
#221 = DEFINITIONAL_REPRESENTATION('',(#222),#230);
#222 = ( BOUNDED_CURVE() B_SPLINE_CURVE(2,(#223,#224,#225,#226,#227,#228
,#229),.UNSPECIFIED.,.T.,.F.) B_SPLINE_CURVE_WITH_KNOTS((1,2,2,2,2,1),(
    -2.094395102393,0.,2.094395102393,4.188790204786,6.28318530718,
8.377580409573),.UNSPECIFIED.) CURVE() GEOMETRIC_REPRESENTATION_ITEM() 
RATIONAL_B_SPLINE_CURVE((1.,0.5,1.,0.5,1.,0.5,1.)) REPRESENTATION_ITEM(
  '') );
#223 = CARTESIAN_POINT('',(-14.99999999956,-23.00000004596));
#224 = CARTESIAN_POINT('',(-14.99999999956,-18.66987302704));
#225 = CARTESIAN_POINT('',(-11.24999999956,-20.8349365365));
#226 = CARTESIAN_POINT('',(-7.49999999956,-23.00000004596));
#227 = CARTESIAN_POINT('',(-11.24999999956,-25.16506355542));
#228 = CARTESIAN_POINT('',(-14.99999999956,-27.33012706489));
#229 = CARTESIAN_POINT('',(-14.99999999956,-23.00000004596));
#230 = ( GEOMETRIC_REPRESENTATION_CONTEXT(2) 
PARAMETRIC_REPRESENTATION_CONTEXT() REPRESENTATION_CONTEXT('2D SPACE',''
  ) );
#231 = PCURVE('',#232,#237);
#232 = TOROIDAL_SURFACE('',#233,2.5,1.);
#233 = AXIS2_PLACEMENT_3D('',#234,#235,#236);
#234 = CARTESIAN_POINT('',(-12.5,-23.00000004713,1.));
#235 = DIRECTION('',(-0.,-0.,-1.));
#236 = DIRECTION('',(-1.,0.,0.));
#237 = DEFINITIONAL_REPRESENTATION('',(#238),#242);
#238 = LINE('',#239,#240);
#239 = CARTESIAN_POINT('',(0.,1.570796326795));
#240 = VECTOR('',#241,1.);
#241 = DIRECTION('',(1.,0.));
#242 = ( GEOMETRIC_REPRESENTATION_CONTEXT(2) 
PARAMETRIC_REPRESENTATION_CONTEXT() REPRESENTATION_CONTEXT('2D SPACE',''
  ) );
#243 = ORIENTED_EDGE('',*,*,#244,.F.);
#244 = EDGE_CURVE('',#245,#212,#247,.T.);
#245 = VERTEX_POINT('',#246);
#246 = CARTESIAN_POINT('',(-15.,-25.00000001205,-2.22044604925E-16));
#247 = SURFACE_CURVE('',#248,(#252,#259),.PCURVE_S1.);
#248 = LINE('',#249,#250);
#249 = CARTESIAN_POINT('',(-15.,-25.00000001205,-2.22044604925E-16));
#250 = VECTOR('',#251,1.);
#251 = DIRECTION('',(0.,1.,0.));
#252 = PCURVE('',#32,#253);
#253 = DEFINITIONAL_REPRESENTATION('',(#254),#258);
#254 = LINE('',#255,#256);
#255 = CARTESIAN_POINT('',(-14.99999999956,-25.00000001089));
#256 = VECTOR('',#257,1.);
#257 = DIRECTION('',(0.,1.));
#258 = ( GEOMETRIC_REPRESENTATION_CONTEXT(2) 
PARAMETRIC_REPRESENTATION_CONTEXT() REPRESENTATION_CONTEXT('2D SPACE',''
  ) );
#259 = PCURVE('',#260,#265);
#260 = CYLINDRICAL_SURFACE('',#261,1.);
#261 = AXIS2_PLACEMENT_3D('',#262,#263,#264);
#262 = CARTESIAN_POINT('',(-15.,-25.00000001205,1.));
#263 = DIRECTION('',(0.,1.,0.));
#264 = DIRECTION('',(-1.,0.,0.));
#265 = DEFINITIONAL_REPRESENTATION('',(#266),#270);
#266 = LINE('',#267,#268);
#267 = CARTESIAN_POINT('',(-1.570796326795,0.));
#268 = VECTOR('',#269,1.);
#269 = DIRECTION('',(-0.,1.));
#270 = ( GEOMETRIC_REPRESENTATION_CONTEXT(2) 
PARAMETRIC_REPRESENTATION_CONTEXT() REPRESENTATION_CONTEXT('2D SPACE',''
  ) );
#271 = ORIENTED_EDGE('',*,*,#272,.F.);
#272 = EDGE_CURVE('',#273,#245,#275,.T.);
#273 = VERTEX_POINT('',#274);
#274 = CARTESIAN_POINT('',(-12.5,-27.49999998794,-2.22044604925E-16));
#275 = SURFACE_CURVE('',#276,(#281,#292),.PCURVE_S1.);
#276 = CIRCLE('',#277,2.5);
#277 = AXIS2_PLACEMENT_3D('',#278,#279,#280);
#278 = CARTESIAN_POINT('',(-12.5,-25.00000001205,0.));
#279 = DIRECTION('',(-0.,-0.,-1.));
#280 = DIRECTION('',(0.,-1.,0.));
#281 = PCURVE('',#32,#282);
#282 = DEFINITIONAL_REPRESENTATION('',(#283),#291);
#283 = ( BOUNDED_CURVE() B_SPLINE_CURVE(2,(#284,#285,#286,#287,#288,#289
,#290),.UNSPECIFIED.,.T.,.F.) B_SPLINE_CURVE_WITH_KNOTS((1,2,2,2,2,1),(
    -2.094395102393,0.,2.094395102393,4.188790204786,6.28318530718,
8.377580409573),.UNSPECIFIED.) CURVE() GEOMETRIC_REPRESENTATION_ITEM() 
RATIONAL_B_SPLINE_CURVE((1.,0.5,1.,0.5,1.,0.5,1.)) REPRESENTATION_ITEM(
  '') );
#284 = CARTESIAN_POINT('',(-12.49999999956,-27.50000001089));
#285 = CARTESIAN_POINT('',(-16.83012701848,-27.50000001089));
#286 = CARTESIAN_POINT('',(-14.66506350902,-23.75000001089));
#287 = CARTESIAN_POINT('',(-12.49999999956,-20.00000001089));
#288 = CARTESIAN_POINT('',(-10.33493649009,-23.75000001089));
#289 = CARTESIAN_POINT('',(-8.169872980638,-27.50000001089));
#290 = CARTESIAN_POINT('',(-12.49999999956,-27.50000001089));
#291 = ( GEOMETRIC_REPRESENTATION_CONTEXT(2) 
PARAMETRIC_REPRESENTATION_CONTEXT() REPRESENTATION_CONTEXT('2D SPACE',''
  ) );
#292 = PCURVE('',#293,#298);
#293 = TOROIDAL_SURFACE('',#294,2.5,1.);
#294 = AXIS2_PLACEMENT_3D('',#295,#296,#297);
#295 = CARTESIAN_POINT('',(-12.5,-25.00000001205,1.));
#296 = DIRECTION('',(-0.,-0.,-1.));
#297 = DIRECTION('',(0.,-1.,0.));
#298 = DEFINITIONAL_REPRESENTATION('',(#299),#303);
#299 = LINE('',#300,#301);
#300 = CARTESIAN_POINT('',(0.,1.570796326795));
#301 = VECTOR('',#302,1.);
#302 = DIRECTION('',(1.,0.));
#303 = ( GEOMETRIC_REPRESENTATION_CONTEXT(2) 
PARAMETRIC_REPRESENTATION_CONTEXT() REPRESENTATION_CONTEXT('2D SPACE',''
  ) );
#304 = ORIENTED_EDGE('',*,*,#305,.F.);
#305 = EDGE_CURVE('',#306,#273,#308,.T.);
#306 = VERTEX_POINT('',#307);
#307 = CARTESIAN_POINT('',(-7.500000053714,-27.49999998794,0.));
#308 = SURFACE_CURVE('',#309,(#313,#320),.PCURVE_S1.);
#309 = LINE('',#310,#311);
#310 = CARTESIAN_POINT('',(-7.500000053714,-27.49999998794,
    -2.22044604925E-16));
#311 = VECTOR('',#312,1.);
#312 = DIRECTION('',(-1.,-0.,-0.));
#313 = PCURVE('',#32,#314);
#314 = DEFINITIONAL_REPRESENTATION('',(#315),#319);
#315 = LINE('',#316,#317);
#316 = CARTESIAN_POINT('',(-7.500000053274,-27.49999998677));
#317 = VECTOR('',#318,1.);
#318 = DIRECTION('',(-1.,0.));
#319 = ( GEOMETRIC_REPRESENTATION_CONTEXT(2) 
PARAMETRIC_REPRESENTATION_CONTEXT() REPRESENTATION_CONTEXT('2D SPACE',''
  ) );
#320 = PCURVE('',#321,#326);
#321 = CYLINDRICAL_SURFACE('',#322,1.);
#322 = AXIS2_PLACEMENT_3D('',#323,#324,#325);
#323 = CARTESIAN_POINT('',(-7.500000053714,-27.49999998794,1.));
#324 = DIRECTION('',(-1.,-0.,-0.));
#325 = DIRECTION('',(0.,-1.,0.));
#326 = DEFINITIONAL_REPRESENTATION('',(#327),#331);
#327 = LINE('',#328,#329);
#328 = CARTESIAN_POINT('',(-1.570796326795,0.));
#329 = VECTOR('',#330,1.);
#330 = DIRECTION('',(-0.,1.));
#331 = ( GEOMETRIC_REPRESENTATION_CONTEXT(2) 
PARAMETRIC_REPRESENTATION_CONTEXT() REPRESENTATION_CONTEXT('2D SPACE',''
  ) );
#332 = ORIENTED_EDGE('',*,*,#333,.F.);
#333 = EDGE_CURVE('',#334,#306,#336,.T.);
#334 = VERTEX_POINT('',#335);
#335 = CARTESIAN_POINT('',(-5.,-24.99999998794,-2.22044604925E-16));
#336 = SURFACE_CURVE('',#337,(#342,#353),.PCURVE_S1.);
#337 = CIRCLE('',#338,2.5);
#338 = AXIS2_PLACEMENT_3D('',#339,#340,#341);
#339 = CARTESIAN_POINT('',(-7.500000053714,-24.99999998794,0.));
#340 = DIRECTION('',(0.,-0.,-1.));
#341 = DIRECTION('',(1.,0.,-0.));
#342 = PCURVE('',#32,#343);
#343 = DEFINITIONAL_REPRESENTATION('',(#344),#352);
#344 = ( BOUNDED_CURVE() B_SPLINE_CURVE(2,(#345,#346,#347,#348,#349,#350
,#351),.UNSPECIFIED.,.T.,.F.) B_SPLINE_CURVE_WITH_KNOTS((1,2,2,2,2,1),(
    -2.094395102393,0.,2.094395102393,4.188790204786,6.28318530718,
8.377580409573),.UNSPECIFIED.) CURVE() GEOMETRIC_REPRESENTATION_ITEM() 
RATIONAL_B_SPLINE_CURVE((1.,0.5,1.,0.5,1.,0.5,1.)) REPRESENTATION_ITEM(
  '') );
#345 = CARTESIAN_POINT('',(-5.000000053274,-24.99999998677));
#346 = CARTESIAN_POINT('',(-5.000000053274,-29.33012700569));
#347 = CARTESIAN_POINT('',(-8.750000053274,-27.16506349623));
#348 = CARTESIAN_POINT('',(-12.50000005327,-24.99999998677));
#349 = CARTESIAN_POINT('',(-8.750000053274,-22.83493647731));
#350 = CARTESIAN_POINT('',(-5.000000053274,-20.66987296785));
#351 = CARTESIAN_POINT('',(-5.000000053274,-24.99999998677));
#352 = ( GEOMETRIC_REPRESENTATION_CONTEXT(2) 
PARAMETRIC_REPRESENTATION_CONTEXT() REPRESENTATION_CONTEXT('2D SPACE',''
  ) );
#353 = PCURVE('',#354,#359);
#354 = TOROIDAL_SURFACE('',#355,2.5,1.);
#355 = AXIS2_PLACEMENT_3D('',#356,#357,#358);
#356 = CARTESIAN_POINT('',(-7.500000053714,-24.99999998794,1.));
#357 = DIRECTION('',(-0.,-0.,-1.));
#358 = DIRECTION('',(1.,0.,-0.));
#359 = DEFINITIONAL_REPRESENTATION('',(#360),#364);
#360 = LINE('',#361,#362);
#361 = CARTESIAN_POINT('',(0.,1.570796326795));
#362 = VECTOR('',#363,1.);
#363 = DIRECTION('',(1.,0.));
#364 = ( GEOMETRIC_REPRESENTATION_CONTEXT(2) 
PARAMETRIC_REPRESENTATION_CONTEXT() REPRESENTATION_CONTEXT('2D SPACE',''
  ) );
#365 = ORIENTED_EDGE('',*,*,#366,.F.);
#366 = EDGE_CURVE('',#367,#334,#369,.T.);
#367 = VERTEX_POINT('',#368);
#368 = CARTESIAN_POINT('',(-5.,-23.00000004713,0.));
#369 = SURFACE_CURVE('',#370,(#374,#381),.PCURVE_S1.);
#370 = LINE('',#371,#372);
#371 = CARTESIAN_POINT('',(-5.,-23.00000004713,-2.22044604925E-16));
#372 = VECTOR('',#373,1.);
#373 = DIRECTION('',(-0.,-1.,-0.));
#374 = PCURVE('',#32,#375);
#375 = DEFINITIONAL_REPRESENTATION('',(#376),#380);
#376 = LINE('',#377,#378);
#377 = CARTESIAN_POINT('',(-4.99999999956,-23.00000004596));
#378 = VECTOR('',#379,1.);
#379 = DIRECTION('',(0.,-1.));
#380 = ( GEOMETRIC_REPRESENTATION_CONTEXT(2) 
PARAMETRIC_REPRESENTATION_CONTEXT() REPRESENTATION_CONTEXT('2D SPACE',''
  ) );
#381 = PCURVE('',#382,#387);
#382 = CYLINDRICAL_SURFACE('',#383,1.);
#383 = AXIS2_PLACEMENT_3D('',#384,#385,#386);
#384 = CARTESIAN_POINT('',(-5.,-23.00000004713,1.));
#385 = DIRECTION('',(-0.,-1.,-0.));
#386 = DIRECTION('',(1.,-0.,0.));
#387 = DEFINITIONAL_REPRESENTATION('',(#388),#392);
#388 = LINE('',#389,#390);
#389 = CARTESIAN_POINT('',(-1.570796326795,0.));
#390 = VECTOR('',#391,1.);
#391 = DIRECTION('',(-0.,1.));
#392 = ( GEOMETRIC_REPRESENTATION_CONTEXT(2) 
PARAMETRIC_REPRESENTATION_CONTEXT() REPRESENTATION_CONTEXT('2D SPACE',''
  ) );
#393 = ORIENTED_EDGE('',*,*,#394,.F.);
#394 = EDGE_CURVE('',#395,#367,#397,.T.);
#395 = VERTEX_POINT('',#396);
#396 = CARTESIAN_POINT('',(-5.500000035352,-21.5,-1.110223024625E-16));
#397 = SURFACE_CURVE('',#398,(#403,#414),.PCURVE_S1.);
#398 = CIRCLE('',#399,2.5);
#399 = AXIS2_PLACEMENT_3D('',#400,#401,#402);
#400 = CARTESIAN_POINT('',(-7.5,-23.00000004713,0.));
#401 = DIRECTION('',(0.,-0.,-1.));
#402 = DIRECTION('',(0.,1.,-0.));
#403 = PCURVE('',#32,#404);
#404 = DEFINITIONAL_REPRESENTATION('',(#405),#413);
#405 = ( BOUNDED_CURVE() B_SPLINE_CURVE(2,(#406,#407,#408,#409,#410,#411
,#412),.UNSPECIFIED.,.T.,.F.) B_SPLINE_CURVE_WITH_KNOTS((1,2,2,2,2,1),(
    -2.094395102393,0.,2.094395102393,4.188790204786,6.28318530718,
8.377580409573),.UNSPECIFIED.) CURVE() GEOMETRIC_REPRESENTATION_ITEM() 
RATIONAL_B_SPLINE_CURVE((1.,0.5,1.,0.5,1.,0.5,1.)) REPRESENTATION_ITEM(
  '') );
#406 = CARTESIAN_POINT('',(-7.49999999956,-20.50000004596));
#407 = CARTESIAN_POINT('',(-3.169872980638,-20.50000004596));
#408 = CARTESIAN_POINT('',(-5.334936490099,-24.25000004596));
#409 = CARTESIAN_POINT('',(-7.49999999956,-28.00000004596));
#410 = CARTESIAN_POINT('',(-9.665063509021,-24.25000004596));
#411 = CARTESIAN_POINT('',(-11.83012701848,-20.50000004596));
#412 = CARTESIAN_POINT('',(-7.49999999956,-20.50000004596));
#413 = ( GEOMETRIC_REPRESENTATION_CONTEXT(2) 
PARAMETRIC_REPRESENTATION_CONTEXT() REPRESENTATION_CONTEXT('2D SPACE',''
  ) );
#414 = PCURVE('',#415,#420);
#415 = TOROIDAL_SURFACE('',#416,2.5,1.);
#416 = AXIS2_PLACEMENT_3D('',#417,#418,#419);
#417 = CARTESIAN_POINT('',(-7.5,-23.00000004713,1.));
#418 = DIRECTION('',(-0.,-0.,-1.));
#419 = DIRECTION('',(0.,1.,-0.));
#420 = DEFINITIONAL_REPRESENTATION('',(#421),#425);
#421 = LINE('',#422,#423);
#422 = CARTESIAN_POINT('',(0.,1.570796326795));
#423 = VECTOR('',#424,1.);
#424 = DIRECTION('',(1.,0.));
#425 = ( GEOMETRIC_REPRESENTATION_CONTEXT(2) 
PARAMETRIC_REPRESENTATION_CONTEXT() REPRESENTATION_CONTEXT('2D SPACE',''
  ) );
#426 = ORIENTED_EDGE('',*,*,#427,.F.);
#427 = EDGE_CURVE('',#428,#395,#430,.T.);
#428 = VERTEX_POINT('',#429);
#429 = CARTESIAN_POINT('',(5.500000035352,-21.5,-1.110223024625E-16));
#430 = SURFACE_CURVE('',#431,(#435,#442),.PCURVE_S1.);
#431 = LINE('',#432,#433);
#432 = CARTESIAN_POINT('',(6.999999997923,-21.5,-2.22044604925E-16));
#433 = VECTOR('',#434,1.);
#434 = DIRECTION('',(-1.,-0.,-0.));
#435 = PCURVE('',#32,#436);
#436 = DEFINITIONAL_REPRESENTATION('',(#437),#441);
#437 = LINE('',#438,#439);
#438 = CARTESIAN_POINT('',(6.999999998363,-21.49999999883));
#439 = VECTOR('',#440,1.);
#440 = DIRECTION('',(-1.,0.));
#441 = ( GEOMETRIC_REPRESENTATION_CONTEXT(2) 
PARAMETRIC_REPRESENTATION_CONTEXT() REPRESENTATION_CONTEXT('2D SPACE',''
  ) );
#442 = PCURVE('',#443,#448);
#443 = CYLINDRICAL_SURFACE('',#444,1.5);
#444 = AXIS2_PLACEMENT_3D('',#445,#446,#447);
#445 = CARTESIAN_POINT('',(6.999999997923,-21.5,1.5));
#446 = DIRECTION('',(-1.,-0.,-0.));
#447 = DIRECTION('',(0.,-1.,0.));
#448 = DEFINITIONAL_REPRESENTATION('',(#449),#453);
#449 = LINE('',#450,#451);
#450 = CARTESIAN_POINT('',(-1.570796326795,0.));
#451 = VECTOR('',#452,1.);
#452 = DIRECTION('',(-0.,1.));
#453 = ( GEOMETRIC_REPRESENTATION_CONTEXT(2) 
PARAMETRIC_REPRESENTATION_CONTEXT() REPRESENTATION_CONTEXT('2D SPACE',''
  ) );
#454 = ORIENTED_EDGE('',*,*,#455,.F.);
#455 = EDGE_CURVE('',#456,#428,#458,.T.);
#456 = VERTEX_POINT('',#457);
#457 = CARTESIAN_POINT('',(5.,-23.00000004713,-2.22044604925E-16));
#458 = SURFACE_CURVE('',#459,(#464,#475),.PCURVE_S1.);
#459 = CIRCLE('',#460,2.5);
#460 = AXIS2_PLACEMENT_3D('',#461,#462,#463);
#461 = CARTESIAN_POINT('',(7.5,-23.00000004713,0.));
#462 = DIRECTION('',(-0.,0.,-1.));
#463 = DIRECTION('',(-1.,0.,0.));
#464 = PCURVE('',#32,#465);
#465 = DEFINITIONAL_REPRESENTATION('',(#466),#474);
#466 = ( BOUNDED_CURVE() B_SPLINE_CURVE(2,(#467,#468,#469,#470,#471,#472
,#473),.UNSPECIFIED.,.T.,.F.) B_SPLINE_CURVE_WITH_KNOTS((1,2,2,2,2,1),(
    -2.094395102393,0.,2.094395102393,4.188790204786,6.28318530718,
8.377580409573),.UNSPECIFIED.) CURVE() GEOMETRIC_REPRESENTATION_ITEM() 
RATIONAL_B_SPLINE_CURVE((1.,0.5,1.,0.5,1.,0.5,1.)) REPRESENTATION_ITEM(
  '') );
#467 = CARTESIAN_POINT('',(5.00000000044,-23.00000004596));
#468 = CARTESIAN_POINT('',(5.00000000044,-18.66987302704));
#469 = CARTESIAN_POINT('',(8.75000000044,-20.8349365365));
#470 = CARTESIAN_POINT('',(12.50000000044,-23.00000004596));
#471 = CARTESIAN_POINT('',(8.75000000044,-25.16506355542));
#472 = CARTESIAN_POINT('',(5.00000000044,-27.33012706489));
#473 = CARTESIAN_POINT('',(5.00000000044,-23.00000004596));
#474 = ( GEOMETRIC_REPRESENTATION_CONTEXT(2) 
PARAMETRIC_REPRESENTATION_CONTEXT() REPRESENTATION_CONTEXT('2D SPACE',''
  ) );
#475 = PCURVE('',#476,#481);
#476 = TOROIDAL_SURFACE('',#477,2.5,1.);
#477 = AXIS2_PLACEMENT_3D('',#478,#479,#480);
#478 = CARTESIAN_POINT('',(7.5,-23.00000004713,1.));
#479 = DIRECTION('',(-0.,-0.,-1.));
#480 = DIRECTION('',(-1.,0.,0.));
#481 = DEFINITIONAL_REPRESENTATION('',(#482),#486);
#482 = LINE('',#483,#484);
#483 = CARTESIAN_POINT('',(0.,1.570796326795));
#484 = VECTOR('',#485,1.);
#485 = DIRECTION('',(1.,0.));
#486 = ( GEOMETRIC_REPRESENTATION_CONTEXT(2) 
PARAMETRIC_REPRESENTATION_CONTEXT() REPRESENTATION_CONTEXT('2D SPACE',''
  ) );
#487 = ORIENTED_EDGE('',*,*,#488,.F.);
#488 = EDGE_CURVE('',#489,#456,#491,.T.);
#489 = VERTEX_POINT('',#490);
#490 = CARTESIAN_POINT('',(5.,-25.00000001205,-2.22044604925E-16));
#491 = SURFACE_CURVE('',#492,(#496,#503),.PCURVE_S1.);
#492 = LINE('',#493,#494);
#493 = CARTESIAN_POINT('',(5.,-25.00000001205,-2.22044604925E-16));
#494 = VECTOR('',#495,1.);
#495 = DIRECTION('',(0.,1.,0.));
#496 = PCURVE('',#32,#497);
#497 = DEFINITIONAL_REPRESENTATION('',(#498),#502);
#498 = LINE('',#499,#500);
#499 = CARTESIAN_POINT('',(5.00000000044,-25.00000001089));
#500 = VECTOR('',#501,1.);
#501 = DIRECTION('',(0.,1.));
#502 = ( GEOMETRIC_REPRESENTATION_CONTEXT(2) 
PARAMETRIC_REPRESENTATION_CONTEXT() REPRESENTATION_CONTEXT('2D SPACE',''
  ) );
#503 = PCURVE('',#504,#509);
#504 = CYLINDRICAL_SURFACE('',#505,1.);
#505 = AXIS2_PLACEMENT_3D('',#506,#507,#508);
#506 = CARTESIAN_POINT('',(5.,-25.00000001205,1.));
#507 = DIRECTION('',(0.,1.,0.));
#508 = DIRECTION('',(-1.,0.,0.));
#509 = DEFINITIONAL_REPRESENTATION('',(#510),#514);
#510 = LINE('',#511,#512);
#511 = CARTESIAN_POINT('',(-1.570796326795,0.));
#512 = VECTOR('',#513,1.);
#513 = DIRECTION('',(-0.,1.));
#514 = ( GEOMETRIC_REPRESENTATION_CONTEXT(2) 
PARAMETRIC_REPRESENTATION_CONTEXT() REPRESENTATION_CONTEXT('2D SPACE',''
  ) );
#515 = ORIENTED_EDGE('',*,*,#516,.F.);
#516 = EDGE_CURVE('',#517,#489,#519,.T.);
#517 = VERTEX_POINT('',#518);
#518 = CARTESIAN_POINT('',(7.5,-27.49999998794,-2.22044604925E-16));
#519 = SURFACE_CURVE('',#520,(#525,#536),.PCURVE_S1.);
#520 = CIRCLE('',#521,2.5);
#521 = AXIS2_PLACEMENT_3D('',#522,#523,#524);
#522 = CARTESIAN_POINT('',(7.5,-25.00000001205,0.));
#523 = DIRECTION('',(-0.,-0.,-1.));
#524 = DIRECTION('',(0.,-1.,0.));
#525 = PCURVE('',#32,#526);
#526 = DEFINITIONAL_REPRESENTATION('',(#527),#535);
#527 = ( BOUNDED_CURVE() B_SPLINE_CURVE(2,(#528,#529,#530,#531,#532,#533
,#534),.UNSPECIFIED.,.T.,.F.) B_SPLINE_CURVE_WITH_KNOTS((1,2,2,2,2,1),(
    -2.094395102393,0.,2.094395102393,4.188790204786,6.28318530718,
8.377580409573),.UNSPECIFIED.) CURVE() GEOMETRIC_REPRESENTATION_ITEM() 
RATIONAL_B_SPLINE_CURVE((1.,0.5,1.,0.5,1.,0.5,1.)) REPRESENTATION_ITEM(
  '') );
#528 = CARTESIAN_POINT('',(7.50000000044,-27.50000001089));
#529 = CARTESIAN_POINT('',(3.169872981518,-27.50000001089));
#530 = CARTESIAN_POINT('',(5.334936490979,-23.75000001089));
#531 = CARTESIAN_POINT('',(7.50000000044,-20.00000001089));
#532 = CARTESIAN_POINT('',(9.665063509901,-23.75000001089));
#533 = CARTESIAN_POINT('',(11.830127019362,-27.50000001089));
#534 = CARTESIAN_POINT('',(7.50000000044,-27.50000001089));
#535 = ( GEOMETRIC_REPRESENTATION_CONTEXT(2) 
PARAMETRIC_REPRESENTATION_CONTEXT() REPRESENTATION_CONTEXT('2D SPACE',''
  ) );
#536 = PCURVE('',#537,#542);
#537 = TOROIDAL_SURFACE('',#538,2.5,1.);
#538 = AXIS2_PLACEMENT_3D('',#539,#540,#541);
#539 = CARTESIAN_POINT('',(7.5,-25.00000001205,1.));
#540 = DIRECTION('',(-0.,-0.,-1.));
#541 = DIRECTION('',(0.,-1.,0.));
#542 = DEFINITIONAL_REPRESENTATION('',(#543),#547);
#543 = LINE('',#544,#545);
#544 = CARTESIAN_POINT('',(0.,1.570796326795));
#545 = VECTOR('',#546,1.);
#546 = DIRECTION('',(1.,0.));
#547 = ( GEOMETRIC_REPRESENTATION_CONTEXT(2) 
PARAMETRIC_REPRESENTATION_CONTEXT() REPRESENTATION_CONTEXT('2D SPACE',''
  ) );
#548 = ORIENTED_EDGE('',*,*,#549,.F.);
#549 = EDGE_CURVE('',#550,#517,#552,.T.);
#550 = VERTEX_POINT('',#551);
#551 = CARTESIAN_POINT('',(12.499999946286,-27.49999998794,0.));
#552 = SURFACE_CURVE('',#553,(#557,#564),.PCURVE_S1.);
#553 = LINE('',#554,#555);
#554 = CARTESIAN_POINT('',(12.499999946286,-27.49999998794,
    -2.22044604925E-16));
#555 = VECTOR('',#556,1.);
#556 = DIRECTION('',(-1.,-0.,-0.));
#557 = PCURVE('',#32,#558);
#558 = DEFINITIONAL_REPRESENTATION('',(#559),#563);
#559 = LINE('',#560,#561);
#560 = CARTESIAN_POINT('',(12.499999946726,-27.49999998677));
#561 = VECTOR('',#562,1.);
#562 = DIRECTION('',(-1.,0.));
#563 = ( GEOMETRIC_REPRESENTATION_CONTEXT(2) 
PARAMETRIC_REPRESENTATION_CONTEXT() REPRESENTATION_CONTEXT('2D SPACE',''
  ) );
#564 = PCURVE('',#565,#570);
#565 = CYLINDRICAL_SURFACE('',#566,1.);
#566 = AXIS2_PLACEMENT_3D('',#567,#568,#569);
#567 = CARTESIAN_POINT('',(12.499999946286,-27.49999998794,1.));
#568 = DIRECTION('',(-1.,-0.,-0.));
#569 = DIRECTION('',(0.,-1.,0.));
#570 = DEFINITIONAL_REPRESENTATION('',(#571),#575);
#571 = LINE('',#572,#573);
#572 = CARTESIAN_POINT('',(-1.570796326795,0.));
#573 = VECTOR('',#574,1.);
#574 = DIRECTION('',(-0.,1.));
#575 = ( GEOMETRIC_REPRESENTATION_CONTEXT(2) 
PARAMETRIC_REPRESENTATION_CONTEXT() REPRESENTATION_CONTEXT('2D SPACE',''
  ) );
#576 = ORIENTED_EDGE('',*,*,#577,.F.);
#577 = EDGE_CURVE('',#578,#550,#580,.T.);
#578 = VERTEX_POINT('',#579);
#579 = CARTESIAN_POINT('',(15.,-24.99999998794,-2.22044604925E-16));
#580 = SURFACE_CURVE('',#581,(#586,#597),.PCURVE_S1.);
#581 = CIRCLE('',#582,2.5);
#582 = AXIS2_PLACEMENT_3D('',#583,#584,#585);
#583 = CARTESIAN_POINT('',(12.499999946286,-24.99999998794,0.));
#584 = DIRECTION('',(0.,-0.,-1.));
#585 = DIRECTION('',(1.,0.,-0.));
#586 = PCURVE('',#32,#587);
#587 = DEFINITIONAL_REPRESENTATION('',(#588),#596);
#588 = ( BOUNDED_CURVE() B_SPLINE_CURVE(2,(#589,#590,#591,#592,#593,#594
,#595),.UNSPECIFIED.,.T.,.F.) B_SPLINE_CURVE_WITH_KNOTS((1,2,2,2,2,1),(
    -2.094395102393,0.,2.094395102393,4.188790204786,6.28318530718,
8.377580409573),.UNSPECIFIED.) CURVE() GEOMETRIC_REPRESENTATION_ITEM() 
RATIONAL_B_SPLINE_CURVE((1.,0.5,1.,0.5,1.,0.5,1.)) REPRESENTATION_ITEM(
  '') );
#589 = CARTESIAN_POINT('',(14.999999946726,-24.99999998677));
#590 = CARTESIAN_POINT('',(14.999999946726,-29.33012700569));
#591 = CARTESIAN_POINT('',(11.249999946726,-27.16506349623));
#592 = CARTESIAN_POINT('',(7.499999946726,-24.99999998677));
#593 = CARTESIAN_POINT('',(11.249999946726,-22.83493647731));
#594 = CARTESIAN_POINT('',(14.999999946726,-20.66987296785));
#595 = CARTESIAN_POINT('',(14.999999946726,-24.99999998677));
#596 = ( GEOMETRIC_REPRESENTATION_CONTEXT(2) 
PARAMETRIC_REPRESENTATION_CONTEXT() REPRESENTATION_CONTEXT('2D SPACE',''
  ) );
#597 = PCURVE('',#598,#603);
#598 = TOROIDAL_SURFACE('',#599,2.5,1.);
#599 = AXIS2_PLACEMENT_3D('',#600,#601,#602);
#600 = CARTESIAN_POINT('',(12.499999946286,-24.99999998794,1.));
#601 = DIRECTION('',(-0.,-0.,-1.));
#602 = DIRECTION('',(1.,0.,-0.));
#603 = DEFINITIONAL_REPRESENTATION('',(#604),#608);
#604 = LINE('',#605,#606);
#605 = CARTESIAN_POINT('',(0.,1.570796326795));
#606 = VECTOR('',#607,1.);
#607 = DIRECTION('',(1.,0.));
#608 = ( GEOMETRIC_REPRESENTATION_CONTEXT(2) 
PARAMETRIC_REPRESENTATION_CONTEXT() REPRESENTATION_CONTEXT('2D SPACE',''
  ) );
#609 = ORIENTED_EDGE('',*,*,#610,.F.);
#610 = EDGE_CURVE('',#611,#578,#613,.T.);
#611 = VERTEX_POINT('',#612);
#612 = CARTESIAN_POINT('',(15.,-23.00000004713,0.));
#613 = SURFACE_CURVE('',#614,(#618,#625),.PCURVE_S1.);
#614 = LINE('',#615,#616);
#615 = CARTESIAN_POINT('',(15.,-23.00000004713,-2.22044604925E-16));
#616 = VECTOR('',#617,1.);
#617 = DIRECTION('',(-0.,-1.,-0.));
#618 = PCURVE('',#32,#619);
#619 = DEFINITIONAL_REPRESENTATION('',(#620),#624);
#620 = LINE('',#621,#622);
#621 = CARTESIAN_POINT('',(15.00000000044,-23.00000004596));
#622 = VECTOR('',#623,1.);
#623 = DIRECTION('',(0.,-1.));
#624 = ( GEOMETRIC_REPRESENTATION_CONTEXT(2) 
PARAMETRIC_REPRESENTATION_CONTEXT() REPRESENTATION_CONTEXT('2D SPACE',''
  ) );
#625 = PCURVE('',#626,#631);
#626 = CYLINDRICAL_SURFACE('',#627,1.);
#627 = AXIS2_PLACEMENT_3D('',#628,#629,#630);
#628 = CARTESIAN_POINT('',(15.,-23.00000004713,1.));
#629 = DIRECTION('',(-0.,-1.,-0.));
#630 = DIRECTION('',(1.,-0.,0.));
#631 = DEFINITIONAL_REPRESENTATION('',(#632),#636);
#632 = LINE('',#633,#634);
#633 = CARTESIAN_POINT('',(-1.570796326795,0.));
#634 = VECTOR('',#635,1.);
#635 = DIRECTION('',(-0.,1.));
#636 = ( GEOMETRIC_REPRESENTATION_CONTEXT(2) 
PARAMETRIC_REPRESENTATION_CONTEXT() REPRESENTATION_CONTEXT('2D SPACE',''
  ) );
#637 = ORIENTED_EDGE('',*,*,#638,.F.);
#638 = EDGE_CURVE('',#639,#611,#641,.T.);
#639 = VERTEX_POINT('',#640);
#640 = CARTESIAN_POINT('',(12.5,-20.49999998794,-2.22044604925E-16));
#641 = SURFACE_CURVE('',#642,(#647,#658),.PCURVE_S1.);
#642 = CIRCLE('',#643,2.5);
#643 = AXIS2_PLACEMENT_3D('',#644,#645,#646);
#644 = CARTESIAN_POINT('',(12.5,-23.00000004713,0.));
#645 = DIRECTION('',(0.,-0.,-1.));
#646 = DIRECTION('',(0.,1.,-0.));
#647 = PCURVE('',#32,#648);
#648 = DEFINITIONAL_REPRESENTATION('',(#649),#657);
#649 = ( BOUNDED_CURVE() B_SPLINE_CURVE(2,(#650,#651,#652,#653,#654,#655
,#656),.UNSPECIFIED.,.T.,.F.) B_SPLINE_CURVE_WITH_KNOTS((1,2,2,2,2,1),(
    -2.094395102393,0.,2.094395102393,4.188790204786,6.28318530718,
8.377580409573),.UNSPECIFIED.) CURVE() GEOMETRIC_REPRESENTATION_ITEM() 
RATIONAL_B_SPLINE_CURVE((1.,0.5,1.,0.5,1.,0.5,1.)) REPRESENTATION_ITEM(
  '') );
#650 = CARTESIAN_POINT('',(12.50000000044,-20.50000004596));
#651 = CARTESIAN_POINT('',(16.830127019362,-20.50000004596));
#652 = CARTESIAN_POINT('',(14.665063509901,-24.25000004596));
#653 = CARTESIAN_POINT('',(12.50000000044,-28.00000004596));
#654 = CARTESIAN_POINT('',(10.334936490979,-24.25000004596));
#655 = CARTESIAN_POINT('',(8.169872981518,-20.50000004596));
#656 = CARTESIAN_POINT('',(12.50000000044,-20.50000004596));
#657 = ( GEOMETRIC_REPRESENTATION_CONTEXT(2) 
PARAMETRIC_REPRESENTATION_CONTEXT() REPRESENTATION_CONTEXT('2D SPACE',''
  ) );
#658 = PCURVE('',#659,#664);
#659 = TOROIDAL_SURFACE('',#660,2.5,1.);
#660 = AXIS2_PLACEMENT_3D('',#661,#662,#663);
#661 = CARTESIAN_POINT('',(12.5,-23.00000004713,1.));
#662 = DIRECTION('',(-0.,-0.,-1.));
#663 = DIRECTION('',(0.,1.,-0.));
#664 = DEFINITIONAL_REPRESENTATION('',(#665),#669);
#665 = LINE('',#666,#667);
#666 = CARTESIAN_POINT('',(0.,1.570796326795));
#667 = VECTOR('',#668,1.);
#668 = DIRECTION('',(1.,0.));
#669 = ( GEOMETRIC_REPRESENTATION_CONTEXT(2) 
PARAMETRIC_REPRESENTATION_CONTEXT() REPRESENTATION_CONTEXT('2D SPACE',''
  ) );
#670 = ORIENTED_EDGE('',*,*,#671,.F.);
#671 = EDGE_CURVE('',#672,#639,#674,.T.);
#672 = VERTEX_POINT('',#673);
#673 = CARTESIAN_POINT('',(12.4772256049,-20.49999998794,
    -1.110223024625E-16));
#674 = SURFACE_CURVE('',#675,(#679,#686),.PCURVE_S1.);
#675 = LINE('',#676,#677);
#676 = CARTESIAN_POINT('',(7.5,-20.49999998794,-2.22044604925E-16));
#677 = VECTOR('',#678,1.);
#678 = DIRECTION('',(1.,0.,0.));
#679 = PCURVE('',#32,#680);
#680 = DEFINITIONAL_REPRESENTATION('',(#681),#685);
#681 = LINE('',#682,#683);
#682 = CARTESIAN_POINT('',(7.50000000044,-20.49999998677));
#683 = VECTOR('',#684,1.);
#684 = DIRECTION('',(1.,0.));
#685 = ( GEOMETRIC_REPRESENTATION_CONTEXT(2) 
PARAMETRIC_REPRESENTATION_CONTEXT() REPRESENTATION_CONTEXT('2D SPACE',''
  ) );
#686 = PCURVE('',#687,#692);
#687 = CYLINDRICAL_SURFACE('',#688,1.);
#688 = AXIS2_PLACEMENT_3D('',#689,#690,#691);
#689 = CARTESIAN_POINT('',(7.5,-20.49999998794,1.));
#690 = DIRECTION('',(1.,0.,0.));
#691 = DIRECTION('',(-0.,1.,0.));
#692 = DEFINITIONAL_REPRESENTATION('',(#693),#697);
#693 = LINE('',#694,#695);
#694 = CARTESIAN_POINT('',(-1.570796326795,0.));
#695 = VECTOR('',#696,1.);
#696 = DIRECTION('',(-0.,1.));
#697 = ( GEOMETRIC_REPRESENTATION_CONTEXT(2) 
PARAMETRIC_REPRESENTATION_CONTEXT() REPRESENTATION_CONTEXT('2D SPACE',''
  ) );
#698 = ORIENTED_EDGE('',*,*,#699,.F.);
#699 = EDGE_CURVE('',#700,#672,#702,.T.);
#700 = VERTEX_POINT('',#701);
#701 = CARTESIAN_POINT('',(21.90812518792,-10.24238179792,0.));
#702 = SURFACE_CURVE('',#703,(#708,#719),.PCURVE_S1.);
#703 = CIRCLE('',#704,15.5);
#704 = AXIS2_PLACEMENT_3D('',#705,#706,#707);
#705 = CARTESIAN_POINT('',(6.999999997923,-6.,0.));
#706 = DIRECTION('',(0.,-0.,-1.));
#707 = DIRECTION('',(1.,-2.612289469706E-16,0.));
#708 = PCURVE('',#32,#709);
#709 = DEFINITIONAL_REPRESENTATION('',(#710),#718);
#710 = ( BOUNDED_CURVE() B_SPLINE_CURVE(2,(#711,#712,#713,#714,#715,#716
,#717),.UNSPECIFIED.,.T.,.F.) B_SPLINE_CURVE_WITH_KNOTS((1,2,2,2,2,1),(
    -2.094395102393,0.,2.094395102393,4.188790204786,6.28318530718,
8.377580409573),.UNSPECIFIED.) CURVE() GEOMETRIC_REPRESENTATION_ITEM() 
RATIONAL_B_SPLINE_CURVE((1.,0.5,1.,0.5,1.,0.5,1.)) REPRESENTATION_ITEM(
  '') );
#711 = CARTESIAN_POINT('',(22.499999998363,-5.999999998831));
#712 = CARTESIAN_POINT('',(22.499999998363,-32.84678751614));
#713 = CARTESIAN_POINT('',(-0.750000001637,-19.42339375749));
#714 = CARTESIAN_POINT('',(-24.00000000163,-5.999999998831));
#715 = CARTESIAN_POINT('',(-0.750000001637,7.423393759828));
#716 = CARTESIAN_POINT('',(22.499999998363,20.846787518487));
#717 = CARTESIAN_POINT('',(22.499999998363,-5.999999998831));
#718 = ( GEOMETRIC_REPRESENTATION_CONTEXT(2) 
PARAMETRIC_REPRESENTATION_CONTEXT() REPRESENTATION_CONTEXT('2D SPACE',''
  ) );
#719 = PCURVE('',#720,#725);
#720 = TOROIDAL_SURFACE('',#721,15.5,1.5);
#721 = AXIS2_PLACEMENT_3D('',#722,#723,#724);
#722 = CARTESIAN_POINT('',(6.999999997923,-6.,1.5));
#723 = DIRECTION('',(-0.,-0.,-1.));
#724 = DIRECTION('',(1.,-2.612289469706E-16,0.));
#725 = DEFINITIONAL_REPRESENTATION('',(#726),#730);
#726 = LINE('',#727,#728);
#727 = CARTESIAN_POINT('',(0.,1.570796326795));
#728 = VECTOR('',#729,1.);
#729 = DIRECTION('',(1.,0.));
#730 = ( GEOMETRIC_REPRESENTATION_CONTEXT(2) 
PARAMETRIC_REPRESENTATION_CONTEXT() REPRESENTATION_CONTEXT('2D SPACE',''
  ) );
#731 = ORIENTED_EDGE('',*,*,#732,.F.);
#732 = EDGE_CURVE('',#733,#700,#735,.T.);
#733 = VERTEX_POINT('',#734);
#734 = CARTESIAN_POINT('',(23.913504810896,-10.21276905565,
    -2.22044604925E-16));
#735 = SURFACE_CURVE('',#736,(#741,#752),.PCURVE_S1.);
#736 = CIRCLE('',#737,3.4);
#737 = AXIS2_PLACEMENT_3D('',#738,#739,#740);
#738 = CARTESIAN_POINT('',(22.862847030021,-6.979176900249,0.));
#739 = DIRECTION('',(-0.,0.,-1.));
#740 = DIRECTION('',(0.309016994375,-0.951056516295,-0.));
#741 = PCURVE('',#32,#742);
#742 = DEFINITIONAL_REPRESENTATION('',(#743),#751);
#743 = ( BOUNDED_CURVE() B_SPLINE_CURVE(2,(#744,#745,#746,#747,#748,#749
,#750),.UNSPECIFIED.,.T.,.F.) B_SPLINE_CURVE_WITH_KNOTS((1,2,2,2,2,1),(
    -2.094395102393,0.,2.094395102393,4.188790204786,6.28318530718,
8.377580409573),.UNSPECIFIED.) CURVE() GEOMETRIC_REPRESENTATION_ITEM() 
RATIONAL_B_SPLINE_CURVE((1.,0.5,1.,0.5,1.,0.5,1.)) REPRESENTATION_ITEM(
  '') );
#744 = CARTESIAN_POINT('',(23.913504811336,-10.21276905448));
#745 = CARTESIAN_POINT('',(18.312758907221,-12.03256171232));
#746 = CARTESIAN_POINT('',(19.537145187966,-6.272277150299));
#747 = CARTESIAN_POINT('',(20.761531468712,-0.511992588273));
#748 = CARTESIAN_POINT('',(25.137891092081,-4.452484492457));
#749 = CARTESIAN_POINT('',(29.514250715451,-8.392976396641));
#750 = CARTESIAN_POINT('',(23.913504811336,-10.21276905448));
#751 = ( GEOMETRIC_REPRESENTATION_CONTEXT(2) 
PARAMETRIC_REPRESENTATION_CONTEXT() REPRESENTATION_CONTEXT('2D SPACE',''
  ) );
#752 = PCURVE('',#753,#758);
#753 = TOROIDAL_SURFACE('',#754,3.4,1.);
#754 = AXIS2_PLACEMENT_3D('',#755,#756,#757);
#755 = CARTESIAN_POINT('',(22.862847030021,-6.979176900249,1.));
#756 = DIRECTION('',(-0.,0.,-1.));
#757 = DIRECTION('',(0.309016994375,-0.951056516295,-0.));
#758 = DEFINITIONAL_REPRESENTATION('',(#759),#763);
#759 = LINE('',#760,#761);
#760 = CARTESIAN_POINT('',(0.,1.570796326795));
#761 = VECTOR('',#762,1.);
#762 = DIRECTION('',(1.,0.));
#763 = ( GEOMETRIC_REPRESENTATION_CONTEXT(2) 
PARAMETRIC_REPRESENTATION_CONTEXT() REPRESENTATION_CONTEXT('2D SPACE',''
  ) );
#764 = ORIENTED_EDGE('',*,*,#765,.F.);
#765 = EDGE_CURVE('',#766,#733,#768,.T.);
#766 = VERTEX_POINT('',#767);
#767 = CARTESIAN_POINT('',(24.103716092955,-10.15096566366,0.));
#768 = SURFACE_CURVE('',#769,(#773,#780),.PCURVE_S1.);
#769 = LINE('',#770,#771);
#770 = CARTESIAN_POINT('',(24.103716092955,-10.15096566366,
    -2.22044604925E-16));
#771 = VECTOR('',#772,1.);
#772 = DIRECTION('',(-0.951056516295,-0.309016994375,-0.));
#773 = PCURVE('',#32,#774);
#774 = DEFINITIONAL_REPRESENTATION('',(#775),#779);
#775 = LINE('',#776,#777);
#776 = CARTESIAN_POINT('',(24.103716093395,-10.15096566249));
#777 = VECTOR('',#778,1.);
#778 = DIRECTION('',(-0.951056516295,-0.309016994375));
#779 = ( GEOMETRIC_REPRESENTATION_CONTEXT(2) 
PARAMETRIC_REPRESENTATION_CONTEXT() REPRESENTATION_CONTEXT('2D SPACE',''
  ) );
#780 = PCURVE('',#781,#786);
#781 = CYLINDRICAL_SURFACE('',#782,1.);
#782 = AXIS2_PLACEMENT_3D('',#783,#784,#785);
#783 = CARTESIAN_POINT('',(24.103716092955,-10.15096566366,1.));
#784 = DIRECTION('',(-0.951056516295,-0.309016994375,-0.));
#785 = DIRECTION('',(0.309016994375,-0.951056516295,0.));
#786 = DEFINITIONAL_REPRESENTATION('',(#787),#791);
#787 = LINE('',#788,#789);
#788 = CARTESIAN_POINT('',(-1.570796326795,0.));
#789 = VECTOR('',#790,1.);
#790 = DIRECTION('',(-0.,1.));
#791 = ( GEOMETRIC_REPRESENTATION_CONTEXT(2) 
PARAMETRIC_REPRESENTATION_CONTEXT() REPRESENTATION_CONTEXT('2D SPACE',''
  ) );
#792 = ORIENTED_EDGE('',*,*,#793,.F.);
#793 = EDGE_CURVE('',#794,#766,#796,.T.);
#794 = VERTEX_POINT('',#795);
#795 = CARTESIAN_POINT('',(26.286650490507,-5.866715719906,
    -2.22044604925E-16));
#796 = SURFACE_CURVE('',#797,(#802,#813),.PCURVE_S1.);
#797 = CIRCLE('',#798,3.4);
#798 = AXIS2_PLACEMENT_3D('',#799,#800,#801);
#799 = CARTESIAN_POINT('',(23.05305831208,-6.917373508262,0.));
#800 = DIRECTION('',(0.,0.,-1.));
#801 = DIRECTION('',(0.951056516295,0.309016994375,0.));
#802 = PCURVE('',#32,#803);
#803 = DEFINITIONAL_REPRESENTATION('',(#804),#812);
#804 = ( BOUNDED_CURVE() B_SPLINE_CURVE(2,(#805,#806,#807,#808,#809,#810
,#811),.UNSPECIFIED.,.T.,.F.) B_SPLINE_CURVE_WITH_KNOTS((1,2,2,2,2,1),(
    -2.094395102393,0.,2.094395102393,4.188790204786,6.28318530718,
8.377580409573),.UNSPECIFIED.) CURVE() GEOMETRIC_REPRESENTATION_ITEM() 
RATIONAL_B_SPLINE_CURVE((1.,0.5,1.,0.5,1.,0.5,1.)) REPRESENTATION_ITEM(
  '') );
#805 = CARTESIAN_POINT('',(26.286650467924,-5.866715726218));
#806 = CARTESIAN_POINT('',(28.106443125767,-11.46746163033));
#807 = CARTESIAN_POINT('',(22.34615856374,-10.24307534958));
#808 = CARTESIAN_POINT('',(16.585874001713,-9.018689068843));
#809 = CARTESIAN_POINT('',(20.526365905897,-4.642329445473));
#810 = CARTESIAN_POINT('',(24.466857810081,-0.265969822103));
#811 = CARTESIAN_POINT('',(26.286650467924,-5.866715726218));
#812 = ( GEOMETRIC_REPRESENTATION_CONTEXT(2) 
PARAMETRIC_REPRESENTATION_CONTEXT() REPRESENTATION_CONTEXT('2D SPACE',''
  ) );
#813 = PCURVE('',#814,#819);
#814 = TOROIDAL_SURFACE('',#815,3.4,1.);
#815 = AXIS2_PLACEMENT_3D('',#816,#817,#818);
#816 = CARTESIAN_POINT('',(23.05305831208,-6.917373508262,1.));
#817 = DIRECTION('',(-0.,0.,-1.));
#818 = DIRECTION('',(0.951056516295,0.309016994375,0.));
#819 = DEFINITIONAL_REPRESENTATION('',(#820),#824);
#820 = LINE('',#821,#822);
#821 = CARTESIAN_POINT('',(0.,1.570796326795));
#822 = VECTOR('',#823,1.);
#823 = DIRECTION('',(1.,0.));
#824 = ( GEOMETRIC_REPRESENTATION_CONTEXT(2) 
PARAMETRIC_REPRESENTATION_CONTEXT() REPRESENTATION_CONTEXT('2D SPACE',''
  ) );
#825 = ORIENTED_EDGE('',*,*,#826,.F.);
#826 = EDGE_CURVE('',#827,#794,#829,.T.);
#827 = VERTEX_POINT('',#828);
#828 = CARTESIAN_POINT('',(24.370745102359,2.983467364273E-02,0.));
#829 = SURFACE_CURVE('',#830,(#834,#841),.PCURVE_S1.);
#830 = LINE('',#831,#832);
#831 = CARTESIAN_POINT('',(24.370745125382,2.983468112354E-02,
    -2.22044604925E-16));
#832 = VECTOR('',#833,1.);
#833 = DIRECTION('',(0.309016994375,-0.951056516295,-0.));
#834 = PCURVE('',#32,#835);
#835 = DEFINITIONAL_REPRESENTATION('',(#836),#840);
#836 = LINE('',#837,#838);
#837 = CARTESIAN_POINT('',(24.370745125823,2.983468229252E-02));
#838 = VECTOR('',#839,1.);
#839 = DIRECTION('',(0.309016994375,-0.951056516295));
#840 = ( GEOMETRIC_REPRESENTATION_CONTEXT(2) 
PARAMETRIC_REPRESENTATION_CONTEXT() REPRESENTATION_CONTEXT('2D SPACE',''
  ) );
#841 = PCURVE('',#842,#847);
#842 = CYLINDRICAL_SURFACE('',#843,1.);
#843 = AXIS2_PLACEMENT_3D('',#844,#845,#846);
#844 = CARTESIAN_POINT('',(24.370745125382,2.983468112354E-02,1.));
#845 = DIRECTION('',(0.309016994375,-0.951056516295,-0.));
#846 = DIRECTION('',(0.951056516295,0.309016994375,0.));
#847 = DEFINITIONAL_REPRESENTATION('',(#848),#852);
#848 = LINE('',#849,#850);
#849 = CARTESIAN_POINT('',(-1.570796326795,0.));
#850 = VECTOR('',#851,1.);
#851 = DIRECTION('',(-0.,1.));
#852 = ( GEOMETRIC_REPRESENTATION_CONTEXT(2) 
PARAMETRIC_REPRESENTATION_CONTEXT() REPRESENTATION_CONTEXT('2D SPACE',''
  ) );
#853 = ORIENTED_EDGE('',*,*,#854,.F.);
#854 = EDGE_CURVE('',#855,#827,#857,.T.);
#855 = VERTEX_POINT('',#856);
#856 = CARTESIAN_POINT('',(22.5,2.094084260573,-1.110223024625E-16));
#857 = SURFACE_CURVE('',#858,(#863,#874),.PCURVE_S1.);
#858 = CIRCLE('',#859,3.4);
#859 = AXIS2_PLACEMENT_3D('',#860,#861,#862);
#860 = CARTESIAN_POINT('',(21.137152946955,-1.020823107232,0.));
#861 = DIRECTION('',(0.,0.,-1.));
#862 = DIRECTION('',(-0.309016994375,0.951056516295,0.));
#863 = PCURVE('',#32,#864);
#864 = DEFINITIONAL_REPRESENTATION('',(#865),#873);
#865 = ( BOUNDED_CURVE() B_SPLINE_CURVE(2,(#866,#867,#868,#869,#870,#871
,#872),.UNSPECIFIED.,.T.,.F.) B_SPLINE_CURVE_WITH_KNOTS((1,2,2,2,2,1),(
    -2.094395102393,0.,2.094395102393,4.188790204786,6.28318530718,
8.377580409573),.UNSPECIFIED.) CURVE() GEOMETRIC_REPRESENTATION_ITEM() 
RATIONAL_B_SPLINE_CURVE((1.,0.5,1.,0.5,1.,0.5,1.)) REPRESENTATION_ITEM(
  '') );
#866 = CARTESIAN_POINT('',(20.086495166521,2.21276904934));
#867 = CARTESIAN_POINT('',(25.687241070636,4.032561707183));
#868 = CARTESIAN_POINT('',(24.46285478989,-1.727722854843));
#869 = CARTESIAN_POINT('',(23.238468509145,-7.48800741687));
#870 = CARTESIAN_POINT('',(18.862108885775,-3.547515512686));
#871 = CARTESIAN_POINT('',(14.485749262406,0.392976391498));
#872 = CARTESIAN_POINT('',(20.086495166521,2.21276904934));
#873 = ( GEOMETRIC_REPRESENTATION_CONTEXT(2) 
PARAMETRIC_REPRESENTATION_CONTEXT() REPRESENTATION_CONTEXT('2D SPACE',''
  ) );
#874 = PCURVE('',#875,#880);
#875 = TOROIDAL_SURFACE('',#876,3.4,1.);
#876 = AXIS2_PLACEMENT_3D('',#877,#878,#879);
#877 = CARTESIAN_POINT('',(21.137152946955,-1.020823107232,1.));
#878 = DIRECTION('',(-0.,0.,-1.));
#879 = DIRECTION('',(-0.309016994375,0.951056516295,0.));
#880 = DEFINITIONAL_REPRESENTATION('',(#881),#885);
#881 = LINE('',#882,#883);
#882 = CARTESIAN_POINT('',(0.,1.570796326795));
#883 = VECTOR('',#884,1.);
#884 = DIRECTION('',(1.,0.));
#885 = ( GEOMETRIC_REPRESENTATION_CONTEXT(2) 
PARAMETRIC_REPRESENTATION_CONTEXT() REPRESENTATION_CONTEXT('2D SPACE',''
  ) );
#886 = ORIENTED_EDGE('',*,*,#887,.F.);
#887 = EDGE_CURVE('',#888,#855,#890,.T.);
#888 = VERTEX_POINT('',#889);
#889 = CARTESIAN_POINT('',(22.5,5.99999999642,0.));
#890 = SURFACE_CURVE('',#891,(#895,#902),.PCURVE_S1.);
#891 = LINE('',#892,#893);
#892 = CARTESIAN_POINT('',(22.5,5.99999999642,-2.22044604925E-16));
#893 = VECTOR('',#894,1.);
#894 = DIRECTION('',(-0.,-1.,-0.));
#895 = PCURVE('',#32,#896);
#896 = DEFINITIONAL_REPRESENTATION('',(#897),#901);
#897 = LINE('',#898,#899);
#898 = CARTESIAN_POINT('',(22.50000000044,5.999999997589));
#899 = VECTOR('',#900,1.);
#900 = DIRECTION('',(0.,-1.));
#901 = ( GEOMETRIC_REPRESENTATION_CONTEXT(2) 
PARAMETRIC_REPRESENTATION_CONTEXT() REPRESENTATION_CONTEXT('2D SPACE',''
  ) );
#902 = PCURVE('',#903,#908);
#903 = CYLINDRICAL_SURFACE('',#904,1.5);
#904 = AXIS2_PLACEMENT_3D('',#905,#906,#907);
#905 = CARTESIAN_POINT('',(22.5,5.99999999642,1.5));
#906 = DIRECTION('',(-0.,-1.,-0.));
#907 = DIRECTION('',(1.,-0.,0.));
#908 = DEFINITIONAL_REPRESENTATION('',(#909),#913);
#909 = LINE('',#910,#911);
#910 = CARTESIAN_POINT('',(-1.570796326795,0.));
#911 = VECTOR('',#912,1.);
#912 = DIRECTION('',(-0.,1.));
#913 = ( GEOMETRIC_REPRESENTATION_CONTEXT(2) 
PARAMETRIC_REPRESENTATION_CONTEXT() REPRESENTATION_CONTEXT('2D SPACE',''
  ) );
#914 = ORIENTED_EDGE('',*,*,#915,.F.);
#915 = EDGE_CURVE('',#916,#888,#918,.T.);
#916 = VERTEX_POINT('',#917);
#917 = CARTESIAN_POINT('',(16.374416457989,18.343837166124,0.));
#918 = SURFACE_CURVE('',#919,(#924,#935),.PCURVE_S1.);
#919 = CIRCLE('',#920,15.5);
#920 = AXIS2_PLACEMENT_3D('',#921,#922,#923);
#921 = CARTESIAN_POINT('',(7.,5.99999999642,0.));
#922 = DIRECTION('',(0.,-0.,-1.));
#923 = DIRECTION('',(5.224578939413E-17,1.,-0.));
#924 = PCURVE('',#32,#925);
#925 = DEFINITIONAL_REPRESENTATION('',(#926),#934);
#926 = ( BOUNDED_CURVE() B_SPLINE_CURVE(2,(#927,#928,#929,#930,#931,#932
,#933),.UNSPECIFIED.,.T.,.F.) B_SPLINE_CURVE_WITH_KNOTS((1,2,2,2,2,1),(
    -2.094395102393,0.,2.094395102393,4.188790204786,6.28318530718,
8.377580409573),.UNSPECIFIED.) CURVE() GEOMETRIC_REPRESENTATION_ITEM() 
RATIONAL_B_SPLINE_CURVE((1.,0.5,1.,0.5,1.,0.5,1.)) REPRESENTATION_ITEM(
  '') );
#927 = CARTESIAN_POINT('',(7.00000000044,21.499999997589));
#928 = CARTESIAN_POINT('',(33.846787517758,21.499999997589));
#929 = CARTESIAN_POINT('',(20.423393759099,-1.750000002411));
#930 = CARTESIAN_POINT('',(7.00000000044,-25.00000000241));
#931 = CARTESIAN_POINT('',(-6.423393758219,-1.750000002411));
#932 = CARTESIAN_POINT('',(-19.84678751687,21.499999997589));
#933 = CARTESIAN_POINT('',(7.00000000044,21.499999997589));
#934 = ( GEOMETRIC_REPRESENTATION_CONTEXT(2) 
PARAMETRIC_REPRESENTATION_CONTEXT() REPRESENTATION_CONTEXT('2D SPACE',''
  ) );
#935 = PCURVE('',#936,#941);
#936 = TOROIDAL_SURFACE('',#937,15.5,1.5);
#937 = AXIS2_PLACEMENT_3D('',#938,#939,#940);
#938 = CARTESIAN_POINT('',(7.,5.99999999642,1.5));
#939 = DIRECTION('',(-0.,-0.,-1.));
#940 = DIRECTION('',(5.224578939413E-17,1.,-0.));
#941 = DEFINITIONAL_REPRESENTATION('',(#942),#946);
#942 = LINE('',#943,#944);
#943 = CARTESIAN_POINT('',(0.,1.570796326795));
#944 = VECTOR('',#945,1.);
#945 = DIRECTION('',(1.,0.));
#946 = ( GEOMETRIC_REPRESENTATION_CONTEXT(2) 
PARAMETRIC_REPRESENTATION_CONTEXT() REPRESENTATION_CONTEXT('2D SPACE',''
  ) );
#947 = ORIENTED_EDGE('',*,*,#948,.F.);
#948 = EDGE_CURVE('',#949,#916,#951,.T.);
#949 = VERTEX_POINT('',#950);
#950 = CARTESIAN_POINT('',(17.506696285596,18.889426001504,
    -2.22044604925E-16));
#951 = SURFACE_CURVE('',#952,(#957,#968),.PCURVE_S1.);
#952 = CIRCLE('',#953,3.9);
#953 = AXIS2_PLACEMENT_3D('',#954,#955,#956);
#954 = CARTESIAN_POINT('',(15.269748183827,22.084118974231,0.));
#955 = DIRECTION('',(-0.,0.,-1.));
#956 = DIRECTION('',(0.573576436351,-0.819152044289,-0.));
#957 = PCURVE('',#32,#958);
#958 = DEFINITIONAL_REPRESENTATION('',(#959),#967);
#959 = ( BOUNDED_CURVE() B_SPLINE_CURVE(2,(#960,#961,#962,#963,#964,#965
,#966),.UNSPECIFIED.,.T.,.F.) B_SPLINE_CURVE_WITH_KNOTS((1,2,2,2,2,1),(
    -2.094395102393,0.,2.094395102393,4.188790204786,6.28318530718,
8.377580409573),.UNSPECIFIED.) CURVE() GEOMETRIC_REPRESENTATION_ITEM() 
RATIONAL_B_SPLINE_CURVE((1.,0.5,1.,0.5,1.,0.5,1.)) REPRESENTATION_ITEM(
  '') );
#960 = CARTESIAN_POINT('',(17.506696286036,18.889426002673));
#961 = CARTESIAN_POINT('',(11.97332574269,15.014918236515));
#962 = CARTESIAN_POINT('',(11.384588861709,21.744211578685));
#963 = CARTESIAN_POINT('',(10.795851980729,28.473504920855));
#964 = CARTESIAN_POINT('',(16.917959405056,25.618719344843));
#965 = CARTESIAN_POINT('',(23.040066829383,22.763933768832));
#966 = CARTESIAN_POINT('',(17.506696286036,18.889426002673));
#967 = ( GEOMETRIC_REPRESENTATION_CONTEXT(2) 
PARAMETRIC_REPRESENTATION_CONTEXT() REPRESENTATION_CONTEXT('2D SPACE',''
  ) );
#968 = PCURVE('',#969,#974);
#969 = TOROIDAL_SURFACE('',#970,3.9,1.);
#970 = AXIS2_PLACEMENT_3D('',#971,#972,#973);
#971 = CARTESIAN_POINT('',(15.269748183827,22.084118974231,1.));
#972 = DIRECTION('',(-0.,0.,-1.));
#973 = DIRECTION('',(0.573576436351,-0.819152044289,-0.));
#974 = DEFINITIONAL_REPRESENTATION('',(#975),#979);
#975 = LINE('',#976,#977);
#976 = CARTESIAN_POINT('',(0.,1.570796326795));
#977 = VECTOR('',#978,1.);
#978 = DIRECTION('',(1.,0.));
#979 = ( GEOMETRIC_REPRESENTATION_CONTEXT(2) 
PARAMETRIC_REPRESENTATION_CONTEXT() REPRESENTATION_CONTEXT('2D SPACE',''
  ) );
#980 = ORIENTED_EDGE('',*,*,#981,.F.);
#981 = EDGE_CURVE('',#982,#949,#984,.T.);
#982 = VERTEX_POINT('',#983);
#983 = CARTESIAN_POINT('',(17.670526676191,19.004141275987,0.));
#984 = SURFACE_CURVE('',#985,(#989,#996),.PCURVE_S1.);
#985 = LINE('',#986,#987);
#986 = CARTESIAN_POINT('',(17.670526676191,19.004141275987,
    -2.22044604925E-16));
#987 = VECTOR('',#988,1.);
#988 = DIRECTION('',(-0.819152044289,-0.573576436351,-0.));
#989 = PCURVE('',#32,#990);
#990 = DEFINITIONAL_REPRESENTATION('',(#991),#995);
#991 = LINE('',#992,#993);
#992 = CARTESIAN_POINT('',(17.670526676631,19.004141277156));
#993 = VECTOR('',#994,1.);
#994 = DIRECTION('',(-0.819152044289,-0.573576436351));
#995 = ( GEOMETRIC_REPRESENTATION_CONTEXT(2) 
PARAMETRIC_REPRESENTATION_CONTEXT() REPRESENTATION_CONTEXT('2D SPACE',''
  ) );
#996 = PCURVE('',#997,#1002);
#997 = CYLINDRICAL_SURFACE('',#998,1.);
#998 = AXIS2_PLACEMENT_3D('',#999,#1000,#1001);
#999 = CARTESIAN_POINT('',(17.670526676191,19.004141275987,1.));
#1000 = DIRECTION('',(-0.819152044289,-0.573576436351,-0.));
#1001 = DIRECTION('',(0.573576436351,-0.819152044289,0.));
#1002 = DEFINITIONAL_REPRESENTATION('',(#1003),#1007);
#1003 = LINE('',#1004,#1005);
#1004 = CARTESIAN_POINT('',(-1.570796326795,0.));
#1005 = VECTOR('',#1006,1.);
#1006 = DIRECTION('',(-0.,1.));
#1007 = ( GEOMETRIC_REPRESENTATION_CONTEXT(2) 
PARAMETRIC_REPRESENTATION_CONTEXT() REPRESENTATION_CONTEXT('2D SPACE',''
  ) );
#1008 = ORIENTED_EDGE('',*,*,#1009,.F.);
#1009 = EDGE_CURVE('',#1010,#982,#1012,.T.);
#1010 = VERTEX_POINT('',#1011);
#1011 = CARTESIAN_POINT('',(18.628271566979,24.435782364368,
    -2.22044604925E-16));
#1012 = SURFACE_CURVE('',#1013,(#1018,#1029),.PCURVE_S1.);
#1013 = CIRCLE('',#1014,3.9);
#1014 = AXIS2_PLACEMENT_3D('',#1015,#1016,#1017);
#1015 = CARTESIAN_POINT('',(15.433578574422,22.198834248714,0.));
#1016 = DIRECTION('',(0.,0.,-1.));
#1017 = DIRECTION('',(0.819152044289,0.573576436351,0.));
#1018 = PCURVE('',#32,#1019);
#1019 = DEFINITIONAL_REPRESENTATION('',(#1020),#1028);
#1020 = ( BOUNDED_CURVE() B_SPLINE_CURVE(2,(#1021,#1022,#1023,#1024,
#1025,#1026,#1027),.UNSPECIFIED.,.T.,.F.) B_SPLINE_CURVE_WITH_KNOTS((1,2
    ,2,2,2,1),(-2.094395102393,0.,2.094395102393,4.188790204786,
6.28318530718,8.377580409573),.UNSPECIFIED.) CURVE() 
GEOMETRIC_REPRESENTATION_ITEM() RATIONAL_B_SPLINE_CURVE((1.,0.5,1.,0.5,
1.,0.5,1.)) REPRESENTATION_ITEM('') );
#1021 = CARTESIAN_POINT('',(18.628271547589,24.435782351652));
#1022 = CARTESIAN_POINT('',(22.502779313748,18.902411808305));
#1023 = CARTESIAN_POINT('',(15.773485971578,18.313674927325));
#1024 = CARTESIAN_POINT('',(9.044192629408,17.724938046345));
#1025 = CARTESIAN_POINT('',(11.898978205419,23.847045470671));
#1026 = CARTESIAN_POINT('',(14.75376378143,29.969152894998));
#1027 = CARTESIAN_POINT('',(18.628271547589,24.435782351652));
#1028 = ( GEOMETRIC_REPRESENTATION_CONTEXT(2) 
PARAMETRIC_REPRESENTATION_CONTEXT() REPRESENTATION_CONTEXT('2D SPACE',''
  ) );
#1029 = PCURVE('',#1030,#1035);
#1030 = TOROIDAL_SURFACE('',#1031,3.9,1.);
#1031 = AXIS2_PLACEMENT_3D('',#1032,#1033,#1034);
#1032 = CARTESIAN_POINT('',(15.433578574422,22.198834248714,1.));
#1033 = DIRECTION('',(-0.,0.,-1.));
#1034 = DIRECTION('',(0.819152044289,0.573576436351,0.));
#1035 = DEFINITIONAL_REPRESENTATION('',(#1036),#1040);
#1036 = LINE('',#1037,#1038);
#1037 = CARTESIAN_POINT('',(0.,1.570796326795));
#1038 = VECTOR('',#1039,1.);
#1039 = DIRECTION('',(1.,0.));
#1040 = ( GEOMETRIC_REPRESENTATION_CONTEXT(2) 
PARAMETRIC_REPRESENTATION_CONTEXT() REPRESENTATION_CONTEXT('2D SPACE',''
  ) );
#1041 = ORIENTED_EDGE('',*,*,#1042,.F.);
#1042 = EDGE_CURVE('',#1043,#1010,#1045,.T.);
#1043 = VERTEX_POINT('',#1044);
#1044 = CARTESIAN_POINT('',(13.92494476907,31.152829113653,0.));
#1045 = SURFACE_CURVE('',#1046,(#1050,#1057),.PCURVE_S1.);
#1046 = LINE('',#1047,#1048);
#1047 = CARTESIAN_POINT('',(13.9249447889,31.152829127538,
    -2.22044604925E-16));
#1048 = VECTOR('',#1049,1.);
#1049 = DIRECTION('',(0.573576436351,-0.819152044289,-0.));
#1050 = PCURVE('',#32,#1051);
#1051 = DEFINITIONAL_REPRESENTATION('',(#1052),#1056);
#1052 = LINE('',#1053,#1054);
#1053 = CARTESIAN_POINT('',(13.92494478934,31.152829128707));
#1054 = VECTOR('',#1055,1.);
#1055 = DIRECTION('',(0.573576436351,-0.819152044289));
#1056 = ( GEOMETRIC_REPRESENTATION_CONTEXT(2) 
PARAMETRIC_REPRESENTATION_CONTEXT() REPRESENTATION_CONTEXT('2D SPACE',''
  ) );
#1057 = PCURVE('',#1058,#1063);
#1058 = CYLINDRICAL_SURFACE('',#1059,1.);
#1059 = AXIS2_PLACEMENT_3D('',#1060,#1061,#1062);
#1060 = CARTESIAN_POINT('',(13.9249447889,31.152829127538,1.));
#1061 = DIRECTION('',(0.573576436351,-0.819152044289,-0.));
#1062 = DIRECTION('',(0.819152044289,0.573576436351,0.));
#1063 = DEFINITIONAL_REPRESENTATION('',(#1064),#1068);
#1064 = LINE('',#1065,#1066);
#1065 = CARTESIAN_POINT('',(-1.570796326795,0.));
#1066 = VECTOR('',#1067,1.);
#1067 = DIRECTION('',(-0.,1.));
#1068 = ( GEOMETRIC_REPRESENTATION_CONTEXT(2) 
PARAMETRIC_REPRESENTATION_CONTEXT() REPRESENTATION_CONTEXT('2D SPACE',''
  ) );
#1069 = ORIENTED_EDGE('',*,*,#1070,.F.);
#1070 = EDGE_CURVE('',#1071,#1043,#1073,.T.);
#1071 = VERTEX_POINT('',#1072);
#1072 = CARTESIAN_POINT('',(8.493303694574,32.110573984611,
    -2.22044604925E-16));
#1073 = SURFACE_CURVE('',#1074,(#1079,#1090),.PCURVE_S1.);
#1074 = CIRCLE('',#1075,3.9);
#1075 = AXIS2_PLACEMENT_3D('',#1076,#1077,#1078);
#1076 = CARTESIAN_POINT('',(10.730251796343,28.915881011883,0.));
#1077 = DIRECTION('',(0.,0.,-1.));
#1078 = DIRECTION('',(-0.573576436351,0.819152044289,0.));
#1079 = PCURVE('',#32,#1080);
#1080 = DEFINITIONAL_REPRESENTATION('',(#1081),#1089);
#1081 = ( BOUNDED_CURVE() B_SPLINE_CURVE(2,(#1082,#1083,#1084,#1085,
#1086,#1087,#1088),.UNSPECIFIED.,.T.,.F.) B_SPLINE_CURVE_WITH_KNOTS((1,2
    ,2,2,2,1),(-2.094395102393,0.,2.094395102393,4.188790204786,
6.28318530718,8.377580409573),.UNSPECIFIED.) CURVE() 
GEOMETRIC_REPRESENTATION_ITEM() RATIONAL_B_SPLINE_CURVE((1.,0.5,1.,0.5,
1.,0.5,1.)) REPRESENTATION_ITEM('') );
#1082 = CARTESIAN_POINT('',(8.493303695014,32.11057398578));
#1083 = CARTESIAN_POINT('',(14.026674238361,35.985081751938));
#1084 = CARTESIAN_POINT('',(14.615411119341,29.255788409768));
#1085 = CARTESIAN_POINT('',(15.204148000322,22.526495067598));
#1086 = CARTESIAN_POINT('',(9.082040575995,25.38128064361));
#1087 = CARTESIAN_POINT('',(2.959933151668,28.236066219621));
#1088 = CARTESIAN_POINT('',(8.493303695014,32.11057398578));
#1089 = ( GEOMETRIC_REPRESENTATION_CONTEXT(2) 
PARAMETRIC_REPRESENTATION_CONTEXT() REPRESENTATION_CONTEXT('2D SPACE',''
  ) );
#1090 = PCURVE('',#1091,#1096);
#1091 = TOROIDAL_SURFACE('',#1092,3.9,1.);
#1092 = AXIS2_PLACEMENT_3D('',#1093,#1094,#1095);
#1093 = CARTESIAN_POINT('',(10.730251796343,28.915881011883,1.));
#1094 = DIRECTION('',(-0.,0.,-1.));
#1095 = DIRECTION('',(-0.573576436351,0.819152044289,0.));
#1096 = DEFINITIONAL_REPRESENTATION('',(#1097),#1101);
#1097 = LINE('',#1098,#1099);
#1098 = CARTESIAN_POINT('',(0.,1.570796326795));
#1099 = VECTOR('',#1100,1.);
#1100 = DIRECTION('',(1.,0.));
#1101 = ( GEOMETRIC_REPRESENTATION_CONTEXT(2) 
PARAMETRIC_REPRESENTATION_CONTEXT() REPRESENTATION_CONTEXT('2D SPACE',''
  ) );
#1102 = ORIENTED_EDGE('',*,*,#1103,.F.);
#1103 = EDGE_CURVE('',#1104,#1071,#1106,.T.);
#1104 = VERTEX_POINT('',#1105);
#1105 = CARTESIAN_POINT('',(8.329473303979,31.995858710128,0.));
#1106 = SURFACE_CURVE('',#1107,(#1111,#1118),.PCURVE_S1.);
#1107 = LINE('',#1108,#1109);
#1108 = CARTESIAN_POINT('',(8.329473303979,31.995858710128,
    -2.22044604925E-16));
#1109 = VECTOR('',#1110,1.);
#1110 = DIRECTION('',(0.819152044289,0.573576436351,0.));
#1111 = PCURVE('',#32,#1112);
#1112 = DEFINITIONAL_REPRESENTATION('',(#1113),#1117);
#1113 = LINE('',#1114,#1115);
#1114 = CARTESIAN_POINT('',(8.329473304419,31.995858711297));
#1115 = VECTOR('',#1116,1.);
#1116 = DIRECTION('',(0.819152044289,0.573576436351));
#1117 = ( GEOMETRIC_REPRESENTATION_CONTEXT(2) 
PARAMETRIC_REPRESENTATION_CONTEXT() REPRESENTATION_CONTEXT('2D SPACE',''
  ) );
#1118 = PCURVE('',#1119,#1124);
#1119 = CYLINDRICAL_SURFACE('',#1120,1.);
#1120 = AXIS2_PLACEMENT_3D('',#1121,#1122,#1123);
#1121 = CARTESIAN_POINT('',(8.329473303979,31.995858710128,1.));
#1122 = DIRECTION('',(0.819152044289,0.573576436351,0.));
#1123 = DIRECTION('',(-0.573576436351,0.819152044289,0.));
#1124 = DEFINITIONAL_REPRESENTATION('',(#1125),#1129);
#1125 = LINE('',#1126,#1127);
#1126 = CARTESIAN_POINT('',(-1.570796326795,0.));
#1127 = VECTOR('',#1128,1.);
#1128 = DIRECTION('',(-0.,1.));
#1129 = ( GEOMETRIC_REPRESENTATION_CONTEXT(2) 
PARAMETRIC_REPRESENTATION_CONTEXT() REPRESENTATION_CONTEXT('2D SPACE',''
  ) );
#1130 = ORIENTED_EDGE('',*,*,#1131,.F.);
#1131 = EDGE_CURVE('',#1132,#1104,#1134,.T.);
#1132 = VERTEX_POINT('',#1133);
#1133 = CARTESIAN_POINT('',(7.371728434588,26.564217636729,
    -2.22044604925E-16));
#1134 = SURFACE_CURVE('',#1135,(#1140,#1151),.PCURVE_S1.);
#1135 = CIRCLE('',#1136,3.9);
#1136 = AXIS2_PLACEMENT_3D('',#1137,#1138,#1139);
#1137 = CARTESIAN_POINT('',(10.566421405748,28.801165737401,0.));
#1138 = DIRECTION('',(-0.,0.,-1.));
#1139 = DIRECTION('',(-0.819152044289,-0.573576436351,0.));
#1140 = PCURVE('',#32,#1141);
#1141 = DEFINITIONAL_REPRESENTATION('',(#1142),#1150);
#1142 = ( BOUNDED_CURVE() B_SPLINE_CURVE(2,(#1143,#1144,#1145,#1146,
#1147,#1148,#1149),.UNSPECIFIED.,.T.,.F.) B_SPLINE_CURVE_WITH_KNOTS((1,2
    ,2,2,2,1),(-2.094395102393,0.,2.094395102393,4.188790204786,
6.28318530718,8.377580409573),.UNSPECIFIED.) CURVE() 
GEOMETRIC_REPRESENTATION_ITEM() RATIONAL_B_SPLINE_CURVE((1.,0.5,1.,0.5,
1.,0.5,1.)) REPRESENTATION_ITEM('') );
#1143 = CARTESIAN_POINT('',(7.371728433461,26.564217636801));
#1144 = CARTESIAN_POINT('',(3.497220667303,32.097588180148));
#1145 = CARTESIAN_POINT('',(10.226514009473,32.686325061128));
#1146 = CARTESIAN_POINT('',(16.955807351643,33.275061942108));
#1147 = CARTESIAN_POINT('',(14.101021775631,27.152954517781));
#1148 = CARTESIAN_POINT('',(11.24623619962,21.030847093454));
#1149 = CARTESIAN_POINT('',(7.371728433461,26.564217636801));
#1150 = ( GEOMETRIC_REPRESENTATION_CONTEXT(2) 
PARAMETRIC_REPRESENTATION_CONTEXT() REPRESENTATION_CONTEXT('2D SPACE',''
  ) );
#1151 = PCURVE('',#1152,#1157);
#1152 = TOROIDAL_SURFACE('',#1153,3.9,1.);
#1153 = AXIS2_PLACEMENT_3D('',#1154,#1155,#1156);
#1154 = CARTESIAN_POINT('',(10.566421405748,28.801165737401,1.));
#1155 = DIRECTION('',(-0.,0.,-1.));
#1156 = DIRECTION('',(-0.819152044289,-0.573576436351,0.));
#1157 = DEFINITIONAL_REPRESENTATION('',(#1158),#1162);
#1158 = LINE('',#1159,#1160);
#1159 = CARTESIAN_POINT('',(0.,1.570796326795));
#1160 = VECTOR('',#1161,1.);
#1161 = DIRECTION('',(1.,0.));
#1162 = ( GEOMETRIC_REPRESENTATION_CONTEXT(2) 
PARAMETRIC_REPRESENTATION_CONTEXT() REPRESENTATION_CONTEXT('2D SPACE',''
  ) );
#1163 = ORIENTED_EDGE('',*,*,#1164,.F.);
#1164 = EDGE_CURVE('',#1165,#1132,#1167,.T.);
#1165 = VERTEX_POINT('',#1166);
#1166 = CARTESIAN_POINT('',(11.354911484109,20.875642704067,
    -1.110223024625E-16));
#1167 = SURFACE_CURVE('',#1168,(#1172,#1179),.PCURVE_S1.);
#1168 = LINE('',#1169,#1170);
#1169 = CARTESIAN_POINT('',(12.075055212667,19.84717087356,
    -2.22044604925E-16));
#1170 = VECTOR('',#1171,1.);
#1171 = DIRECTION('',(-0.573576436351,0.819152044289,0.));
#1172 = PCURVE('',#32,#1173);
#1173 = DEFINITIONAL_REPRESENTATION('',(#1174),#1178);
#1174 = LINE('',#1175,#1176);
#1175 = CARTESIAN_POINT('',(12.075055213107,19.847170874729));
#1176 = VECTOR('',#1177,1.);
#1177 = DIRECTION('',(-0.573576436351,0.819152044289));
#1178 = ( GEOMETRIC_REPRESENTATION_CONTEXT(2) 
PARAMETRIC_REPRESENTATION_CONTEXT() REPRESENTATION_CONTEXT('2D SPACE',''
  ) );
#1179 = PCURVE('',#1180,#1185);
#1180 = CYLINDRICAL_SURFACE('',#1181,1.);
#1181 = AXIS2_PLACEMENT_3D('',#1182,#1183,#1184);
#1182 = CARTESIAN_POINT('',(12.075055212667,19.84717087356,1.));
#1183 = DIRECTION('',(-0.573576436351,0.819152044289,0.));
#1184 = DIRECTION('',(-0.819152044289,-0.573576436351,-0.));
#1185 = DEFINITIONAL_REPRESENTATION('',(#1186),#1190);
#1186 = LINE('',#1187,#1188);
#1187 = CARTESIAN_POINT('',(-1.570796326795,0.));
#1188 = VECTOR('',#1189,1.);
#1189 = DIRECTION('',(-0.,1.));
#1190 = ( GEOMETRIC_REPRESENTATION_CONTEXT(2) 
PARAMETRIC_REPRESENTATION_CONTEXT() REPRESENTATION_CONTEXT('2D SPACE',''
  ) );
#1191 = ORIENTED_EDGE('',*,*,#1192,.F.);
#1192 = EDGE_CURVE('',#1193,#1165,#1195,.T.);
#1193 = VERTEX_POINT('',#1194);
#1194 = CARTESIAN_POINT('',(7.,21.5,-2.22044604925E-16));
#1195 = SURFACE_CURVE('',#1196,(#1201,#1212),.PCURVE_S1.);
#1196 = CIRCLE('',#1197,15.5);
#1197 = AXIS2_PLACEMENT_3D('',#1198,#1199,#1200);
#1198 = CARTESIAN_POINT('',(7.,5.99999999642,0.));
#1199 = DIRECTION('',(0.,-0.,-1.));
#1200 = DIRECTION('',(5.224578939413E-17,1.,-0.));
#1201 = PCURVE('',#32,#1202);
#1202 = DEFINITIONAL_REPRESENTATION('',(#1203),#1211);
#1203 = ( BOUNDED_CURVE() B_SPLINE_CURVE(2,(#1204,#1205,#1206,#1207,
#1208,#1209,#1210),.UNSPECIFIED.,.T.,.F.) B_SPLINE_CURVE_WITH_KNOTS((1,2
    ,2,2,2,1),(-2.094395102393,0.,2.094395102393,4.188790204786,
6.28318530718,8.377580409573),.UNSPECIFIED.) CURVE() 
GEOMETRIC_REPRESENTATION_ITEM() RATIONAL_B_SPLINE_CURVE((1.,0.5,1.,0.5,
1.,0.5,1.)) REPRESENTATION_ITEM('') );
#1204 = CARTESIAN_POINT('',(7.00000000044,21.499999997589));
#1205 = CARTESIAN_POINT('',(33.846787517758,21.499999997589));
#1206 = CARTESIAN_POINT('',(20.423393759099,-1.750000002411));
#1207 = CARTESIAN_POINT('',(7.00000000044,-25.00000000241));
#1208 = CARTESIAN_POINT('',(-6.423393758219,-1.750000002411));
#1209 = CARTESIAN_POINT('',(-19.84678751687,21.499999997589));
#1210 = CARTESIAN_POINT('',(7.00000000044,21.499999997589));
#1211 = ( GEOMETRIC_REPRESENTATION_CONTEXT(2) 
PARAMETRIC_REPRESENTATION_CONTEXT() REPRESENTATION_CONTEXT('2D SPACE',''
  ) );
#1212 = PCURVE('',#1213,#1218);
#1213 = TOROIDAL_SURFACE('',#1214,15.5,1.5);
#1214 = AXIS2_PLACEMENT_3D('',#1215,#1216,#1217);
#1215 = CARTESIAN_POINT('',(7.,5.99999999642,1.5));
#1216 = DIRECTION('',(-0.,-0.,-1.));
#1217 = DIRECTION('',(5.224578939413E-17,1.,-0.));
#1218 = DEFINITIONAL_REPRESENTATION('',(#1219),#1223);
#1219 = LINE('',#1220,#1221);
#1220 = CARTESIAN_POINT('',(0.,1.570796326795));
#1221 = VECTOR('',#1222,1.);
#1222 = DIRECTION('',(1.,0.));
#1223 = ( GEOMETRIC_REPRESENTATION_CONTEXT(2) 
PARAMETRIC_REPRESENTATION_CONTEXT() REPRESENTATION_CONTEXT('2D SPACE',''
  ) );
#1224 = ORIENTED_EDGE('',*,*,#1225,.F.);
#1225 = EDGE_CURVE('',#1226,#1193,#1228,.T.);
#1226 = VERTEX_POINT('',#1227);
#1227 = CARTESIAN_POINT('',(-7.,21.49999999642,0.));
#1228 = SURFACE_CURVE('',#1229,(#1233,#1240),.PCURVE_S1.);
#1229 = LINE('',#1230,#1231);
#1230 = CARTESIAN_POINT('',(-7.,21.5,-2.22044604925E-16));
#1231 = VECTOR('',#1232,1.);
#1232 = DIRECTION('',(1.,0.,0.));
#1233 = PCURVE('',#32,#1234);
#1234 = DEFINITIONAL_REPRESENTATION('',(#1235),#1239);
#1235 = LINE('',#1236,#1237);
#1236 = CARTESIAN_POINT('',(-6.99999999956,21.500000001169));
#1237 = VECTOR('',#1238,1.);
#1238 = DIRECTION('',(1.,0.));
#1239 = ( GEOMETRIC_REPRESENTATION_CONTEXT(2) 
PARAMETRIC_REPRESENTATION_CONTEXT() REPRESENTATION_CONTEXT('2D SPACE',''
  ) );
#1240 = PCURVE('',#1241,#1246);
#1241 = CYLINDRICAL_SURFACE('',#1242,1.5);
#1242 = AXIS2_PLACEMENT_3D('',#1243,#1244,#1245);
#1243 = CARTESIAN_POINT('',(-7.,21.5,1.5));
#1244 = DIRECTION('',(1.,0.,0.));
#1245 = DIRECTION('',(-0.,1.,0.));
#1246 = DEFINITIONAL_REPRESENTATION('',(#1247),#1251);
#1247 = LINE('',#1248,#1249);
#1248 = CARTESIAN_POINT('',(-1.570796326795,0.));
#1249 = VECTOR('',#1250,1.);
#1250 = DIRECTION('',(-0.,1.));
#1251 = ( GEOMETRIC_REPRESENTATION_CONTEXT(2) 
PARAMETRIC_REPRESENTATION_CONTEXT() REPRESENTATION_CONTEXT('2D SPACE',''
  ) );
#1252 = ORIENTED_EDGE('',*,*,#1253,.F.);
#1253 = EDGE_CURVE('',#1254,#1226,#1256,.T.);
#1254 = VERTEX_POINT('',#1255);
#1255 = CARTESIAN_POINT('',(-10.46152058013,21.108536499778,
    -1.110223024625E-16));
#1256 = SURFACE_CURVE('',#1257,(#1262,#1273),.PCURVE_S1.);
#1257 = CIRCLE('',#1258,15.5);
#1258 = AXIS2_PLACEMENT_3D('',#1259,#1260,#1261);
#1259 = CARTESIAN_POINT('',(-7.,5.99999999642,0.));
#1260 = DIRECTION('',(-0.,0.,-1.));
#1261 = DIRECTION('',(-1.,1.044915787883E-16,0.));
#1262 = PCURVE('',#32,#1263);
#1263 = DEFINITIONAL_REPRESENTATION('',(#1264),#1272);
#1264 = ( BOUNDED_CURVE() B_SPLINE_CURVE(2,(#1265,#1266,#1267,#1268,
#1269,#1270,#1271),.UNSPECIFIED.,.T.,.F.) B_SPLINE_CURVE_WITH_KNOTS((1,2
    ,2,2,2,1),(-2.094395102393,0.,2.094395102393,4.188790204786,
6.28318530718,8.377580409573),.UNSPECIFIED.) CURVE() 
GEOMETRIC_REPRESENTATION_ITEM() RATIONAL_B_SPLINE_CURVE((1.,0.5,1.,0.5,
1.,0.5,1.)) REPRESENTATION_ITEM('') );
#1265 = CARTESIAN_POINT('',(-22.49999999956,5.999999997589));
#1266 = CARTESIAN_POINT('',(-22.49999999956,32.846787514906));
#1267 = CARTESIAN_POINT('',(0.75000000044,19.423393756247));
#1268 = CARTESIAN_POINT('',(24.00000000044,5.999999997589));
#1269 = CARTESIAN_POINT('',(0.75000000044,-7.42339376107));
#1270 = CARTESIAN_POINT('',(-22.49999999956,-20.84678751972));
#1271 = CARTESIAN_POINT('',(-22.49999999956,5.999999997589));
#1272 = ( GEOMETRIC_REPRESENTATION_CONTEXT(2) 
PARAMETRIC_REPRESENTATION_CONTEXT() REPRESENTATION_CONTEXT('2D SPACE',''
  ) );
#1273 = PCURVE('',#1274,#1279);
#1274 = TOROIDAL_SURFACE('',#1275,15.5,1.5);
#1275 = AXIS2_PLACEMENT_3D('',#1276,#1277,#1278);
#1276 = CARTESIAN_POINT('',(-7.,5.99999999642,1.5));
#1277 = DIRECTION('',(-0.,-0.,-1.));
#1278 = DIRECTION('',(-1.,1.044915787883E-16,0.));
#1279 = DEFINITIONAL_REPRESENTATION('',(#1280),#1284);
#1280 = LINE('',#1281,#1282);
#1281 = CARTESIAN_POINT('',(0.,1.570796326795));
#1282 = VECTOR('',#1283,1.);
#1283 = DIRECTION('',(1.,0.));
#1284 = ( GEOMETRIC_REPRESENTATION_CONTEXT(2) 
PARAMETRIC_REPRESENTATION_CONTEXT() REPRESENTATION_CONTEXT('2D SPACE',''
  ) );
#1285 = ORIENTED_EDGE('',*,*,#1286,.F.);
#1286 = EDGE_CURVE('',#1287,#1254,#1289,.T.);
#1287 = VERTEX_POINT('',#1288);
#1288 = CARTESIAN_POINT('',(-8.516133797003,30.260861850714,0.));
#1289 = SURFACE_CURVE('',#1290,(#1294,#1301),.PCURVE_S1.);
#1290 = LINE('',#1291,#1292);
#1291 = CARTESIAN_POINT('',(-8.516133773323,30.260861845681,
    -2.22044604925E-16));
#1292 = VECTOR('',#1293,1.);
#1293 = DIRECTION('',(-0.207911690818,-0.978147600734,-0.));
#1294 = PCURVE('',#32,#1295);
#1295 = DEFINITIONAL_REPRESENTATION('',(#1296),#1300);
#1296 = LINE('',#1297,#1298);
#1297 = CARTESIAN_POINT('',(-8.516133772883,30.26086184685));
#1298 = VECTOR('',#1299,1.);
#1299 = DIRECTION('',(-0.207911690818,-0.978147600734));
#1300 = ( GEOMETRIC_REPRESENTATION_CONTEXT(2) 
PARAMETRIC_REPRESENTATION_CONTEXT() REPRESENTATION_CONTEXT('2D SPACE',''
  ) );
#1301 = PCURVE('',#1302,#1307);
#1302 = CYLINDRICAL_SURFACE('',#1303,1.);
#1303 = AXIS2_PLACEMENT_3D('',#1304,#1305,#1306);
#1304 = CARTESIAN_POINT('',(-8.516133773323,30.260861845681,1.));
#1305 = DIRECTION('',(-0.207911690818,-0.978147600734,-0.));
#1306 = DIRECTION('',(0.978147600734,-0.207911690818,0.));
#1307 = DEFINITIONAL_REPRESENTATION('',(#1308),#1312);
#1308 = LINE('',#1309,#1310);
#1309 = CARTESIAN_POINT('',(-1.570796326795,0.));
#1310 = VECTOR('',#1311,1.);
#1311 = DIRECTION('',(-0.,1.));
#1312 = ( GEOMETRIC_REPRESENTATION_CONTEXT(2) 
PARAMETRIC_REPRESENTATION_CONTEXT() REPRESENTATION_CONTEXT('2D SPACE',''
  ) );
#1313 = ORIENTED_EDGE('',*,*,#1314,.F.);
#1314 = EDGE_CURVE('',#1315,#1287,#1317,.T.);
#1315 = VERTEX_POINT('',#1316);
#1316 = CARTESIAN_POINT('',(-11.13493589071,34.293463441989,
    -2.22044604925E-16));
#1317 = SURFACE_CURVE('',#1318,(#1323,#1334),.PCURVE_S1.);
#1318 = CIRCLE('',#1319,3.4);
#1319 = AXIS2_PLACEMENT_3D('',#1320,#1321,#1322);
#1320 = CARTESIAN_POINT('',(-11.84183563949,30.967761599495,0.));
#1321 = DIRECTION('',(0.,0.,-1.));
#1322 = DIRECTION('',(0.207911690818,0.978147600734,0.));
#1323 = PCURVE('',#32,#1324);
#1324 = DEFINITIONAL_REPRESENTATION('',(#1325),#1333);
#1325 = ( BOUNDED_CURVE() B_SPLINE_CURVE(2,(#1326,#1327,#1328,#1329,
#1330,#1331,#1332),.UNSPECIFIED.,.T.,.F.) B_SPLINE_CURVE_WITH_KNOTS((1,2
    ,2,2,2,1),(-2.094395102393,0.,2.094395102393,4.188790204786,
6.28318530718,8.377580409573),.UNSPECIFIED.) CURVE() 
GEOMETRIC_REPRESENTATION_ITEM() RATIONAL_B_SPLINE_CURVE((1.,0.5,1.,0.5,
1.,0.5,1.)) REPRESENTATION_ITEM('') );
#1326 = CARTESIAN_POINT('',(-11.13493589027,34.293463443158));
#1327 = CARTESIAN_POINT('',(-5.37465132825,33.069077162413));
#1328 = CARTESIAN_POINT('',(-9.315143232434,28.692717539043));
#1329 = CARTESIAN_POINT('',(-13.25563513661,24.316357915674));
#1330 = CARTESIAN_POINT('',(-15.07542779446,29.917103819789));
#1331 = CARTESIAN_POINT('',(-16.8952204523,35.517849723904));
#1332 = CARTESIAN_POINT('',(-11.13493589027,34.293463443158));
#1333 = ( GEOMETRIC_REPRESENTATION_CONTEXT(2) 
PARAMETRIC_REPRESENTATION_CONTEXT() REPRESENTATION_CONTEXT('2D SPACE',''
  ) );
#1334 = PCURVE('',#1335,#1340);
#1335 = TOROIDAL_SURFACE('',#1336,3.4,1.);
#1336 = AXIS2_PLACEMENT_3D('',#1337,#1338,#1339);
#1337 = CARTESIAN_POINT('',(-11.84183563949,30.967761599495,1.));
#1338 = DIRECTION('',(0.,-0.,-1.));
#1339 = DIRECTION('',(0.207911690818,0.978147600734,0.));
#1340 = DEFINITIONAL_REPRESENTATION('',(#1341),#1345);
#1341 = LINE('',#1342,#1343);
#1342 = CARTESIAN_POINT('',(0.,1.570796326795));
#1343 = VECTOR('',#1344,1.);
#1344 = DIRECTION('',(1.,0.));
#1345 = ( GEOMETRIC_REPRESENTATION_CONTEXT(2) 
PARAMETRIC_REPRESENTATION_CONTEXT() REPRESENTATION_CONTEXT('2D SPACE',''
  ) );
#1346 = ORIENTED_EDGE('',*,*,#1347,.F.);
#1347 = EDGE_CURVE('',#1348,#1315,#1350,.T.);
#1348 = VERTEX_POINT('',#1349);
#1349 = CARTESIAN_POINT('',(-11.33056538906,34.335045775518,0.));
#1350 = SURFACE_CURVE('',#1351,(#1355,#1362),.PCURVE_S1.);
#1351 = LINE('',#1352,#1353);
#1352 = CARTESIAN_POINT('',(-11.33056538906,34.335045775518,
    -2.22044604925E-16));
#1353 = VECTOR('',#1354,1.);
#1354 = DIRECTION('',(0.978147600734,-0.207911690818,0.));
#1355 = PCURVE('',#32,#1356);
#1356 = DEFINITIONAL_REPRESENTATION('',(#1357),#1361);
#1357 = LINE('',#1358,#1359);
#1358 = CARTESIAN_POINT('',(-11.33056538862,34.335045776687));
#1359 = VECTOR('',#1360,1.);
#1360 = DIRECTION('',(0.978147600734,-0.207911690818));
#1361 = ( GEOMETRIC_REPRESENTATION_CONTEXT(2) 
PARAMETRIC_REPRESENTATION_CONTEXT() REPRESENTATION_CONTEXT('2D SPACE',''
  ) );
#1362 = PCURVE('',#1363,#1368);
#1363 = CYLINDRICAL_SURFACE('',#1364,1.);
#1364 = AXIS2_PLACEMENT_3D('',#1365,#1366,#1367);
#1365 = CARTESIAN_POINT('',(-11.33056538906,34.335045775518,1.));
#1366 = DIRECTION('',(0.978147600734,-0.207911690818,0.));
#1367 = DIRECTION('',(0.207911690818,0.978147600734,0.));
#1368 = DEFINITIONAL_REPRESENTATION('',(#1369),#1373);
#1369 = LINE('',#1370,#1371);
#1370 = CARTESIAN_POINT('',(-1.570796326795,0.));
#1371 = VECTOR('',#1372,1.);
#1372 = DIRECTION('',(-0.,1.));
#1373 = ( GEOMETRIC_REPRESENTATION_CONTEXT(2) 
PARAMETRIC_REPRESENTATION_CONTEXT() REPRESENTATION_CONTEXT('2D SPACE',''
  ) );
#1374 = ORIENTED_EDGE('',*,*,#1375,.F.);
#1375 = EDGE_CURVE('',#1376,#1348,#1378,.T.);
#1376 = VERTEX_POINT('',#1377);
#1377 = CARTESIAN_POINT('',(-15.36316697846,31.716243681405,
    -2.22044604925E-16));
#1378 = SURFACE_CURVE('',#1379,(#1384,#1395),.PCURVE_S1.);
#1379 = CIRCLE('',#1380,3.4);
#1380 = AXIS2_PLACEMENT_3D('',#1381,#1382,#1383);
#1381 = CARTESIAN_POINT('',(-12.03746513784,31.009343933024,0.));
#1382 = DIRECTION('',(0.,0.,-1.));
#1383 = DIRECTION('',(-0.978147600734,0.207911690818,-0.));
#1384 = PCURVE('',#32,#1385);
#1385 = DEFINITIONAL_REPRESENTATION('',(#1386),#1394);
#1386 = ( BOUNDED_CURVE() B_SPLINE_CURVE(2,(#1387,#1388,#1389,#1390,
#1391,#1392,#1393),.UNSPECIFIED.,.T.,.F.) B_SPLINE_CURVE_WITH_KNOTS((1,2
    ,2,2,2,1),(-2.094395102393,0.,2.094395102393,4.188790204786,
6.28318530718,8.377580409573),.UNSPECIFIED.) CURVE() 
GEOMETRIC_REPRESENTATION_ITEM() RATIONAL_B_SPLINE_CURVE((1.,0.5,1.,0.5,
1.,0.5,1.)) REPRESENTATION_ITEM('') );
#1387 = CARTESIAN_POINT('',(-15.36316697989,31.716243682973));
#1388 = CARTESIAN_POINT('',(-14.13878069915,37.476528245));
#1389 = CARTESIAN_POINT('',(-9.76242107578,33.536036340816));
#1390 = CARTESIAN_POINT('',(-5.38606145241,29.595544436632));
#1391 = CARTESIAN_POINT('',(-10.98680735652,27.775751778789));
#1392 = CARTESIAN_POINT('',(-16.58755326064,25.955959120946));
#1393 = CARTESIAN_POINT('',(-15.36316697989,31.716243682973));
#1394 = ( GEOMETRIC_REPRESENTATION_CONTEXT(2) 
PARAMETRIC_REPRESENTATION_CONTEXT() REPRESENTATION_CONTEXT('2D SPACE',''
  ) );
#1395 = PCURVE('',#1396,#1401);
#1396 = TOROIDAL_SURFACE('',#1397,3.4,1.);
#1397 = AXIS2_PLACEMENT_3D('',#1398,#1399,#1400);
#1398 = CARTESIAN_POINT('',(-12.03746513784,31.009343933024,1.));
#1399 = DIRECTION('',(0.,-0.,-1.));
#1400 = DIRECTION('',(-0.978147600734,0.207911690818,-0.));
#1401 = DEFINITIONAL_REPRESENTATION('',(#1402),#1406);
#1402 = LINE('',#1403,#1404);
#1403 = CARTESIAN_POINT('',(0.,1.570796326795));
#1404 = VECTOR('',#1405,1.);
#1405 = DIRECTION('',(1.,0.));
#1406 = ( GEOMETRIC_REPRESENTATION_CONTEXT(2) 
PARAMETRIC_REPRESENTATION_CONTEXT() REPRESENTATION_CONTEXT('2D SPACE',''
  ) );
#1407 = ORIENTED_EDGE('',*,*,#1408,.F.);
#1408 = EDGE_CURVE('',#1409,#1376,#1411,.T.);
#1409 = VERTEX_POINT('',#1410);
#1410 = CARTESIAN_POINT('',(-17.4838662248,21.73913815392,
    -2.22044604925E-16));
#1411 = SURFACE_CURVE('',#1412,(#1416,#1423),.PCURVE_S1.);
#1412 = LINE('',#1413,#1414);
#1413 = CARTESIAN_POINT('',(-17.4838662248,21.73913815392,
    -2.22044604925E-16));
#1414 = VECTOR('',#1415,1.);
#1415 = DIRECTION('',(0.207911690818,0.978147600734,0.));
#1416 = PCURVE('',#32,#1417);
#1417 = DEFINITIONAL_REPRESENTATION('',(#1418),#1422);
#1418 = LINE('',#1419,#1420);
#1419 = CARTESIAN_POINT('',(-17.48386622436,21.739138155089));
#1420 = VECTOR('',#1421,1.);
#1421 = DIRECTION('',(0.207911690818,0.978147600734));
#1422 = ( GEOMETRIC_REPRESENTATION_CONTEXT(2) 
PARAMETRIC_REPRESENTATION_CONTEXT() REPRESENTATION_CONTEXT('2D SPACE',''
  ) );
#1423 = PCURVE('',#1424,#1429);
#1424 = CYLINDRICAL_SURFACE('',#1425,1.);
#1425 = AXIS2_PLACEMENT_3D('',#1426,#1427,#1428);
#1426 = CARTESIAN_POINT('',(-17.4838662248,21.73913815392,1.));
#1427 = DIRECTION('',(0.207911690818,0.978147600734,0.));
#1428 = DIRECTION('',(-0.978147600734,0.207911690818,0.));
#1429 = DEFINITIONAL_REPRESENTATION('',(#1430),#1434);
#1430 = LINE('',#1431,#1432);
#1431 = CARTESIAN_POINT('',(-1.570796326795,0.));
#1432 = VECTOR('',#1433,1.);
#1433 = DIRECTION('',(-0.,1.));
#1434 = ( GEOMETRIC_REPRESENTATION_CONTEXT(2) 
PARAMETRIC_REPRESENTATION_CONTEXT() REPRESENTATION_CONTEXT('2D SPACE',''
  ) );
#1435 = ORIENTED_EDGE('',*,*,#1436,.F.);
#1436 = EDGE_CURVE('',#1437,#1409,#1439,.T.);
#1437 = VERTEX_POINT('',#1438);
#1438 = CARTESIAN_POINT('',(-16.3053215913,18.396007018138,0.));
#1439 = SURFACE_CURVE('',#1440,(#1445,#1456),.PCURVE_S1.);
#1440 = CIRCLE('',#1441,3.4);
#1441 = AXIS2_PLACEMENT_3D('',#1442,#1443,#1444);
#1442 = CARTESIAN_POINT('',(-14.15816438418,21.032238405539,0.));
#1443 = DIRECTION('',(0.,-0.,-1.));
#1444 = DIRECTION('',(-0.207911690818,-0.978147600734,0.));
#1445 = PCURVE('',#32,#1446);
#1446 = DEFINITIONAL_REPRESENTATION('',(#1447),#1455);
#1447 = ( BOUNDED_CURVE() B_SPLINE_CURVE(2,(#1448,#1449,#1450,#1451,
#1452,#1453,#1454),.UNSPECIFIED.,.T.,.F.) B_SPLINE_CURVE_WITH_KNOTS((1,2
    ,2,2,2,1),(-2.094395102393,0.,2.094395102393,4.188790204786,
6.28318530718,8.377580409573),.UNSPECIFIED.) CURVE() 
GEOMETRIC_REPRESENTATION_ITEM() RATIONAL_B_SPLINE_CURVE((1.,0.5,1.,0.5,
1.,0.5,1.)) REPRESENTATION_ITEM('') );
#1448 = CARTESIAN_POINT('',(-14.86506413252,17.706536564213));
#1449 = CARTESIAN_POINT('',(-20.62534869454,18.930922844958));
#1450 = CARTESIAN_POINT('',(-16.68485679036,23.307282468328));
#1451 = CARTESIAN_POINT('',(-12.74436488618,27.683642091698));
#1452 = CARTESIAN_POINT('',(-10.92457222833,22.082896187582));
#1453 = CARTESIAN_POINT('',(-9.104779570495,16.482150283467));
#1454 = CARTESIAN_POINT('',(-14.86506413252,17.706536564213));
#1455 = ( GEOMETRIC_REPRESENTATION_CONTEXT(2) 
PARAMETRIC_REPRESENTATION_CONTEXT() REPRESENTATION_CONTEXT('2D SPACE',''
  ) );
#1456 = PCURVE('',#1457,#1462);
#1457 = TOROIDAL_SURFACE('',#1458,3.4,1.);
#1458 = AXIS2_PLACEMENT_3D('',#1459,#1460,#1461);
#1459 = CARTESIAN_POINT('',(-14.15816438418,21.032238405539,1.));
#1460 = DIRECTION('',(0.,-0.,-1.));
#1461 = DIRECTION('',(-0.207911690818,-0.978147600734,0.));
#1462 = DEFINITIONAL_REPRESENTATION('',(#1463),#1467);
#1463 = LINE('',#1464,#1465);
#1464 = CARTESIAN_POINT('',(0.,1.570796326795));
#1465 = VECTOR('',#1466,1.);
#1466 = DIRECTION('',(1.,0.));
#1467 = ( GEOMETRIC_REPRESENTATION_CONTEXT(2) 
PARAMETRIC_REPRESENTATION_CONTEXT() REPRESENTATION_CONTEXT('2D SPACE',''
  ) );
#1468 = ORIENTED_EDGE('',*,*,#1469,.F.);
#1469 = EDGE_CURVE('',#1470,#1437,#1472,.T.);
#1470 = VERTEX_POINT('',#1471);
#1471 = CARTESIAN_POINT('',(-22.5,5.99999999642,-2.22044604925E-16));
#1472 = SURFACE_CURVE('',#1473,(#1478,#1489),.PCURVE_S1.);
#1473 = CIRCLE('',#1474,15.5);
#1474 = AXIS2_PLACEMENT_3D('',#1475,#1476,#1477);
#1475 = CARTESIAN_POINT('',(-7.,5.99999999642,0.));
#1476 = DIRECTION('',(-0.,0.,-1.));
#1477 = DIRECTION('',(-1.,1.044915787883E-16,0.));
#1478 = PCURVE('',#32,#1479);
#1479 = DEFINITIONAL_REPRESENTATION('',(#1480),#1488);
#1480 = ( BOUNDED_CURVE() B_SPLINE_CURVE(2,(#1481,#1482,#1483,#1484,
#1485,#1486,#1487),.UNSPECIFIED.,.T.,.F.) B_SPLINE_CURVE_WITH_KNOTS((1,2
    ,2,2,2,1),(-2.094395102393,0.,2.094395102393,4.188790204786,
6.28318530718,8.377580409573),.UNSPECIFIED.) CURVE() 
GEOMETRIC_REPRESENTATION_ITEM() RATIONAL_B_SPLINE_CURVE((1.,0.5,1.,0.5,
1.,0.5,1.)) REPRESENTATION_ITEM('') );
#1481 = CARTESIAN_POINT('',(-22.49999999956,5.999999997589));
#1482 = CARTESIAN_POINT('',(-22.49999999956,32.846787514906));
#1483 = CARTESIAN_POINT('',(0.75000000044,19.423393756247));
#1484 = CARTESIAN_POINT('',(24.00000000044,5.999999997589));
#1485 = CARTESIAN_POINT('',(0.75000000044,-7.42339376107));
#1486 = CARTESIAN_POINT('',(-22.49999999956,-20.84678751972));
#1487 = CARTESIAN_POINT('',(-22.49999999956,5.999999997589));
#1488 = ( GEOMETRIC_REPRESENTATION_CONTEXT(2) 
PARAMETRIC_REPRESENTATION_CONTEXT() REPRESENTATION_CONTEXT('2D SPACE',''
  ) );
#1489 = PCURVE('',#1490,#1495);
#1490 = TOROIDAL_SURFACE('',#1491,15.5,1.5);
#1491 = AXIS2_PLACEMENT_3D('',#1492,#1493,#1494);
#1492 = CARTESIAN_POINT('',(-7.,5.99999999642,1.5));
#1493 = DIRECTION('',(-0.,-0.,-1.));
#1494 = DIRECTION('',(-1.,1.044915787883E-16,0.));
#1495 = DEFINITIONAL_REPRESENTATION('',(#1496),#1500);
#1496 = LINE('',#1497,#1498);
#1497 = CARTESIAN_POINT('',(0.,1.570796326795));
#1498 = VECTOR('',#1499,1.);
#1499 = DIRECTION('',(1.,0.));
#1500 = ( GEOMETRIC_REPRESENTATION_CONTEXT(2) 
PARAMETRIC_REPRESENTATION_CONTEXT() REPRESENTATION_CONTEXT('2D SPACE',''
  ) );
#1501 = ORIENTED_EDGE('',*,*,#1502,.F.);
#1502 = EDGE_CURVE('',#1503,#1470,#1505,.T.);
#1503 = VERTEX_POINT('',#1504);
#1504 = CARTESIAN_POINT('',(-22.5,2.094084278127,-1.110223024625E-16));
#1505 = SURFACE_CURVE('',#1506,(#1510,#1517),.PCURVE_S1.);
#1506 = LINE('',#1507,#1508);
#1507 = CARTESIAN_POINT('',(-22.5,-6.,-2.22044604925E-16));
#1508 = VECTOR('',#1509,1.);
#1509 = DIRECTION('',(0.,1.,0.));
#1510 = PCURVE('',#32,#1511);
#1511 = DEFINITIONAL_REPRESENTATION('',(#1512),#1516);
#1512 = LINE('',#1513,#1514);
#1513 = CARTESIAN_POINT('',(-22.49999999956,-5.999999998831));
#1514 = VECTOR('',#1515,1.);
#1515 = DIRECTION('',(0.,1.));
#1516 = ( GEOMETRIC_REPRESENTATION_CONTEXT(2) 
PARAMETRIC_REPRESENTATION_CONTEXT() REPRESENTATION_CONTEXT('2D SPACE',''
  ) );
#1517 = PCURVE('',#1518,#1523);
#1518 = CYLINDRICAL_SURFACE('',#1519,1.5);
#1519 = AXIS2_PLACEMENT_3D('',#1520,#1521,#1522);
#1520 = CARTESIAN_POINT('',(-22.5,-6.,1.5));
#1521 = DIRECTION('',(0.,1.,0.));
#1522 = DIRECTION('',(-1.,0.,0.));
#1523 = DEFINITIONAL_REPRESENTATION('',(#1524),#1528);
#1524 = LINE('',#1525,#1526);
#1525 = CARTESIAN_POINT('',(-1.570796326795,0.));
#1526 = VECTOR('',#1527,1.);
#1527 = DIRECTION('',(-0.,1.));
#1528 = ( GEOMETRIC_REPRESENTATION_CONTEXT(2) 
PARAMETRIC_REPRESENTATION_CONTEXT() REPRESENTATION_CONTEXT('2D SPACE',''
  ) );
#1529 = ORIENTED_EDGE('',*,*,#1530,.F.);
#1530 = EDGE_CURVE('',#24,#1503,#1531,.T.);
#1531 = SURFACE_CURVE('',#1532,(#1537,#1548),.PCURVE_S1.);
#1532 = CIRCLE('',#1533,3.4);
#1533 = AXIS2_PLACEMENT_3D('',#1534,#1535,#1536);
#1534 = CARTESIAN_POINT('',(-21.13715296997,-1.020823099751,0.));
#1535 = DIRECTION('',(0.,0.,-1.));
#1536 = DIRECTION('',(-0.951056516295,0.309016994375,-0.));
#1537 = PCURVE('',#32,#1538);
#1538 = DEFINITIONAL_REPRESENTATION('',(#1539),#1547);
#1539 = ( BOUNDED_CURVE() B_SPLINE_CURVE(2,(#1540,#1541,#1542,#1543,
#1544,#1545,#1546),.UNSPECIFIED.,.T.,.F.) B_SPLINE_CURVE_WITH_KNOTS((1,2
    ,2,2,2,1),(-2.094395102393,0.,2.094395102393,4.188790204786,
6.28318530718,8.377580409573),.UNSPECIFIED.) CURVE() 
GEOMETRIC_REPRESENTATION_ITEM() RATIONAL_B_SPLINE_CURVE((1.,0.5,1.,0.5,
1.,0.5,1.)) REPRESENTATION_ITEM('') );
#1540 = CARTESIAN_POINT('',(-24.37074512494,2.983468229251E-02));
#1541 = CARTESIAN_POINT('',(-22.55095246709,5.630580586408));
#1542 = CARTESIAN_POINT('',(-18.61046056291,1.254220963038));
#1543 = CARTESIAN_POINT('',(-14.66996865873,-3.122138660332));
#1544 = CARTESIAN_POINT('',(-20.43025322075,-4.346524941077));
#1545 = CARTESIAN_POINT('',(-26.19053778278,-5.570911221823));
#1546 = CARTESIAN_POINT('',(-24.37074512494,2.983468229251E-02));
#1547 = ( GEOMETRIC_REPRESENTATION_CONTEXT(2) 
PARAMETRIC_REPRESENTATION_CONTEXT() REPRESENTATION_CONTEXT('2D SPACE',''
  ) );
#1548 = PCURVE('',#1549,#1554);
#1549 = TOROIDAL_SURFACE('',#1550,3.4,1.);
#1550 = AXIS2_PLACEMENT_3D('',#1551,#1552,#1553);
#1551 = CARTESIAN_POINT('',(-21.13715296997,-1.020823099751,1.));
#1552 = DIRECTION('',(0.,-0.,-1.));
#1553 = DIRECTION('',(-0.951056516295,0.309016994375,-0.));
#1554 = DEFINITIONAL_REPRESENTATION('',(#1555),#1559);
#1555 = LINE('',#1556,#1557);
#1556 = CARTESIAN_POINT('',(0.,1.570796326795));
#1557 = VECTOR('',#1558,1.);
#1558 = DIRECTION('',(1.,0.));
#1559 = ( GEOMETRIC_REPRESENTATION_CONTEXT(2) 
PARAMETRIC_REPRESENTATION_CONTEXT() REPRESENTATION_CONTEXT('2D SPACE',''
  ) );
#1560 = FACE_BOUND('',#1561,.F.);
#1561 = EDGE_LOOP('',(#1562,#1590,#1623,#1649,#1682,#1708,#1741,#1767));
#1562 = ORIENTED_EDGE('',*,*,#1563,.F.);
#1563 = EDGE_CURVE('',#1564,#1566,#1568,.T.);
#1564 = VERTEX_POINT('',#1565);
#1565 = CARTESIAN_POINT('',(-12.4,-23.89,0.));
#1566 = VERTEX_POINT('',#1567);
#1567 = CARTESIAN_POINT('',(-12.4,-26.11,0.));
#1568 = SURFACE_CURVE('',#1569,(#1573,#1579),.PCURVE_S1.);
#1569 = LINE('',#1570,#1571);
#1570 = CARTESIAN_POINT('',(-12.3999999999,-13.05500000058,0.));
#1571 = VECTOR('',#1572,1.);
#1572 = DIRECTION('',(0.,-1.,0.));
#1573 = PCURVE('',#32,#1574);
#1574 = DEFINITIONAL_REPRESENTATION('',(#1575),#1578);
#1575 = B_SPLINE_CURVE_WITH_KNOTS('',1,(#1576,#1577),.UNSPECIFIED.,.F.,
  .F.,(2,2),(10.834999999416,13.054999999416),.PIECEWISE_BEZIER_KNOTS.);
#1576 = CARTESIAN_POINT('',(-12.39999999946,-23.88999999883));
#1577 = CARTESIAN_POINT('',(-12.39999999946,-26.10999999883));
#1578 = ( GEOMETRIC_REPRESENTATION_CONTEXT(2) 
PARAMETRIC_REPRESENTATION_CONTEXT() REPRESENTATION_CONTEXT('2D SPACE',''
  ) );
#1579 = PCURVE('',#1580,#1585);
#1580 = PLANE('',#1581);
#1581 = AXIS2_PLACEMENT_3D('',#1582,#1583,#1584);
#1582 = CARTESIAN_POINT('',(-12.3999999999,-26.11,-1.));
#1583 = DIRECTION('',(-1.,0.,0.));
#1584 = DIRECTION('',(0.,1.,0.));
#1585 = DEFINITIONAL_REPRESENTATION('',(#1586),#1589);
#1586 = B_SPLINE_CURVE_WITH_KNOTS('',1,(#1587,#1588),.UNSPECIFIED.,.F.,
  .F.,(2,2),(10.834999999416,13.054999999416),.PIECEWISE_BEZIER_KNOTS.);
#1587 = CARTESIAN_POINT('',(2.22,-1.));
#1588 = CARTESIAN_POINT('',(0.,-1.));
#1589 = ( GEOMETRIC_REPRESENTATION_CONTEXT(2) 
PARAMETRIC_REPRESENTATION_CONTEXT() REPRESENTATION_CONTEXT('2D SPACE',''
  ) );
#1590 = ORIENTED_EDGE('',*,*,#1591,.T.);
#1591 = EDGE_CURVE('',#1564,#1592,#1594,.T.);
#1592 = VERTEX_POINT('',#1593);
#1593 = CARTESIAN_POINT('',(-12.01000000009,-23.5,0.));
#1594 = SURFACE_CURVE('',#1595,(#1600,#1611),.PCURVE_S1.);
#1595 = CIRCLE('',#1596,0.39);
#1596 = AXIS2_PLACEMENT_3D('',#1597,#1598,#1599);
#1597 = CARTESIAN_POINT('',(-12.01000000009,-23.89,0.));
#1598 = DIRECTION('',(0.,0.,-1.));
#1599 = DIRECTION('',(1.,0.,0.));
#1600 = PCURVE('',#32,#1601);
#1601 = DEFINITIONAL_REPRESENTATION('',(#1602),#1610);
#1602 = ( BOUNDED_CURVE() B_SPLINE_CURVE(2,(#1603,#1604,#1605,#1606,
#1607,#1608,#1609),.UNSPECIFIED.,.T.,.F.) B_SPLINE_CURVE_WITH_KNOTS((1,2
    ,2,2,2,1),(-2.094395102393,0.,2.094395102393,4.188790204786,
6.28318530718,8.377580409573),.UNSPECIFIED.) CURVE() 
GEOMETRIC_REPRESENTATION_ITEM() RATIONAL_B_SPLINE_CURVE((1.,0.5,1.,0.5,
1.,0.5,1.)) REPRESENTATION_ITEM('') );
#1603 = CARTESIAN_POINT('',(-11.61999999965,-23.88999999883));
#1604 = CARTESIAN_POINT('',(-11.61999999965,-24.56549981378));
#1605 = CARTESIAN_POINT('',(-12.20499999965,-24.2277499063));
#1606 = CARTESIAN_POINT('',(-12.78999999965,-23.88999999883));
#1607 = CARTESIAN_POINT('',(-12.20499999965,-23.55225009135));
#1608 = CARTESIAN_POINT('',(-11.61999999965,-23.21450018387));
#1609 = CARTESIAN_POINT('',(-11.61999999965,-23.88999999883));
#1610 = ( GEOMETRIC_REPRESENTATION_CONTEXT(2) 
PARAMETRIC_REPRESENTATION_CONTEXT() REPRESENTATION_CONTEXT('2D SPACE',''
  ) );
#1611 = PCURVE('',#1612,#1617);
#1612 = CYLINDRICAL_SURFACE('',#1613,0.39);
#1613 = AXIS2_PLACEMENT_3D('',#1614,#1615,#1616);
#1614 = CARTESIAN_POINT('',(-12.01000000009,-23.89,-1.));
#1615 = DIRECTION('',(0.,0.,-1.));
#1616 = DIRECTION('',(1.,0.,0.));
#1617 = DEFINITIONAL_REPRESENTATION('',(#1618),#1622);
#1618 = LINE('',#1619,#1620);
#1619 = CARTESIAN_POINT('',(-6.28318530718,-1.));
#1620 = VECTOR('',#1621,1.);
#1621 = DIRECTION('',(1.,-0.));
#1622 = ( GEOMETRIC_REPRESENTATION_CONTEXT(2) 
PARAMETRIC_REPRESENTATION_CONTEXT() REPRESENTATION_CONTEXT('2D SPACE',''
  ) );
#1623 = ORIENTED_EDGE('',*,*,#1624,.F.);
#1624 = EDGE_CURVE('',#1625,#1592,#1627,.T.);
#1625 = VERTEX_POINT('',#1626);
#1626 = CARTESIAN_POINT('',(-11.99000000111,-23.5,0.));
#1627 = SURFACE_CURVE('',#1628,(#1632,#1638),.PCURVE_S1.);
#1628 = LINE('',#1629,#1630);
#1629 = CARTESIAN_POINT('',(-6.005000000268,-23.5,0.));
#1630 = VECTOR('',#1631,1.);
#1631 = DIRECTION('',(-1.,0.,0.));
#1632 = PCURVE('',#32,#1633);
#1633 = DEFINITIONAL_REPRESENTATION('',(#1634),#1637);
#1634 = B_SPLINE_CURVE_WITH_KNOTS('',1,(#1635,#1636),.UNSPECIFIED.,.F.,
  .F.,(2,2),(5.985000000846,6.004999999828),.PIECEWISE_BEZIER_KNOTS.);
#1635 = CARTESIAN_POINT('',(-11.99000000067,-23.49999999883));
#1636 = CARTESIAN_POINT('',(-12.00999999965,-23.49999999883));
#1637 = ( GEOMETRIC_REPRESENTATION_CONTEXT(2) 
PARAMETRIC_REPRESENTATION_CONTEXT() REPRESENTATION_CONTEXT('2D SPACE',''
  ) );
#1638 = PCURVE('',#1639,#1644);
#1639 = PLANE('',#1640);
#1640 = AXIS2_PLACEMENT_3D('',#1641,#1642,#1643);
#1641 = CARTESIAN_POINT('',(-12.01000000009,-23.5,-1.));
#1642 = DIRECTION('',(0.,1.,0.));
#1643 = DIRECTION('',(1.,0.,0.));
#1644 = DEFINITIONAL_REPRESENTATION('',(#1645),#1648);
#1645 = B_SPLINE_CURVE_WITH_KNOTS('',1,(#1646,#1647),.UNSPECIFIED.,.F.,
  .F.,(2,2),(5.985000000846,6.004999999828),.PIECEWISE_BEZIER_KNOTS.);
#1646 = CARTESIAN_POINT('',(1.999999898183E-02,-1.));
#1647 = CARTESIAN_POINT('',(0.,-1.));
#1648 = ( GEOMETRIC_REPRESENTATION_CONTEXT(2) 
PARAMETRIC_REPRESENTATION_CONTEXT() REPRESENTATION_CONTEXT('2D SPACE',''
  ) );
#1649 = ORIENTED_EDGE('',*,*,#1650,.T.);
#1650 = EDGE_CURVE('',#1625,#1651,#1653,.T.);
#1651 = VERTEX_POINT('',#1652);
#1652 = CARTESIAN_POINT('',(-11.6000000005,-23.89,0.));
#1653 = SURFACE_CURVE('',#1654,(#1659,#1670),.PCURVE_S1.);
#1654 = CIRCLE('',#1655,0.39);
#1655 = AXIS2_PLACEMENT_3D('',#1656,#1657,#1658);
#1656 = CARTESIAN_POINT('',(-11.99000000111,-23.89,0.));
#1657 = DIRECTION('',(0.,0.,-1.));
#1658 = DIRECTION('',(1.,0.,0.));
#1659 = PCURVE('',#32,#1660);
#1660 = DEFINITIONAL_REPRESENTATION('',(#1661),#1669);
#1661 = ( BOUNDED_CURVE() B_SPLINE_CURVE(2,(#1662,#1663,#1664,#1665,
#1666,#1667,#1668),.UNSPECIFIED.,.T.,.F.) B_SPLINE_CURVE_WITH_KNOTS((1,2
    ,2,2,2,1),(-2.094395102393,0.,2.094395102393,4.188790204786,
6.28318530718,8.377580409573),.UNSPECIFIED.) CURVE() 
GEOMETRIC_REPRESENTATION_ITEM() RATIONAL_B_SPLINE_CURVE((1.,0.5,1.,0.5,
1.,0.5,1.)) REPRESENTATION_ITEM('') );
#1662 = CARTESIAN_POINT('',(-11.60000000067,-23.88999999883));
#1663 = CARTESIAN_POINT('',(-11.60000000067,-24.56549981378));
#1664 = CARTESIAN_POINT('',(-12.18500000067,-24.2277499063));
#1665 = CARTESIAN_POINT('',(-12.77000000067,-23.88999999883));
#1666 = CARTESIAN_POINT('',(-12.18500000067,-23.55225009135));
#1667 = CARTESIAN_POINT('',(-11.60000000067,-23.21450018387));
#1668 = CARTESIAN_POINT('',(-11.60000000067,-23.88999999883));
#1669 = ( GEOMETRIC_REPRESENTATION_CONTEXT(2) 
PARAMETRIC_REPRESENTATION_CONTEXT() REPRESENTATION_CONTEXT('2D SPACE',''
  ) );
#1670 = PCURVE('',#1671,#1676);
#1671 = CYLINDRICAL_SURFACE('',#1672,0.39);
#1672 = AXIS2_PLACEMENT_3D('',#1673,#1674,#1675);
#1673 = CARTESIAN_POINT('',(-11.99000000111,-23.89,-1.));
#1674 = DIRECTION('',(0.,0.,-1.));
#1675 = DIRECTION('',(1.,0.,0.));
#1676 = DEFINITIONAL_REPRESENTATION('',(#1677),#1681);
#1677 = LINE('',#1678,#1679);
#1678 = CARTESIAN_POINT('',(-6.28318530718,-1.));
#1679 = VECTOR('',#1680,1.);
#1680 = DIRECTION('',(1.,-0.));
#1681 = ( GEOMETRIC_REPRESENTATION_CONTEXT(2) 
PARAMETRIC_REPRESENTATION_CONTEXT() REPRESENTATION_CONTEXT('2D SPACE',''
  ) );
#1682 = ORIENTED_EDGE('',*,*,#1683,.T.);
#1683 = EDGE_CURVE('',#1651,#1684,#1686,.T.);
#1684 = VERTEX_POINT('',#1685);
#1685 = CARTESIAN_POINT('',(-11.6000000005,-26.11,0.));
#1686 = SURFACE_CURVE('',#1687,(#1691,#1697),.PCURVE_S1.);
#1687 = LINE('',#1688,#1689);
#1688 = CARTESIAN_POINT('',(-11.5999999999,-13.05500000058,0.));
#1689 = VECTOR('',#1690,1.);
#1690 = DIRECTION('',(0.,-1.,0.));
#1691 = PCURVE('',#32,#1692);
#1692 = DEFINITIONAL_REPRESENTATION('',(#1693),#1696);
#1693 = B_SPLINE_CURVE_WITH_KNOTS('',1,(#1694,#1695),.UNSPECIFIED.,.F.,
  .F.,(2,2),(10.834999999416,13.054999999416),.PIECEWISE_BEZIER_KNOTS.);
#1694 = CARTESIAN_POINT('',(-11.59999999946,-23.88999999883));
#1695 = CARTESIAN_POINT('',(-11.59999999946,-26.10999999883));
#1696 = ( GEOMETRIC_REPRESENTATION_CONTEXT(2) 
PARAMETRIC_REPRESENTATION_CONTEXT() REPRESENTATION_CONTEXT('2D SPACE',''
  ) );
#1697 = PCURVE('',#1698,#1703);
#1698 = PLANE('',#1699);
#1699 = AXIS2_PLACEMENT_3D('',#1700,#1701,#1702);
#1700 = CARTESIAN_POINT('',(-11.5999999999,-26.11,-1.));
#1701 = DIRECTION('',(-1.,0.,0.));
#1702 = DIRECTION('',(0.,1.,0.));
#1703 = DEFINITIONAL_REPRESENTATION('',(#1704),#1707);
#1704 = B_SPLINE_CURVE_WITH_KNOTS('',1,(#1705,#1706),.UNSPECIFIED.,.F.,
  .F.,(2,2),(10.834999999416,13.054999999416),.PIECEWISE_BEZIER_KNOTS.);
#1705 = CARTESIAN_POINT('',(2.22,-1.));
#1706 = CARTESIAN_POINT('',(0.,-1.));
#1707 = ( GEOMETRIC_REPRESENTATION_CONTEXT(2) 
PARAMETRIC_REPRESENTATION_CONTEXT() REPRESENTATION_CONTEXT('2D SPACE',''
  ) );
#1708 = ORIENTED_EDGE('',*,*,#1709,.T.);
#1709 = EDGE_CURVE('',#1684,#1710,#1712,.T.);
#1710 = VERTEX_POINT('',#1711);
#1711 = CARTESIAN_POINT('',(-11.99000000111,-26.5,0.));
#1712 = SURFACE_CURVE('',#1713,(#1718,#1729),.PCURVE_S1.);
#1713 = CIRCLE('',#1714,0.39);
#1714 = AXIS2_PLACEMENT_3D('',#1715,#1716,#1717);
#1715 = CARTESIAN_POINT('',(-11.99000000111,-26.11,0.));
#1716 = DIRECTION('',(0.,0.,-1.));
#1717 = DIRECTION('',(1.,0.,0.));
#1718 = PCURVE('',#32,#1719);
#1719 = DEFINITIONAL_REPRESENTATION('',(#1720),#1728);
#1720 = ( BOUNDED_CURVE() B_SPLINE_CURVE(2,(#1721,#1722,#1723,#1724,
#1725,#1726,#1727),.UNSPECIFIED.,.T.,.F.) B_SPLINE_CURVE_WITH_KNOTS((1,2
    ,2,2,2,1),(-2.094395102393,0.,2.094395102393,4.188790204786,
6.28318530718,8.377580409573),.UNSPECIFIED.) CURVE() 
GEOMETRIC_REPRESENTATION_ITEM() RATIONAL_B_SPLINE_CURVE((1.,0.5,1.,0.5,
1.,0.5,1.)) REPRESENTATION_ITEM('') );
#1721 = CARTESIAN_POINT('',(-11.60000000067,-26.10999999883));
#1722 = CARTESIAN_POINT('',(-11.60000000067,-26.78549981378));
#1723 = CARTESIAN_POINT('',(-12.18500000067,-26.4477499063));
#1724 = CARTESIAN_POINT('',(-12.77000000067,-26.10999999883));
#1725 = CARTESIAN_POINT('',(-12.18500000067,-25.77225009135));
#1726 = CARTESIAN_POINT('',(-11.60000000067,-25.43450018387));
#1727 = CARTESIAN_POINT('',(-11.60000000067,-26.10999999883));
#1728 = ( GEOMETRIC_REPRESENTATION_CONTEXT(2) 
PARAMETRIC_REPRESENTATION_CONTEXT() REPRESENTATION_CONTEXT('2D SPACE',''
  ) );
#1729 = PCURVE('',#1730,#1735);
#1730 = CYLINDRICAL_SURFACE('',#1731,0.39);
#1731 = AXIS2_PLACEMENT_3D('',#1732,#1733,#1734);
#1732 = CARTESIAN_POINT('',(-11.99000000111,-26.11,-1.));
#1733 = DIRECTION('',(0.,0.,-1.));
#1734 = DIRECTION('',(1.,0.,0.));
#1735 = DEFINITIONAL_REPRESENTATION('',(#1736),#1740);
#1736 = LINE('',#1737,#1738);
#1737 = CARTESIAN_POINT('',(-6.28318530718,-1.));
#1738 = VECTOR('',#1739,1.);
#1739 = DIRECTION('',(1.,-0.));
#1740 = ( GEOMETRIC_REPRESENTATION_CONTEXT(2) 
PARAMETRIC_REPRESENTATION_CONTEXT() REPRESENTATION_CONTEXT('2D SPACE',''
  ) );
#1741 = ORIENTED_EDGE('',*,*,#1742,.T.);
#1742 = EDGE_CURVE('',#1710,#1743,#1745,.T.);
#1743 = VERTEX_POINT('',#1744);
#1744 = CARTESIAN_POINT('',(-12.01000000009,-26.5,0.));
#1745 = SURFACE_CURVE('',#1746,(#1750,#1756),.PCURVE_S1.);
#1746 = LINE('',#1747,#1748);
#1747 = CARTESIAN_POINT('',(-6.005000000268,-26.5,0.));
#1748 = VECTOR('',#1749,1.);
#1749 = DIRECTION('',(-1.,0.,0.));
#1750 = PCURVE('',#32,#1751);
#1751 = DEFINITIONAL_REPRESENTATION('',(#1752),#1755);
#1752 = B_SPLINE_CURVE_WITH_KNOTS('',1,(#1753,#1754),.UNSPECIFIED.,.F.,
  .F.,(2,2),(5.985000000846,6.004999999828),.PIECEWISE_BEZIER_KNOTS.);
#1753 = CARTESIAN_POINT('',(-11.99000000067,-26.49999999883));
#1754 = CARTESIAN_POINT('',(-12.00999999965,-26.49999999883));
#1755 = ( GEOMETRIC_REPRESENTATION_CONTEXT(2) 
PARAMETRIC_REPRESENTATION_CONTEXT() REPRESENTATION_CONTEXT('2D SPACE',''
  ) );
#1756 = PCURVE('',#1757,#1762);
#1757 = PLANE('',#1758);
#1758 = AXIS2_PLACEMENT_3D('',#1759,#1760,#1761);
#1759 = CARTESIAN_POINT('',(-12.01000000009,-26.5,-1.));
#1760 = DIRECTION('',(0.,1.,0.));
#1761 = DIRECTION('',(1.,0.,0.));
#1762 = DEFINITIONAL_REPRESENTATION('',(#1763),#1766);
#1763 = B_SPLINE_CURVE_WITH_KNOTS('',1,(#1764,#1765),.UNSPECIFIED.,.F.,
  .F.,(2,2),(5.985000000846,6.004999999828),.PIECEWISE_BEZIER_KNOTS.);
#1764 = CARTESIAN_POINT('',(1.999999898183E-02,-1.));
#1765 = CARTESIAN_POINT('',(0.,-1.));
#1766 = ( GEOMETRIC_REPRESENTATION_CONTEXT(2) 
PARAMETRIC_REPRESENTATION_CONTEXT() REPRESENTATION_CONTEXT('2D SPACE',''
  ) );
#1767 = ORIENTED_EDGE('',*,*,#1768,.T.);
#1768 = EDGE_CURVE('',#1743,#1566,#1769,.T.);
#1769 = SURFACE_CURVE('',#1770,(#1775,#1786),.PCURVE_S1.);
#1770 = CIRCLE('',#1771,0.39);
#1771 = AXIS2_PLACEMENT_3D('',#1772,#1773,#1774);
#1772 = CARTESIAN_POINT('',(-12.01000000009,-26.11,0.));
#1773 = DIRECTION('',(0.,0.,-1.));
#1774 = DIRECTION('',(1.,0.,0.));
#1775 = PCURVE('',#32,#1776);
#1776 = DEFINITIONAL_REPRESENTATION('',(#1777),#1785);
#1777 = ( BOUNDED_CURVE() B_SPLINE_CURVE(2,(#1778,#1779,#1780,#1781,
#1782,#1783,#1784),.UNSPECIFIED.,.T.,.F.) B_SPLINE_CURVE_WITH_KNOTS((1,2
    ,2,2,2,1),(-2.094395102393,0.,2.094395102393,4.188790204786,
6.28318530718,8.377580409573),.UNSPECIFIED.) CURVE() 
GEOMETRIC_REPRESENTATION_ITEM() RATIONAL_B_SPLINE_CURVE((1.,0.5,1.,0.5,
1.,0.5,1.)) REPRESENTATION_ITEM('') );
#1778 = CARTESIAN_POINT('',(-11.61999999965,-26.10999999883));
#1779 = CARTESIAN_POINT('',(-11.61999999965,-26.78549981378));
#1780 = CARTESIAN_POINT('',(-12.20499999965,-26.4477499063));
#1781 = CARTESIAN_POINT('',(-12.78999999965,-26.10999999883));
#1782 = CARTESIAN_POINT('',(-12.20499999965,-25.77225009135));
#1783 = CARTESIAN_POINT('',(-11.61999999965,-25.43450018387));
#1784 = CARTESIAN_POINT('',(-11.61999999965,-26.10999999883));
#1785 = ( GEOMETRIC_REPRESENTATION_CONTEXT(2) 
PARAMETRIC_REPRESENTATION_CONTEXT() REPRESENTATION_CONTEXT('2D SPACE',''
  ) );
#1786 = PCURVE('',#1787,#1792);
#1787 = CYLINDRICAL_SURFACE('',#1788,0.39);
#1788 = AXIS2_PLACEMENT_3D('',#1789,#1790,#1791);
#1789 = CARTESIAN_POINT('',(-12.01000000009,-26.11,-1.));
#1790 = DIRECTION('',(0.,0.,-1.));
#1791 = DIRECTION('',(1.,0.,0.));
#1792 = DEFINITIONAL_REPRESENTATION('',(#1793),#1797);
#1793 = LINE('',#1794,#1795);
#1794 = CARTESIAN_POINT('',(-6.28318530718,-1.));
#1795 = VECTOR('',#1796,1.);
#1796 = DIRECTION('',(1.,-0.));
#1797 = ( GEOMETRIC_REPRESENTATION_CONTEXT(2) 
PARAMETRIC_REPRESENTATION_CONTEXT() REPRESENTATION_CONTEXT('2D SPACE',''
  ) );
#1798 = FACE_BOUND('',#1799,.F.);
#1799 = EDGE_LOOP('',(#1800,#1828,#1861,#1887,#1920,#1946,#1979,#2005));
#1800 = ORIENTED_EDGE('',*,*,#1801,.F.);
#1801 = EDGE_CURVE('',#1802,#1804,#1806,.T.);
#1802 = VERTEX_POINT('',#1803);
#1803 = CARTESIAN_POINT('',(-8.4,-23.89,0.));
#1804 = VERTEX_POINT('',#1805);
#1805 = CARTESIAN_POINT('',(-8.4,-26.11,0.));
#1806 = SURFACE_CURVE('',#1807,(#1811,#1817),.PCURVE_S1.);
#1807 = LINE('',#1808,#1809);
#1808 = CARTESIAN_POINT('',(-8.399999999904,-13.05500000058,0.));
#1809 = VECTOR('',#1810,1.);
#1810 = DIRECTION('',(0.,-1.,0.));
#1811 = PCURVE('',#32,#1812);
#1812 = DEFINITIONAL_REPRESENTATION('',(#1813),#1816);
#1813 = B_SPLINE_CURVE_WITH_KNOTS('',1,(#1814,#1815),.UNSPECIFIED.,.F.,
  .F.,(2,2),(10.834999999416,13.054999999416),.PIECEWISE_BEZIER_KNOTS.);
#1814 = CARTESIAN_POINT('',(-8.399999999464,-23.88999999883));
#1815 = CARTESIAN_POINT('',(-8.399999999464,-26.10999999883));
#1816 = ( GEOMETRIC_REPRESENTATION_CONTEXT(2) 
PARAMETRIC_REPRESENTATION_CONTEXT() REPRESENTATION_CONTEXT('2D SPACE',''
  ) );
#1817 = PCURVE('',#1818,#1823);
#1818 = PLANE('',#1819);
#1819 = AXIS2_PLACEMENT_3D('',#1820,#1821,#1822);
#1820 = CARTESIAN_POINT('',(-8.399999999904,-26.11,-1.));
#1821 = DIRECTION('',(-1.,0.,0.));
#1822 = DIRECTION('',(0.,1.,0.));
#1823 = DEFINITIONAL_REPRESENTATION('',(#1824),#1827);
#1824 = B_SPLINE_CURVE_WITH_KNOTS('',1,(#1825,#1826),.UNSPECIFIED.,.F.,
  .F.,(2,2),(10.834999999416,13.054999999416),.PIECEWISE_BEZIER_KNOTS.);
#1825 = CARTESIAN_POINT('',(2.22,-1.));
#1826 = CARTESIAN_POINT('',(0.,-1.));
#1827 = ( GEOMETRIC_REPRESENTATION_CONTEXT(2) 
PARAMETRIC_REPRESENTATION_CONTEXT() REPRESENTATION_CONTEXT('2D SPACE',''
  ) );
#1828 = ORIENTED_EDGE('',*,*,#1829,.T.);
#1829 = EDGE_CURVE('',#1802,#1830,#1832,.T.);
#1830 = VERTEX_POINT('',#1831);
#1831 = CARTESIAN_POINT('',(-8.010000000096,-23.5,0.));
#1832 = SURFACE_CURVE('',#1833,(#1838,#1849),.PCURVE_S1.);
#1833 = CIRCLE('',#1834,0.39);
#1834 = AXIS2_PLACEMENT_3D('',#1835,#1836,#1837);
#1835 = CARTESIAN_POINT('',(-8.010000000096,-23.89,0.));
#1836 = DIRECTION('',(0.,0.,-1.));
#1837 = DIRECTION('',(1.,0.,0.));
#1838 = PCURVE('',#32,#1839);
#1839 = DEFINITIONAL_REPRESENTATION('',(#1840),#1848);
#1840 = ( BOUNDED_CURVE() B_SPLINE_CURVE(2,(#1841,#1842,#1843,#1844,
#1845,#1846,#1847),.UNSPECIFIED.,.T.,.F.) B_SPLINE_CURVE_WITH_KNOTS((1,2
    ,2,2,2,1),(-2.094395102393,0.,2.094395102393,4.188790204786,
6.28318530718,8.377580409573),.UNSPECIFIED.) CURVE() 
GEOMETRIC_REPRESENTATION_ITEM() RATIONAL_B_SPLINE_CURVE((1.,0.5,1.,0.5,
1.,0.5,1.)) REPRESENTATION_ITEM('') );
#1841 = CARTESIAN_POINT('',(-7.619999999656,-23.88999999883));
#1842 = CARTESIAN_POINT('',(-7.619999999656,-24.56549981378));
#1843 = CARTESIAN_POINT('',(-8.204999999656,-24.2277499063));
#1844 = CARTESIAN_POINT('',(-8.789999999656,-23.88999999883));
#1845 = CARTESIAN_POINT('',(-8.204999999656,-23.55225009135));
#1846 = CARTESIAN_POINT('',(-7.619999999656,-23.21450018387));
#1847 = CARTESIAN_POINT('',(-7.619999999656,-23.88999999883));
#1848 = ( GEOMETRIC_REPRESENTATION_CONTEXT(2) 
PARAMETRIC_REPRESENTATION_CONTEXT() REPRESENTATION_CONTEXT('2D SPACE',''
  ) );
#1849 = PCURVE('',#1850,#1855);
#1850 = CYLINDRICAL_SURFACE('',#1851,0.39);
#1851 = AXIS2_PLACEMENT_3D('',#1852,#1853,#1854);
#1852 = CARTESIAN_POINT('',(-8.010000000096,-23.89,-1.));
#1853 = DIRECTION('',(0.,0.,-1.));
#1854 = DIRECTION('',(1.,0.,0.));
#1855 = DEFINITIONAL_REPRESENTATION('',(#1856),#1860);
#1856 = LINE('',#1857,#1858);
#1857 = CARTESIAN_POINT('',(-6.28318530718,-1.));
#1858 = VECTOR('',#1859,1.);
#1859 = DIRECTION('',(1.,-0.));
#1860 = ( GEOMETRIC_REPRESENTATION_CONTEXT(2) 
PARAMETRIC_REPRESENTATION_CONTEXT() REPRESENTATION_CONTEXT('2D SPACE',''
  ) );
#1861 = ORIENTED_EDGE('',*,*,#1862,.F.);
#1862 = EDGE_CURVE('',#1863,#1830,#1865,.T.);
#1863 = VERTEX_POINT('',#1864);
#1864 = CARTESIAN_POINT('',(-7.990000001114,-23.5,0.));
#1865 = SURFACE_CURVE('',#1866,(#1870,#1876),.PCURVE_S1.);
#1866 = LINE('',#1867,#1868);
#1867 = CARTESIAN_POINT('',(-4.005000000268,-23.5,0.));
#1868 = VECTOR('',#1869,1.);
#1869 = DIRECTION('',(-1.,0.,0.));
#1870 = PCURVE('',#32,#1871);
#1871 = DEFINITIONAL_REPRESENTATION('',(#1872),#1875);
#1872 = B_SPLINE_CURVE_WITH_KNOTS('',1,(#1873,#1874),.UNSPECIFIED.,.F.,
  .F.,(2,2),(3.985000000846,4.004999999828),.PIECEWISE_BEZIER_KNOTS.);
#1873 = CARTESIAN_POINT('',(-7.990000000674,-23.49999999883));
#1874 = CARTESIAN_POINT('',(-8.009999999656,-23.49999999883));
#1875 = ( GEOMETRIC_REPRESENTATION_CONTEXT(2) 
PARAMETRIC_REPRESENTATION_CONTEXT() REPRESENTATION_CONTEXT('2D SPACE',''
  ) );
#1876 = PCURVE('',#1877,#1882);
#1877 = PLANE('',#1878);
#1878 = AXIS2_PLACEMENT_3D('',#1879,#1880,#1881);
#1879 = CARTESIAN_POINT('',(-8.010000000096,-23.5,-1.));
#1880 = DIRECTION('',(0.,1.,0.));
#1881 = DIRECTION('',(1.,0.,0.));
#1882 = DEFINITIONAL_REPRESENTATION('',(#1883),#1886);
#1883 = B_SPLINE_CURVE_WITH_KNOTS('',1,(#1884,#1885),.UNSPECIFIED.,.F.,
  .F.,(2,2),(3.985000000846,4.004999999828),.PIECEWISE_BEZIER_KNOTS.);
#1884 = CARTESIAN_POINT('',(1.999999898183E-02,-1.));
#1885 = CARTESIAN_POINT('',(0.,-1.));
#1886 = ( GEOMETRIC_REPRESENTATION_CONTEXT(2) 
PARAMETRIC_REPRESENTATION_CONTEXT() REPRESENTATION_CONTEXT('2D SPACE',''
  ) );
#1887 = ORIENTED_EDGE('',*,*,#1888,.T.);
#1888 = EDGE_CURVE('',#1863,#1889,#1891,.T.);
#1889 = VERTEX_POINT('',#1890);
#1890 = CARTESIAN_POINT('',(-7.600000000509,-23.89,0.));
#1891 = SURFACE_CURVE('',#1892,(#1897,#1908),.PCURVE_S1.);
#1892 = CIRCLE('',#1893,0.39);
#1893 = AXIS2_PLACEMENT_3D('',#1894,#1895,#1896);
#1894 = CARTESIAN_POINT('',(-7.990000001114,-23.89,0.));
#1895 = DIRECTION('',(0.,0.,-1.));
#1896 = DIRECTION('',(1.,0.,0.));
#1897 = PCURVE('',#32,#1898);
#1898 = DEFINITIONAL_REPRESENTATION('',(#1899),#1907);
#1899 = ( BOUNDED_CURVE() B_SPLINE_CURVE(2,(#1900,#1901,#1902,#1903,
#1904,#1905,#1906),.UNSPECIFIED.,.T.,.F.) B_SPLINE_CURVE_WITH_KNOTS((1,2
    ,2,2,2,1),(-2.094395102393,0.,2.094395102393,4.188790204786,
6.28318530718,8.377580409573),.UNSPECIFIED.) CURVE() 
GEOMETRIC_REPRESENTATION_ITEM() RATIONAL_B_SPLINE_CURVE((1.,0.5,1.,0.5,
1.,0.5,1.)) REPRESENTATION_ITEM('') );
#1900 = CARTESIAN_POINT('',(-7.600000000674,-23.88999999883));
#1901 = CARTESIAN_POINT('',(-7.600000000674,-24.56549981378));
#1902 = CARTESIAN_POINT('',(-8.185000000674,-24.2277499063));
#1903 = CARTESIAN_POINT('',(-8.770000000674,-23.88999999883));
#1904 = CARTESIAN_POINT('',(-8.185000000674,-23.55225009135));
#1905 = CARTESIAN_POINT('',(-7.600000000674,-23.21450018387));
#1906 = CARTESIAN_POINT('',(-7.600000000674,-23.88999999883));
#1907 = ( GEOMETRIC_REPRESENTATION_CONTEXT(2) 
PARAMETRIC_REPRESENTATION_CONTEXT() REPRESENTATION_CONTEXT('2D SPACE',''
  ) );
#1908 = PCURVE('',#1909,#1914);
#1909 = CYLINDRICAL_SURFACE('',#1910,0.39);
#1910 = AXIS2_PLACEMENT_3D('',#1911,#1912,#1913);
#1911 = CARTESIAN_POINT('',(-7.990000001114,-23.89,-1.));
#1912 = DIRECTION('',(0.,0.,-1.));
#1913 = DIRECTION('',(1.,0.,0.));
#1914 = DEFINITIONAL_REPRESENTATION('',(#1915),#1919);
#1915 = LINE('',#1916,#1917);
#1916 = CARTESIAN_POINT('',(-6.28318530718,-1.));
#1917 = VECTOR('',#1918,1.);
#1918 = DIRECTION('',(1.,-0.));
#1919 = ( GEOMETRIC_REPRESENTATION_CONTEXT(2) 
PARAMETRIC_REPRESENTATION_CONTEXT() REPRESENTATION_CONTEXT('2D SPACE',''
  ) );
#1920 = ORIENTED_EDGE('',*,*,#1921,.T.);
#1921 = EDGE_CURVE('',#1889,#1922,#1924,.T.);
#1922 = VERTEX_POINT('',#1923);
#1923 = CARTESIAN_POINT('',(-7.600000000509,-26.11,0.));
#1924 = SURFACE_CURVE('',#1925,(#1929,#1935),.PCURVE_S1.);
#1925 = LINE('',#1926,#1927);
#1926 = CARTESIAN_POINT('',(-7.599999999904,-13.05500000058,0.));
#1927 = VECTOR('',#1928,1.);
#1928 = DIRECTION('',(0.,-1.,0.));
#1929 = PCURVE('',#32,#1930);
#1930 = DEFINITIONAL_REPRESENTATION('',(#1931),#1934);
#1931 = B_SPLINE_CURVE_WITH_KNOTS('',1,(#1932,#1933),.UNSPECIFIED.,.F.,
  .F.,(2,2),(10.834999999416,13.054999999416),.PIECEWISE_BEZIER_KNOTS.);
#1932 = CARTESIAN_POINT('',(-7.599999999464,-23.88999999883));
#1933 = CARTESIAN_POINT('',(-7.599999999464,-26.10999999883));
#1934 = ( GEOMETRIC_REPRESENTATION_CONTEXT(2) 
PARAMETRIC_REPRESENTATION_CONTEXT() REPRESENTATION_CONTEXT('2D SPACE',''
  ) );
#1935 = PCURVE('',#1936,#1941);
#1936 = PLANE('',#1937);
#1937 = AXIS2_PLACEMENT_3D('',#1938,#1939,#1940);
#1938 = CARTESIAN_POINT('',(-7.599999999904,-26.11,-1.));
#1939 = DIRECTION('',(-1.,0.,0.));
#1940 = DIRECTION('',(0.,1.,0.));
#1941 = DEFINITIONAL_REPRESENTATION('',(#1942),#1945);
#1942 = B_SPLINE_CURVE_WITH_KNOTS('',1,(#1943,#1944),.UNSPECIFIED.,.F.,
  .F.,(2,2),(10.834999999416,13.054999999416),.PIECEWISE_BEZIER_KNOTS.);
#1943 = CARTESIAN_POINT('',(2.22,-1.));
#1944 = CARTESIAN_POINT('',(0.,-1.));
#1945 = ( GEOMETRIC_REPRESENTATION_CONTEXT(2) 
PARAMETRIC_REPRESENTATION_CONTEXT() REPRESENTATION_CONTEXT('2D SPACE',''
  ) );
#1946 = ORIENTED_EDGE('',*,*,#1947,.T.);
#1947 = EDGE_CURVE('',#1922,#1948,#1950,.T.);
#1948 = VERTEX_POINT('',#1949);
#1949 = CARTESIAN_POINT('',(-7.990000001114,-26.5,0.));
#1950 = SURFACE_CURVE('',#1951,(#1956,#1967),.PCURVE_S1.);
#1951 = CIRCLE('',#1952,0.39);
#1952 = AXIS2_PLACEMENT_3D('',#1953,#1954,#1955);
#1953 = CARTESIAN_POINT('',(-7.990000001114,-26.11,0.));
#1954 = DIRECTION('',(0.,0.,-1.));
#1955 = DIRECTION('',(1.,0.,0.));
#1956 = PCURVE('',#32,#1957);
#1957 = DEFINITIONAL_REPRESENTATION('',(#1958),#1966);
#1958 = ( BOUNDED_CURVE() B_SPLINE_CURVE(2,(#1959,#1960,#1961,#1962,
#1963,#1964,#1965),.UNSPECIFIED.,.T.,.F.) B_SPLINE_CURVE_WITH_KNOTS((1,2
    ,2,2,2,1),(-2.094395102393,0.,2.094395102393,4.188790204786,
6.28318530718,8.377580409573),.UNSPECIFIED.) CURVE() 
GEOMETRIC_REPRESENTATION_ITEM() RATIONAL_B_SPLINE_CURVE((1.,0.5,1.,0.5,
1.,0.5,1.)) REPRESENTATION_ITEM('') );
#1959 = CARTESIAN_POINT('',(-7.600000000674,-26.10999999883));
#1960 = CARTESIAN_POINT('',(-7.600000000674,-26.78549981378));
#1961 = CARTESIAN_POINT('',(-8.185000000674,-26.4477499063));
#1962 = CARTESIAN_POINT('',(-8.770000000674,-26.10999999883));
#1963 = CARTESIAN_POINT('',(-8.185000000674,-25.77225009135));
#1964 = CARTESIAN_POINT('',(-7.600000000674,-25.43450018387));
#1965 = CARTESIAN_POINT('',(-7.600000000674,-26.10999999883));
#1966 = ( GEOMETRIC_REPRESENTATION_CONTEXT(2) 
PARAMETRIC_REPRESENTATION_CONTEXT() REPRESENTATION_CONTEXT('2D SPACE',''
  ) );
#1967 = PCURVE('',#1968,#1973);
#1968 = CYLINDRICAL_SURFACE('',#1969,0.39);
#1969 = AXIS2_PLACEMENT_3D('',#1970,#1971,#1972);
#1970 = CARTESIAN_POINT('',(-7.990000001114,-26.11,-1.));
#1971 = DIRECTION('',(0.,0.,-1.));
#1972 = DIRECTION('',(1.,0.,0.));
#1973 = DEFINITIONAL_REPRESENTATION('',(#1974),#1978);
#1974 = LINE('',#1975,#1976);
#1975 = CARTESIAN_POINT('',(-6.28318530718,-1.));
#1976 = VECTOR('',#1977,1.);
#1977 = DIRECTION('',(1.,-0.));
#1978 = ( GEOMETRIC_REPRESENTATION_CONTEXT(2) 
PARAMETRIC_REPRESENTATION_CONTEXT() REPRESENTATION_CONTEXT('2D SPACE',''
  ) );
#1979 = ORIENTED_EDGE('',*,*,#1980,.T.);
#1980 = EDGE_CURVE('',#1948,#1981,#1983,.T.);
#1981 = VERTEX_POINT('',#1982);
#1982 = CARTESIAN_POINT('',(-8.010000000096,-26.5,0.));
#1983 = SURFACE_CURVE('',#1984,(#1988,#1994),.PCURVE_S1.);
#1984 = LINE('',#1985,#1986);
#1985 = CARTESIAN_POINT('',(-4.005000000268,-26.5,0.));
#1986 = VECTOR('',#1987,1.);
#1987 = DIRECTION('',(-1.,0.,0.));
#1988 = PCURVE('',#32,#1989);
#1989 = DEFINITIONAL_REPRESENTATION('',(#1990),#1993);
#1990 = B_SPLINE_CURVE_WITH_KNOTS('',1,(#1991,#1992),.UNSPECIFIED.,.F.,
  .F.,(2,2),(3.985000000846,4.004999999828),.PIECEWISE_BEZIER_KNOTS.);
#1991 = CARTESIAN_POINT('',(-7.990000000674,-26.49999999883));
#1992 = CARTESIAN_POINT('',(-8.009999999656,-26.49999999883));
#1993 = ( GEOMETRIC_REPRESENTATION_CONTEXT(2) 
PARAMETRIC_REPRESENTATION_CONTEXT() REPRESENTATION_CONTEXT('2D SPACE',''
  ) );
#1994 = PCURVE('',#1995,#2000);
#1995 = PLANE('',#1996);
#1996 = AXIS2_PLACEMENT_3D('',#1997,#1998,#1999);
#1997 = CARTESIAN_POINT('',(-8.010000000096,-26.5,-1.));
#1998 = DIRECTION('',(0.,1.,0.));
#1999 = DIRECTION('',(1.,0.,0.));
#2000 = DEFINITIONAL_REPRESENTATION('',(#2001),#2004);
#2001 = B_SPLINE_CURVE_WITH_KNOTS('',1,(#2002,#2003),.UNSPECIFIED.,.F.,
  .F.,(2,2),(3.985000000846,4.004999999828),.PIECEWISE_BEZIER_KNOTS.);
#2002 = CARTESIAN_POINT('',(1.999999898183E-02,-1.));
#2003 = CARTESIAN_POINT('',(0.,-1.));
#2004 = ( GEOMETRIC_REPRESENTATION_CONTEXT(2) 
PARAMETRIC_REPRESENTATION_CONTEXT() REPRESENTATION_CONTEXT('2D SPACE',''
  ) );
#2005 = ORIENTED_EDGE('',*,*,#2006,.T.);
#2006 = EDGE_CURVE('',#1981,#1804,#2007,.T.);
#2007 = SURFACE_CURVE('',#2008,(#2013,#2024),.PCURVE_S1.);
#2008 = CIRCLE('',#2009,0.39);
#2009 = AXIS2_PLACEMENT_3D('',#2010,#2011,#2012);
#2010 = CARTESIAN_POINT('',(-8.010000000096,-26.11,0.));
#2011 = DIRECTION('',(0.,0.,-1.));
#2012 = DIRECTION('',(1.,0.,0.));
#2013 = PCURVE('',#32,#2014);
#2014 = DEFINITIONAL_REPRESENTATION('',(#2015),#2023);
#2015 = ( BOUNDED_CURVE() B_SPLINE_CURVE(2,(#2016,#2017,#2018,#2019,
#2020,#2021,#2022),.UNSPECIFIED.,.T.,.F.) B_SPLINE_CURVE_WITH_KNOTS((1,2
    ,2,2,2,1),(-2.094395102393,0.,2.094395102393,4.188790204786,
6.28318530718,8.377580409573),.UNSPECIFIED.) CURVE() 
GEOMETRIC_REPRESENTATION_ITEM() RATIONAL_B_SPLINE_CURVE((1.,0.5,1.,0.5,
1.,0.5,1.)) REPRESENTATION_ITEM('') );
#2016 = CARTESIAN_POINT('',(-7.619999999656,-26.10999999883));
#2017 = CARTESIAN_POINT('',(-7.619999999656,-26.78549981378));
#2018 = CARTESIAN_POINT('',(-8.204999999656,-26.4477499063));
#2019 = CARTESIAN_POINT('',(-8.789999999656,-26.10999999883));
#2020 = CARTESIAN_POINT('',(-8.204999999656,-25.77225009135));
#2021 = CARTESIAN_POINT('',(-7.619999999656,-25.43450018387));
#2022 = CARTESIAN_POINT('',(-7.619999999656,-26.10999999883));
#2023 = ( GEOMETRIC_REPRESENTATION_CONTEXT(2) 
PARAMETRIC_REPRESENTATION_CONTEXT() REPRESENTATION_CONTEXT('2D SPACE',''
  ) );
#2024 = PCURVE('',#2025,#2030);
#2025 = CYLINDRICAL_SURFACE('',#2026,0.39);
#2026 = AXIS2_PLACEMENT_3D('',#2027,#2028,#2029);
#2027 = CARTESIAN_POINT('',(-8.010000000096,-26.11,-1.));
#2028 = DIRECTION('',(0.,0.,-1.));
#2029 = DIRECTION('',(1.,0.,0.));
#2030 = DEFINITIONAL_REPRESENTATION('',(#2031),#2035);
#2031 = LINE('',#2032,#2033);
#2032 = CARTESIAN_POINT('',(-6.28318530718,-1.));
#2033 = VECTOR('',#2034,1.);
#2034 = DIRECTION('',(1.,-0.));
#2035 = ( GEOMETRIC_REPRESENTATION_CONTEXT(2) 
PARAMETRIC_REPRESENTATION_CONTEXT() REPRESENTATION_CONTEXT('2D SPACE',''
  ) );
#2036 = FACE_BOUND('',#2037,.F.);
#2037 = EDGE_LOOP('',(#2038,#2066,#2099,#2125,#2158,#2184,#2217,#2243));
#2038 = ORIENTED_EDGE('',*,*,#2039,.F.);
#2039 = EDGE_CURVE('',#2040,#2042,#2044,.T.);
#2040 = VERTEX_POINT('',#2041);
#2041 = CARTESIAN_POINT('',(-12.5,7.999999966154,0.));
#2042 = VERTEX_POINT('',#2043);
#2043 = CARTESIAN_POINT('',(-12.5,-2.,0.));
#2044 = SURFACE_CURVE('',#2045,(#2049,#2055),.PCURVE_S1.);
#2045 = LINE('',#2046,#2047);
#2046 = CARTESIAN_POINT('',(-12.5,-1.000000000584,0.));
#2047 = VECTOR('',#2048,1.);
#2048 = DIRECTION('',(0.,-1.,0.));
#2049 = PCURVE('',#32,#2050);
#2050 = DEFINITIONAL_REPRESENTATION('',(#2051),#2054);
#2051 = B_SPLINE_CURVE_WITH_KNOTS('',1,(#2052,#2053),.UNSPECIFIED.,.F.,
  .F.,(2,2),(-8.999999966738,0.999999999416),.PIECEWISE_BEZIER_KNOTS.);
#2052 = CARTESIAN_POINT('',(-12.49999999956,7.999999967323));
#2053 = CARTESIAN_POINT('',(-12.49999999956,-1.999999998831));
#2054 = ( GEOMETRIC_REPRESENTATION_CONTEXT(2) 
PARAMETRIC_REPRESENTATION_CONTEXT() REPRESENTATION_CONTEXT('2D SPACE',''
  ) );
#2055 = PCURVE('',#2056,#2061);
#2056 = PLANE('',#2057);
#2057 = AXIS2_PLACEMENT_3D('',#2058,#2059,#2060);
#2058 = CARTESIAN_POINT('',(-12.5,-2.,-1.));
#2059 = DIRECTION('',(-1.,0.,0.));
#2060 = DIRECTION('',(0.,1.,0.));
#2061 = DEFINITIONAL_REPRESENTATION('',(#2062),#2065);
#2062 = B_SPLINE_CURVE_WITH_KNOTS('',1,(#2063,#2064),.UNSPECIFIED.,.F.,
  .F.,(2,2),(-8.999999966738,0.999999999416),.PIECEWISE_BEZIER_KNOTS.);
#2063 = CARTESIAN_POINT('',(9.999999966154,-1.));
#2064 = CARTESIAN_POINT('',(-8.881784197001E-16,-1.));
#2065 = ( GEOMETRIC_REPRESENTATION_CONTEXT(2) 
PARAMETRIC_REPRESENTATION_CONTEXT() REPRESENTATION_CONTEXT('2D SPACE',''
  ) );
#2066 = ORIENTED_EDGE('',*,*,#2067,.T.);
#2067 = EDGE_CURVE('',#2040,#2068,#2070,.T.);
#2068 = VERTEX_POINT('',#2069);
#2069 = CARTESIAN_POINT('',(-9.5,10.999999983077,0.));
#2070 = SURFACE_CURVE('',#2071,(#2076,#2087),.PCURVE_S1.);
#2071 = CIRCLE('',#2072,3.);
#2072 = AXIS2_PLACEMENT_3D('',#2073,#2074,#2075);
#2073 = CARTESIAN_POINT('',(-9.5,7.999999966154,0.));
#2074 = DIRECTION('',(0.,0.,-1.));
#2075 = DIRECTION('',(-1.,0.,0.));
#2076 = PCURVE('',#32,#2077);
#2077 = DEFINITIONAL_REPRESENTATION('',(#2078),#2086);
#2078 = ( BOUNDED_CURVE() B_SPLINE_CURVE(2,(#2079,#2080,#2081,#2082,
#2083,#2084,#2085),.UNSPECIFIED.,.T.,.F.) B_SPLINE_CURVE_WITH_KNOTS((1,2
    ,2,2,2,1),(-2.094395102393,0.,2.094395102393,4.188790204786,
6.28318530718,8.377580409573),.UNSPECIFIED.) CURVE() 
GEOMETRIC_REPRESENTATION_ITEM() RATIONAL_B_SPLINE_CURVE((1.,0.5,1.,0.5,
1.,0.5,1.)) REPRESENTATION_ITEM('') );
#2079 = CARTESIAN_POINT('',(-12.49999999956,7.999999967323));
#2080 = CARTESIAN_POINT('',(-12.49999999956,13.196152390029));
#2081 = CARTESIAN_POINT('',(-7.99999999956,10.598076178676));
#2082 = CARTESIAN_POINT('',(-3.49999999956,7.999999967323));
#2083 = CARTESIAN_POINT('',(-7.99999999956,5.401923755969));
#2084 = CARTESIAN_POINT('',(-12.49999999956,2.803847544616));
#2085 = CARTESIAN_POINT('',(-12.49999999956,7.999999967323));
#2086 = ( GEOMETRIC_REPRESENTATION_CONTEXT(2) 
PARAMETRIC_REPRESENTATION_CONTEXT() REPRESENTATION_CONTEXT('2D SPACE',''
  ) );
#2087 = PCURVE('',#2088,#2093);
#2088 = CYLINDRICAL_SURFACE('',#2089,3.);
#2089 = AXIS2_PLACEMENT_3D('',#2090,#2091,#2092);
#2090 = CARTESIAN_POINT('',(-9.5,7.999999966154,-1.));
#2091 = DIRECTION('',(0.,0.,-1.));
#2092 = DIRECTION('',(-1.,0.,0.));
#2093 = DEFINITIONAL_REPRESENTATION('',(#2094),#2098);
#2094 = LINE('',#2095,#2096);
#2095 = CARTESIAN_POINT('',(0.,-1.));
#2096 = VECTOR('',#2097,1.);
#2097 = DIRECTION('',(1.,0.));
#2098 = ( GEOMETRIC_REPRESENTATION_CONTEXT(2) 
PARAMETRIC_REPRESENTATION_CONTEXT() REPRESENTATION_CONTEXT('2D SPACE',''
  ) );
#2099 = ORIENTED_EDGE('',*,*,#2100,.F.);
#2100 = EDGE_CURVE('',#2101,#2068,#2103,.T.);
#2101 = VERTEX_POINT('',#2102);
#2102 = CARTESIAN_POINT('',(9.5,10.999999983077,0.));
#2103 = SURFACE_CURVE('',#2104,(#2108,#2114),.PCURVE_S1.);
#2104 = LINE('',#2105,#2106);
#2105 = CARTESIAN_POINT('',(-4.75000000022,11.,0.));
#2106 = VECTOR('',#2107,1.);
#2107 = DIRECTION('',(-1.,0.,0.));
#2108 = PCURVE('',#32,#2109);
#2109 = DEFINITIONAL_REPRESENTATION('',(#2110),#2113);
#2110 = B_SPLINE_CURVE_WITH_KNOTS('',1,(#2111,#2112),.UNSPECIFIED.,.F.,
  .F.,(2,2),(-14.25000000022,4.74999999978),.PIECEWISE_BEZIER_KNOTS.);
#2111 = CARTESIAN_POINT('',(9.50000000044,11.000000001169));
#2112 = CARTESIAN_POINT('',(-9.49999999956,11.000000001169));
#2113 = ( GEOMETRIC_REPRESENTATION_CONTEXT(2) 
PARAMETRIC_REPRESENTATION_CONTEXT() REPRESENTATION_CONTEXT('2D SPACE',''
  ) );
#2114 = PCURVE('',#2115,#2120);
#2115 = PLANE('',#2116);
#2116 = AXIS2_PLACEMENT_3D('',#2117,#2118,#2119);
#2117 = CARTESIAN_POINT('',(-9.5,11.,-1.));
#2118 = DIRECTION('',(0.,1.,0.));
#2119 = DIRECTION('',(1.,0.,0.));
#2120 = DEFINITIONAL_REPRESENTATION('',(#2121),#2124);
#2121 = B_SPLINE_CURVE_WITH_KNOTS('',1,(#2122,#2123),.UNSPECIFIED.,.F.,
  .F.,(2,2),(-14.25000000022,4.74999999978),.PIECEWISE_BEZIER_KNOTS.);
#2122 = CARTESIAN_POINT('',(19.,-1.));
#2123 = CARTESIAN_POINT('',(0.,-1.));
#2124 = ( GEOMETRIC_REPRESENTATION_CONTEXT(2) 
PARAMETRIC_REPRESENTATION_CONTEXT() REPRESENTATION_CONTEXT('2D SPACE',''
  ) );
#2125 = ORIENTED_EDGE('',*,*,#2126,.T.);
#2126 = EDGE_CURVE('',#2101,#2127,#2129,.T.);
#2127 = VERTEX_POINT('',#2128);
#2128 = CARTESIAN_POINT('',(12.5,7.999999966154,0.));
#2129 = SURFACE_CURVE('',#2130,(#2135,#2146),.PCURVE_S1.);
#2130 = CIRCLE('',#2131,3.);
#2131 = AXIS2_PLACEMENT_3D('',#2132,#2133,#2134);
#2132 = CARTESIAN_POINT('',(9.5,7.999999966154,0.));
#2133 = DIRECTION('',(0.,0.,-1.));
#2134 = DIRECTION('',(-1.,0.,0.));
#2135 = PCURVE('',#32,#2136);
#2136 = DEFINITIONAL_REPRESENTATION('',(#2137),#2145);
#2137 = ( BOUNDED_CURVE() B_SPLINE_CURVE(2,(#2138,#2139,#2140,#2141,
#2142,#2143,#2144),.UNSPECIFIED.,.T.,.F.) B_SPLINE_CURVE_WITH_KNOTS((1,2
    ,2,2,2,1),(-2.094395102393,0.,2.094395102393,4.188790204786,
6.28318530718,8.377580409573),.UNSPECIFIED.) CURVE() 
GEOMETRIC_REPRESENTATION_ITEM() RATIONAL_B_SPLINE_CURVE((1.,0.5,1.,0.5,
1.,0.5,1.)) REPRESENTATION_ITEM('') );
#2138 = CARTESIAN_POINT('',(6.50000000044,7.999999967323));
#2139 = CARTESIAN_POINT('',(6.50000000044,13.196152390029));
#2140 = CARTESIAN_POINT('',(11.00000000044,10.598076178676));
#2141 = CARTESIAN_POINT('',(15.50000000044,7.999999967323));
#2142 = CARTESIAN_POINT('',(11.00000000044,5.401923755969));
#2143 = CARTESIAN_POINT('',(6.50000000044,2.803847544616));
#2144 = CARTESIAN_POINT('',(6.50000000044,7.999999967323));
#2145 = ( GEOMETRIC_REPRESENTATION_CONTEXT(2) 
PARAMETRIC_REPRESENTATION_CONTEXT() REPRESENTATION_CONTEXT('2D SPACE',''
  ) );
#2146 = PCURVE('',#2147,#2152);
#2147 = CYLINDRICAL_SURFACE('',#2148,3.);
#2148 = AXIS2_PLACEMENT_3D('',#2149,#2150,#2151);
#2149 = CARTESIAN_POINT('',(9.5,7.999999966154,-1.));
#2150 = DIRECTION('',(0.,0.,-1.));
#2151 = DIRECTION('',(-1.,0.,0.));
#2152 = DEFINITIONAL_REPRESENTATION('',(#2153),#2157);
#2153 = LINE('',#2154,#2155);
#2154 = CARTESIAN_POINT('',(0.,-1.));
#2155 = VECTOR('',#2156,1.);
#2156 = DIRECTION('',(1.,0.));
#2157 = ( GEOMETRIC_REPRESENTATION_CONTEXT(2) 
PARAMETRIC_REPRESENTATION_CONTEXT() REPRESENTATION_CONTEXT('2D SPACE',''
  ) );
#2158 = ORIENTED_EDGE('',*,*,#2159,.T.);
#2159 = EDGE_CURVE('',#2127,#2160,#2162,.T.);
#2160 = VERTEX_POINT('',#2161);
#2161 = CARTESIAN_POINT('',(12.5,-2.,0.));
#2162 = SURFACE_CURVE('',#2163,(#2167,#2173),.PCURVE_S1.);
#2163 = LINE('',#2164,#2165);
#2164 = CARTESIAN_POINT('',(12.5,-1.000000000584,0.));
#2165 = VECTOR('',#2166,1.);
#2166 = DIRECTION('',(0.,-1.,0.));
#2167 = PCURVE('',#32,#2168);
#2168 = DEFINITIONAL_REPRESENTATION('',(#2169),#2172);
#2169 = B_SPLINE_CURVE_WITH_KNOTS('',1,(#2170,#2171),.UNSPECIFIED.,.F.,
  .F.,(2,2),(-8.999999966738,0.999999999416),.PIECEWISE_BEZIER_KNOTS.);
#2170 = CARTESIAN_POINT('',(12.50000000044,7.999999967323));
#2171 = CARTESIAN_POINT('',(12.50000000044,-1.999999998831));
#2172 = ( GEOMETRIC_REPRESENTATION_CONTEXT(2) 
PARAMETRIC_REPRESENTATION_CONTEXT() REPRESENTATION_CONTEXT('2D SPACE',''
  ) );
#2173 = PCURVE('',#2174,#2179);
#2174 = PLANE('',#2175);
#2175 = AXIS2_PLACEMENT_3D('',#2176,#2177,#2178);
#2176 = CARTESIAN_POINT('',(12.5,-2.,-1.));
#2177 = DIRECTION('',(-1.,0.,0.));
#2178 = DIRECTION('',(0.,1.,0.));
#2179 = DEFINITIONAL_REPRESENTATION('',(#2180),#2183);
#2180 = B_SPLINE_CURVE_WITH_KNOTS('',1,(#2181,#2182),.UNSPECIFIED.,.F.,
  .F.,(2,2),(-8.999999966738,0.999999999416),.PIECEWISE_BEZIER_KNOTS.);
#2181 = CARTESIAN_POINT('',(9.999999966154,-1.));
#2182 = CARTESIAN_POINT('',(0.,-1.));
#2183 = ( GEOMETRIC_REPRESENTATION_CONTEXT(2) 
PARAMETRIC_REPRESENTATION_CONTEXT() REPRESENTATION_CONTEXT('2D SPACE',''
  ) );
#2184 = ORIENTED_EDGE('',*,*,#2185,.T.);
#2185 = EDGE_CURVE('',#2160,#2186,#2188,.T.);
#2186 = VERTEX_POINT('',#2187);
#2187 = CARTESIAN_POINT('',(9.5,-5.,0.));
#2188 = SURFACE_CURVE('',#2189,(#2194,#2205),.PCURVE_S1.);
#2189 = CIRCLE('',#2190,3.);
#2190 = AXIS2_PLACEMENT_3D('',#2191,#2192,#2193);
#2191 = CARTESIAN_POINT('',(9.5,-2.,0.));
#2192 = DIRECTION('',(0.,0.,-1.));
#2193 = DIRECTION('',(-1.,0.,0.));
#2194 = PCURVE('',#32,#2195);
#2195 = DEFINITIONAL_REPRESENTATION('',(#2196),#2204);
#2196 = ( BOUNDED_CURVE() B_SPLINE_CURVE(2,(#2197,#2198,#2199,#2200,
#2201,#2202,#2203),.UNSPECIFIED.,.T.,.F.) B_SPLINE_CURVE_WITH_KNOTS((1,2
    ,2,2,2,1),(-2.094395102393,0.,2.094395102393,4.188790204786,
6.28318530718,8.377580409573),.UNSPECIFIED.) CURVE() 
GEOMETRIC_REPRESENTATION_ITEM() RATIONAL_B_SPLINE_CURVE((1.,0.5,1.,0.5,
1.,0.5,1.)) REPRESENTATION_ITEM('') );
#2197 = CARTESIAN_POINT('',(6.50000000044,-1.999999998831));
#2198 = CARTESIAN_POINT('',(6.50000000044,3.196152423876));
#2199 = CARTESIAN_POINT('',(11.00000000044,0.598076212522));
#2200 = CARTESIAN_POINT('',(15.50000000044,-1.999999998831));
#2201 = CARTESIAN_POINT('',(11.00000000044,-4.598076210184));
#2202 = CARTESIAN_POINT('',(6.50000000044,-7.196152421538));
#2203 = CARTESIAN_POINT('',(6.50000000044,-1.999999998831));
#2204 = ( GEOMETRIC_REPRESENTATION_CONTEXT(2) 
PARAMETRIC_REPRESENTATION_CONTEXT() REPRESENTATION_CONTEXT('2D SPACE',''
  ) );
#2205 = PCURVE('',#2206,#2211);
#2206 = CYLINDRICAL_SURFACE('',#2207,3.);
#2207 = AXIS2_PLACEMENT_3D('',#2208,#2209,#2210);
#2208 = CARTESIAN_POINT('',(9.5,-2.,-1.));
#2209 = DIRECTION('',(0.,0.,-1.));
#2210 = DIRECTION('',(-1.,0.,0.));
#2211 = DEFINITIONAL_REPRESENTATION('',(#2212),#2216);
#2212 = LINE('',#2213,#2214);
#2213 = CARTESIAN_POINT('',(0.,-1.));
#2214 = VECTOR('',#2215,1.);
#2215 = DIRECTION('',(1.,0.));
#2216 = ( GEOMETRIC_REPRESENTATION_CONTEXT(2) 
PARAMETRIC_REPRESENTATION_CONTEXT() REPRESENTATION_CONTEXT('2D SPACE',''
  ) );
#2217 = ORIENTED_EDGE('',*,*,#2218,.T.);
#2218 = EDGE_CURVE('',#2186,#2219,#2221,.T.);
#2219 = VERTEX_POINT('',#2220);
#2220 = CARTESIAN_POINT('',(-9.5,-5.,0.));
#2221 = SURFACE_CURVE('',#2222,(#2226,#2232),.PCURVE_S1.);
#2222 = LINE('',#2223,#2224);
#2223 = CARTESIAN_POINT('',(-4.75000000022,-5.,0.));
#2224 = VECTOR('',#2225,1.);
#2225 = DIRECTION('',(-1.,0.,0.));
#2226 = PCURVE('',#32,#2227);
#2227 = DEFINITIONAL_REPRESENTATION('',(#2228),#2231);
#2228 = B_SPLINE_CURVE_WITH_KNOTS('',1,(#2229,#2230),.UNSPECIFIED.,.F.,
  .F.,(2,2),(-14.25000000022,4.74999999978),.PIECEWISE_BEZIER_KNOTS.);
#2229 = CARTESIAN_POINT('',(9.50000000044,-4.999999998831));
#2230 = CARTESIAN_POINT('',(-9.49999999956,-4.999999998831));
#2231 = ( GEOMETRIC_REPRESENTATION_CONTEXT(2) 
PARAMETRIC_REPRESENTATION_CONTEXT() REPRESENTATION_CONTEXT('2D SPACE',''
  ) );
#2232 = PCURVE('',#2233,#2238);
#2233 = PLANE('',#2234);
#2234 = AXIS2_PLACEMENT_3D('',#2235,#2236,#2237);
#2235 = CARTESIAN_POINT('',(-9.5,-5.,-1.));
#2236 = DIRECTION('',(0.,1.,0.));
#2237 = DIRECTION('',(1.,0.,0.));
#2238 = DEFINITIONAL_REPRESENTATION('',(#2239),#2242);
#2239 = B_SPLINE_CURVE_WITH_KNOTS('',1,(#2240,#2241),.UNSPECIFIED.,.F.,
  .F.,(2,2),(-14.25000000022,4.74999999978),.PIECEWISE_BEZIER_KNOTS.);
#2240 = CARTESIAN_POINT('',(19.,-1.));
#2241 = CARTESIAN_POINT('',(0.,-1.));
#2242 = ( GEOMETRIC_REPRESENTATION_CONTEXT(2) 
PARAMETRIC_REPRESENTATION_CONTEXT() REPRESENTATION_CONTEXT('2D SPACE',''
  ) );
#2243 = ORIENTED_EDGE('',*,*,#2244,.T.);
#2244 = EDGE_CURVE('',#2219,#2042,#2245,.T.);
#2245 = SURFACE_CURVE('',#2246,(#2251,#2262),.PCURVE_S1.);
#2246 = CIRCLE('',#2247,3.);
#2247 = AXIS2_PLACEMENT_3D('',#2248,#2249,#2250);
#2248 = CARTESIAN_POINT('',(-9.5,-2.,0.));
#2249 = DIRECTION('',(0.,0.,-1.));
#2250 = DIRECTION('',(-1.,0.,0.));
#2251 = PCURVE('',#32,#2252);
#2252 = DEFINITIONAL_REPRESENTATION('',(#2253),#2261);
#2253 = ( BOUNDED_CURVE() B_SPLINE_CURVE(2,(#2254,#2255,#2256,#2257,
#2258,#2259,#2260),.UNSPECIFIED.,.T.,.F.) B_SPLINE_CURVE_WITH_KNOTS((1,2
    ,2,2,2,1),(-2.094395102393,0.,2.094395102393,4.188790204786,
6.28318530718,8.377580409573),.UNSPECIFIED.) CURVE() 
GEOMETRIC_REPRESENTATION_ITEM() RATIONAL_B_SPLINE_CURVE((1.,0.5,1.,0.5,
1.,0.5,1.)) REPRESENTATION_ITEM('') );
#2254 = CARTESIAN_POINT('',(-12.49999999956,-1.999999998831));
#2255 = CARTESIAN_POINT('',(-12.49999999956,3.196152423876));
#2256 = CARTESIAN_POINT('',(-7.99999999956,0.598076212522));
#2257 = CARTESIAN_POINT('',(-3.49999999956,-1.999999998831));
#2258 = CARTESIAN_POINT('',(-7.99999999956,-4.598076210184));
#2259 = CARTESIAN_POINT('',(-12.49999999956,-7.196152421538));
#2260 = CARTESIAN_POINT('',(-12.49999999956,-1.999999998831));
#2261 = ( GEOMETRIC_REPRESENTATION_CONTEXT(2) 
PARAMETRIC_REPRESENTATION_CONTEXT() REPRESENTATION_CONTEXT('2D SPACE',''
  ) );
#2262 = PCURVE('',#2263,#2268);
#2263 = CYLINDRICAL_SURFACE('',#2264,3.);
#2264 = AXIS2_PLACEMENT_3D('',#2265,#2266,#2267);
#2265 = CARTESIAN_POINT('',(-9.5,-2.,-1.));
#2266 = DIRECTION('',(0.,0.,-1.));
#2267 = DIRECTION('',(-1.,0.,0.));
#2268 = DEFINITIONAL_REPRESENTATION('',(#2269),#2273);
#2269 = LINE('',#2270,#2271);
#2270 = CARTESIAN_POINT('',(0.,-1.));
#2271 = VECTOR('',#2272,1.);
#2272 = DIRECTION('',(1.,0.));
#2273 = ( GEOMETRIC_REPRESENTATION_CONTEXT(2) 
PARAMETRIC_REPRESENTATION_CONTEXT() REPRESENTATION_CONTEXT('2D SPACE',''
  ) );
#2274 = FACE_BOUND('',#2275,.F.);
#2275 = EDGE_LOOP('',(#2276,#2304,#2337,#2363,#2396,#2422,#2455,#2481));
#2276 = ORIENTED_EDGE('',*,*,#2277,.F.);
#2277 = EDGE_CURVE('',#2278,#2280,#2282,.T.);
#2278 = VERTEX_POINT('',#2279);
#2279 = CARTESIAN_POINT('',(7.6,-23.89,0.));
#2280 = VERTEX_POINT('',#2281);
#2281 = CARTESIAN_POINT('',(7.6,-26.11,0.));
#2282 = SURFACE_CURVE('',#2283,(#2287,#2293),.PCURVE_S1.);
#2283 = LINE('',#2284,#2285);
#2284 = CARTESIAN_POINT('',(7.600000000096,-13.05500000058,0.));
#2285 = VECTOR('',#2286,1.);
#2286 = DIRECTION('',(0.,-1.,0.));
#2287 = PCURVE('',#32,#2288);
#2288 = DEFINITIONAL_REPRESENTATION('',(#2289),#2292);
#2289 = B_SPLINE_CURVE_WITH_KNOTS('',1,(#2290,#2291),.UNSPECIFIED.,.F.,
  .F.,(2,2),(10.834999999416,13.054999999416),.PIECEWISE_BEZIER_KNOTS.);
#2290 = CARTESIAN_POINT('',(7.600000000536,-23.88999999883));
#2291 = CARTESIAN_POINT('',(7.600000000536,-26.10999999883));
#2292 = ( GEOMETRIC_REPRESENTATION_CONTEXT(2) 
PARAMETRIC_REPRESENTATION_CONTEXT() REPRESENTATION_CONTEXT('2D SPACE',''
  ) );
#2293 = PCURVE('',#2294,#2299);
#2294 = PLANE('',#2295);
#2295 = AXIS2_PLACEMENT_3D('',#2296,#2297,#2298);
#2296 = CARTESIAN_POINT('',(7.600000000096,-26.11,-1.));
#2297 = DIRECTION('',(-1.,0.,0.));
#2298 = DIRECTION('',(0.,1.,0.));
#2299 = DEFINITIONAL_REPRESENTATION('',(#2300),#2303);
#2300 = B_SPLINE_CURVE_WITH_KNOTS('',1,(#2301,#2302),.UNSPECIFIED.,.F.,
  .F.,(2,2),(10.834999999416,13.054999999416),.PIECEWISE_BEZIER_KNOTS.);
#2301 = CARTESIAN_POINT('',(2.22,-1.));
#2302 = CARTESIAN_POINT('',(0.,-1.));
#2303 = ( GEOMETRIC_REPRESENTATION_CONTEXT(2) 
PARAMETRIC_REPRESENTATION_CONTEXT() REPRESENTATION_CONTEXT('2D SPACE',''
  ) );
#2304 = ORIENTED_EDGE('',*,*,#2305,.T.);
#2305 = EDGE_CURVE('',#2278,#2306,#2308,.T.);
#2306 = VERTEX_POINT('',#2307);
#2307 = CARTESIAN_POINT('',(7.989999999904,-23.5,0.));
#2308 = SURFACE_CURVE('',#2309,(#2314,#2325),.PCURVE_S1.);
#2309 = CIRCLE('',#2310,0.39);
#2310 = AXIS2_PLACEMENT_3D('',#2311,#2312,#2313);
#2311 = CARTESIAN_POINT('',(7.989999999904,-23.89,0.));
#2312 = DIRECTION('',(0.,0.,-1.));
#2313 = DIRECTION('',(1.,0.,0.));
#2314 = PCURVE('',#32,#2315);
#2315 = DEFINITIONAL_REPRESENTATION('',(#2316),#2324);
#2316 = ( BOUNDED_CURVE() B_SPLINE_CURVE(2,(#2317,#2318,#2319,#2320,
#2321,#2322,#2323),.UNSPECIFIED.,.T.,.F.) B_SPLINE_CURVE_WITH_KNOTS((1,2
    ,2,2,2,1),(-2.094395102393,0.,2.094395102393,4.188790204786,
6.28318530718,8.377580409573),.UNSPECIFIED.) CURVE() 
GEOMETRIC_REPRESENTATION_ITEM() RATIONAL_B_SPLINE_CURVE((1.,0.5,1.,0.5,
1.,0.5,1.)) REPRESENTATION_ITEM('') );
#2317 = CARTESIAN_POINT('',(8.380000000344,-23.88999999883));
#2318 = CARTESIAN_POINT('',(8.380000000344,-24.56549981378));
#2319 = CARTESIAN_POINT('',(7.795000000344,-24.2277499063));
#2320 = CARTESIAN_POINT('',(7.210000000344,-23.88999999883));
#2321 = CARTESIAN_POINT('',(7.795000000344,-23.55225009135));
#2322 = CARTESIAN_POINT('',(8.380000000344,-23.21450018387));
#2323 = CARTESIAN_POINT('',(8.380000000344,-23.88999999883));
#2324 = ( GEOMETRIC_REPRESENTATION_CONTEXT(2) 
PARAMETRIC_REPRESENTATION_CONTEXT() REPRESENTATION_CONTEXT('2D SPACE',''
  ) );
#2325 = PCURVE('',#2326,#2331);
#2326 = CYLINDRICAL_SURFACE('',#2327,0.39);
#2327 = AXIS2_PLACEMENT_3D('',#2328,#2329,#2330);
#2328 = CARTESIAN_POINT('',(7.989999999904,-23.89,-1.));
#2329 = DIRECTION('',(0.,0.,-1.));
#2330 = DIRECTION('',(1.,0.,0.));
#2331 = DEFINITIONAL_REPRESENTATION('',(#2332),#2336);
#2332 = LINE('',#2333,#2334);
#2333 = CARTESIAN_POINT('',(-6.28318530718,-1.));
#2334 = VECTOR('',#2335,1.);
#2335 = DIRECTION('',(1.,-0.));
#2336 = ( GEOMETRIC_REPRESENTATION_CONTEXT(2) 
PARAMETRIC_REPRESENTATION_CONTEXT() REPRESENTATION_CONTEXT('2D SPACE',''
  ) );
#2337 = ORIENTED_EDGE('',*,*,#2338,.F.);
#2338 = EDGE_CURVE('',#2339,#2306,#2341,.T.);
#2339 = VERTEX_POINT('',#2340);
#2340 = CARTESIAN_POINT('',(8.009999998886,-23.5,0.));
#2341 = SURFACE_CURVE('',#2342,(#2346,#2352),.PCURVE_S1.);
#2342 = LINE('',#2343,#2344);
#2343 = CARTESIAN_POINT('',(3.994999999732,-23.5,0.));
#2344 = VECTOR('',#2345,1.);
#2345 = DIRECTION('',(-1.,0.,0.));
#2346 = PCURVE('',#32,#2347);
#2347 = DEFINITIONAL_REPRESENTATION('',(#2348),#2351);
#2348 = B_SPLINE_CURVE_WITH_KNOTS('',1,(#2349,#2350),.UNSPECIFIED.,.F.,
  .F.,(2,2),(-4.014999999154,-3.995000000172),.PIECEWISE_BEZIER_KNOTS.);
#2349 = CARTESIAN_POINT('',(8.009999999326,-23.49999999883));
#2350 = CARTESIAN_POINT('',(7.990000000344,-23.49999999883));
#2351 = ( GEOMETRIC_REPRESENTATION_CONTEXT(2) 
PARAMETRIC_REPRESENTATION_CONTEXT() REPRESENTATION_CONTEXT('2D SPACE',''
  ) );
#2352 = PCURVE('',#2353,#2358);
#2353 = PLANE('',#2354);
#2354 = AXIS2_PLACEMENT_3D('',#2355,#2356,#2357);
#2355 = CARTESIAN_POINT('',(7.989999999904,-23.5,-1.));
#2356 = DIRECTION('',(0.,1.,0.));
#2357 = DIRECTION('',(1.,0.,0.));
#2358 = DEFINITIONAL_REPRESENTATION('',(#2359),#2362);
#2359 = B_SPLINE_CURVE_WITH_KNOTS('',1,(#2360,#2361),.UNSPECIFIED.,.F.,
  .F.,(2,2),(-4.014999999154,-3.995000000172),.PIECEWISE_BEZIER_KNOTS.);
#2360 = CARTESIAN_POINT('',(1.999999898183E-02,-1.));
#2361 = CARTESIAN_POINT('',(0.,-1.));
#2362 = ( GEOMETRIC_REPRESENTATION_CONTEXT(2) 
PARAMETRIC_REPRESENTATION_CONTEXT() REPRESENTATION_CONTEXT('2D SPACE',''
  ) );
#2363 = ORIENTED_EDGE('',*,*,#2364,.T.);
#2364 = EDGE_CURVE('',#2339,#2365,#2367,.T.);
#2365 = VERTEX_POINT('',#2366);
#2366 = CARTESIAN_POINT('',(8.399999999491,-23.89,0.));
#2367 = SURFACE_CURVE('',#2368,(#2373,#2384),.PCURVE_S1.);
#2368 = CIRCLE('',#2369,0.39);
#2369 = AXIS2_PLACEMENT_3D('',#2370,#2371,#2372);
#2370 = CARTESIAN_POINT('',(8.009999998886,-23.89,0.));
#2371 = DIRECTION('',(0.,0.,-1.));
#2372 = DIRECTION('',(1.,0.,0.));
#2373 = PCURVE('',#32,#2374);
#2374 = DEFINITIONAL_REPRESENTATION('',(#2375),#2383);
#2375 = ( BOUNDED_CURVE() B_SPLINE_CURVE(2,(#2376,#2377,#2378,#2379,
#2380,#2381,#2382),.UNSPECIFIED.,.T.,.F.) B_SPLINE_CURVE_WITH_KNOTS((1,2
    ,2,2,2,1),(-2.094395102393,0.,2.094395102393,4.188790204786,
6.28318530718,8.377580409573),.UNSPECIFIED.) CURVE() 
GEOMETRIC_REPRESENTATION_ITEM() RATIONAL_B_SPLINE_CURVE((1.,0.5,1.,0.5,
1.,0.5,1.)) REPRESENTATION_ITEM('') );
#2376 = CARTESIAN_POINT('',(8.399999999326,-23.88999999883));
#2377 = CARTESIAN_POINT('',(8.399999999326,-24.56549981378));
#2378 = CARTESIAN_POINT('',(7.814999999326,-24.2277499063));
#2379 = CARTESIAN_POINT('',(7.229999999326,-23.88999999883));
#2380 = CARTESIAN_POINT('',(7.814999999326,-23.55225009135));
#2381 = CARTESIAN_POINT('',(8.399999999326,-23.21450018387));
#2382 = CARTESIAN_POINT('',(8.399999999326,-23.88999999883));
#2383 = ( GEOMETRIC_REPRESENTATION_CONTEXT(2) 
PARAMETRIC_REPRESENTATION_CONTEXT() REPRESENTATION_CONTEXT('2D SPACE',''
  ) );
#2384 = PCURVE('',#2385,#2390);
#2385 = CYLINDRICAL_SURFACE('',#2386,0.39);
#2386 = AXIS2_PLACEMENT_3D('',#2387,#2388,#2389);
#2387 = CARTESIAN_POINT('',(8.009999998886,-23.89,-1.));
#2388 = DIRECTION('',(0.,0.,-1.));
#2389 = DIRECTION('',(1.,0.,0.));
#2390 = DEFINITIONAL_REPRESENTATION('',(#2391),#2395);
#2391 = LINE('',#2392,#2393);
#2392 = CARTESIAN_POINT('',(-6.28318530718,-1.));
#2393 = VECTOR('',#2394,1.);
#2394 = DIRECTION('',(1.,-0.));
#2395 = ( GEOMETRIC_REPRESENTATION_CONTEXT(2) 
PARAMETRIC_REPRESENTATION_CONTEXT() REPRESENTATION_CONTEXT('2D SPACE',''
  ) );
#2396 = ORIENTED_EDGE('',*,*,#2397,.T.);
#2397 = EDGE_CURVE('',#2365,#2398,#2400,.T.);
#2398 = VERTEX_POINT('',#2399);
#2399 = CARTESIAN_POINT('',(8.399999999491,-26.11,0.));
#2400 = SURFACE_CURVE('',#2401,(#2405,#2411),.PCURVE_S1.);
#2401 = LINE('',#2402,#2403);
#2402 = CARTESIAN_POINT('',(8.400000000096,-13.05500000058,0.));
#2403 = VECTOR('',#2404,1.);
#2404 = DIRECTION('',(0.,-1.,0.));
#2405 = PCURVE('',#32,#2406);
#2406 = DEFINITIONAL_REPRESENTATION('',(#2407),#2410);
#2407 = B_SPLINE_CURVE_WITH_KNOTS('',1,(#2408,#2409),.UNSPECIFIED.,.F.,
  .F.,(2,2),(10.834999999416,13.054999999416),.PIECEWISE_BEZIER_KNOTS.);
#2408 = CARTESIAN_POINT('',(8.400000000536,-23.88999999883));
#2409 = CARTESIAN_POINT('',(8.400000000536,-26.10999999883));
#2410 = ( GEOMETRIC_REPRESENTATION_CONTEXT(2) 
PARAMETRIC_REPRESENTATION_CONTEXT() REPRESENTATION_CONTEXT('2D SPACE',''
  ) );
#2411 = PCURVE('',#2412,#2417);
#2412 = PLANE('',#2413);
#2413 = AXIS2_PLACEMENT_3D('',#2414,#2415,#2416);
#2414 = CARTESIAN_POINT('',(8.400000000096,-26.11,-1.));
#2415 = DIRECTION('',(-1.,0.,0.));
#2416 = DIRECTION('',(0.,1.,0.));
#2417 = DEFINITIONAL_REPRESENTATION('',(#2418),#2421);
#2418 = B_SPLINE_CURVE_WITH_KNOTS('',1,(#2419,#2420),.UNSPECIFIED.,.F.,
  .F.,(2,2),(10.834999999416,13.054999999416),.PIECEWISE_BEZIER_KNOTS.);
#2419 = CARTESIAN_POINT('',(2.22,-1.));
#2420 = CARTESIAN_POINT('',(0.,-1.));
#2421 = ( GEOMETRIC_REPRESENTATION_CONTEXT(2) 
PARAMETRIC_REPRESENTATION_CONTEXT() REPRESENTATION_CONTEXT('2D SPACE',''
  ) );
#2422 = ORIENTED_EDGE('',*,*,#2423,.T.);
#2423 = EDGE_CURVE('',#2398,#2424,#2426,.T.);
#2424 = VERTEX_POINT('',#2425);
#2425 = CARTESIAN_POINT('',(8.009999998886,-26.5,0.));
#2426 = SURFACE_CURVE('',#2427,(#2432,#2443),.PCURVE_S1.);
#2427 = CIRCLE('',#2428,0.39);
#2428 = AXIS2_PLACEMENT_3D('',#2429,#2430,#2431);
#2429 = CARTESIAN_POINT('',(8.009999998886,-26.11,0.));
#2430 = DIRECTION('',(0.,0.,-1.));
#2431 = DIRECTION('',(1.,0.,0.));
#2432 = PCURVE('',#32,#2433);
#2433 = DEFINITIONAL_REPRESENTATION('',(#2434),#2442);
#2434 = ( BOUNDED_CURVE() B_SPLINE_CURVE(2,(#2435,#2436,#2437,#2438,
#2439,#2440,#2441),.UNSPECIFIED.,.T.,.F.) B_SPLINE_CURVE_WITH_KNOTS((1,2
    ,2,2,2,1),(-2.094395102393,0.,2.094395102393,4.188790204786,
6.28318530718,8.377580409573),.UNSPECIFIED.) CURVE() 
GEOMETRIC_REPRESENTATION_ITEM() RATIONAL_B_SPLINE_CURVE((1.,0.5,1.,0.5,
1.,0.5,1.)) REPRESENTATION_ITEM('') );
#2435 = CARTESIAN_POINT('',(8.399999999326,-26.10999999883));
#2436 = CARTESIAN_POINT('',(8.399999999326,-26.78549981378));
#2437 = CARTESIAN_POINT('',(7.814999999326,-26.4477499063));
#2438 = CARTESIAN_POINT('',(7.229999999326,-26.10999999883));
#2439 = CARTESIAN_POINT('',(7.814999999326,-25.77225009135));
#2440 = CARTESIAN_POINT('',(8.399999999326,-25.43450018387));
#2441 = CARTESIAN_POINT('',(8.399999999326,-26.10999999883));
#2442 = ( GEOMETRIC_REPRESENTATION_CONTEXT(2) 
PARAMETRIC_REPRESENTATION_CONTEXT() REPRESENTATION_CONTEXT('2D SPACE',''
  ) );
#2443 = PCURVE('',#2444,#2449);
#2444 = CYLINDRICAL_SURFACE('',#2445,0.39);
#2445 = AXIS2_PLACEMENT_3D('',#2446,#2447,#2448);
#2446 = CARTESIAN_POINT('',(8.009999998886,-26.11,-1.));
#2447 = DIRECTION('',(0.,0.,-1.));
#2448 = DIRECTION('',(1.,0.,0.));
#2449 = DEFINITIONAL_REPRESENTATION('',(#2450),#2454);
#2450 = LINE('',#2451,#2452);
#2451 = CARTESIAN_POINT('',(-6.28318530718,-1.));
#2452 = VECTOR('',#2453,1.);
#2453 = DIRECTION('',(1.,-0.));
#2454 = ( GEOMETRIC_REPRESENTATION_CONTEXT(2) 
PARAMETRIC_REPRESENTATION_CONTEXT() REPRESENTATION_CONTEXT('2D SPACE',''
  ) );
#2455 = ORIENTED_EDGE('',*,*,#2456,.T.);
#2456 = EDGE_CURVE('',#2424,#2457,#2459,.T.);
#2457 = VERTEX_POINT('',#2458);
#2458 = CARTESIAN_POINT('',(7.989999999904,-26.5,0.));
#2459 = SURFACE_CURVE('',#2460,(#2464,#2470),.PCURVE_S1.);
#2460 = LINE('',#2461,#2462);
#2461 = CARTESIAN_POINT('',(3.994999999732,-26.5,0.));
#2462 = VECTOR('',#2463,1.);
#2463 = DIRECTION('',(-1.,0.,0.));
#2464 = PCURVE('',#32,#2465);
#2465 = DEFINITIONAL_REPRESENTATION('',(#2466),#2469);
#2466 = B_SPLINE_CURVE_WITH_KNOTS('',1,(#2467,#2468),.UNSPECIFIED.,.F.,
  .F.,(2,2),(-4.014999999154,-3.995000000172),.PIECEWISE_BEZIER_KNOTS.);
#2467 = CARTESIAN_POINT('',(8.009999999326,-26.49999999883));
#2468 = CARTESIAN_POINT('',(7.990000000344,-26.49999999883));
#2469 = ( GEOMETRIC_REPRESENTATION_CONTEXT(2) 
PARAMETRIC_REPRESENTATION_CONTEXT() REPRESENTATION_CONTEXT('2D SPACE',''
  ) );
#2470 = PCURVE('',#2471,#2476);
#2471 = PLANE('',#2472);
#2472 = AXIS2_PLACEMENT_3D('',#2473,#2474,#2475);
#2473 = CARTESIAN_POINT('',(7.989999999904,-26.5,-1.));
#2474 = DIRECTION('',(0.,1.,0.));
#2475 = DIRECTION('',(1.,0.,0.));
#2476 = DEFINITIONAL_REPRESENTATION('',(#2477),#2480);
#2477 = B_SPLINE_CURVE_WITH_KNOTS('',1,(#2478,#2479),.UNSPECIFIED.,.F.,
  .F.,(2,2),(-4.014999999154,-3.995000000172),.PIECEWISE_BEZIER_KNOTS.);
#2478 = CARTESIAN_POINT('',(1.999999898183E-02,-1.));
#2479 = CARTESIAN_POINT('',(0.,-1.));
#2480 = ( GEOMETRIC_REPRESENTATION_CONTEXT(2) 
PARAMETRIC_REPRESENTATION_CONTEXT() REPRESENTATION_CONTEXT('2D SPACE',''
  ) );
#2481 = ORIENTED_EDGE('',*,*,#2482,.T.);
#2482 = EDGE_CURVE('',#2457,#2280,#2483,.T.);
#2483 = SURFACE_CURVE('',#2484,(#2489,#2500),.PCURVE_S1.);
#2484 = CIRCLE('',#2485,0.39);
#2485 = AXIS2_PLACEMENT_3D('',#2486,#2487,#2488);
#2486 = CARTESIAN_POINT('',(7.989999999904,-26.11,0.));
#2487 = DIRECTION('',(0.,0.,-1.));
#2488 = DIRECTION('',(1.,0.,0.));
#2489 = PCURVE('',#32,#2490);
#2490 = DEFINITIONAL_REPRESENTATION('',(#2491),#2499);
#2491 = ( BOUNDED_CURVE() B_SPLINE_CURVE(2,(#2492,#2493,#2494,#2495,
#2496,#2497,#2498),.UNSPECIFIED.,.T.,.F.) B_SPLINE_CURVE_WITH_KNOTS((1,2
    ,2,2,2,1),(-2.094395102393,0.,2.094395102393,4.188790204786,
6.28318530718,8.377580409573),.UNSPECIFIED.) CURVE() 
GEOMETRIC_REPRESENTATION_ITEM() RATIONAL_B_SPLINE_CURVE((1.,0.5,1.,0.5,
1.,0.5,1.)) REPRESENTATION_ITEM('') );
#2492 = CARTESIAN_POINT('',(8.380000000344,-26.10999999883));
#2493 = CARTESIAN_POINT('',(8.380000000344,-26.78549981378));
#2494 = CARTESIAN_POINT('',(7.795000000344,-26.4477499063));
#2495 = CARTESIAN_POINT('',(7.210000000344,-26.10999999883));
#2496 = CARTESIAN_POINT('',(7.795000000344,-25.77225009135));
#2497 = CARTESIAN_POINT('',(8.380000000344,-25.43450018387));
#2498 = CARTESIAN_POINT('',(8.380000000344,-26.10999999883));
#2499 = ( GEOMETRIC_REPRESENTATION_CONTEXT(2) 
PARAMETRIC_REPRESENTATION_CONTEXT() REPRESENTATION_CONTEXT('2D SPACE',''
  ) );
#2500 = PCURVE('',#2501,#2506);
#2501 = CYLINDRICAL_SURFACE('',#2502,0.39);
#2502 = AXIS2_PLACEMENT_3D('',#2503,#2504,#2505);
#2503 = CARTESIAN_POINT('',(7.989999999904,-26.11,-1.));
#2504 = DIRECTION('',(0.,0.,-1.));
#2505 = DIRECTION('',(1.,0.,0.));
#2506 = DEFINITIONAL_REPRESENTATION('',(#2507),#2511);
#2507 = LINE('',#2508,#2509);
#2508 = CARTESIAN_POINT('',(-6.28318530718,-1.));
#2509 = VECTOR('',#2510,1.);
#2510 = DIRECTION('',(1.,-0.));
#2511 = ( GEOMETRIC_REPRESENTATION_CONTEXT(2) 
PARAMETRIC_REPRESENTATION_CONTEXT() REPRESENTATION_CONTEXT('2D SPACE',''
  ) );
#2512 = FACE_BOUND('',#2513,.F.);
#2513 = EDGE_LOOP('',(#2514,#2542,#2575,#2601,#2634,#2660,#2693,#2719));
#2514 = ORIENTED_EDGE('',*,*,#2515,.F.);
#2515 = EDGE_CURVE('',#2516,#2518,#2520,.T.);
#2516 = VERTEX_POINT('',#2517);
#2517 = CARTESIAN_POINT('',(11.6,-23.89,0.));
#2518 = VERTEX_POINT('',#2519);
#2519 = CARTESIAN_POINT('',(11.6,-26.11,0.));
#2520 = SURFACE_CURVE('',#2521,(#2525,#2531),.PCURVE_S1.);
#2521 = LINE('',#2522,#2523);
#2522 = CARTESIAN_POINT('',(11.600000000096,-13.05500000058,0.));
#2523 = VECTOR('',#2524,1.);
#2524 = DIRECTION('',(0.,-1.,0.));
#2525 = PCURVE('',#32,#2526);
#2526 = DEFINITIONAL_REPRESENTATION('',(#2527),#2530);
#2527 = B_SPLINE_CURVE_WITH_KNOTS('',1,(#2528,#2529),.UNSPECIFIED.,.F.,
  .F.,(2,2),(10.834999999416,13.054999999416),.PIECEWISE_BEZIER_KNOTS.);
#2528 = CARTESIAN_POINT('',(11.600000000536,-23.88999999883));
#2529 = CARTESIAN_POINT('',(11.600000000536,-26.10999999883));
#2530 = ( GEOMETRIC_REPRESENTATION_CONTEXT(2) 
PARAMETRIC_REPRESENTATION_CONTEXT() REPRESENTATION_CONTEXT('2D SPACE',''
  ) );
#2531 = PCURVE('',#2532,#2537);
#2532 = PLANE('',#2533);
#2533 = AXIS2_PLACEMENT_3D('',#2534,#2535,#2536);
#2534 = CARTESIAN_POINT('',(11.600000000096,-26.11,-1.));
#2535 = DIRECTION('',(-1.,0.,0.));
#2536 = DIRECTION('',(0.,1.,0.));
#2537 = DEFINITIONAL_REPRESENTATION('',(#2538),#2541);
#2538 = B_SPLINE_CURVE_WITH_KNOTS('',1,(#2539,#2540),.UNSPECIFIED.,.F.,
  .F.,(2,2),(10.834999999416,13.054999999416),.PIECEWISE_BEZIER_KNOTS.);
#2539 = CARTESIAN_POINT('',(2.22,-1.));
#2540 = CARTESIAN_POINT('',(0.,-1.));
#2541 = ( GEOMETRIC_REPRESENTATION_CONTEXT(2) 
PARAMETRIC_REPRESENTATION_CONTEXT() REPRESENTATION_CONTEXT('2D SPACE',''
  ) );
#2542 = ORIENTED_EDGE('',*,*,#2543,.T.);
#2543 = EDGE_CURVE('',#2516,#2544,#2546,.T.);
#2544 = VERTEX_POINT('',#2545);
#2545 = CARTESIAN_POINT('',(11.989999999904,-23.5,0.));
#2546 = SURFACE_CURVE('',#2547,(#2552,#2563),.PCURVE_S1.);
#2547 = CIRCLE('',#2548,0.39);
#2548 = AXIS2_PLACEMENT_3D('',#2549,#2550,#2551);
#2549 = CARTESIAN_POINT('',(11.989999999904,-23.89,0.));
#2550 = DIRECTION('',(0.,0.,-1.));
#2551 = DIRECTION('',(1.,0.,0.));
#2552 = PCURVE('',#32,#2553);
#2553 = DEFINITIONAL_REPRESENTATION('',(#2554),#2562);
#2554 = ( BOUNDED_CURVE() B_SPLINE_CURVE(2,(#2555,#2556,#2557,#2558,
#2559,#2560,#2561),.UNSPECIFIED.,.T.,.F.) B_SPLINE_CURVE_WITH_KNOTS((1,2
    ,2,2,2,1),(-2.094395102393,0.,2.094395102393,4.188790204786,
6.28318530718,8.377580409573),.UNSPECIFIED.) CURVE() 
GEOMETRIC_REPRESENTATION_ITEM() RATIONAL_B_SPLINE_CURVE((1.,0.5,1.,0.5,
1.,0.5,1.)) REPRESENTATION_ITEM('') );
#2555 = CARTESIAN_POINT('',(12.380000000344,-23.88999999883));
#2556 = CARTESIAN_POINT('',(12.380000000344,-24.56549981378));
#2557 = CARTESIAN_POINT('',(11.795000000344,-24.2277499063));
#2558 = CARTESIAN_POINT('',(11.210000000344,-23.88999999883));
#2559 = CARTESIAN_POINT('',(11.795000000344,-23.55225009135));
#2560 = CARTESIAN_POINT('',(12.380000000344,-23.21450018387));
#2561 = CARTESIAN_POINT('',(12.380000000344,-23.88999999883));
#2562 = ( GEOMETRIC_REPRESENTATION_CONTEXT(2) 
PARAMETRIC_REPRESENTATION_CONTEXT() REPRESENTATION_CONTEXT('2D SPACE',''
  ) );
#2563 = PCURVE('',#2564,#2569);
#2564 = CYLINDRICAL_SURFACE('',#2565,0.39);
#2565 = AXIS2_PLACEMENT_3D('',#2566,#2567,#2568);
#2566 = CARTESIAN_POINT('',(11.989999999904,-23.89,-1.));
#2567 = DIRECTION('',(0.,0.,-1.));
#2568 = DIRECTION('',(1.,0.,0.));
#2569 = DEFINITIONAL_REPRESENTATION('',(#2570),#2574);
#2570 = LINE('',#2571,#2572);
#2571 = CARTESIAN_POINT('',(-6.28318530718,-1.));
#2572 = VECTOR('',#2573,1.);
#2573 = DIRECTION('',(1.,-0.));
#2574 = ( GEOMETRIC_REPRESENTATION_CONTEXT(2) 
PARAMETRIC_REPRESENTATION_CONTEXT() REPRESENTATION_CONTEXT('2D SPACE',''
  ) );
#2575 = ORIENTED_EDGE('',*,*,#2576,.F.);
#2576 = EDGE_CURVE('',#2577,#2544,#2579,.T.);
#2577 = VERTEX_POINT('',#2578);
#2578 = CARTESIAN_POINT('',(12.009999998886,-23.5,0.));
#2579 = SURFACE_CURVE('',#2580,(#2584,#2590),.PCURVE_S1.);
#2580 = LINE('',#2581,#2582);
#2581 = CARTESIAN_POINT('',(5.994999999732,-23.5,0.));
#2582 = VECTOR('',#2583,1.);
#2583 = DIRECTION('',(-1.,0.,0.));
#2584 = PCURVE('',#32,#2585);
#2585 = DEFINITIONAL_REPRESENTATION('',(#2586),#2589);
#2586 = B_SPLINE_CURVE_WITH_KNOTS('',1,(#2587,#2588),.UNSPECIFIED.,.F.,
  .F.,(2,2),(-6.014999999154,-5.995000000172),.PIECEWISE_BEZIER_KNOTS.);
#2587 = CARTESIAN_POINT('',(12.009999999326,-23.49999999883));
#2588 = CARTESIAN_POINT('',(11.990000000344,-23.49999999883));
#2589 = ( GEOMETRIC_REPRESENTATION_CONTEXT(2) 
PARAMETRIC_REPRESENTATION_CONTEXT() REPRESENTATION_CONTEXT('2D SPACE',''
  ) );
#2590 = PCURVE('',#2591,#2596);
#2591 = PLANE('',#2592);
#2592 = AXIS2_PLACEMENT_3D('',#2593,#2594,#2595);
#2593 = CARTESIAN_POINT('',(11.989999999904,-23.5,-1.));
#2594 = DIRECTION('',(0.,1.,0.));
#2595 = DIRECTION('',(1.,0.,0.));
#2596 = DEFINITIONAL_REPRESENTATION('',(#2597),#2600);
#2597 = B_SPLINE_CURVE_WITH_KNOTS('',1,(#2598,#2599),.UNSPECIFIED.,.F.,
  .F.,(2,2),(-6.014999999154,-5.995000000172),.PIECEWISE_BEZIER_KNOTS.);
#2598 = CARTESIAN_POINT('',(1.999999898183E-02,-1.));
#2599 = CARTESIAN_POINT('',(0.,-1.));
#2600 = ( GEOMETRIC_REPRESENTATION_CONTEXT(2) 
PARAMETRIC_REPRESENTATION_CONTEXT() REPRESENTATION_CONTEXT('2D SPACE',''
  ) );
#2601 = ORIENTED_EDGE('',*,*,#2602,.T.);
#2602 = EDGE_CURVE('',#2577,#2603,#2605,.T.);
#2603 = VERTEX_POINT('',#2604);
#2604 = CARTESIAN_POINT('',(12.399999999491,-23.89,0.));
#2605 = SURFACE_CURVE('',#2606,(#2611,#2622),.PCURVE_S1.);
#2606 = CIRCLE('',#2607,0.39);
#2607 = AXIS2_PLACEMENT_3D('',#2608,#2609,#2610);
#2608 = CARTESIAN_POINT('',(12.009999998886,-23.89,0.));
#2609 = DIRECTION('',(0.,0.,-1.));
#2610 = DIRECTION('',(1.,0.,0.));
#2611 = PCURVE('',#32,#2612);
#2612 = DEFINITIONAL_REPRESENTATION('',(#2613),#2621);
#2613 = ( BOUNDED_CURVE() B_SPLINE_CURVE(2,(#2614,#2615,#2616,#2617,
#2618,#2619,#2620),.UNSPECIFIED.,.T.,.F.) B_SPLINE_CURVE_WITH_KNOTS((1,2
    ,2,2,2,1),(-2.094395102393,0.,2.094395102393,4.188790204786,
6.28318530718,8.377580409573),.UNSPECIFIED.) CURVE() 
GEOMETRIC_REPRESENTATION_ITEM() RATIONAL_B_SPLINE_CURVE((1.,0.5,1.,0.5,
1.,0.5,1.)) REPRESENTATION_ITEM('') );
#2614 = CARTESIAN_POINT('',(12.399999999326,-23.88999999883));
#2615 = CARTESIAN_POINT('',(12.399999999326,-24.56549981378));
#2616 = CARTESIAN_POINT('',(11.814999999326,-24.2277499063));
#2617 = CARTESIAN_POINT('',(11.229999999326,-23.88999999883));
#2618 = CARTESIAN_POINT('',(11.814999999326,-23.55225009135));
#2619 = CARTESIAN_POINT('',(12.399999999326,-23.21450018387));
#2620 = CARTESIAN_POINT('',(12.399999999326,-23.88999999883));
#2621 = ( GEOMETRIC_REPRESENTATION_CONTEXT(2) 
PARAMETRIC_REPRESENTATION_CONTEXT() REPRESENTATION_CONTEXT('2D SPACE',''
  ) );
#2622 = PCURVE('',#2623,#2628);
#2623 = CYLINDRICAL_SURFACE('',#2624,0.39);
#2624 = AXIS2_PLACEMENT_3D('',#2625,#2626,#2627);
#2625 = CARTESIAN_POINT('',(12.009999998886,-23.89,-1.));
#2626 = DIRECTION('',(0.,0.,-1.));
#2627 = DIRECTION('',(1.,0.,0.));
#2628 = DEFINITIONAL_REPRESENTATION('',(#2629),#2633);
#2629 = LINE('',#2630,#2631);
#2630 = CARTESIAN_POINT('',(-6.28318530718,-1.));
#2631 = VECTOR('',#2632,1.);
#2632 = DIRECTION('',(1.,-0.));
#2633 = ( GEOMETRIC_REPRESENTATION_CONTEXT(2) 
PARAMETRIC_REPRESENTATION_CONTEXT() REPRESENTATION_CONTEXT('2D SPACE',''
  ) );
#2634 = ORIENTED_EDGE('',*,*,#2635,.T.);
#2635 = EDGE_CURVE('',#2603,#2636,#2638,.T.);
#2636 = VERTEX_POINT('',#2637);
#2637 = CARTESIAN_POINT('',(12.399999999491,-26.11,0.));
#2638 = SURFACE_CURVE('',#2639,(#2643,#2649),.PCURVE_S1.);
#2639 = LINE('',#2640,#2641);
#2640 = CARTESIAN_POINT('',(12.400000000096,-13.05500000058,0.));
#2641 = VECTOR('',#2642,1.);
#2642 = DIRECTION('',(0.,-1.,0.));
#2643 = PCURVE('',#32,#2644);
#2644 = DEFINITIONAL_REPRESENTATION('',(#2645),#2648);
#2645 = B_SPLINE_CURVE_WITH_KNOTS('',1,(#2646,#2647),.UNSPECIFIED.,.F.,
  .F.,(2,2),(10.834999999416,13.054999999416),.PIECEWISE_BEZIER_KNOTS.);
#2646 = CARTESIAN_POINT('',(12.400000000536,-23.88999999883));
#2647 = CARTESIAN_POINT('',(12.400000000536,-26.10999999883));
#2648 = ( GEOMETRIC_REPRESENTATION_CONTEXT(2) 
PARAMETRIC_REPRESENTATION_CONTEXT() REPRESENTATION_CONTEXT('2D SPACE',''
  ) );
#2649 = PCURVE('',#2650,#2655);
#2650 = PLANE('',#2651);
#2651 = AXIS2_PLACEMENT_3D('',#2652,#2653,#2654);
#2652 = CARTESIAN_POINT('',(12.400000000096,-26.11,-1.));
#2653 = DIRECTION('',(-1.,0.,0.));
#2654 = DIRECTION('',(0.,1.,0.));
#2655 = DEFINITIONAL_REPRESENTATION('',(#2656),#2659);
#2656 = B_SPLINE_CURVE_WITH_KNOTS('',1,(#2657,#2658),.UNSPECIFIED.,.F.,
  .F.,(2,2),(10.834999999416,13.054999999416),.PIECEWISE_BEZIER_KNOTS.);
#2657 = CARTESIAN_POINT('',(2.22,-1.));
#2658 = CARTESIAN_POINT('',(0.,-1.));
#2659 = ( GEOMETRIC_REPRESENTATION_CONTEXT(2) 
PARAMETRIC_REPRESENTATION_CONTEXT() REPRESENTATION_CONTEXT('2D SPACE',''
  ) );
#2660 = ORIENTED_EDGE('',*,*,#2661,.T.);
#2661 = EDGE_CURVE('',#2636,#2662,#2664,.T.);
#2662 = VERTEX_POINT('',#2663);
#2663 = CARTESIAN_POINT('',(12.009999998886,-26.5,0.));
#2664 = SURFACE_CURVE('',#2665,(#2670,#2681),.PCURVE_S1.);
#2665 = CIRCLE('',#2666,0.39);
#2666 = AXIS2_PLACEMENT_3D('',#2667,#2668,#2669);
#2667 = CARTESIAN_POINT('',(12.009999998886,-26.11,0.));
#2668 = DIRECTION('',(0.,0.,-1.));
#2669 = DIRECTION('',(1.,0.,0.));
#2670 = PCURVE('',#32,#2671);
#2671 = DEFINITIONAL_REPRESENTATION('',(#2672),#2680);
#2672 = ( BOUNDED_CURVE() B_SPLINE_CURVE(2,(#2673,#2674,#2675,#2676,
#2677,#2678,#2679),.UNSPECIFIED.,.T.,.F.) B_SPLINE_CURVE_WITH_KNOTS((1,2
    ,2,2,2,1),(-2.094395102393,0.,2.094395102393,4.188790204786,
6.28318530718,8.377580409573),.UNSPECIFIED.) CURVE() 
GEOMETRIC_REPRESENTATION_ITEM() RATIONAL_B_SPLINE_CURVE((1.,0.5,1.,0.5,
1.,0.5,1.)) REPRESENTATION_ITEM('') );
#2673 = CARTESIAN_POINT('',(12.399999999326,-26.10999999883));
#2674 = CARTESIAN_POINT('',(12.399999999326,-26.78549981378));
#2675 = CARTESIAN_POINT('',(11.814999999326,-26.4477499063));
#2676 = CARTESIAN_POINT('',(11.229999999326,-26.10999999883));
#2677 = CARTESIAN_POINT('',(11.814999999326,-25.77225009135));
#2678 = CARTESIAN_POINT('',(12.399999999326,-25.43450018387));
#2679 = CARTESIAN_POINT('',(12.399999999326,-26.10999999883));
#2680 = ( GEOMETRIC_REPRESENTATION_CONTEXT(2) 
PARAMETRIC_REPRESENTATION_CONTEXT() REPRESENTATION_CONTEXT('2D SPACE',''
  ) );
#2681 = PCURVE('',#2682,#2687);
#2682 = CYLINDRICAL_SURFACE('',#2683,0.39);
#2683 = AXIS2_PLACEMENT_3D('',#2684,#2685,#2686);
#2684 = CARTESIAN_POINT('',(12.009999998886,-26.11,-1.));
#2685 = DIRECTION('',(0.,0.,-1.));
#2686 = DIRECTION('',(1.,0.,0.));
#2687 = DEFINITIONAL_REPRESENTATION('',(#2688),#2692);
#2688 = LINE('',#2689,#2690);
#2689 = CARTESIAN_POINT('',(-6.28318530718,-1.));
#2690 = VECTOR('',#2691,1.);
#2691 = DIRECTION('',(1.,-0.));
#2692 = ( GEOMETRIC_REPRESENTATION_CONTEXT(2) 
PARAMETRIC_REPRESENTATION_CONTEXT() REPRESENTATION_CONTEXT('2D SPACE',''
  ) );
#2693 = ORIENTED_EDGE('',*,*,#2694,.T.);
#2694 = EDGE_CURVE('',#2662,#2695,#2697,.T.);
#2695 = VERTEX_POINT('',#2696);
#2696 = CARTESIAN_POINT('',(11.989999999904,-26.5,0.));
#2697 = SURFACE_CURVE('',#2698,(#2702,#2708),.PCURVE_S1.);
#2698 = LINE('',#2699,#2700);
#2699 = CARTESIAN_POINT('',(5.994999999732,-26.5,0.));
#2700 = VECTOR('',#2701,1.);
#2701 = DIRECTION('',(-1.,0.,0.));
#2702 = PCURVE('',#32,#2703);
#2703 = DEFINITIONAL_REPRESENTATION('',(#2704),#2707);
#2704 = B_SPLINE_CURVE_WITH_KNOTS('',1,(#2705,#2706),.UNSPECIFIED.,.F.,
  .F.,(2,2),(-6.014999999154,-5.995000000172),.PIECEWISE_BEZIER_KNOTS.);
#2705 = CARTESIAN_POINT('',(12.009999999326,-26.49999999883));
#2706 = CARTESIAN_POINT('',(11.990000000344,-26.49999999883));
#2707 = ( GEOMETRIC_REPRESENTATION_CONTEXT(2) 
PARAMETRIC_REPRESENTATION_CONTEXT() REPRESENTATION_CONTEXT('2D SPACE',''
  ) );
#2708 = PCURVE('',#2709,#2714);
#2709 = PLANE('',#2710);
#2710 = AXIS2_PLACEMENT_3D('',#2711,#2712,#2713);
#2711 = CARTESIAN_POINT('',(11.989999999904,-26.5,-1.));
#2712 = DIRECTION('',(0.,1.,0.));
#2713 = DIRECTION('',(1.,0.,0.));
#2714 = DEFINITIONAL_REPRESENTATION('',(#2715),#2718);
#2715 = B_SPLINE_CURVE_WITH_KNOTS('',1,(#2716,#2717),.UNSPECIFIED.,.F.,
  .F.,(2,2),(-6.014999999154,-5.995000000172),.PIECEWISE_BEZIER_KNOTS.);
#2716 = CARTESIAN_POINT('',(1.999999898183E-02,-1.));
#2717 = CARTESIAN_POINT('',(0.,-1.));
#2718 = ( GEOMETRIC_REPRESENTATION_CONTEXT(2) 
PARAMETRIC_REPRESENTATION_CONTEXT() REPRESENTATION_CONTEXT('2D SPACE',''
  ) );
#2719 = ORIENTED_EDGE('',*,*,#2720,.T.);
#2720 = EDGE_CURVE('',#2695,#2518,#2721,.T.);
#2721 = SURFACE_CURVE('',#2722,(#2727,#2738),.PCURVE_S1.);
#2722 = CIRCLE('',#2723,0.39);
#2723 = AXIS2_PLACEMENT_3D('',#2724,#2725,#2726);
#2724 = CARTESIAN_POINT('',(11.989999999904,-26.11,0.));
#2725 = DIRECTION('',(0.,0.,-1.));
#2726 = DIRECTION('',(1.,0.,0.));
#2727 = PCURVE('',#32,#2728);
#2728 = DEFINITIONAL_REPRESENTATION('',(#2729),#2737);
#2729 = ( BOUNDED_CURVE() B_SPLINE_CURVE(2,(#2730,#2731,#2732,#2733,
#2734,#2735,#2736),.UNSPECIFIED.,.T.,.F.) B_SPLINE_CURVE_WITH_KNOTS((1,2
    ,2,2,2,1),(-2.094395102393,0.,2.094395102393,4.188790204786,
6.28318530718,8.377580409573),.UNSPECIFIED.) CURVE() 
GEOMETRIC_REPRESENTATION_ITEM() RATIONAL_B_SPLINE_CURVE((1.,0.5,1.,0.5,
1.,0.5,1.)) REPRESENTATION_ITEM('') );
#2730 = CARTESIAN_POINT('',(12.380000000344,-26.10999999883));
#2731 = CARTESIAN_POINT('',(12.380000000344,-26.78549981378));
#2732 = CARTESIAN_POINT('',(11.795000000344,-26.4477499063));
#2733 = CARTESIAN_POINT('',(11.210000000344,-26.10999999883));
#2734 = CARTESIAN_POINT('',(11.795000000344,-25.77225009135));
#2735 = CARTESIAN_POINT('',(12.380000000344,-25.43450018387));
#2736 = CARTESIAN_POINT('',(12.380000000344,-26.10999999883));
#2737 = ( GEOMETRIC_REPRESENTATION_CONTEXT(2) 
PARAMETRIC_REPRESENTATION_CONTEXT() REPRESENTATION_CONTEXT('2D SPACE',''
  ) );
#2738 = PCURVE('',#2739,#2744);
#2739 = CYLINDRICAL_SURFACE('',#2740,0.39);
#2740 = AXIS2_PLACEMENT_3D('',#2741,#2742,#2743);
#2741 = CARTESIAN_POINT('',(11.989999999904,-26.11,-1.));
#2742 = DIRECTION('',(0.,0.,-1.));
#2743 = DIRECTION('',(1.,0.,0.));
#2744 = DEFINITIONAL_REPRESENTATION('',(#2745),#2749);
#2745 = LINE('',#2746,#2747);
#2746 = CARTESIAN_POINT('',(-6.28318530718,-1.));
#2747 = VECTOR('',#2748,1.);
#2748 = DIRECTION('',(1.,-0.));
#2749 = ( GEOMETRIC_REPRESENTATION_CONTEXT(2) 
PARAMETRIC_REPRESENTATION_CONTEXT() REPRESENTATION_CONTEXT('2D SPACE',''
  ) );
#2750 = FACE_BOUND('',#2751,.F.);
#2751 = EDGE_LOOP('',(#2752,#2780,#2813,#2839,#2872,#2898,#2931,#2957));
#2752 = ORIENTED_EDGE('',*,*,#2753,.F.);
#2753 = EDGE_CURVE('',#2754,#2756,#2758,.T.);
#2754 = VERTEX_POINT('',#2755);
#2755 = CARTESIAN_POINT('',(-14.48897522407,32.01925819042,0.));
#2756 = VERTEX_POINT('',#2757);
#2757 = CARTESIAN_POINT('',(-16.40176277959,23.020300263669,0.));
#2758 = SURFACE_CURVE('',#2759,(#2763,#2769),.PCURVE_S1.);
#2759 = LINE('',#2760,#2761);
#2760 = CARTESIAN_POINT('',(-18.38806096798,13.675501995458,
    1.110223024625E-16));
#2761 = VECTOR('',#2762,1.);
#2762 = DIRECTION('',(-0.207911690818,-0.978147600734,0.));
#2763 = PCURVE('',#32,#2764);
#2764 = DEFINITIONAL_REPRESENTATION('',(#2765),#2768);
#2765 = B_SPLINE_CURVE_WITH_KNOTS('',1,(#2766,#2767),.UNSPECIFIED.,.F.,
  .F.,(2,2),(-18.7535666202,-9.553566620208),.PIECEWISE_BEZIER_KNOTS.);
#2766 = CARTESIAN_POINT('',(-14.48897522267,32.019258191386));
#2767 = CARTESIAN_POINT('',(-16.4017627782,23.020300264635));
#2768 = ( GEOMETRIC_REPRESENTATION_CONTEXT(2) 
PARAMETRIC_REPRESENTATION_CONTEXT() REPRESENTATION_CONTEXT('2D SPACE',''
  ) );
#2769 = PCURVE('',#2770,#2775);
#2770 = PLANE('',#2771);
#2771 = AXIS2_PLACEMENT_3D('',#2772,#2773,#2774);
#2772 = CARTESIAN_POINT('',(-16.40176277864,23.020300263466,-1.));
#2773 = DIRECTION('',(-0.978147600734,0.207911690818,0.));
#2774 = DIRECTION('',(0.207911690818,0.978147600734,0.));
#2775 = DEFINITIONAL_REPRESENTATION('',(#2776),#2779);
#2776 = B_SPLINE_CURVE_WITH_KNOTS('',1,(#2777,#2778),.UNSPECIFIED.,.F.,
  .F.,(2,2),(-18.7535666202,-9.553566620208),.PIECEWISE_BEZIER_KNOTS.);
#2777 = CARTESIAN_POINT('',(9.2,-1.));
#2778 = CARTESIAN_POINT('',(0.,-1.));
#2779 = ( GEOMETRIC_REPRESENTATION_CONTEXT(2) 
PARAMETRIC_REPRESENTATION_CONTEXT() REPRESENTATION_CONTEXT('2D SPACE',''
  ) );
#2780 = ORIENTED_EDGE('',*,*,#2781,.T.);
#2781 = EDGE_CURVE('',#2754,#2782,#2784,.T.);
#2782 = VERTEX_POINT('',#2783);
#2783 = CARTESIAN_POINT('',(-11.6424329253,33.867824374421,0.));
#2784 = SURFACE_CURVE('',#2785,(#2790,#2801),.PCURVE_S1.);
#2785 = CIRCLE('',#2786,2.4);
#2786 = AXIS2_PLACEMENT_3D('',#2787,#2788,#2789);
#2787 = CARTESIAN_POINT('',(-12.14142098326,31.52027013266,0.));
#2788 = DIRECTION('',(-0.,0.,-1.));
#2789 = DIRECTION('',(0.978147600734,-0.207911690818,-0.));
#2790 = PCURVE('',#32,#2791);
#2791 = DEFINITIONAL_REPRESENTATION('',(#2792),#2800);
#2792 = ( BOUNDED_CURVE() B_SPLINE_CURVE(2,(#2793,#2794,#2795,#2796,
#2797,#2798,#2799),.UNSPECIFIED.,.T.,.F.) B_SPLINE_CURVE_WITH_KNOTS((1,2
    ,2,2,2,1),(-2.094395102393,0.,2.094395102393,4.188790204786,
6.28318530718,8.377580409573),.UNSPECIFIED.) CURVE() 
GEOMETRIC_REPRESENTATION_ITEM() RATIONAL_B_SPLINE_CURVE((1.,0.5,1.,0.5,
1.,0.5,1.)) REPRESENTATION_ITEM('') );
#2793 = CARTESIAN_POINT('',(-9.793866741066,31.021282075867));
#2794 = CARTESIAN_POINT('',(-10.65813940982,26.955198855613));
#2795 = CARTESIAN_POINT('',(-13.74733443808,29.736722552684));
#2796 = CARTESIAN_POINT('',(-16.83652946634,32.518246249755));
#2797 = CARTESIAN_POINT('',(-12.88306176932,33.802805772938));
#2798 = CARTESIAN_POINT('',(-8.929594072304,35.087365296121));
#2799 = CARTESIAN_POINT('',(-9.793866741066,31.021282075867));
#2800 = ( GEOMETRIC_REPRESENTATION_CONTEXT(2) 
PARAMETRIC_REPRESENTATION_CONTEXT() REPRESENTATION_CONTEXT('2D SPACE',''
  ) );
#2801 = PCURVE('',#2802,#2807);
#2802 = CYLINDRICAL_SURFACE('',#2803,2.4);
#2803 = AXIS2_PLACEMENT_3D('',#2804,#2805,#2806);
#2804 = CARTESIAN_POINT('',(-12.14142098326,31.52027013266,-1.));
#2805 = DIRECTION('',(-0.,0.,-1.));
#2806 = DIRECTION('',(0.978147600734,-0.207911690818,0.));
#2807 = DEFINITIONAL_REPRESENTATION('',(#2808),#2812);
#2808 = LINE('',#2809,#2810);
#2809 = CARTESIAN_POINT('',(-6.28318530718,-1.));
#2810 = VECTOR('',#2811,1.);
#2811 = DIRECTION('',(1.,-0.));
#2812 = ( GEOMETRIC_REPRESENTATION_CONTEXT(2) 
PARAMETRIC_REPRESENTATION_CONTEXT() REPRESENTATION_CONTEXT('2D SPACE',''
  ) );
#2813 = ORIENTED_EDGE('',*,*,#2814,.F.);
#2814 = EDGE_CURVE('',#2815,#2782,#2817,.T.);
#2815 = VERTEX_POINT('',#2816);
#2816 = CARTESIAN_POINT('',(-11.44680342693,33.826242040886,0.));
#2817 = SURFACE_CURVE('',#2818,(#2822,#2828),.PCURVE_S1.);
#2818 = LINE('',#2819,#2820);
#2819 = CARTESIAN_POINT('',(-2.629030466782,31.95196653889,
    1.110223024625E-16));
#2820 = VECTOR('',#2821,1.);
#2821 = DIRECTION('',(-0.978147600734,0.207911690818,0.));
#2822 = PCURVE('',#32,#2823);
#2823 = DEFINITIONAL_REPRESENTATION('',(#2824),#2827);
#2824 = B_SPLINE_CURVE_WITH_KNOTS('',1,(#2825,#2826),.UNSPECIFIED.,.F.,
  .F.,(2,2),(9.014767253464,9.214767231204),.PIECEWISE_BEZIER_KNOTS.);
#2825 = CARTESIAN_POINT('',(-11.44680342649,33.826242042055));
#2826 = CARTESIAN_POINT('',(-11.64243292486,33.86782437559));
#2827 = ( GEOMETRIC_REPRESENTATION_CONTEXT(2) 
PARAMETRIC_REPRESENTATION_CONTEXT() REPRESENTATION_CONTEXT('2D SPACE',''
  ) );
#2828 = PCURVE('',#2829,#2834);
#2829 = PLANE('',#2830);
#2830 = AXIS2_PLACEMENT_3D('',#2831,#2832,#2833);
#2831 = CARTESIAN_POINT('',(-11.6424329253,33.867824374421,-1.));
#2832 = DIRECTION('',(0.207911690818,0.978147600734,0.));
#2833 = DIRECTION('',(0.978147600734,-0.207911690818,0.));
#2834 = DEFINITIONAL_REPRESENTATION('',(#2835),#2838);
#2835 = B_SPLINE_CURVE_WITH_KNOTS('',1,(#2836,#2837),.UNSPECIFIED.,.F.,
  .F.,(2,2),(9.014767253464,9.214767231204),.PIECEWISE_BEZIER_KNOTS.);
#2836 = CARTESIAN_POINT('',(0.19999997774,-1.));
#2837 = CARTESIAN_POINT('',(0.,-1.));
#2838 = ( GEOMETRIC_REPRESENTATION_CONTEXT(2) 
PARAMETRIC_REPRESENTATION_CONTEXT() REPRESENTATION_CONTEXT('2D SPACE',''
  ) );
#2839 = ORIENTED_EDGE('',*,*,#2840,.T.);
#2840 = EDGE_CURVE('',#2815,#2841,#2843,.T.);
#2841 = VERTEX_POINT('',#2842);
#2842 = CARTESIAN_POINT('',(-9.59823723129,30.979699738645,0.));
#2843 = SURFACE_CURVE('',#2844,(#2849,#2860),.PCURVE_S1.);
#2844 = CIRCLE('',#2845,2.4);
#2845 = AXIS2_PLACEMENT_3D('',#2846,#2847,#2848);
#2846 = CARTESIAN_POINT('',(-11.94579148489,31.478687799125,0.));
#2847 = DIRECTION('',(-0.,0.,-1.));
#2848 = DIRECTION('',(0.978147600734,-0.207911690818,-0.));
#2849 = PCURVE('',#32,#2850);
#2850 = DEFINITIONAL_REPRESENTATION('',(#2851),#2859);
#2851 = ( BOUNDED_CURVE() B_SPLINE_CURVE(2,(#2852,#2853,#2854,#2855,
#2856,#2857,#2858),.UNSPECIFIED.,.T.,.F.) B_SPLINE_CURVE_WITH_KNOTS((1,2
    ,2,2,2,1),(-2.094395102393,0.,2.094395102393,4.188790204786,
6.28318530718,8.377580409573),.UNSPECIFIED.) CURVE() 
GEOMETRIC_REPRESENTATION_ITEM() RATIONAL_B_SPLINE_CURVE((1.,0.5,1.,0.5,
1.,0.5,1.)) REPRESENTATION_ITEM('') );
#2852 = CARTESIAN_POINT('',(-9.598237242692,30.979699742331));
#2853 = CARTESIAN_POINT('',(-10.46250991145,26.913616522077));
#2854 = CARTESIAN_POINT('',(-13.55170493971,29.695140219148));
#2855 = CARTESIAN_POINT('',(-16.64089996797,32.476663916219));
#2856 = CARTESIAN_POINT('',(-12.68743227095,33.761223439402));
#2857 = CARTESIAN_POINT('',(-8.733964573931,35.045782962585));
#2858 = CARTESIAN_POINT('',(-9.598237242692,30.979699742331));
#2859 = ( GEOMETRIC_REPRESENTATION_CONTEXT(2) 
PARAMETRIC_REPRESENTATION_CONTEXT() REPRESENTATION_CONTEXT('2D SPACE',''
  ) );
#2860 = PCURVE('',#2861,#2866);
#2861 = CYLINDRICAL_SURFACE('',#2862,2.4);
#2862 = AXIS2_PLACEMENT_3D('',#2863,#2864,#2865);
#2863 = CARTESIAN_POINT('',(-11.94579148489,31.478687799125,-1.));
#2864 = DIRECTION('',(-0.,0.,-1.));
#2865 = DIRECTION('',(0.978147600734,-0.207911690818,0.));
#2866 = DEFINITIONAL_REPRESENTATION('',(#2867),#2871);
#2867 = LINE('',#2868,#2869);
#2868 = CARTESIAN_POINT('',(-6.28318530718,-1.));
#2869 = VECTOR('',#2870,1.);
#2870 = DIRECTION('',(1.,-0.));
#2871 = ( GEOMETRIC_REPRESENTATION_CONTEXT(2) 
PARAMETRIC_REPRESENTATION_CONTEXT() REPRESENTATION_CONTEXT('2D SPACE',''
  ) );
#2872 = ORIENTED_EDGE('',*,*,#2873,.T.);
#2873 = EDGE_CURVE('',#2841,#2874,#2876,.T.);
#2874 = VERTEX_POINT('',#2875);
#2875 = CARTESIAN_POINT('',(-11.51102478681,21.980741811894,0.));
#2876 = SURFACE_CURVE('',#2877,(#2881,#2887),.PCURVE_S1.);
#2877 = LINE('',#2878,#2879);
#2878 = CARTESIAN_POINT('',(-13.49732296432,12.63594354137,
    1.110223024625E-16));
#2879 = VECTOR('',#2880,1.);
#2880 = DIRECTION('',(-0.207911690818,-0.978147600734,0.));
#2881 = PCURVE('',#32,#2882);
#2882 = DEFINITIONAL_REPRESENTATION('',(#2883),#2886);
#2883 = B_SPLINE_CURVE_WITH_KNOTS('',1,(#2884,#2885),.UNSPECIFIED.,.F.,
  .F.,(2,2),(-18.7535666202,-9.553566620208),.PIECEWISE_BEZIER_KNOTS.);
#2884 = CARTESIAN_POINT('',(-9.598237219008,30.979699737297));
#2885 = CARTESIAN_POINT('',(-11.51102477453,21.980741810546));
#2886 = ( GEOMETRIC_REPRESENTATION_CONTEXT(2) 
PARAMETRIC_REPRESENTATION_CONTEXT() REPRESENTATION_CONTEXT('2D SPACE',''
  ) );
#2887 = PCURVE('',#2888,#2893);
#2888 = PLANE('',#2889);
#2889 = AXIS2_PLACEMENT_3D('',#2890,#2891,#2892);
#2890 = CARTESIAN_POINT('',(-11.51102477497,21.980741809377,-1.));
#2891 = DIRECTION('',(-0.978147600734,0.207911690818,0.));
#2892 = DIRECTION('',(0.207911690818,0.978147600734,0.));
#2893 = DEFINITIONAL_REPRESENTATION('',(#2894),#2897);
#2894 = B_SPLINE_CURVE_WITH_KNOTS('',1,(#2895,#2896),.UNSPECIFIED.,.F.,
  .F.,(2,2),(-18.7535666202,-9.553566620208),.PIECEWISE_BEZIER_KNOTS.);
#2895 = CARTESIAN_POINT('',(9.2,-1.));
#2896 = CARTESIAN_POINT('',(0.,-1.));
#2897 = ( GEOMETRIC_REPRESENTATION_CONTEXT(2) 
PARAMETRIC_REPRESENTATION_CONTEXT() REPRESENTATION_CONTEXT('2D SPACE',''
  ) );
#2898 = ORIENTED_EDGE('',*,*,#2899,.T.);
#2899 = EDGE_CURVE('',#2874,#2900,#2902,.T.);
#2900 = VERTEX_POINT('',#2901);
#2901 = CARTESIAN_POINT('',(-14.35756709837,20.132175630613,0.));
#2902 = SURFACE_CURVE('',#2903,(#2908,#2919),.PCURVE_S1.);
#2903 = CIRCLE('',#2904,2.4);
#2904 = AXIS2_PLACEMENT_3D('',#2905,#2906,#2907);
#2905 = CARTESIAN_POINT('',(-13.85857904041,22.479729872374,0.));
#2906 = DIRECTION('',(-0.,0.,-1.));
#2907 = DIRECTION('',(0.978147600734,-0.207911690818,-0.));
#2908 = PCURVE('',#32,#2909);
#2909 = DEFINITIONAL_REPRESENTATION('',(#2910),#2918);
#2910 = ( BOUNDED_CURVE() B_SPLINE_CURVE(2,(#2911,#2912,#2913,#2914,
#2915,#2916,#2917),.UNSPECIFIED.,.T.,.F.) B_SPLINE_CURVE_WITH_KNOTS((1,2
    ,2,2,2,1),(-2.094395102393,0.,2.094395102393,4.188790204786,
6.28318530718,8.377580409573),.UNSPECIFIED.) CURVE() 
GEOMETRIC_REPRESENTATION_ITEM() RATIONAL_B_SPLINE_CURVE((1.,0.5,1.,0.5,
1.,0.5,1.)) REPRESENTATION_ITEM('') );
#2911 = CARTESIAN_POINT('',(-11.51102479821,21.98074181558));
#2912 = CARTESIAN_POINT('',(-12.37529746697,17.914658595326));
#2913 = CARTESIAN_POINT('',(-15.46449249523,20.696182292397));
#2914 = CARTESIAN_POINT('',(-18.55368752349,23.477705989468));
#2915 = CARTESIAN_POINT('',(-14.60021982647,24.762265512651));
#2916 = CARTESIAN_POINT('',(-10.64675212945,26.046825035834));
#2917 = CARTESIAN_POINT('',(-11.51102479821,21.98074181558));
#2918 = ( GEOMETRIC_REPRESENTATION_CONTEXT(2) 
PARAMETRIC_REPRESENTATION_CONTEXT() REPRESENTATION_CONTEXT('2D SPACE',''
  ) );
#2919 = PCURVE('',#2920,#2925);
#2920 = CYLINDRICAL_SURFACE('',#2921,2.4);
#2921 = AXIS2_PLACEMENT_3D('',#2922,#2923,#2924);
#2922 = CARTESIAN_POINT('',(-13.85857904041,22.479729872374,-1.));
#2923 = DIRECTION('',(-0.,0.,-1.));
#2924 = DIRECTION('',(0.978147600734,-0.207911690818,0.));
#2925 = DEFINITIONAL_REPRESENTATION('',(#2926),#2930);
#2926 = LINE('',#2927,#2928);
#2927 = CARTESIAN_POINT('',(-6.28318530718,-1.));
#2928 = VECTOR('',#2929,1.);
#2929 = DIRECTION('',(1.,-0.));
#2930 = ( GEOMETRIC_REPRESENTATION_CONTEXT(2) 
PARAMETRIC_REPRESENTATION_CONTEXT() REPRESENTATION_CONTEXT('2D SPACE',''
  ) );
#2931 = ORIENTED_EDGE('',*,*,#2932,.T.);
#2932 = EDGE_CURVE('',#2900,#2933,#2935,.T.);
#2933 = VERTEX_POINT('',#2934);
#2934 = CARTESIAN_POINT('',(-14.55319659675,20.173757964148,0.));
#2935 = SURFACE_CURVE('',#2936,(#2940,#2946),.PCURVE_S1.);
#2936 = LINE('',#2937,#2938);
#2937 = CARTESIAN_POINT('',(-5.53979413823,18.257900128616,
    1.110223024625E-16));
#2938 = VECTOR('',#2939,1.);
#2939 = DIRECTION('',(-0.978147600734,0.207911690818,0.));
#2940 = PCURVE('',#32,#2941);
#2941 = DEFINITIONAL_REPRESENTATION('',(#2942),#2945);
#2942 = B_SPLINE_CURVE_WITH_KNOTS('',1,(#2943,#2944),.UNSPECIFIED.,.F.,
  .F.,(2,2),(9.014767253464,9.214767231204),.PIECEWISE_BEZIER_KNOTS.);
#2943 = CARTESIAN_POINT('',(-14.35756709793,20.132175631782));
#2944 = CARTESIAN_POINT('',(-14.55319659631,20.173757965317));
#2945 = ( GEOMETRIC_REPRESENTATION_CONTEXT(2) 
PARAMETRIC_REPRESENTATION_CONTEXT() REPRESENTATION_CONTEXT('2D SPACE',''
  ) );
#2946 = PCURVE('',#2947,#2952);
#2947 = PLANE('',#2948);
#2948 = AXIS2_PLACEMENT_3D('',#2949,#2950,#2951);
#2949 = CARTESIAN_POINT('',(-14.55319659675,20.173757964148,-1.));
#2950 = DIRECTION('',(0.207911690818,0.978147600734,0.));
#2951 = DIRECTION('',(0.978147600734,-0.207911690818,0.));
#2952 = DEFINITIONAL_REPRESENTATION('',(#2953),#2956);
#2953 = B_SPLINE_CURVE_WITH_KNOTS('',1,(#2954,#2955),.UNSPECIFIED.,.F.,
  .F.,(2,2),(9.014767253464,9.214767231204),.PIECEWISE_BEZIER_KNOTS.);
#2954 = CARTESIAN_POINT('',(0.19999997774,-1.));
#2955 = CARTESIAN_POINT('',(0.,-1.));
#2956 = ( GEOMETRIC_REPRESENTATION_CONTEXT(2) 
PARAMETRIC_REPRESENTATION_CONTEXT() REPRESENTATION_CONTEXT('2D SPACE',''
  ) );
#2957 = ORIENTED_EDGE('',*,*,#2958,.T.);
#2958 = EDGE_CURVE('',#2933,#2756,#2959,.T.);
#2959 = SURFACE_CURVE('',#2960,(#2965,#2976),.PCURVE_S1.);
#2960 = CIRCLE('',#2961,2.4);
#2961 = AXIS2_PLACEMENT_3D('',#2962,#2963,#2964);
#2962 = CARTESIAN_POINT('',(-14.05420853879,22.521312205909,0.));
#2963 = DIRECTION('',(-0.,0.,-1.));
#2964 = DIRECTION('',(0.978147600734,-0.207911690818,-0.));
#2965 = PCURVE('',#32,#2966);
#2966 = DEFINITIONAL_REPRESENTATION('',(#2967),#2975);
#2967 = ( BOUNDED_CURVE() B_SPLINE_CURVE(2,(#2968,#2969,#2970,#2971,
#2972,#2973,#2974),.UNSPECIFIED.,.T.,.F.) B_SPLINE_CURVE_WITH_KNOTS((1,2
    ,2,2,2,1),(-2.094395102393,0.,2.094395102393,4.188790204786,
6.28318530718,8.377580409573),.UNSPECIFIED.) CURVE() 
GEOMETRIC_REPRESENTATION_ITEM() RATIONAL_B_SPLINE_CURVE((1.,0.5,1.,0.5,
1.,0.5,1.)) REPRESENTATION_ITEM('') );
#2968 = CARTESIAN_POINT('',(-11.70665429658,22.022324149116));
#2969 = CARTESIAN_POINT('',(-12.57092696535,17.956240928862));
#2970 = CARTESIAN_POINT('',(-15.66012199361,20.737764625933));
#2971 = CARTESIAN_POINT('',(-18.74931702187,23.519288323004));
#2972 = CARTESIAN_POINT('',(-14.79584932485,24.803847846187));
#2973 = CARTESIAN_POINT('',(-10.84238162782,26.08840736937));
#2974 = CARTESIAN_POINT('',(-11.70665429658,22.022324149116));
#2975 = ( GEOMETRIC_REPRESENTATION_CONTEXT(2) 
PARAMETRIC_REPRESENTATION_CONTEXT() REPRESENTATION_CONTEXT('2D SPACE',''
  ) );
#2976 = PCURVE('',#2977,#2982);
#2977 = CYLINDRICAL_SURFACE('',#2978,2.4);
#2978 = AXIS2_PLACEMENT_3D('',#2979,#2980,#2981);
#2979 = CARTESIAN_POINT('',(-14.05420853879,22.521312205909,-1.));
#2980 = DIRECTION('',(-0.,0.,-1.));
#2981 = DIRECTION('',(0.978147600734,-0.207911690818,0.));
#2982 = DEFINITIONAL_REPRESENTATION('',(#2983),#2987);
#2983 = LINE('',#2984,#2985);
#2984 = CARTESIAN_POINT('',(-6.28318530718,-1.));
#2985 = VECTOR('',#2986,1.);
#2986 = DIRECTION('',(1.,-0.));
#2987 = ( GEOMETRIC_REPRESENTATION_CONTEXT(2) 
PARAMETRIC_REPRESENTATION_CONTEXT() REPRESENTATION_CONTEXT('2D SPACE',''
  ) );
#2988 = FACE_BOUND('',#2989,.F.);
#2989 = EDGE_LOOP('',(#2990,#3018,#3051,#3077,#3110,#3136,#3169,#3195));
#2990 = ORIENTED_EDGE('',*,*,#2991,.F.);
#2991 = EDGE_CURVE('',#2992,#2994,#2996,.T.);
#2992 = VERTEX_POINT('',#2993);
#2993 = CARTESIAN_POINT('',(8.477668696269,27.728218050387,0.));
#2994 = VERTEX_POINT('',#2995);
#2995 = CARTESIAN_POINT('',(12.607419037997,21.830323331506,0.));
#2996 = SURFACE_CURVE('',#2997,(#3001,#3007),.PCURVE_S1.);
#2997 = LINE('',#2998,#2999);
#2998 = CARTESIAN_POINT('',(15.662010532077,17.467914579516,
    1.110223024625E-16));
#2999 = VECTOR('',#3000,1.);
#3000 = DIRECTION('',(0.573576436351,-0.819152044289,0.));
#3001 = PCURVE('',#32,#3002);
#3002 = DEFINITIONAL_REPRESENTATION('',(#3003),#3006);
#3003 = B_SPLINE_CURVE_WITH_KNOTS('',1,(#3004,#3005),.UNSPECIFIED.,.F.,
  .F.,(2,2),(-12.5255177509,-5.3255177509),.PIECEWISE_BEZIER_KNOTS.);
#3004 = CARTESIAN_POINT('',(8.477668697504,27.728218052112));
#3005 = CARTESIAN_POINT('',(12.607419039231,21.830323333232));
#3006 = ( GEOMETRIC_REPRESENTATION_CONTEXT(2) 
PARAMETRIC_REPRESENTATION_CONTEXT() REPRESENTATION_CONTEXT('2D SPACE',''
  ) );
#3007 = PCURVE('',#3008,#3013);
#3008 = PLANE('',#3009);
#3009 = AXIS2_PLACEMENT_3D('',#3010,#3011,#3012);
#3010 = CARTESIAN_POINT('',(12.607419038791,21.830323332063,-1.));
#3011 = DIRECTION('',(-0.819152044289,-0.573576436351,0.));
#3012 = DIRECTION('',(-0.573576436351,0.819152044289,0.));
#3013 = DEFINITIONAL_REPRESENTATION('',(#3014),#3017);
#3014 = B_SPLINE_CURVE_WITH_KNOTS('',1,(#3015,#3016),.UNSPECIFIED.,.F.,
  .F.,(2,2),(-12.5255177509,-5.3255177509),.PIECEWISE_BEZIER_KNOTS.);
#3015 = CARTESIAN_POINT('',(7.2,-1.));
#3016 = CARTESIAN_POINT('',(0.,-1.));
#3017 = ( GEOMETRIC_REPRESENTATION_CONTEXT(2) 
PARAMETRIC_REPRESENTATION_CONTEXT() REPRESENTATION_CONTEXT('2D SPACE',''
  ) );
#3018 = ORIENTED_EDGE('',*,*,#3019,.T.);
#3019 = EDGE_CURVE('',#2992,#3020,#3022,.T.);
#3020 = VERTEX_POINT('',#3021);
#3021 = CARTESIAN_POINT('',(9.189837958495,31.767130643687,0.));
#3022 = SURFACE_CURVE('',#3023,(#3028,#3039),.PCURVE_S1.);
#3023 = CIRCLE('',#3024,2.9);
#3024 = AXIS2_PLACEMENT_3D('',#3025,#3026,#3027);
#3025 = CARTESIAN_POINT('',(10.853209623913,29.391589715249,0.));
#3026 = DIRECTION('',(0.,0.,-1.));
#3027 = DIRECTION('',(0.819152044289,0.573576436351,0.));
#3028 = PCURVE('',#32,#3029);
#3029 = DEFINITIONAL_REPRESENTATION('',(#3030),#3038);
#3030 = ( BOUNDED_CURVE() B_SPLINE_CURVE(2,(#3031,#3032,#3033,#3034,
#3035,#3036,#3037),.UNSPECIFIED.,.T.,.F.) B_SPLINE_CURVE_WITH_KNOTS((1,2
    ,2,2,2,1),(-2.094395102393,0.,2.094395102393,4.188790204786,
6.28318530718,8.377580409573),.UNSPECIFIED.) CURVE() 
GEOMETRIC_REPRESENTATION_ITEM() RATIONAL_B_SPLINE_CURVE((1.,0.5,1.,0.5,
1.,0.5,1.)) REPRESENTATION_ITEM('') );
#3031 = CARTESIAN_POINT('',(13.228750552791,31.054961381836));
#3032 = CARTESIAN_POINT('',(16.109794789166,26.940403798322));
#3033 = CARTESIAN_POINT('',(11.105961278321,26.502625091952));
#3034 = CARTESIAN_POINT('',(6.102127767477,26.064846385582));
#3035 = CARTESIAN_POINT('',(8.224917041947,30.617182675466));
#3036 = CARTESIAN_POINT('',(10.347706316417,35.16951896535));
#3037 = CARTESIAN_POINT('',(13.228750552791,31.054961381836));
#3038 = ( GEOMETRIC_REPRESENTATION_CONTEXT(2) 
PARAMETRIC_REPRESENTATION_CONTEXT() REPRESENTATION_CONTEXT('2D SPACE',''
  ) );
#3039 = PCURVE('',#3040,#3045);
#3040 = CYLINDRICAL_SURFACE('',#3041,2.9);
#3041 = AXIS2_PLACEMENT_3D('',#3042,#3043,#3044);
#3042 = CARTESIAN_POINT('',(10.853209623913,29.391589715249,-1.));
#3043 = DIRECTION('',(0.,0.,-1.));
#3044 = DIRECTION('',(0.819152044289,0.573576436351,0.));
#3045 = DEFINITIONAL_REPRESENTATION('',(#3046),#3050);
#3046 = LINE('',#3047,#3048);
#3047 = CARTESIAN_POINT('',(-6.28318530718,-1.));
#3048 = VECTOR('',#3049,1.);
#3049 = DIRECTION('',(1.,-0.));
#3050 = ( GEOMETRIC_REPRESENTATION_CONTEXT(2) 
PARAMETRIC_REPRESENTATION_CONTEXT() REPRESENTATION_CONTEXT('2D SPACE',''
  ) );
#3051 = ORIENTED_EDGE('',*,*,#3052,.F.);
#3052 = EDGE_CURVE('',#3053,#3020,#3055,.T.);
#3053 = VERTEX_POINT('',#3054);
#3054 = CARTESIAN_POINT('',(9.353668349109,31.881845918183,0.));
#3055 = SURFACE_CURVE('',#3056,(#3060,#3066),.PCURVE_S1.);
#3056 = LINE('',#3057,#3058);
#3057 = CARTESIAN_POINT('',(-1.356233517831,24.382691897465,
    1.110223024625E-16));
#3058 = VECTOR('',#3059,1.);
#3059 = DIRECTION('',(-0.819152044289,-0.573576436351,0.));
#3060 = PCURVE('',#32,#3061);
#3061 = DEFINITIONAL_REPRESENTATION('',(#3062),#3065);
#3062 = B_SPLINE_CURVE_WITH_KNOTS('',1,(#3063,#3064),.UNSPECIFIED.,.F.,
  .F.,(2,2),(-13.07437604728,-12.87437606956),.PIECEWISE_BEZIER_KNOTS.);
#3063 = CARTESIAN_POINT('',(9.353668349549,31.881845919352));
#3064 = CARTESIAN_POINT('',(9.189837958935,31.767130644856));
#3065 = ( GEOMETRIC_REPRESENTATION_CONTEXT(2) 
PARAMETRIC_REPRESENTATION_CONTEXT() REPRESENTATION_CONTEXT('2D SPACE',''
  ) );
#3066 = PCURVE('',#3067,#3072);
#3067 = PLANE('',#3068);
#3068 = AXIS2_PLACEMENT_3D('',#3069,#3070,#3071);
#3069 = CARTESIAN_POINT('',(9.189837958495,31.767130643687,-1.));
#3070 = DIRECTION('',(-0.573576436351,0.819152044289,0.));
#3071 = DIRECTION('',(0.819152044289,0.573576436351,0.));
#3072 = DEFINITIONAL_REPRESENTATION('',(#3073),#3076);
#3073 = B_SPLINE_CURVE_WITH_KNOTS('',1,(#3074,#3075),.UNSPECIFIED.,.F.,
  .F.,(2,2),(-13.07437604728,-12.87437606956),.PIECEWISE_BEZIER_KNOTS.);
#3074 = CARTESIAN_POINT('',(0.199999977728,-1.));
#3075 = CARTESIAN_POINT('',(0.,-1.));
#3076 = ( GEOMETRIC_REPRESENTATION_CONTEXT(2) 
PARAMETRIC_REPRESENTATION_CONTEXT() REPRESENTATION_CONTEXT('2D SPACE',''
  ) );
#3077 = ORIENTED_EDGE('',*,*,#3078,.T.);
#3078 = EDGE_CURVE('',#3053,#3079,#3081,.T.);
#3079 = VERTEX_POINT('',#3080);
#3080 = CARTESIAN_POINT('',(13.392580952881,31.169676662106,0.));
#3081 = SURFACE_CURVE('',#3082,(#3087,#3098),.PCURVE_S1.);
#3082 = CIRCLE('',#3083,2.9);
#3083 = AXIS2_PLACEMENT_3D('',#3084,#3085,#3086);
#3084 = CARTESIAN_POINT('',(11.017040014527,29.506304989745,0.));
#3085 = DIRECTION('',(0.,0.,-1.));
#3086 = DIRECTION('',(0.819152044289,0.573576436351,0.));
#3087 = PCURVE('',#32,#3088);
#3088 = DEFINITIONAL_REPRESENTATION('',(#3089),#3097);
#3089 = ( BOUNDED_CURVE() B_SPLINE_CURVE(2,(#3090,#3091,#3092,#3093,
#3094,#3095,#3096),.UNSPECIFIED.,.T.,.F.) B_SPLINE_CURVE_WITH_KNOTS((1,2
    ,2,2,2,1),(-2.094395102393,0.,2.094395102393,4.188790204786,
6.28318530718,8.377580409573),.UNSPECIFIED.) CURVE() 
GEOMETRIC_REPRESENTATION_ITEM() RATIONAL_B_SPLINE_CURVE((1.,0.5,1.,0.5,
1.,0.5,1.)) REPRESENTATION_ITEM('') );
#3090 = CARTESIAN_POINT('',(13.392580943405,31.169676656332));
#3091 = CARTESIAN_POINT('',(16.27362517978,27.055119072818));
#3092 = CARTESIAN_POINT('',(11.269791668935,26.617340366448));
#3093 = CARTESIAN_POINT('',(6.265958158091,26.179561660078));
#3094 = CARTESIAN_POINT('',(8.388747432561,30.731897949962));
#3095 = CARTESIAN_POINT('',(10.511536707031,35.284234239846));
#3096 = CARTESIAN_POINT('',(13.392580943405,31.169676656332));
#3097 = ( GEOMETRIC_REPRESENTATION_CONTEXT(2) 
PARAMETRIC_REPRESENTATION_CONTEXT() REPRESENTATION_CONTEXT('2D SPACE',''
  ) );
#3098 = PCURVE('',#3099,#3104);
#3099 = CYLINDRICAL_SURFACE('',#3100,2.9);
#3100 = AXIS2_PLACEMENT_3D('',#3101,#3102,#3103);
#3101 = CARTESIAN_POINT('',(11.017040014527,29.506304989745,-1.));
#3102 = DIRECTION('',(0.,0.,-1.));
#3103 = DIRECTION('',(0.819152044289,0.573576436351,0.));
#3104 = DEFINITIONAL_REPRESENTATION('',(#3105),#3109);
#3105 = LINE('',#3106,#3107);
#3106 = CARTESIAN_POINT('',(-6.28318530718,-1.));
#3107 = VECTOR('',#3108,1.);
#3108 = DIRECTION('',(1.,-0.));
#3109 = ( GEOMETRIC_REPRESENTATION_CONTEXT(2) 
PARAMETRIC_REPRESENTATION_CONTEXT() REPRESENTATION_CONTEXT('2D SPACE',''
  ) );
#3110 = ORIENTED_EDGE('',*,*,#3111,.T.);
#3111 = EDGE_CURVE('',#3079,#3112,#3114,.T.);
#3112 = VERTEX_POINT('',#3113);
#3113 = CARTESIAN_POINT('',(17.522331294609,25.271781943226,0.));
#3114 = SURFACE_CURVE('',#3115,(#3119,#3125),.PCURVE_S1.);
#3115 = LINE('',#3116,#3117);
#3116 = CARTESIAN_POINT('',(20.57692279781,20.909373197622,
    1.110223024625E-16));
#3117 = VECTOR('',#3118,1.);
#3118 = DIRECTION('',(0.573576436351,-0.819152044289,0.));
#3119 = PCURVE('',#32,#3120);
#3120 = DEFINITIONAL_REPRESENTATION('',(#3121),#3124);
#3121 = B_SPLINE_CURVE_WITH_KNOTS('',1,(#3122,#3123),.UNSPECIFIED.,.F.,
  .F.,(2,2),(-12.5255177509,-5.3255177509),.PIECEWISE_BEZIER_KNOTS.);
#3122 = CARTESIAN_POINT('',(13.392580963238,31.169676670219));
#3123 = CARTESIAN_POINT('',(17.522331304965,25.271781951338));
#3124 = ( GEOMETRIC_REPRESENTATION_CONTEXT(2) 
PARAMETRIC_REPRESENTATION_CONTEXT() REPRESENTATION_CONTEXT('2D SPACE',''
  ) );
#3125 = PCURVE('',#3126,#3131);
#3126 = PLANE('',#3127);
#3127 = AXIS2_PLACEMENT_3D('',#3128,#3129,#3130);
#3128 = CARTESIAN_POINT('',(17.522331304525,25.271781950169,-1.));
#3129 = DIRECTION('',(-0.819152044289,-0.573576436351,0.));
#3130 = DIRECTION('',(-0.573576436351,0.819152044289,0.));
#3131 = DEFINITIONAL_REPRESENTATION('',(#3132),#3135);
#3132 = B_SPLINE_CURVE_WITH_KNOTS('',1,(#3133,#3134),.UNSPECIFIED.,.F.,
  .F.,(2,2),(-12.5255177509,-5.3255177509),.PIECEWISE_BEZIER_KNOTS.);
#3133 = CARTESIAN_POINT('',(7.2,-1.));
#3134 = CARTESIAN_POINT('',(-8.881784197001E-16,-1.));
#3135 = ( GEOMETRIC_REPRESENTATION_CONTEXT(2) 
PARAMETRIC_REPRESENTATION_CONTEXT() REPRESENTATION_CONTEXT('2D SPACE',''
  ) );
#3136 = ORIENTED_EDGE('',*,*,#3137,.T.);
#3137 = EDGE_CURVE('',#3112,#3138,#3140,.T.);
#3138 = VERTEX_POINT('',#3139);
#3139 = CARTESIAN_POINT('',(16.810162021673,21.232869342426,0.));
#3140 = SURFACE_CURVE('',#3141,(#3146,#3157),.PCURVE_S1.);
#3141 = CIRCLE('',#3142,2.9);
#3142 = AXIS2_PLACEMENT_3D('',#3143,#3144,#3145);
#3143 = CARTESIAN_POINT('',(15.146790356255,23.608410270864,0.));
#3144 = DIRECTION('',(0.,0.,-1.));
#3145 = DIRECTION('',(0.819152044289,0.573576436351,0.));
#3146 = PCURVE('',#32,#3147);
#3147 = DEFINITIONAL_REPRESENTATION('',(#3148),#3156);
#3148 = ( BOUNDED_CURVE() B_SPLINE_CURVE(2,(#3149,#3150,#3151,#3152,
#3153,#3154,#3155),.UNSPECIFIED.,.T.,.F.) B_SPLINE_CURVE_WITH_KNOTS((1,2
    ,2,2,2,1),(-2.094395102393,0.,2.094395102393,4.188790204786,
6.28318530718,8.377580409573),.UNSPECIFIED.) CURVE() 
GEOMETRIC_REPRESENTATION_ITEM() RATIONAL_B_SPLINE_CURVE((1.,0.5,1.,0.5,
1.,0.5,1.)) REPRESENTATION_ITEM('') );
#3149 = CARTESIAN_POINT('',(17.522331285133,25.271781937451));
#3150 = CARTESIAN_POINT('',(20.403375521507,21.157224353937));
#3151 = CARTESIAN_POINT('',(15.399542010663,20.719445647567));
#3152 = CARTESIAN_POINT('',(10.395708499819,20.281666941197));
#3153 = CARTESIAN_POINT('',(12.518497774288,24.834003231081));
#3154 = CARTESIAN_POINT('',(14.641287048758,29.386339520965));
#3155 = CARTESIAN_POINT('',(17.522331285133,25.271781937451));
#3156 = ( GEOMETRIC_REPRESENTATION_CONTEXT(2) 
PARAMETRIC_REPRESENTATION_CONTEXT() REPRESENTATION_CONTEXT('2D SPACE',''
  ) );
#3157 = PCURVE('',#3158,#3163);
#3158 = CYLINDRICAL_SURFACE('',#3159,2.9);
#3159 = AXIS2_PLACEMENT_3D('',#3160,#3161,#3162);
#3160 = CARTESIAN_POINT('',(15.146790356255,23.608410270864,-1.));
#3161 = DIRECTION('',(0.,0.,-1.));
#3162 = DIRECTION('',(0.819152044289,0.573576436351,0.));
#3163 = DEFINITIONAL_REPRESENTATION('',(#3164),#3168);
#3164 = LINE('',#3165,#3166);
#3165 = CARTESIAN_POINT('',(-6.28318530718,-1.));
#3166 = VECTOR('',#3167,1.);
#3167 = DIRECTION('',(1.,-0.));
#3168 = ( GEOMETRIC_REPRESENTATION_CONTEXT(2) 
PARAMETRIC_REPRESENTATION_CONTEXT() REPRESENTATION_CONTEXT('2D SPACE',''
  ) );
#3169 = ORIENTED_EDGE('',*,*,#3170,.T.);
#3170 = EDGE_CURVE('',#3138,#3171,#3173,.T.);
#3171 = VERTEX_POINT('',#3172);
#3172 = CARTESIAN_POINT('',(16.646331631059,21.11815406793,0.));
#3173 = SURFACE_CURVE('',#3174,(#3178,#3184),.PCURVE_S1.);
#3174 = LINE('',#3175,#3176);
#3175 = CARTESIAN_POINT('',(6.100260154733,13.733715321709,
    1.110223024625E-16));
#3176 = VECTOR('',#3177,1.);
#3177 = DIRECTION('',(-0.819152044289,-0.573576436351,0.));
#3178 = PCURVE('',#32,#3179);
#3179 = DEFINITIONAL_REPRESENTATION('',(#3180),#3183);
#3180 = B_SPLINE_CURVE_WITH_KNOTS('',1,(#3181,#3182),.UNSPECIFIED.,.F.,
  .F.,(2,2),(-13.07437604728,-12.87437606956),.PIECEWISE_BEZIER_KNOTS.);
#3181 = CARTESIAN_POINT('',(16.810162022113,21.232869343595));
#3182 = CARTESIAN_POINT('',(16.646331631499,21.118154069099));
#3183 = ( GEOMETRIC_REPRESENTATION_CONTEXT(2) 
PARAMETRIC_REPRESENTATION_CONTEXT() REPRESENTATION_CONTEXT('2D SPACE',''
  ) );
#3184 = PCURVE('',#3185,#3190);
#3185 = PLANE('',#3186);
#3186 = AXIS2_PLACEMENT_3D('',#3187,#3188,#3189);
#3187 = CARTESIAN_POINT('',(16.646331631059,21.11815406793,-1.));
#3188 = DIRECTION('',(-0.573576436351,0.819152044289,0.));
#3189 = DIRECTION('',(0.819152044289,0.573576436351,0.));
#3190 = DEFINITIONAL_REPRESENTATION('',(#3191),#3194);
#3191 = B_SPLINE_CURVE_WITH_KNOTS('',1,(#3192,#3193),.UNSPECIFIED.,.F.,
  .F.,(2,2),(-13.07437604728,-12.87437606956),.PIECEWISE_BEZIER_KNOTS.);
#3192 = CARTESIAN_POINT('',(0.199999977728,-1.));
#3193 = CARTESIAN_POINT('',(0.,-1.));
#3194 = ( GEOMETRIC_REPRESENTATION_CONTEXT(2) 
PARAMETRIC_REPRESENTATION_CONTEXT() REPRESENTATION_CONTEXT('2D SPACE',''
  ) );
#3195 = ORIENTED_EDGE('',*,*,#3196,.T.);
#3196 = EDGE_CURVE('',#3171,#2994,#3197,.T.);
#3197 = SURFACE_CURVE('',#3198,(#3203,#3214),.PCURVE_S1.);
#3198 = CIRCLE('',#3199,2.9);
#3199 = AXIS2_PLACEMENT_3D('',#3200,#3201,#3202);
#3200 = CARTESIAN_POINT('',(14.982959965641,23.493694996368,0.));
#3201 = DIRECTION('',(0.,0.,-1.));
#3202 = DIRECTION('',(0.819152044289,0.573576436351,0.));
#3203 = PCURVE('',#32,#3204);
#3204 = DEFINITIONAL_REPRESENTATION('',(#3205),#3213);
#3205 = ( BOUNDED_CURVE() B_SPLINE_CURVE(2,(#3206,#3207,#3208,#3209,
#3210,#3211,#3212),.UNSPECIFIED.,.T.,.F.) B_SPLINE_CURVE_WITH_KNOTS((1,2
    ,2,2,2,1),(-2.094395102393,0.,2.094395102393,4.188790204786,
6.28318530718,8.377580409573),.UNSPECIFIED.) CURVE() 
GEOMETRIC_REPRESENTATION_ITEM() RATIONAL_B_SPLINE_CURVE((1.,0.5,1.,0.5,
1.,0.5,1.)) REPRESENTATION_ITEM('') );
#3206 = CARTESIAN_POINT('',(17.358500894519,25.157066662955));
#3207 = CARTESIAN_POINT('',(20.239545130893,21.042509079441));
#3208 = CARTESIAN_POINT('',(15.235711620049,20.604730373071));
#3209 = CARTESIAN_POINT('',(10.231878109205,20.166951666701));
#3210 = CARTESIAN_POINT('',(12.354667383674,24.719287956585));
#3211 = CARTESIAN_POINT('',(14.477456658144,29.271624246469));
#3212 = CARTESIAN_POINT('',(17.358500894519,25.157066662955));
#3213 = ( GEOMETRIC_REPRESENTATION_CONTEXT(2) 
PARAMETRIC_REPRESENTATION_CONTEXT() REPRESENTATION_CONTEXT('2D SPACE',''
  ) );
#3214 = PCURVE('',#3215,#3220);
#3215 = CYLINDRICAL_SURFACE('',#3216,2.9);
#3216 = AXIS2_PLACEMENT_3D('',#3217,#3218,#3219);
#3217 = CARTESIAN_POINT('',(14.982959965641,23.493694996368,-1.));
#3218 = DIRECTION('',(0.,0.,-1.));
#3219 = DIRECTION('',(0.819152044289,0.573576436351,0.));
#3220 = DEFINITIONAL_REPRESENTATION('',(#3221),#3225);
#3221 = LINE('',#3222,#3223);
#3222 = CARTESIAN_POINT('',(-6.28318530718,-1.));
#3223 = VECTOR('',#3224,1.);
#3224 = DIRECTION('',(1.,-0.));
#3225 = ( GEOMETRIC_REPRESENTATION_CONTEXT(2) 
PARAMETRIC_REPRESENTATION_CONTEXT() REPRESENTATION_CONTEXT('2D SPACE',''
  ) );
#3226 = ADVANCED_FACE('',(#3227),#44,.T.);
#3227 = FACE_BOUND('',#3228,.F.);
#3228 = EDGE_LOOP('',(#3229,#3251,#3252,#3274));
#3229 = ORIENTED_EDGE('',*,*,#3230,.T.);
#3230 = EDGE_CURVE('',#3231,#22,#3233,.T.);
#3231 = VERTEX_POINT('',#3232);
#3232 = CARTESIAN_POINT('',(-27.23770700497,-5.557698726124,1.));
#3233 = SURFACE_CURVE('',#3234,(#3239,#3245),.PCURVE_S1.);
#3234 = CIRCLE('',#3235,1.);
#3235 = AXIS2_PLACEMENT_3D('',#3236,#3237,#3238);
#3236 = CARTESIAN_POINT('',(-26.28665048868,-5.866715720499,1.));
#3237 = DIRECTION('',(-0.309016994375,-0.951056516295,-0.));
#3238 = DIRECTION('',(-0.951056516295,0.309016994375,0.));
#3239 = PCURVE('',#44,#3240);
#3240 = DEFINITIONAL_REPRESENTATION('',(#3241),#3244);
#3241 = B_SPLINE_CURVE_WITH_KNOTS('',1,(#3242,#3243),.UNSPECIFIED.,.F.,
  .F.,(2,2),(0.,1.570796326795),.PIECEWISE_BEZIER_KNOTS.);
#3242 = CARTESIAN_POINT('',(0.,1.7763568394E-15));
#3243 = CARTESIAN_POINT('',(-1.570796326795,1.7763568394E-15));
#3244 = ( GEOMETRIC_REPRESENTATION_CONTEXT(2) 
PARAMETRIC_REPRESENTATION_CONTEXT() REPRESENTATION_CONTEXT('2D SPACE',''
  ) );
#3245 = PCURVE('',#77,#3246);
#3246 = DEFINITIONAL_REPRESENTATION('',(#3247),#3250);
#3247 = B_SPLINE_CURVE_WITH_KNOTS('',1,(#3248,#3249),.UNSPECIFIED.,.F.,
  .F.,(2,2),(0.,1.570796326795),.PIECEWISE_BEZIER_KNOTS.);
#3248 = CARTESIAN_POINT('',(1.570796326795,0.));
#3249 = CARTESIAN_POINT('',(1.570796326795,1.570796326795));
#3250 = ( GEOMETRIC_REPRESENTATION_CONTEXT(2) 
PARAMETRIC_REPRESENTATION_CONTEXT() REPRESENTATION_CONTEXT('2D SPACE',''
  ) );
#3251 = ORIENTED_EDGE('',*,*,#21,.T.);
#3252 = ORIENTED_EDGE('',*,*,#3253,.F.);
#3253 = EDGE_CURVE('',#3254,#24,#3256,.T.);
#3254 = VERTEX_POINT('',#3255);
#3255 = CARTESIAN_POINT('',(-25.32180163985,0.338851674906,1.));
#3256 = SURFACE_CURVE('',#3257,(#3262,#3268),.PCURVE_S1.);
#3257 = CIRCLE('',#3258,1.);
#3258 = AXIS2_PLACEMENT_3D('',#3259,#3260,#3261);
#3259 = CARTESIAN_POINT('',(-24.37074512355,2.983468053104E-02,1.));
#3260 = DIRECTION('',(-0.309016994375,-0.951056516295,-0.));
#3261 = DIRECTION('',(-0.951056516295,0.309016994375,0.));
#3262 = PCURVE('',#44,#3263);
#3263 = DEFINITIONAL_REPRESENTATION('',(#3264),#3267);
#3264 = B_SPLINE_CURVE_WITH_KNOTS('',1,(#3265,#3266),.UNSPECIFIED.,.F.,
  .F.,(2,2),(0.,1.570796326795),.PIECEWISE_BEZIER_KNOTS.);
#3265 = CARTESIAN_POINT('',(0.,6.2));
#3266 = CARTESIAN_POINT('',(-1.570796326795,6.2));
#3267 = ( GEOMETRIC_REPRESENTATION_CONTEXT(2) 
PARAMETRIC_REPRESENTATION_CONTEXT() REPRESENTATION_CONTEXT('2D SPACE',''
  ) );
#3268 = PCURVE('',#1549,#3269);
#3269 = DEFINITIONAL_REPRESENTATION('',(#3270),#3273);
#3270 = B_SPLINE_CURVE_WITH_KNOTS('',1,(#3271,#3272),.UNSPECIFIED.,.F.,
  .F.,(2,2),(0.,1.570796326795),.PIECEWISE_BEZIER_KNOTS.);
#3271 = CARTESIAN_POINT('',(0.,0.));
#3272 = CARTESIAN_POINT('',(0.,1.570796326795));
#3273 = ( GEOMETRIC_REPRESENTATION_CONTEXT(2) 
PARAMETRIC_REPRESENTATION_CONTEXT() REPRESENTATION_CONTEXT('2D SPACE',''
  ) );
#3274 = ORIENTED_EDGE('',*,*,#3275,.F.);
#3275 = EDGE_CURVE('',#3231,#3254,#3276,.T.);
#3276 = SURFACE_CURVE('',#3277,(#3281,#3288),.PCURVE_S1.);
#3277 = LINE('',#3278,#3279);
#3278 = CARTESIAN_POINT('',(-27.23770700497,-5.557698726124,1.));
#3279 = VECTOR('',#3280,1.);
#3280 = DIRECTION('',(0.309016994375,0.951056516295,0.));
#3281 = PCURVE('',#44,#3282);
#3282 = DEFINITIONAL_REPRESENTATION('',(#3283),#3287);
#3283 = LINE('',#3284,#3285);
#3284 = CARTESIAN_POINT('',(-0.,0.));
#3285 = VECTOR('',#3286,1.);
#3286 = DIRECTION('',(-0.,1.));
#3287 = ( GEOMETRIC_REPRESENTATION_CONTEXT(2) 
PARAMETRIC_REPRESENTATION_CONTEXT() REPRESENTATION_CONTEXT('2D SPACE',''
  ) );
#3288 = PCURVE('',#3289,#3294);
#3289 = PLANE('',#3290);
#3290 = AXIS2_PLACEMENT_3D('',#3291,#3292,#3293);
#3291 = CARTESIAN_POINT('',(-27.23770700497,-5.557698726124,0.));
#3292 = DIRECTION('',(-0.951056516295,0.309016994375,0.));
#3293 = DIRECTION('',(0.309016994375,0.951056516295,0.));
#3294 = DEFINITIONAL_REPRESENTATION('',(#3295),#3299);
#3295 = LINE('',#3296,#3297);
#3296 = CARTESIAN_POINT('',(-1.7763568394E-15,-1.));
#3297 = VECTOR('',#3298,1.);
#3298 = DIRECTION('',(1.,0.));
#3299 = ( GEOMETRIC_REPRESENTATION_CONTEXT(2) 
PARAMETRIC_REPRESENTATION_CONTEXT() REPRESENTATION_CONTEXT('2D SPACE',''
  ) );
#3300 = ADVANCED_FACE('',(#3301),#77,.T.);
#3301 = FACE_BOUND('',#3302,.T.);
#3302 = EDGE_LOOP('',(#3303,#3325,#3352,#3353));
#3303 = ORIENTED_EDGE('',*,*,#3304,.F.);
#3304 = EDGE_CURVE('',#3305,#57,#3307,.T.);
#3305 = VERTEX_POINT('',#3306);
#3306 = CARTESIAN_POINT('',(-24.41273311035,-11.10202217248,1.));
#3307 = SURFACE_CURVE('',#3308,(#3313,#3319),.PCURVE_S1.);
#3308 = CIRCLE('',#3309,1.);
#3309 = AXIS2_PLACEMENT_3D('',#3310,#3311,#3312);
#3310 = CARTESIAN_POINT('',(-24.10371611597,-10.15096565618,1.));
#3311 = DIRECTION('',(0.951056516295,-0.309016994375,0.));
#3312 = DIRECTION('',(-0.309016994375,-0.951056516295,0.));
#3313 = PCURVE('',#77,#3314);
#3314 = DEFINITIONAL_REPRESENTATION('',(#3315),#3318);
#3315 = B_SPLINE_CURVE_WITH_KNOTS('',1,(#3316,#3317),.UNSPECIFIED.,.F.,
  .F.,(2,2),(0.,1.570796326795),.PIECEWISE_BEZIER_KNOTS.);
#3316 = CARTESIAN_POINT('',(0.,0.));
#3317 = CARTESIAN_POINT('',(0.,1.570796326795));
#3318 = ( GEOMETRIC_REPRESENTATION_CONTEXT(2) 
PARAMETRIC_REPRESENTATION_CONTEXT() REPRESENTATION_CONTEXT('2D SPACE',''
  ) );
#3319 = PCURVE('',#105,#3320);
#3320 = DEFINITIONAL_REPRESENTATION('',(#3321),#3324);
#3321 = B_SPLINE_CURVE_WITH_KNOTS('',1,(#3322,#3323),.UNSPECIFIED.,.F.,
  .F.,(2,2),(0.,1.570796326795),.PIECEWISE_BEZIER_KNOTS.);
#3322 = CARTESIAN_POINT('',(0.,0.199999977709));
#3323 = CARTESIAN_POINT('',(-1.570796326795,0.199999977709));
#3324 = ( GEOMETRIC_REPRESENTATION_CONTEXT(2) 
PARAMETRIC_REPRESENTATION_CONTEXT() REPRESENTATION_CONTEXT('2D SPACE',''
  ) );
#3325 = ORIENTED_EDGE('',*,*,#3326,.T.);
#3326 = EDGE_CURVE('',#3305,#3231,#3327,.T.);
#3327 = SURFACE_CURVE('',#3328,(#3333,#3340),.PCURVE_S1.);
#3328 = CIRCLE('',#3329,4.4);
#3329 = AXIS2_PLACEMENT_3D('',#3330,#3331,#3332);
#3330 = CARTESIAN_POINT('',(-23.0530583351,-6.917373500781,1.));
#3331 = DIRECTION('',(0.,-0.,-1.));
#3332 = DIRECTION('',(-0.309016994375,-0.951056516295,0.));
#3333 = PCURVE('',#77,#3334);
#3334 = DEFINITIONAL_REPRESENTATION('',(#3335),#3339);
#3335 = LINE('',#3336,#3337);
#3336 = CARTESIAN_POINT('',(0.,0.));
#3337 = VECTOR('',#3338,1.);
#3338 = DIRECTION('',(1.,0.));
#3339 = ( GEOMETRIC_REPRESENTATION_CONTEXT(2) 
PARAMETRIC_REPRESENTATION_CONTEXT() REPRESENTATION_CONTEXT('2D SPACE',''
  ) );
#3340 = PCURVE('',#3341,#3346);
#3341 = CYLINDRICAL_SURFACE('',#3342,4.4);
#3342 = AXIS2_PLACEMENT_3D('',#3343,#3344,#3345);
#3343 = CARTESIAN_POINT('',(-23.0530583351,-6.917373500781,0.));
#3344 = DIRECTION('',(0.,0.,-1.));
#3345 = DIRECTION('',(-0.951056516295,0.309016994375,0.));
#3346 = DEFINITIONAL_REPRESENTATION('',(#3347),#3351);
#3347 = LINE('',#3348,#3349);
#3348 = CARTESIAN_POINT('',(4.712388980385,-1.));
#3349 = VECTOR('',#3350,1.);
#3350 = DIRECTION('',(1.,0.));
#3351 = ( GEOMETRIC_REPRESENTATION_CONTEXT(2) 
PARAMETRIC_REPRESENTATION_CONTEXT() REPRESENTATION_CONTEXT('2D SPACE',''
  ) );
#3352 = ORIENTED_EDGE('',*,*,#3230,.T.);
#3353 = ORIENTED_EDGE('',*,*,#56,.F.);
#3354 = ADVANCED_FACE('',(#3355),#1549,.T.);
#3355 = FACE_BOUND('',#3356,.T.);
#3356 = EDGE_LOOP('',(#3357,#3358,#3387,#3450));
#3357 = ORIENTED_EDGE('',*,*,#3253,.F.);
#3358 = ORIENTED_EDGE('',*,*,#3359,.T.);
#3359 = EDGE_CURVE('',#3254,#3360,#3362,.T.);
#3360 = VERTEX_POINT('',#3361);
#3361 = CARTESIAN_POINT('',(-23.91421356237,2.392083940613,1.));
#3362 = SURFACE_CURVE('',#3363,(#3368,#3375),.PCURVE_S1.);
#3363 = CIRCLE('',#3364,4.4);
#3364 = AXIS2_PLACEMENT_3D('',#3365,#3366,#3367);
#3365 = CARTESIAN_POINT('',(-21.13715296997,-1.020823099751,1.));
#3366 = DIRECTION('',(0.,0.,-1.));
#3367 = DIRECTION('',(-0.951056516295,0.309016994375,-0.));
#3368 = PCURVE('',#1549,#3369);
#3369 = DEFINITIONAL_REPRESENTATION('',(#3370),#3374);
#3370 = LINE('',#3371,#3372);
#3371 = CARTESIAN_POINT('',(0.,0.));
#3372 = VECTOR('',#3373,1.);
#3373 = DIRECTION('',(1.,0.));
#3374 = ( GEOMETRIC_REPRESENTATION_CONTEXT(2) 
PARAMETRIC_REPRESENTATION_CONTEXT() REPRESENTATION_CONTEXT('2D SPACE',''
  ) );
#3375 = PCURVE('',#3376,#3381);
#3376 = CYLINDRICAL_SURFACE('',#3377,4.4);
#3377 = AXIS2_PLACEMENT_3D('',#3378,#3379,#3380);
#3378 = CARTESIAN_POINT('',(-21.13715296997,-1.020823099751,0.));
#3379 = DIRECTION('',(0.,0.,-1.));
#3380 = DIRECTION('',(-0.951056516295,0.309016994375,0.));
#3381 = DEFINITIONAL_REPRESENTATION('',(#3382),#3386);
#3382 = LINE('',#3383,#3384);
#3383 = CARTESIAN_POINT('',(0.,-1.));
#3384 = VECTOR('',#3385,1.);
#3385 = DIRECTION('',(1.,0.));
#3386 = ( GEOMETRIC_REPRESENTATION_CONTEXT(2) 
PARAMETRIC_REPRESENTATION_CONTEXT() REPRESENTATION_CONTEXT('2D SPACE',''
  ) );
#3387 = ORIENTED_EDGE('',*,*,#3388,.T.);
#3388 = EDGE_CURVE('',#3360,#1503,#3389,.T.);
#3389 = SURFACE_CURVE('',#3390,(#3408,#3429),.PCURVE_S1.);
#3390 = B_SPLINE_CURVE_WITH_KNOTS('',6,(#3391,#3392,#3393,#3394,#3395,
    #3396,#3397,#3398,#3399,#3400,#3401,#3402,#3403,#3404,#3405,#3406,
    #3407),.UNSPECIFIED.,.F.,.F.,(7,5,5,7),(0.,0.362200394709,
    0.55604626493,1.),.UNSPECIFIED.);
#3391 = CARTESIAN_POINT('',(-23.91421356237,2.392083940613,1.));
#3392 = CARTESIAN_POINT('',(-23.87827209357,2.4213292835,0.898342174745)
  );
#3393 = CARTESIAN_POINT('',(-23.83246097336,2.441862461963,
    0.796670054836));
#3394 = CARTESIAN_POINT('',(-23.77651203687,2.453763175933,
    0.697440407305));
#3395 = CARTESIAN_POINT('',(-23.71092074856,2.457498667815,
    0.602844368744));
#3396 = CARTESIAN_POINT('',(-23.63672572236,2.453666636198,
    0.514618909285));
#3397 = CARTESIAN_POINT('',(-23.51175622628,2.43732517886,0.390897825449
    ));
#3398 = CARTESIAN_POINT('',(-23.46611021096,2.429674837622,
    0.349938718355));
#3399 = CARTESIAN_POINT('',(-23.41858201624,2.420182222317,0.31133382606
    ));
#3400 = CARTESIAN_POINT('',(-23.3693817502,2.408964005935,0.275219054538
    ));
#3401 = CARTESIAN_POINT('',(-23.31872252622,2.396138433865,
    0.241690965245));
#3402 = CARTESIAN_POINT('',(-23.14792110017,2.349032006841,
    0.140097868076));
#3403 = CARTESIAN_POINT('',(-23.02247623163,2.308423434236,
    8.329532072124E-02));
#3404 = CARTESIAN_POINT('',(-22.89292898181,2.261385470264,
    4.114631315889E-02));
#3405 = CARTESIAN_POINT('',(-22.76152929032,2.209226127565,
    1.35356959415E-02));
#3406 = CARTESIAN_POINT('',(-22.63007964324,2.153101724208,
    1.971824370971E-07));
#3407 = CARTESIAN_POINT('',(-22.50000000057,2.094084277874,0.));
#3408 = PCURVE('',#1549,#3409);
#3409 = DEFINITIONAL_REPRESENTATION('',(#3410),#3428);
#3410 = B_SPLINE_CURVE_WITH_KNOTS('',6,(#3411,#3412,#3413,#3414,#3415,
    #3416,#3417,#3418,#3419,#3420,#3421,#3422,#3423,#3424,#3425,#3426,
    #3427),.UNSPECIFIED.,.F.,.F.,(7,5,5,7),(0.,0.362200394709,
    0.55604626493,1.),.UNSPECIFIED.);
#3411 = CARTESIAN_POINT('',(0.573601962149,0.));
#3412 = CARTESIAN_POINT('',(0.584133004564,0.101657825255));
#3413 = CARTESIAN_POINT('',(0.595154225647,0.203329326262));
#3414 = CARTESIAN_POINT('',(0.606860059903,0.304453114079));
#3415 = CARTESIAN_POINT('',(0.619387375945,0.404715797746));
#3416 = CARTESIAN_POINT('',(0.632818006083,0.503857701148));
#3417 = CARTESIAN_POINT('',(0.654860128228,0.653927242086));
#3418 = CARTESIAN_POINT('',(0.662812579436,0.705863964853));
#3419 = CARTESIAN_POINT('',(0.67103969603,0.757396517344));
#3420 = CARTESIAN_POINT('',(0.679545702514,0.808512135816));
#3421 = CARTESIAN_POINT('',(0.688333058528,0.859206866592));
#3422 = CARTESIAN_POINT('',(0.718174989434,1.024626423473));
#3423 = CARTESIAN_POINT('',(0.74042636865,1.137559766876));
#3424 = CARTESIAN_POINT('',(0.764176761175,1.248351473233));
#3425 = CARTESIAN_POINT('',(0.789416604259,1.357259567116));
#3426 = CARTESIAN_POINT('',(0.816113437908,1.464586509917));
#3427 = CARTESIAN_POINT('',(0.844206396234,1.570796326795));
#3428 = ( GEOMETRIC_REPRESENTATION_CONTEXT(2) 
PARAMETRIC_REPRESENTATION_CONTEXT() REPRESENTATION_CONTEXT('2D SPACE',''
  ) );
#3429 = PCURVE('',#1518,#3430);
#3430 = DEFINITIONAL_REPRESENTATION('',(#3431),#3449);
#3431 = B_SPLINE_CURVE_WITH_KNOTS('',6,(#3432,#3433,#3434,#3435,#3436,
    #3437,#3438,#3439,#3440,#3441,#3442,#3443,#3444,#3445,#3446,#3447,
    #3448),.UNSPECIFIED.,.F.,.F.,(7,5,5,7),(0.,0.362200394709,
    0.55604626493,1.),.UNSPECIFIED.);
#3432 = CARTESIAN_POINT('',(-0.339836909454,8.392083940613));
#3433 = CARTESIAN_POINT('',(-0.411719847053,8.4213292835));
#3434 = CARTESIAN_POINT('',(-0.485805045567,8.441862461963));
#3435 = CARTESIAN_POINT('',(-0.561276271797,8.453763175933));
#3436 = CARTESIAN_POINT('',(-0.637521013892,8.457498667815));
#3437 = CARTESIAN_POINT('',(-0.714052678747,8.453666636198));
#3438 = CARTESIAN_POINT('',(-0.831288019522,8.43732517886));
#3439 = CARTESIAN_POINT('',(-0.872124561485,8.429674837622));
#3440 = CARTESIAN_POINT('',(-0.912871805974,8.420182222317));
#3441 = CARTESIAN_POINT('',(-0.953487544395,8.408964005935));
#3442 = CARTESIAN_POINT('',(-0.993940462499,8.396138433865));
#3443 = CARTESIAN_POINT('',(-1.126428255706,8.349032006841));
#3444 = CARTESIAN_POINT('',(-1.217662899879,8.308423434236));
#3445 = CARTESIAN_POINT('',(-1.307667838235,8.261385470264));
#3446 = CARTESIAN_POINT('',(-1.396444319525,8.209226127565));
#3447 = CARTESIAN_POINT('',(-1.484076370337,8.153101724208));
#3448 = CARTESIAN_POINT('',(-1.570796326795,8.094084277874));
#3449 = ( GEOMETRIC_REPRESENTATION_CONTEXT(2) 
PARAMETRIC_REPRESENTATION_CONTEXT() REPRESENTATION_CONTEXT('2D SPACE',''
  ) );
#3450 = ORIENTED_EDGE('',*,*,#1530,.F.);
#3451 = ADVANCED_FACE('',(#3452),#105,.T.);
#3452 = FACE_BOUND('',#3453,.F.);
#3453 = EDGE_LOOP('',(#3454,#3476,#3477,#3478));
#3454 = ORIENTED_EDGE('',*,*,#3455,.T.);
#3455 = EDGE_CURVE('',#3456,#90,#3458,.T.);
#3456 = VERTEX_POINT('',#3457);
#3457 = CARTESIAN_POINT('',(-24.22252182829,-11.16382556446,1.));
#3458 = SURFACE_CURVE('',#3459,(#3464,#3470),.PCURVE_S1.);
#3459 = CIRCLE('',#3460,1.);
#3460 = AXIS2_PLACEMENT_3D('',#3461,#3462,#3463);
#3461 = CARTESIAN_POINT('',(-23.91350483391,-10.21276904817,1.));
#3462 = DIRECTION('',(0.951056516295,-0.309016994375,0.));
#3463 = DIRECTION('',(-0.309016994375,-0.951056516295,0.));
#3464 = PCURVE('',#105,#3465);
#3465 = DEFINITIONAL_REPRESENTATION('',(#3466),#3469);
#3466 = B_SPLINE_CURVE_WITH_KNOTS('',1,(#3467,#3468),.UNSPECIFIED.,.F.,
  .F.,(2,2),(0.,1.570796326795),.PIECEWISE_BEZIER_KNOTS.);
#3467 = CARTESIAN_POINT('',(0.,8.604228440845E-16));
#3468 = CARTESIAN_POINT('',(-1.570796326795,8.604228440845E-16));
#3469 = ( GEOMETRIC_REPRESENTATION_CONTEXT(2) 
PARAMETRIC_REPRESENTATION_CONTEXT() REPRESENTATION_CONTEXT('2D SPACE',''
  ) );
#3470 = PCURVE('',#138,#3471);
#3471 = DEFINITIONAL_REPRESENTATION('',(#3472),#3475);
#3472 = B_SPLINE_CURVE_WITH_KNOTS('',1,(#3473,#3474),.UNSPECIFIED.,.F.,
  .F.,(2,2),(0.,1.570796326795),.PIECEWISE_BEZIER_KNOTS.);
#3473 = CARTESIAN_POINT('',(1.570796326795,0.));
#3474 = CARTESIAN_POINT('',(1.570796326795,1.570796326795));
#3475 = ( GEOMETRIC_REPRESENTATION_CONTEXT(2) 
PARAMETRIC_REPRESENTATION_CONTEXT() REPRESENTATION_CONTEXT('2D SPACE',''
  ) );
#3476 = ORIENTED_EDGE('',*,*,#89,.T.);
#3477 = ORIENTED_EDGE('',*,*,#3304,.F.);
#3478 = ORIENTED_EDGE('',*,*,#3479,.F.);
#3479 = EDGE_CURVE('',#3456,#3305,#3480,.T.);
#3480 = SURFACE_CURVE('',#3481,(#3485,#3492),.PCURVE_S1.);
#3481 = LINE('',#3482,#3483);
#3482 = CARTESIAN_POINT('',(-24.22252182829,-11.16382556446,1.));
#3483 = VECTOR('',#3484,1.);
#3484 = DIRECTION('',(-0.951056516295,0.309016994375,-0.));
#3485 = PCURVE('',#105,#3486);
#3486 = DEFINITIONAL_REPRESENTATION('',(#3487),#3491);
#3487 = LINE('',#3488,#3489);
#3488 = CARTESIAN_POINT('',(-0.,0.));
#3489 = VECTOR('',#3490,1.);
#3490 = DIRECTION('',(-0.,1.));
#3491 = ( GEOMETRIC_REPRESENTATION_CONTEXT(2) 
PARAMETRIC_REPRESENTATION_CONTEXT() REPRESENTATION_CONTEXT('2D SPACE',''
  ) );
#3492 = PCURVE('',#3493,#3498);
#3493 = PLANE('',#3494);
#3494 = AXIS2_PLACEMENT_3D('',#3495,#3496,#3497);
#3495 = CARTESIAN_POINT('',(-24.41273311035,-11.10202217248,0.));
#3496 = DIRECTION('',(0.309016994375,0.951056516295,0.));
#3497 = DIRECTION('',(0.951056516295,-0.309016994375,0.));
#3498 = DEFINITIONAL_REPRESENTATION('',(#3499),#3503);
#3499 = LINE('',#3500,#3501);
#3500 = CARTESIAN_POINT('',(0.199999977709,-1.));
#3501 = VECTOR('',#3502,1.);
#3502 = DIRECTION('',(-1.,0.));
#3503 = ( GEOMETRIC_REPRESENTATION_CONTEXT(2) 
PARAMETRIC_REPRESENTATION_CONTEXT() REPRESENTATION_CONTEXT('2D SPACE',''
  ) );
#3504 = ADVANCED_FACE('',(#3505),#1518,.T.);
#3505 = FACE_BOUND('',#3506,.F.);
#3506 = EDGE_LOOP('',(#3507,#3537,#3570,#3571,#3572));
#3507 = ORIENTED_EDGE('',*,*,#3508,.F.);
#3508 = EDGE_CURVE('',#3509,#3511,#3513,.T.);
#3509 = VERTEX_POINT('',#3510);
#3510 = CARTESIAN_POINT('',(-24.,2.320450142996,1.5));
#3511 = VERTEX_POINT('',#3512);
#3512 = CARTESIAN_POINT('',(-24.,5.99999999642,1.5));
#3513 = SURFACE_CURVE('',#3514,(#3518,#3525),.PCURVE_S1.);
#3514 = LINE('',#3515,#3516);
#3515 = CARTESIAN_POINT('',(-24.,-6.,1.5));
#3516 = VECTOR('',#3517,1.);
#3517 = DIRECTION('',(0.,1.,0.));
#3518 = PCURVE('',#1518,#3519);
#3519 = DEFINITIONAL_REPRESENTATION('',(#3520),#3524);
#3520 = LINE('',#3521,#3522);
#3521 = CARTESIAN_POINT('',(-0.,0.));
#3522 = VECTOR('',#3523,1.);
#3523 = DIRECTION('',(-0.,1.));
#3524 = ( GEOMETRIC_REPRESENTATION_CONTEXT(2) 
PARAMETRIC_REPRESENTATION_CONTEXT() REPRESENTATION_CONTEXT('2D SPACE',''
  ) );
#3525 = PCURVE('',#3526,#3531);
#3526 = PLANE('',#3527);
#3527 = AXIS2_PLACEMENT_3D('',#3528,#3529,#3530);
#3528 = CARTESIAN_POINT('',(-24.,-6.,0.));
#3529 = DIRECTION('',(-1.,0.,0.));
#3530 = DIRECTION('',(0.,1.,0.));
#3531 = DEFINITIONAL_REPRESENTATION('',(#3532),#3536);
#3532 = LINE('',#3533,#3534);
#3533 = CARTESIAN_POINT('',(0.,-1.5));
#3534 = VECTOR('',#3535,1.);
#3535 = DIRECTION('',(1.,0.));
#3536 = ( GEOMETRIC_REPRESENTATION_CONTEXT(2) 
PARAMETRIC_REPRESENTATION_CONTEXT() REPRESENTATION_CONTEXT('2D SPACE',''
  ) );
#3537 = ORIENTED_EDGE('',*,*,#3538,.T.);
#3538 = EDGE_CURVE('',#3509,#3360,#3539,.T.);
#3539 = SURFACE_CURVE('',#3540,(#3548,#3559),.PCURVE_S1.);
#3540 = B_SPLINE_CURVE_WITH_KNOTS('',6,(#3541,#3542,#3543,#3544,#3545,
    #3546,#3547),.UNSPECIFIED.,.F.,.F.,(7,7),(0.,1.),
  .PIECEWISE_BEZIER_KNOTS.);
#3541 = CARTESIAN_POINT('',(-24.,2.320450142996,1.5));
#3542 = CARTESIAN_POINT('',(-24.,2.320450142996,1.41468324982));
#3543 = CARTESIAN_POINT('',(-23.99417688101,2.325439454255,
    1.329472122749));
#3544 = CARTESIAN_POINT('',(-23.98255742231,2.335395223439,
    1.244874195272));
#3545 = CARTESIAN_POINT('',(-23.96523080484,2.350108760289,
    1.161403599489));
#3546 = CARTESIAN_POINT('',(-23.94235416828,2.369186121504,
    1.079593223269));
#3547 = CARTESIAN_POINT('',(-23.91421271384,2.392084631057,0.9999976));
#3548 = PCURVE('',#1518,#3549);
#3549 = DEFINITIONAL_REPRESENTATION('',(#3550),#3558);
#3550 = B_SPLINE_CURVE_WITH_KNOTS('',6,(#3551,#3552,#3553,#3554,#3555,
    #3556,#3557),.UNSPECIFIED.,.F.,.F.,(7,7),(0.,1.),
  .PIECEWISE_BEZIER_KNOTS.);
#3551 = CARTESIAN_POINT('',(0.,8.320450142996));
#3552 = CARTESIAN_POINT('',(-5.687783345301E-02,8.320450142996));
#3553 = CARTESIAN_POINT('',(-0.113685203371,8.325439454255));
#3554 = CARTESIAN_POINT('',(-0.170415255874,8.335395223439));
#3555 = CARTESIAN_POINT('',(-0.22705127388,8.350108760289));
#3556 = CARTESIAN_POINT('',(-0.283555967775,8.369186121504));
#3557 = CARTESIAN_POINT('',(-0.339838606511,8.392084631057));
#3558 = ( GEOMETRIC_REPRESENTATION_CONTEXT(2) 
PARAMETRIC_REPRESENTATION_CONTEXT() REPRESENTATION_CONTEXT('2D SPACE',''
  ) );
#3559 = PCURVE('',#3376,#3560);
#3560 = DEFINITIONAL_REPRESENTATION('',(#3561),#3569);
#3561 = B_SPLINE_CURVE_WITH_KNOTS('',6,(#3562,#3563,#3564,#3565,#3566,
    #3567,#3568),.UNSPECIFIED.,.F.,.F.,(7,7),(0.,1.),
  .PIECEWISE_BEZIER_KNOTS.);
#3562 = CARTESIAN_POINT('',(0.548200856044,-1.5));
#3563 = CARTESIAN_POINT('',(0.548200856044,-1.41468324982));
#3564 = CARTESIAN_POINT('',(0.549943633653,-1.329472122749));
#3565 = CARTESIAN_POINT('',(0.553421219028,-1.244874195272));
#3566 = CARTESIAN_POINT('',(0.558587260338,-1.161403599489));
#3567 = CARTESIAN_POINT('',(0.565356615912,-1.079593223269));
#3568 = CARTESIAN_POINT('',(0.573602210773,-0.9999976));
#3569 = ( GEOMETRIC_REPRESENTATION_CONTEXT(2) 
PARAMETRIC_REPRESENTATION_CONTEXT() REPRESENTATION_CONTEXT('2D SPACE',''
  ) );
#3570 = ORIENTED_EDGE('',*,*,#3388,.T.);
#3571 = ORIENTED_EDGE('',*,*,#1502,.T.);
#3572 = ORIENTED_EDGE('',*,*,#3573,.F.);
#3573 = EDGE_CURVE('',#3511,#1470,#3574,.T.);
#3574 = SURFACE_CURVE('',#3575,(#3580,#3586),.PCURVE_S1.);
#3575 = CIRCLE('',#3576,1.5);
#3576 = AXIS2_PLACEMENT_3D('',#3577,#3578,#3579);
#3577 = CARTESIAN_POINT('',(-22.5,5.99999999642,1.5));
#3578 = DIRECTION('',(-0.,-1.,-0.));
#3579 = DIRECTION('',(-1.,0.,0.));
#3580 = PCURVE('',#1518,#3581);
#3581 = DEFINITIONAL_REPRESENTATION('',(#3582),#3585);
#3582 = B_SPLINE_CURVE_WITH_KNOTS('',1,(#3583,#3584),.UNSPECIFIED.,.F.,
  .F.,(2,2),(0.,1.570796326795),.PIECEWISE_BEZIER_KNOTS.);
#3583 = CARTESIAN_POINT('',(0.,11.99999999642));
#3584 = CARTESIAN_POINT('',(-1.570796326795,11.99999999642));
#3585 = ( GEOMETRIC_REPRESENTATION_CONTEXT(2) 
PARAMETRIC_REPRESENTATION_CONTEXT() REPRESENTATION_CONTEXT('2D SPACE',''
  ) );
#3586 = PCURVE('',#1490,#3587);
#3587 = DEFINITIONAL_REPRESENTATION('',(#3588),#3591);
#3588 = B_SPLINE_CURVE_WITH_KNOTS('',1,(#3589,#3590),.UNSPECIFIED.,.F.,
  .F.,(2,2),(0.,1.570796326795),.PIECEWISE_BEZIER_KNOTS.);
#3589 = CARTESIAN_POINT('',(0.,0.));
#3590 = CARTESIAN_POINT('',(0.,1.570796326795));
#3591 = ( GEOMETRIC_REPRESENTATION_CONTEXT(2) 
PARAMETRIC_REPRESENTATION_CONTEXT() REPRESENTATION_CONTEXT('2D SPACE',''
  ) );
#3592 = ADVANCED_FACE('',(#3593),#138,.T.);
#3593 = FACE_BOUND('',#3594,.T.);
#3594 = EDGE_LOOP('',(#3595,#3675,#3702,#3703));
#3595 = ORIENTED_EDGE('',*,*,#3596,.F.);
#3596 = EDGE_CURVE('',#3597,#118,#3599,.T.);
#3597 = VERTEX_POINT('',#3598);
#3598 = CARTESIAN_POINT('',(-23.03721450789,-11.37572053416,1.));
#3599 = SURFACE_CURVE('',#3600,(#3623,#3649),.PCURVE_S1.);
#3600 = B_SPLINE_CURVE_WITH_KNOTS('',6,(#3601,#3602,#3603,#3604,#3605,
    #3606,#3607,#3608,#3609,#3610,#3611,#3612,#3613,#3614,#3615,#3616,
    #3617,#3618,#3619,#3620,#3621,#3622),.UNSPECIFIED.,.F.,.F.,(7,5,5,5,
    7),(0.,0.324598943874,0.545159115084,0.767317496227,1.),
  .UNSPECIFIED.);
#3601 = CARTESIAN_POINT('',(-23.03721450789,-11.37572053416,1.));
#3602 = CARTESIAN_POINT('',(-23.00101917449,-11.37715604463,0.9042227452
    ));
#3603 = CARTESIAN_POINT('',(-22.95979314186,-11.36741616775,
    0.809709326436));
#3604 = CARTESIAN_POINT('',(-22.91353242078,-11.34687750165,
    0.71814429604));
#3605 = CARTESIAN_POINT('',(-22.86257441204,-11.31621635158,
    0.630933962619));
#3606 = CARTESIAN_POINT('',(-22.80746558137,-11.27625636153,
    0.549180545709));
#3607 = CARTESIAN_POINT('',(-22.7090728219,-11.19511306923,
    0.422396742066));
#3608 = CARTESIAN_POINT('',(-22.66765240064,-11.15842041354,
    0.373984703359));
#3609 = CARTESIAN_POINT('',(-22.62482192517,-11.11815103337,
    0.328698990724));
#3610 = CARTESIAN_POINT('',(-22.58079768047,-11.07460122364,
    0.286711780544));
#3611 = CARTESIAN_POINT('',(-22.53579854919,-11.02806617588,
    0.248134509327));
#3612 = CARTESIAN_POINT('',(-22.44393984872,-10.92923625536,
    0.177669515795));
#3613 = CARTESIAN_POINT('',(-22.39706856777,-10.8769014763,
    0.145831838188));
#3614 = CARTESIAN_POINT('',(-22.34963493289,-10.82211371723,
    0.117577880139));
#3615 = CARTESIAN_POINT('',(-22.30184281602,-10.76514795498,
    9.291889363945E-02));
#3616 = CARTESIAN_POINT('',(-22.25388148601,-10.70626157314,
    7.182779026211E-02));
#3617 = CARTESIAN_POINT('',(-22.15568832932,-10.58224951841,
    3.584209182591E-02));
#3618 = CARTESIAN_POINT('',(-22.10545688945,-10.51696080713,
    2.128845915283E-02));
#3619 = CARTESIAN_POINT('',(-22.05542156488,-10.45009434305,
    1.05284023274E-02));
#3620 = CARTESIAN_POINT('',(-22.0057565628,-10.38189692528,
    3.469489591637E-03));
#3621 = CARTESIAN_POINT('',(-21.95661443495,-10.31259234055,
    -1.769734358914E-08));
#3622 = CARTESIAN_POINT('',(-21.90812519357,-10.24238178537,0.));
#3623 = PCURVE('',#138,#3624);
#3624 = DEFINITIONAL_REPRESENTATION('',(#3625),#3648);
#3625 = B_SPLINE_CURVE_WITH_KNOTS('',6,(#3626,#3627,#3628,#3629,#3630,
    #3631,#3632,#3633,#3634,#3635,#3636,#3637,#3638,#3639,#3640,#3641,
    #3642,#3643,#3644,#3645,#3646,#3647),.UNSPECIFIED.,.F.,.F.,(7,5,5,5,
    7),(0.,0.324598943874,0.545159115084,0.767317496227,1.),
  .UNSPECIFIED.);
#3626 = CARTESIAN_POINT('',(1.296276408369,0.));
#3627 = CARTESIAN_POINT('',(1.288043729175,9.577725480048E-02));
#3628 = CARTESIAN_POINT('',(1.278769240505,0.190290454767));
#3629 = CARTESIAN_POINT('',(1.268355091799,0.283438087562));
#3630 = CARTESIAN_POINT('',(1.256745400122,0.375180648671));
#3631 = CARTESIAN_POINT('',(1.24390365673,0.46547325361));
#3632 = CARTESIAN_POINT('',(1.220250432021,0.614579219743));
#3633 = CARTESIAN_POINT('',(1.210105594462,0.674217873174));
#3634 = CARTESIAN_POINT('',(1.199380065308,0.733162890766));
#3635 = CARTESIAN_POINT('',(1.188070521127,0.791416288449));
#3636 = CARTESIAN_POINT('',(1.176175397121,0.848986194452));
#3637 = CARTESIAN_POINT('',(1.151123177931,0.963193824324));
#3638 = CARTESIAN_POINT('',(1.137957401998,1.019822577661));
#3639 = CARTESIAN_POINT('',(1.124196432782,1.075784786199));
#3640 = CARTESIAN_POINT('',(1.109840488589,1.131100180693));
#3641 = CARTESIAN_POINT('',(1.094890689921,1.18579300476));
#3642 = CARTESIAN_POINT('',(1.063071061048,1.296552671933));
#3643 = CARTESIAN_POINT('',(1.046143910355,1.352561586367));
#3644 = CARTESIAN_POINT('',(1.028569542322,1.407951876893));
#3645 = CARTESIAN_POINT('',(1.010351479318,1.46276004391));
#3646 = CARTESIAN_POINT('',(0.991495262882,1.517026444918));
#3647 = CARTESIAN_POINT('',(0.972008947675,1.570796326795));
#3648 = ( GEOMETRIC_REPRESENTATION_CONTEXT(2) 
PARAMETRIC_REPRESENTATION_CONTEXT() REPRESENTATION_CONTEXT('2D SPACE',''
  ) );
#3649 = PCURVE('',#171,#3650);
#3650 = DEFINITIONAL_REPRESENTATION('',(#3651),#3674);
#3651 = B_SPLINE_CURVE_WITH_KNOTS('',6,(#3652,#3653,#3654,#3655,#3656,
    #3657,#3658,#3659,#3660,#3661,#3662,#3663,#3664,#3665,#3666,#3667,
    #3668,#3669,#3670,#3671,#3672,#3673),.UNSPECIFIED.,.F.,.F.,(7,5,5,5,
    7),(0.,0.324598943874,0.545159115084,0.767317496227,1.),
  .UNSPECIFIED.);
#3652 = CARTESIAN_POINT('',(1.247364124315,0.339836915529));
#3653 = CARTESIAN_POINT('',(1.24660353459,0.407561662027));
#3654 = CARTESIAN_POINT('',(1.246371209148,0.476338580622));
#3655 = CARTESIAN_POINT('',(1.246649047813,0.545649665589));
#3656 = CARTESIAN_POINT('',(1.247412227863,0.615134759869));
#3657 = CARTESIAN_POINT('',(1.248634503001,0.684506947036));
#3658 = CARTESIAN_POINT('',(1.251407339355,0.800404169164));
#3659 = CARTESIAN_POINT('',(1.252727342397,0.847134398904));
#3660 = CARTESIAN_POINT('',(1.254236373619,0.893636311604));
#3661 = CARTESIAN_POINT('',(1.255925112728,0.939859014849));
#3662 = CARTESIAN_POINT('',(1.257784220087,0.985764968));
#3663 = CARTESIAN_POINT('',(1.261839409905,1.077215795057));
#3664 = CARTESIAN_POINT('',(1.264037861167,1.12275628894));
#3665 = CARTESIAN_POINT('',(1.266390531227,1.167919959255));
#3666 = CARTESIAN_POINT('',(1.268888324563,1.212690462172));
#3667 = CARTESIAN_POINT('',(1.27152243349,1.25705999664));
#3668 = CARTESIAN_POINT('',(1.277177214135,1.347077542926));
#3669 = CARTESIAN_POINT('',(1.280210271046,1.392686325186));
#3670 = CARTESIAN_POINT('',(1.283373905924,1.437853439448));
#3671 = CARTESIAN_POINT('',(1.286658779327,1.482585061408));
#3672 = CARTESIAN_POINT('',(1.290055853292,1.526893405763));
#3673 = CARTESIAN_POINT('',(1.293556363881,1.570796326795));
#3674 = ( GEOMETRIC_REPRESENTATION_CONTEXT(2) 
PARAMETRIC_REPRESENTATION_CONTEXT() REPRESENTATION_CONTEXT('2D SPACE',''
  ) );
#3675 = ORIENTED_EDGE('',*,*,#3676,.T.);
#3676 = EDGE_CURVE('',#3597,#3456,#3677,.T.);
#3677 = SURFACE_CURVE('',#3678,(#3683,#3690),.PCURVE_S1.);
#3678 = CIRCLE('',#3679,4.4);
#3679 = AXIS2_PLACEMENT_3D('',#3680,#3681,#3682);
#3680 = CARTESIAN_POINT('',(-22.86284705304,-6.979176892768,1.));
#3681 = DIRECTION('',(0.,-0.,-1.));
#3682 = DIRECTION('',(0.951056516295,-0.309016994375,0.));
#3683 = PCURVE('',#138,#3684);
#3684 = DEFINITIONAL_REPRESENTATION('',(#3685),#3689);
#3685 = LINE('',#3686,#3687);
#3686 = CARTESIAN_POINT('',(0.,0.));
#3687 = VECTOR('',#3688,1.);
#3688 = DIRECTION('',(1.,0.));
#3689 = ( GEOMETRIC_REPRESENTATION_CONTEXT(2) 
PARAMETRIC_REPRESENTATION_CONTEXT() REPRESENTATION_CONTEXT('2D SPACE',''
  ) );
#3690 = PCURVE('',#3691,#3696);
#3691 = CYLINDRICAL_SURFACE('',#3692,4.4);
#3692 = AXIS2_PLACEMENT_3D('',#3693,#3694,#3695);
#3693 = CARTESIAN_POINT('',(-22.86284705304,-6.979176892768,0.));
#3694 = DIRECTION('',(0.,0.,-1.));
#3695 = DIRECTION('',(-0.951056516295,0.309016994375,0.));
#3696 = DEFINITIONAL_REPRESENTATION('',(#3697),#3701);
#3697 = LINE('',#3698,#3699);
#3698 = CARTESIAN_POINT('',(3.14159265359,-1.));
#3699 = VECTOR('',#3700,1.);
#3700 = DIRECTION('',(1.,0.));
#3701 = ( GEOMETRIC_REPRESENTATION_CONTEXT(2) 
PARAMETRIC_REPRESENTATION_CONTEXT() REPRESENTATION_CONTEXT('2D SPACE',''
  ) );
#3702 = ORIENTED_EDGE('',*,*,#3455,.T.);
#3703 = ORIENTED_EDGE('',*,*,#117,.F.);
#3704 = ADVANCED_FACE('',(#3705),#1490,.T.);
#3705 = FACE_BOUND('',#3706,.T.);
#3706 = EDGE_LOOP('',(#3707,#3787,#3788,#3789,#3818));
#3707 = ORIENTED_EDGE('',*,*,#3708,.T.);
#3708 = EDGE_CURVE('',#3709,#1437,#3711,.T.);
#3709 = VERTEX_POINT('',#3710);
#3710 = CARTESIAN_POINT('',(-17.98531661642,18.861315608379,1.));
#3711 = SURFACE_CURVE('',#3712,(#3735,#3761),.PCURVE_S1.);
#3712 = B_SPLINE_CURVE_WITH_KNOTS('',6,(#3713,#3714,#3715,#3716,#3717,
    #3718,#3719,#3720,#3721,#3722,#3723,#3724,#3725,#3726,#3727,#3728,
    #3729,#3730,#3731,#3732,#3733,#3734),.UNSPECIFIED.,.F.,.F.,(7,5,5,5,
    7),(0.,0.301676785966,0.515369388869,0.747902798485,1.),
  .UNSPECIFIED.);
#3713 = CARTESIAN_POINT('',(-17.98531661642,18.861315608379,1.));
#3714 = CARTESIAN_POINT('',(-17.96888981937,18.832356565928,
    0.907542180864));
#3715 = CARTESIAN_POINT('',(-17.94042605604,18.803581594727,
    0.816457274513));
#3716 = CARTESIAN_POINT('',(-17.90030801242,18.774903192958,
    0.728331912236));
#3717 = CARTESIAN_POINT('',(-17.84934906855,18.746381994508,
    0.644448734604));
#3718 = CARTESIAN_POINT('',(-17.78856441296,18.718182394382,
    0.565766848208));
#3719 = CARTESIAN_POINT('',(-17.66989112564,18.670911749616,
    0.441368717445));
#3720 = CARTESIAN_POINT('',(-17.61631717763,18.6515727364,0.392719450731
    ));
#3721 = CARTESIAN_POINT('',(-17.55876621747,18.632564170341,
    0.34722505296));
#3722 = CARTESIAN_POINT('',(-17.49763583853,18.613961335922,
    0.30502627911));
#3723 = CARTESIAN_POINT('',(-17.43331334146,18.595840022783,
    0.266196655337));
#3724 = CARTESIAN_POINT('',(-17.29308198938,18.559152790884,
    0.192195273809));
#3725 = CARTESIAN_POINT('',(-17.21665216844,18.540688648045,
    0.157648159997));
#3726 = CARTESIAN_POINT('',(-17.13732860824,18.522968980379,
    0.127142029296));
#3727 = CARTESIAN_POINT('',(-17.05553527413,18.506078242211,
    0.100634033665));
#3728 = CARTESIAN_POINT('',(-16.97165189519,18.490092443032,
    7.803267546874E-02));
#3729 = CARTESIAN_POINT('',(-16.79315382157,18.458797708459,
    3.881860908878E-02));
#3730 = CARTESIAN_POINT('',(-16.69823304171,18.443659424096,
    2.287033697589E-02));
#3731 = CARTESIAN_POINT('',(-16.60165953885,18.429745188723,
    1.121671137978E-02));
#3732 = CARTESIAN_POINT('',(-16.50379195439,18.417126467388,
    3.664894733948E-03));
#3733 = CARTESIAN_POINT('',(-16.40493142195,18.405863683432,
    -4.307469520827E-08));
#3734 = CARTESIAN_POINT('',(-16.30532159194,18.396007017653,0.));
#3735 = PCURVE('',#1490,#3736);
#3736 = DEFINITIONAL_REPRESENTATION('',(#3737),#3760);
#3737 = B_SPLINE_CURVE_WITH_KNOTS('',6,(#3738,#3739,#3740,#3741,#3742,
    #3743,#3744,#3745,#3746,#3747,#3748,#3749,#3750,#3751,#3752,#3753,
    #3754,#3755,#3756,#3757,#3758,#3759),.UNSPECIFIED.,.F.,.F.,(7,5,5,5,
    7),(0.,0.301676785966,0.515369388869,0.747902798485,1.),
  .UNSPECIFIED.);
#3738 = CARTESIAN_POINT('',(0.863905823251,0.339836922203));
#3739 = CARTESIAN_POINT('',(0.86353232611,0.405214473382));
#3740 = CARTESIAN_POINT('',(0.863705275501,0.471434496183));
#3741 = CARTESIAN_POINT('',(0.864408142239,0.53796639965));
#3742 = CARTESIAN_POINT('',(0.865614158545,0.604437157079));
#3743 = CARTESIAN_POINT('',(0.867293973468,0.670550093519));
#3744 = CARTESIAN_POINT('',(0.870915400562,0.782450388895));
#3745 = CARTESIAN_POINT('',(0.872638116928,0.82855216758));
#3746 = CARTESIAN_POINT('',(0.874570568035,0.874280274474));
#3747 = CARTESIAN_POINT('',(0.876701245171,0.919578922528));
#3748 = CARTESIAN_POINT('',(0.879018889383,0.96440848347));
#3749 = CARTESIAN_POINT('',(0.88422670959,1.056980727688));
#3750 = CARTESIAN_POINT('',(0.887149325501,1.104631502558));
#3751 = CARTESIAN_POINT('',(0.890267156435,1.15165987409));
#3752 = CARTESIAN_POINT('',(0.893567429136,1.198046775133));
#3753 = CARTESIAN_POINT('',(0.897038393265,1.243784125066));
#3754 = CARTESIAN_POINT('',(0.9046062506,1.337753569083));
#3755 = CARTESIAN_POINT('',(0.908731112471,1.38587033616));
#3756 = CARTESIAN_POINT('',(0.913030889228,1.433224204747));
#3757 = CARTESIAN_POINT('',(0.917493506613,1.479821905296));
#3758 = CARTESIAN_POINT('',(0.922108259486,1.525674430892));
#3759 = CARTESIAN_POINT('',(0.926865988258,1.570796326795));
#3760 = ( GEOMETRIC_REPRESENTATION_CONTEXT(2) 
PARAMETRIC_REPRESENTATION_CONTEXT() REPRESENTATION_CONTEXT('2D SPACE',''
  ) );
#3761 = PCURVE('',#1457,#3762);
#3762 = DEFINITIONAL_REPRESENTATION('',(#3763),#3786);
#3763 = B_SPLINE_CURVE_WITH_KNOTS('',6,(#3764,#3765,#3766,#3767,#3768,
    #3769,#3770,#3771,#3772,#3773,#3774,#3775,#3776,#3777,#3778,#3779,
    #3780,#3781,#3782,#3783,#3784,#3785),.UNSPECIFIED.,.F.,.F.,(7,5,5,5,
    7),(0.,0.301676785966,0.515369388869,0.747902798485,1.),
  .UNSPECIFIED.);
#3764 = CARTESIAN_POINT('',(0.845372165466,0.));
#3765 = CARTESIAN_POINT('',(0.837805431367,9.245781913556E-02));
#3766 = CARTESIAN_POINT('',(0.828925301086,0.183542487514));
#3767 = CARTESIAN_POINT('',(0.818677407194,0.273091759058));
#3768 = CARTESIAN_POINT('',(0.807044674314,0.361027858511));
#3769 = CARTESIAN_POINT('',(0.794026716606,0.447276203863));
#3770 = CARTESIAN_POINT('',(0.769460006241,0.591603624254));
#3771 = CARTESIAN_POINT('',(0.758587828904,0.65057487412));
#3772 = CARTESIAN_POINT('',(0.747034571002,0.708661878622));
#3773 = CARTESIAN_POINT('',(0.734806548626,0.765864500133));
#3774 = CARTESIAN_POINT('',(0.721910702962,0.822190780225));
#3775 = CARTESIAN_POINT('',(0.693601349373,0.938006533755));
#3776 = CARTESIAN_POINT('',(0.678066220619,0.997336721626));
#3777 = CARTESIAN_POINT('',(0.661755793146,1.055665852045));
#3778 = CARTESIAN_POINT('',(0.644677589841,1.113020275276));
#3779 = CARTESIAN_POINT('',(0.626838232314,1.169430755786));
#3780 = CARTESIAN_POINT('',(0.588082296655,1.285103133488));
#3781 = CARTESIAN_POINT('',(0.567033719832,1.344203810793));
#3782 = CARTESIAN_POINT('',(0.545102452999,1.402280223385));
#3783 = CARTESIAN_POINT('',(0.522294393022,1.459375907261));
#3784 = CARTESIAN_POINT('',(0.498614968117,1.515533502613));
#3785 = CARTESIAN_POINT('',(0.474068432587,1.570796326794));
#3786 = ( GEOMETRIC_REPRESENTATION_CONTEXT(2) 
PARAMETRIC_REPRESENTATION_CONTEXT() REPRESENTATION_CONTEXT('2D SPACE',''
  ) );
#3787 = ORIENTED_EDGE('',*,*,#1469,.F.);
#3788 = ORIENTED_EDGE('',*,*,#3573,.F.);
#3789 = ORIENTED_EDGE('',*,*,#3790,.T.);
#3790 = EDGE_CURVE('',#3511,#3791,#3793,.T.);
#3791 = VERTEX_POINT('',#3792);
#3792 = CARTESIAN_POINT('',(-18.02774722056,18.937882019352,1.5));
#3793 = SURFACE_CURVE('',#3794,(#3799,#3806),.PCURVE_S1.);
#3794 = CIRCLE('',#3795,17.);
#3795 = AXIS2_PLACEMENT_3D('',#3796,#3797,#3798);
#3796 = CARTESIAN_POINT('',(-7.,5.99999999642,1.5));
#3797 = DIRECTION('',(-0.,0.,-1.));
#3798 = DIRECTION('',(-1.,1.044915787883E-16,0.));
#3799 = PCURVE('',#1490,#3800);
#3800 = DEFINITIONAL_REPRESENTATION('',(#3801),#3805);
#3801 = LINE('',#3802,#3803);
#3802 = CARTESIAN_POINT('',(0.,0.));
#3803 = VECTOR('',#3804,1.);
#3804 = DIRECTION('',(1.,0.));
#3805 = ( GEOMETRIC_REPRESENTATION_CONTEXT(2) 
PARAMETRIC_REPRESENTATION_CONTEXT() REPRESENTATION_CONTEXT('2D SPACE',''
  ) );
#3806 = PCURVE('',#3807,#3812);
#3807 = CYLINDRICAL_SURFACE('',#3808,17.);
#3808 = AXIS2_PLACEMENT_3D('',#3809,#3810,#3811);
#3809 = CARTESIAN_POINT('',(-7.,5.99999999642,0.));
#3810 = DIRECTION('',(0.,0.,-1.));
#3811 = DIRECTION('',(1.,0.,0.));
#3812 = DEFINITIONAL_REPRESENTATION('',(#3813),#3817);
#3813 = LINE('',#3814,#3815);
#3814 = CARTESIAN_POINT('',(-3.14159265359,-1.5));
#3815 = VECTOR('',#3816,1.);
#3816 = DIRECTION('',(1.,-0.));
#3817 = ( GEOMETRIC_REPRESENTATION_CONTEXT(2) 
PARAMETRIC_REPRESENTATION_CONTEXT() REPRESENTATION_CONTEXT('2D SPACE',''
  ) );
#3818 = ORIENTED_EDGE('',*,*,#3819,.T.);
#3819 = EDGE_CURVE('',#3791,#3709,#3820,.T.);
#3820 = SURFACE_CURVE('',#3821,(#3852,#3886),.PCURVE_S1.);
#3821 = B_SPLINE_CURVE_WITH_KNOTS('',8,(#3822,#3823,#3824,#3825,#3826,
    #3827,#3828,#3829,#3830,#3831,#3832,#3833,#3834,#3835,#3836,#3837,
    #3838,#3839,#3840,#3841,#3842,#3843,#3844,#3845,#3846,#3847,#3848,
    #3849,#3850,#3851),.UNSPECIFIED.,.F.,.F.,(9,7,7,7,9),(0.,
    0.500140324538,0.749418055613,0.873364214887,1.),.UNSPECIFIED.);
#3822 = CARTESIAN_POINT('',(-18.02774722056,18.937882019352,1.5));
#3823 = CARTESIAN_POINT('',(-18.02774722056,18.937882019352,
    1.468354651047));
#3824 = CARTESIAN_POINT('',(-18.02737590244,18.937195969598,
    1.436709389954));
#3825 = CARTESIAN_POINT('',(-18.02663326904,18.935823863807,
    1.405077638031));
#3826 = CARTESIAN_POINT('',(-18.02551854748,18.933765898258,
    1.373472941772));
#3827 = CARTESIAN_POINT('',(-18.02403018913,18.931022471795,
    1.341908972859));
#3828 = CARTESIAN_POINT('',(-18.02216586962,18.927594185822,
    1.310399528158));
#3829 = CARTESIAN_POINT('',(-18.01992248882,18.923481844311,
    1.278958529723));
#3830 = CARTESIAN_POINT('',(-18.01598717312,18.916296356438,
    1.231970457296));
#3831 = CARTESIAN_POINT('',(-18.01458304715,18.913736580657,
    1.216361407882));
#3832 = CARTESIAN_POINT('',(-18.01308331306,18.911007252273,
    1.20077462807));
#3833 = CARTESIAN_POINT('',(-18.01148744291,18.908108511676,
    1.185211889742));
#3834 = CARTESIAN_POINT('',(-18.00979486069,18.905040513828,
    1.169674985136));
#3835 = CARTESIAN_POINT('',(-18.00800494234,18.901803428262,
    1.154165726852));
#3836 = CARTESIAN_POINT('',(-18.00611701579,18.898397439081,
    1.138685947844));
#3837 = CARTESIAN_POINT('',(-18.00314255404,18.89304533145,1.11555620719
    ));
#3838 = CARTESIAN_POINT('',(-18.00213033874,18.891226209435,
    1.107882660174));
#3839 = CARTESIAN_POINT('',(-18.00109362646,18.889365403445,
    1.10021708865));
#3840 = CARTESIAN_POINT('',(-18.00003232573,18.887462939026,
    1.092559722576));
#3841 = CARTESIAN_POINT('',(-17.99894634217,18.88551884274,
    1.084910793595));
#3842 = CARTESIAN_POINT('',(-17.99783557846,18.883533142164,
    1.077270535038));
#3843 = CARTESIAN_POINT('',(-17.99669993436,18.881505865895,
    1.069639181927));
#3844 = CARTESIAN_POINT('',(-17.99435349342,18.877323327839,
    1.054229358387));
#3845 = CARTESIAN_POINT('',(-17.99314159174,18.875166227922,
    1.046451240668));
#3846 = CARTESIAN_POINT('',(-17.99190355187,18.872965881598,
    1.038683201876));
#3847 = CARTESIAN_POINT('',(-17.99063907185,18.870721989297,
    1.030924460129));
#3848 = CARTESIAN_POINT('',(-17.98934838794,18.868435206076,
    1.023177206894));
#3849 = CARTESIAN_POINT('',(-17.98803095212,18.866104812769,
    1.015439354326));
#3850 = CARTESIAN_POINT('',(-17.98668698332,18.863731447514,
    1.007713030662));
#3851 = CARTESIAN_POINT('',(-17.98531619002,18.861314856665,0.9999976));
#3852 = PCURVE('',#1490,#3853);
#3853 = DEFINITIONAL_REPRESENTATION('',(#3854),#3885);
#3854 = B_SPLINE_CURVE_WITH_KNOTS('',8,(#3855,#3856,#3857,#3858,#3859,
    #3860,#3861,#3862,#3863,#3864,#3865,#3866,#3867,#3868,#3869,#3870,
    #3871,#3872,#3873,#3874,#3875,#3876,#3877,#3878,#3879,#3880,#3881,
    #3882,#3883,#3884),.UNSPECIFIED.,.F.,.F.,(9,7,7,7,9),(0.,
    0.500140324538,0.749418055613,0.873364214887,1.),.UNSPECIFIED.);
#3855 = CARTESIAN_POINT('',(0.864933124353,0.));
#3856 = CARTESIAN_POINT('',(0.864933124353,2.109689930232E-02));
#3857 = CARTESIAN_POINT('',(0.864923569078,4.21937955348E-02));
#3858 = CARTESIAN_POINT('',(0.864904457921,6.329593865781E-02));
#3859 = CARTESIAN_POINT('',(0.864875828111,8.440860542732E-02));
#3860 = CARTESIAN_POINT('',(0.864837754708,0.105537099395));
#3861 = CARTESIAN_POINT('',(0.864790350605,0.126686750908));
#3862 = CARTESIAN_POINT('',(0.864733766531,0.147862917109));
#3863 = CARTESIAN_POINT('',(0.864635507203,0.179641411917));
#3864 = CARTESIAN_POINT('',(0.8646005899,0.190219764942));
#3865 = CARTESIAN_POINT('',(0.864563462556,0.20080670968));
#3866 = CARTESIAN_POINT('',(0.864524151062,0.211402918612));
#3867 = CARTESIAN_POINT('',(0.864482683782,0.222009068035));
#3868 = CARTESIAN_POINT('',(0.864439091553,0.232625838058));
#3869 = CARTESIAN_POINT('',(0.864393407686,0.243253912606));
#3870 = CARTESIAN_POINT('',(0.864321930763,0.259184445638));
#3871 = CARTESIAN_POINT('',(0.864297685307,0.264477876596));
#3872 = CARTESIAN_POINT('',(0.864272936001,0.269774356872));
#3873 = CARTESIAN_POINT('',(0.864247687407,0.275073971326));
#3874 = CARTESIAN_POINT('',(0.864221944248,0.280376805095));
#3875 = CARTESIAN_POINT('',(0.864195711404,0.285682943595));
#3876 = CARTESIAN_POINT('',(0.864168993914,0.290992472522));
#3877 = CARTESIAN_POINT('',(0.864114009867,0.301733775143));
#3878 = CARTESIAN_POINT('',(0.864085729612,0.307165557942));
#3879 = CARTESIAN_POINT('',(0.864056911214,0.312601907552));
#3880 = CARTESIAN_POINT('',(0.864027719022,0.31803980807));
#3881 = CARTESIAN_POINT('',(0.863997862333,0.323485165115));
#3882 = CARTESIAN_POINT('',(0.863967707343,0.328931011809));
#3883 = CARTESIAN_POINT('',(0.863936973767,0.334383058718));
#3884 = CARTESIAN_POINT('',(0.863905805981,0.339838695504));
#3885 = ( GEOMETRIC_REPRESENTATION_CONTEXT(2) 
PARAMETRIC_REPRESENTATION_CONTEXT() REPRESENTATION_CONTEXT('2D SPACE',''
  ) );
#3886 = PCURVE('',#3887,#3892);
#3887 = CYLINDRICAL_SURFACE('',#3888,4.4);
#3888 = AXIS2_PLACEMENT_3D('',#3889,#3890,#3891);
#3889 = CARTESIAN_POINT('',(-14.15816438418,21.032238405539,0.));
#3890 = DIRECTION('',(-0.,0.,-1.));
#3891 = DIRECTION('',(0.978147600734,-0.207911690818,0.));
#3892 = DEFINITIONAL_REPRESENTATION('',(#3893),#3924);
#3893 = B_SPLINE_CURVE_WITH_KNOTS('',8,(#3894,#3895,#3896,#3897,#3898,
    #3899,#3900,#3901,#3902,#3903,#3904,#3905,#3906,#3907,#3908,#3909,
    #3910,#3911,#3912,#3913,#3914,#3915,#3916,#3917,#3918,#3919,#3920,
    #3921,#3922,#3923),.UNSPECIFIED.,.F.,.F.,(9,7,7,7,9),(0.,
    0.500140324538,0.749418055613,0.873364214887,1.),.UNSPECIFIED.);
#3894 = CARTESIAN_POINT('',(-3.847121655543,-1.5));
#3895 = CARTESIAN_POINT('',(-3.847121655543,-1.468354651047));
#3896 = CARTESIAN_POINT('',(-3.847298949803,-1.436709389954));
#3897 = CARTESIAN_POINT('',(-3.847653537607,-1.405077638031));
#3898 = CARTESIAN_POINT('',(-3.848185462923,-1.373472941772));
#3899 = CARTESIAN_POINT('',(-3.848894814397,-1.341908972859));
#3900 = CARTESIAN_POINT('',(-3.849781725358,-1.310399528158));
#3901 = CARTESIAN_POINT('',(-3.850846373815,-1.278958529723));
#3902 = CARTESIAN_POINT('',(-3.85270831797,-1.231970457296));
#3903 = CARTESIAN_POINT('',(-3.853371861714,-1.216361407882));
#3904 = CARTESIAN_POINT('',(-3.854079641202,-1.20077462807));
#3905 = CARTESIAN_POINT('',(-3.85483168666,-1.185211889742));
#3906 = CARTESIAN_POINT('',(-3.855628031027,-1.169674985136));
#3907 = CARTESIAN_POINT('',(-3.856468709957,-1.154165726852));
#3908 = CARTESIAN_POINT('',(-3.857353761817,-1.138685947844));
#3909 = CARTESIAN_POINT('',(-3.858745377776,-1.11555620719));
#3910 = CARTESIAN_POINT('',(-3.859218508265,-1.107882660174));
#3911 = CARTESIAN_POINT('',(-3.859702624201,-1.10021708865));
#3912 = CARTESIAN_POINT('',(-3.860197730785,-1.092559722576));
#3913 = CARTESIAN_POINT('',(-3.86070383338,-1.084910793595));
#3914 = CARTESIAN_POINT('',(-3.861220937503,-1.077270535038));
#3915 = CARTESIAN_POINT('',(-3.861749048834,-1.069639181927));
#3916 = CARTESIAN_POINT('',(-3.862838996556,-1.054229358387));
#3917 = CARTESIAN_POINT('',(-3.863401320147,-1.046451240668));
#3918 = CARTESIAN_POINT('',(-3.863975122453,-1.038683201876));
#3919 = CARTESIAN_POINT('',(-3.864560496731,-1.030924460129));
#3920 = CARTESIAN_POINT('',(-3.865157287214,-1.023177206895));
#3921 = CARTESIAN_POINT('',(-3.865765697794,-1.015439354326));
#3922 = CARTESIAN_POINT('',(-3.866385578096,-1.007713030662));
#3923 = CARTESIAN_POINT('',(-3.867017011334,-0.9999976));
#3924 = ( GEOMETRIC_REPRESENTATION_CONTEXT(2) 
PARAMETRIC_REPRESENTATION_CONTEXT() REPRESENTATION_CONTEXT('2D SPACE',''
  ) );
#3925 = ADVANCED_FACE('',(#3926),#171,.T.);
#3926 = FACE_BOUND('',#3927,.T.);
#3927 = EDGE_LOOP('',(#3928,#4039,#4068,#4170,#4171,#4172,#4204));
#3928 = ORIENTED_EDGE('',*,*,#3929,.F.);
#3929 = EDGE_CURVE('',#3930,#3932,#3934,.T.);
#3930 = VERTEX_POINT('',#3931);
#3931 = CARTESIAN_POINT('',(-15.26581552787,-20.85517733516,1.5));
#3932 = VERTEX_POINT('',#3933);
#3933 = CARTESIAN_POINT('',(-15.21167436463,-20.7871236068,1.));
#3934 = SURFACE_CURVE('',#3935,(#3966,#4000),.PCURVE_S1.);
#3935 = B_SPLINE_CURVE_WITH_KNOTS('',8,(#3936,#3937,#3938,#3939,#3940,
    #3941,#3942,#3943,#3944,#3945,#3946,#3947,#3948,#3949,#3950,#3951,
    #3952,#3953,#3954,#3955,#3956,#3957,#3958,#3959,#3960,#3961,#3962,
    #3963,#3964,#3965),.UNSPECIFIED.,.F.,.F.,(9,7,7,7,9),(0.,
    0.500078665011,0.749355128002,0.873320835315,1.),.UNSPECIFIED.);
#3936 = CARTESIAN_POINT('',(-15.26581552787,-20.85517733516,1.5));
#3937 = CARTESIAN_POINT('',(-15.26581552787,-20.85517733516,
    1.468354012702));
#3938 = CARTESIAN_POINT('',(-15.26534249798,-20.854567364,1.43670814574)
  );
#3939 = CARTESIAN_POINT('',(-15.26439644223,-20.85334739905,
    1.405075840081));
#3940 = CARTESIAN_POINT('',(-15.26297630942,-20.85151763355,
    1.373470706398));
#3941 = CARTESIAN_POINT('',(-15.26107999305,-20.84907847654,
    1.341906525069));
#3942 = CARTESIAN_POINT('',(-15.2587043314,-20.84603055293,
    1.310397246179));
#3943 = CARTESIAN_POINT('',(-15.2558451075,-20.84237470345,
    1.278956989517));
#3944 = CARTESIAN_POINT('',(-15.25082812739,-20.83598712807,
    1.231969407095));
#3945 = CARTESIAN_POINT('',(-15.24903774262,-20.83371148632,
    1.216359505582));
#3946 = CARTESIAN_POINT('',(-15.24712524188,-20.83128519341,
    1.20077212697));
#3947 = CARTESIAN_POINT('',(-15.24508990713,-20.82870840243,
    1.185209085326));
#3948 = CARTESIAN_POINT('',(-15.24293095528,-20.82598128556,
    1.169672221854));
#3949 = CARTESIAN_POINT('',(-15.24064753814,-20.82310403408,
    1.154163404893));
#3950 = CARTESIAN_POINT('',(-15.23823874246,-20.8200768584,
    1.138684529919));
#3951 = CARTESIAN_POINT('',(-15.23444285321,-20.81532012368,
    1.11555568892));
#3952 = CARTESIAN_POINT('',(-15.23315086739,-20.81370323898,
    1.107881739907));
#3953 = CARTESIAN_POINT('',(-15.23182751212,-20.81204936239,
    1.100215909545));
#3954 = CARTESIAN_POINT('',(-15.23047266318,-20.8103585239,
    1.092558437089));
#3955 = CARTESIAN_POINT('',(-15.22908619238,-20.808630755,1.084909564009
    ));
#3956 = CARTESIAN_POINT('',(-15.22766796759,-20.80686608865,
    1.077269533985));
#3957 = CARTESIAN_POINT('',(-15.22621785275,-20.80506455933,
    1.069638592913));
#3958 = CARTESIAN_POINT('',(-15.22322112061,-20.80134760727,
    1.054228557325));
#3959 = CARTESIAN_POINT('',(-15.22167307457,-20.79943054103,
    1.046449827856));
#3960 = CARTESIAN_POINT('',(-15.22009149727,-20.79747513694,
    1.038681396251));
#3961 = CARTESIAN_POINT('',(-15.21847599412,-20.7954811404,
    1.030922495244));
#3962 = CARTESIAN_POINT('',(-15.21682685748,-20.79344914456,
    1.023175326989));
#3963 = CARTESIAN_POINT('',(-15.21514337822,-20.79137852416,
    1.01543782133));
#3964 = CARTESIAN_POINT('',(-15.21342582624,-20.78926985907,
    1.00771211868));
#3965 = CARTESIAN_POINT('',(-15.21167381958,-20.78712293889,0.9999976));
#3966 = PCURVE('',#171,#3967);
#3967 = DEFINITIONAL_REPRESENTATION('',(#3968),#3999);
#3968 = B_SPLINE_CURVE_WITH_KNOTS('',8,(#3969,#3970,#3971,#3972,#3973,
    #3974,#3975,#3976,#3977,#3978,#3979,#3980,#3981,#3982,#3983,#3984,
    #3985,#3986,#3987,#3988,#3989,#3990,#3991,#3992,#3993,#3994,#3995,
    #3996,#3997,#3998),.UNSPECIFIED.,.F.,.F.,(9,7,7,7,9),(0.,
    0.500078665011,0.749355128002,0.873320835315,1.),.UNSPECIFIED.);
#3969 = CARTESIAN_POINT('',(0.507763852826,0.));
#3970 = CARTESIAN_POINT('',(0.507763852826,2.10973248651E-02));
#3971 = CARTESIAN_POINT('',(0.507756983929,4.219462341983E-02));
#3972 = CARTESIAN_POINT('',(0.507743247468,6.329713625178E-02));
#3973 = CARTESIAN_POINT('',(0.507722580547,8.441009871171E-02));
#3974 = CARTESIAN_POINT('',(0.507694856044,0.105538740913));
#3975 = CARTESIAN_POINT('',(0.507659882613,0.126688287734));
#3976 = CARTESIAN_POINT('',(0.507617404678,0.147863958814));
#3977 = CARTESIAN_POINT('',(0.507542028056,0.179642122155));
#3978 = CARTESIAN_POINT('',(0.507515009227,0.190221054169));
#3979 = CARTESIAN_POINT('',(0.507486006208,0.200808409138));
#3980 = CARTESIAN_POINT('',(0.507454975022,0.211404829884));
#3981 = CARTESIAN_POINT('',(0.507421867468,0.222010957511));
#3982 = CARTESIAN_POINT('',(0.50738663111,0.232627431405));
#3983 = CARTESIAN_POINT('',(0.507349209288,0.243254889232));
#3984 = CARTESIAN_POINT('',(0.507289814041,0.259184802577));
#3985 = CARTESIAN_POINT('',(0.50726953141,0.264478511537));
#3986 = CARTESIAN_POINT('',(0.507248685717,0.269775171934));
#3987 = CARTESIAN_POINT('',(0.507227269191,0.27507486168));
#3988 = CARTESIAN_POINT('',(0.507205273789,0.280377658485));
#3989 = CARTESIAN_POINT('',(0.507182691196,0.285683639859));
#3990 = CARTESIAN_POINT('',(0.507159512828,0.29099288311));
#3991 = CARTESIAN_POINT('',(0.507111426247,0.301734333497));
#3992 = CARTESIAN_POINT('',(0.50708650196,0.307166544868));
#3993 = CARTESIAN_POINT('',(0.507060873881,0.31260317166));
#3994 = CARTESIAN_POINT('',(0.507034763316,0.318041187031));
#3995 = CARTESIAN_POINT('',(0.507007728168,0.323486487519));
#3996 = CARTESIAN_POINT('',(0.506980282622,0.328932092983));
#3997 = CARTESIAN_POINT('',(0.506951998606,0.334383703586));
#3998 = CARTESIAN_POINT('',(0.506923066057,0.339838695503));
#3999 = ( GEOMETRIC_REPRESENTATION_CONTEXT(2) 
PARAMETRIC_REPRESENTATION_CONTEXT() REPRESENTATION_CONTEXT('2D SPACE',''
  ) );
#4000 = PCURVE('',#4001,#4006);
#4001 = CYLINDRICAL_SURFACE('',#4002,3.5);
#4002 = AXIS2_PLACEMENT_3D('',#4003,#4004,#4005);
#4003 = CARTESIAN_POINT('',(-12.5,-23.00000004713,0.));
#4004 = DIRECTION('',(0.,0.,-1.));
#4005 = DIRECTION('',(1.,0.,0.));
#4006 = DEFINITIONAL_REPRESENTATION('',(#4007),#4038);
#4007 = B_SPLINE_CURVE_WITH_KNOTS('',8,(#4008,#4009,#4010,#4011,#4012,
    #4013,#4014,#4015,#4016,#4017,#4018,#4019,#4020,#4021,#4022,#4023,
    #4024,#4025,#4026,#4027,#4028,#4029,#4030,#4031,#4032,#4033,#4034,
    #4035,#4036,#4037),.UNSPECIFIED.,.F.,.F.,(9,7,7,7,9),(0.,
    0.500078665011,0.749355128002,0.873320835315,1.),.UNSPECIFIED.);
#4008 = CARTESIAN_POINT('',(-2.48198546194,-1.5));
#4009 = CARTESIAN_POINT('',(-2.48198546194,-1.468354012702));
#4010 = CARTESIAN_POINT('',(-2.481764918668,-1.43670814574));
#4011 = CARTESIAN_POINT('',(-2.481323830943,-1.405075840081));
#4012 = CARTESIAN_POINT('',(-2.48066205914,-1.373470706398));
#4013 = CARTESIAN_POINT('',(-2.479779325184,-1.341906525069));
#4014 = CARTESIAN_POINT('',(-2.478675212554,-1.310397246179));
#4015 = CARTESIAN_POINT('',(-2.477349166282,-1.278956989517));
#4016 = CARTESIAN_POINT('',(-2.475028518788,-1.231969407095));
#4017 = CARTESIAN_POINT('',(-2.47420122812,-1.216359505582));
#4018 = CARTESIAN_POINT('',(-2.473318535444,-1.20077212697));
#4019 = CARTESIAN_POINT('',(-2.472380347331,-1.185209085326));
#4020 = CARTESIAN_POINT('',(-2.471386562429,-1.169672221854));
#4021 = CARTESIAN_POINT('',(-2.470337071456,-1.154163404893));
#4022 = CARTESIAN_POINT('',(-2.469231757209,-1.138684529919));
#4023 = CARTESIAN_POINT('',(-2.467492996206,-1.11555568892));
#4024 = CARTESIAN_POINT('',(-2.466901661373,-1.107881739907));
#4025 = CARTESIAN_POINT('',(-2.466296474706,-1.100215909545));
#4026 = CARTESIAN_POINT('',(-2.465677420408,-1.092558437089));
#4027 = CARTESIAN_POINT('',(-2.465044482242,-1.084909564009));
#4028 = CARTESIAN_POINT('',(-2.464397643527,-1.077269533985));
#4029 = CARTESIAN_POINT('',(-2.463736887142,-1.069638592913));
#4030 = CARTESIAN_POINT('',(-2.462372735732,-1.054228557325));
#4031 = CARTESIAN_POINT('',(-2.461668718925,-1.046449827856));
#4032 = CARTESIAN_POINT('',(-2.460950161118,-1.038681396251));
#4033 = CARTESIAN_POINT('',(-2.460216934338,-1.030922495244));
#4034 = CARTESIAN_POINT('',(-2.459469222257,-1.023175326989));
#4035 = CARTESIAN_POINT('',(-2.458706757839,-1.01543782133));
#4036 = CARTESIAN_POINT('',(-2.457929717563,-1.00771211868));
#4037 = CARTESIAN_POINT('',(-2.457137985099,-0.9999976));
#4038 = ( GEOMETRIC_REPRESENTATION_CONTEXT(2) 
PARAMETRIC_REPRESENTATION_CONTEXT() REPRESENTATION_CONTEXT('2D SPACE',''
  ) );
#4039 = ORIENTED_EDGE('',*,*,#4040,.T.);
#4040 = EDGE_CURVE('',#3930,#4041,#4043,.T.);
#4041 = VERTEX_POINT('',#4042);
#4042 = CARTESIAN_POINT('',(-23.12920346654,-11.37110747748,1.5));
#4043 = SURFACE_CURVE('',#4044,(#4049,#4056),.PCURVE_S1.);
#4044 = CIRCLE('',#4045,17.);
#4045 = AXIS2_PLACEMENT_3D('',#4046,#4047,#4048);
#4046 = CARTESIAN_POINT('',(-7.,-6.,1.5));
#4047 = DIRECTION('',(-0.,0.,-1.));
#4048 = DIRECTION('',(-2.089831575765E-16,-1.,0.));
#4049 = PCURVE('',#171,#4050);
#4050 = DEFINITIONAL_REPRESENTATION('',(#4051),#4055);
#4051 = LINE('',#4052,#4053);
#4052 = CARTESIAN_POINT('',(0.,0.));
#4053 = VECTOR('',#4054,1.);
#4054 = DIRECTION('',(1.,0.));
#4055 = ( GEOMETRIC_REPRESENTATION_CONTEXT(2) 
PARAMETRIC_REPRESENTATION_CONTEXT() REPRESENTATION_CONTEXT('2D SPACE',''
  ) );
#4056 = PCURVE('',#4057,#4062);
#4057 = CYLINDRICAL_SURFACE('',#4058,17.);
#4058 = AXIS2_PLACEMENT_3D('',#4059,#4060,#4061);
#4059 = CARTESIAN_POINT('',(-7.,-6.,0.));
#4060 = DIRECTION('',(0.,0.,-1.));
#4061 = DIRECTION('',(1.,0.,0.));
#4062 = DEFINITIONAL_REPRESENTATION('',(#4063),#4067);
#4063 = LINE('',#4064,#4065);
#4064 = CARTESIAN_POINT('',(-4.712388980385,-1.5));
#4065 = VECTOR('',#4066,1.);
#4066 = DIRECTION('',(1.,-0.));
#4067 = ( GEOMETRIC_REPRESENTATION_CONTEXT(2) 
PARAMETRIC_REPRESENTATION_CONTEXT() REPRESENTATION_CONTEXT('2D SPACE',''
  ) );
#4068 = ORIENTED_EDGE('',*,*,#4069,.T.);
#4069 = EDGE_CURVE('',#4041,#3597,#4070,.T.);
#4070 = SURFACE_CURVE('',#4071,(#4102,#4136),.PCURVE_S1.);
#4071 = B_SPLINE_CURVE_WITH_KNOTS('',8,(#4072,#4073,#4074,#4075,#4076,
    #4077,#4078,#4079,#4080,#4081,#4082,#4083,#4084,#4085,#4086,#4087,
    #4088,#4089,#4090,#4091,#4092,#4093,#4094,#4095,#4096,#4097,#4098,
    #4099,#4100,#4101),.UNSPECIFIED.,.F.,.F.,(9,7,7,7,9),(0.,
    0.499800777031,0.749124295343,0.873180407528,1.),.UNSPECIFIED.);
#4072 = CARTESIAN_POINT('',(-23.12920346654,-11.37110747748,1.5));
#4073 = CARTESIAN_POINT('',(-23.12920346654,-11.37110747748,
    1.468347206745));
#4074 = CARTESIAN_POINT('',(-23.12838231776,-11.3711572791,
    1.436694472915));
#4075 = CARTESIAN_POINT('',(-23.12674002298,-11.3712568793,
    1.405056348718));
#4076 = CARTESIAN_POINT('',(-23.12427663007,-11.37140541159,
    1.373447468841));
#4077 = CARTESIAN_POINT('',(-23.12099223205,-11.37160114594,
    1.34188255244));
#4078 = CARTESIAN_POINT('',(-23.11688696701,-11.37184148887,
    1.310376403149));
#4079 = CARTESIAN_POINT('',(-23.11196101817,-11.37212298336,
    1.278943909075));
#4080 = CARTESIAN_POINT('',(-23.1033480442,-11.3726001043,1.231964286758
    ));
#4081 = CARTESIAN_POINT('',(-23.10027730733,-11.37276806559,
    1.216350602469));
#4082 = CARTESIAN_POINT('',(-23.09700243162,-11.37294465678,
    1.200760856647));
#4083 = CARTESIAN_POINT('',(-23.09352344832,-11.37312928895,
    1.185196930244));
#4084 = CARTESIAN_POINT('',(-23.08984039161,-11.37332132024,
    1.169660718447));
#4085 = CARTESIAN_POINT('',(-23.08595329852,-11.37352005586,
    1.154154130677));
#4086 = CARTESIAN_POINT('',(-23.08186220901,-11.37372474811,
    1.13867909059));
#4087 = CARTESIAN_POINT('',(-23.07543007772,-11.3740390107,
    1.115554268846));
#4088 = CARTESIAN_POINT('',(-23.07324249544,-11.37414470159,
    1.107879292526));
#4089 = CARTESIAN_POINT('',(-23.07100442438,-11.37425157042,
    1.100212846168));
#4090 = CARTESIAN_POINT('',(-23.06871587004,-11.37435951534,
    1.092555170037));
#4091 = CARTESIAN_POINT('',(-23.06637683815,-11.37446843132,
    1.084906505606));
#4092 = CARTESIAN_POINT('',(-23.06398733461,-11.37457821008,
    1.077267095567));
#4093 = CARTESIAN_POINT('',(-23.06154736557,-11.37468874014,
    1.069637183819));
#4094 = CARTESIAN_POINT('',(-23.05651103226,-11.37491354976,
    1.054227099882));
#4095 = CARTESIAN_POINT('',(-23.05391237631,-11.37502785874,
    1.046447318567));
#4096 = CARTESIAN_POINT('',(-23.0512611037,-11.37514270622,
    1.038678262929));
#4097 = CARTESIAN_POINT('',(-23.04855682254,-11.37525798163,
    1.03091916588));
#4098 = CARTESIAN_POINT('',(-23.0458002857,-11.3753735265,1.02317221642)
  );
#4099 = CARTESIAN_POINT('',(-23.04299059498,-11.37548924287,
    1.015435347071));
#4100 = CARTESIAN_POINT('',(-23.04012848063,-11.37560496628,
    1.00771068308));
#4101 = CARTESIAN_POINT('',(-23.0372136009,-11.37572057013,0.9999976));
#4102 = PCURVE('',#171,#4103);
#4103 = DEFINITIONAL_REPRESENTATION('',(#4104),#4135);
#4104 = B_SPLINE_CURVE_WITH_KNOTS('',8,(#4105,#4106,#4107,#4108,#4109,
    #4110,#4111,#4112,#4113,#4114,#4115,#4116,#4117,#4118,#4119,#4120,
    #4121,#4122,#4123,#4124,#4125,#4126,#4127,#4128,#4129,#4130,#4131,
    #4132,#4133,#4134),.UNSPECIFIED.,.F.,.F.,(9,7,7,7,9),(0.,
    0.499800777031,0.749124295343,0.873180407528,1.),.UNSPECIFIED.);
#4105 = CARTESIAN_POINT('',(1.249341185575,0.));
#4106 = CARTESIAN_POINT('',(1.249341185575,2.110186216989E-02));
#4107 = CARTESIAN_POINT('',(1.249323145098,4.220373021397E-02));
#4108 = CARTESIAN_POINT('',(1.249287064111,6.331013166541E-02));
#4109 = CARTESIAN_POINT('',(1.249232982731,8.442562785834E-02));
#4110 = CARTESIAN_POINT('',(1.249160981219,0.105554813928));
#4111 = CARTESIAN_POINT('',(1.249071179984,0.12670231881));
#4112 = CARTESIAN_POINT('',(1.248963739582,0.147872805241));
#4113 = CARTESIAN_POINT('',(1.248776565417,0.179645585091));
#4114 = CARTESIAN_POINT('',(1.248709930648,0.190227089698));
#4115 = CARTESIAN_POINT('',(1.248638981332,0.200816069582));
#4116 = CARTESIAN_POINT('',(1.248563744903,0.211413115704));
#4117 = CARTESIAN_POINT('',(1.248484251305,0.222018823992));
#4118 = CARTESIAN_POINT('',(1.248400532996,0.232633795334));
#4119 = CARTESIAN_POINT('',(1.248312624942,0.243258635583));
#4120 = CARTESIAN_POINT('',(1.248174758088,0.259185780633));
#4121 = CARTESIAN_POINT('',(1.248127923556,0.264480200243));
#4122 = CARTESIAN_POINT('',(1.24808006564,0.269777289698));
#4123 = CARTESIAN_POINT('',(1.248031189115,0.275077124685));
#4124 = CARTESIAN_POINT('',(1.247981298912,0.280379781268));
#4125 = CARTESIAN_POINT('',(1.247930400116,0.285685335882));
#4126 = CARTESIAN_POINT('',(1.24787849797,0.290993865338));
#4127 = CARTESIAN_POINT('',(1.247771519368,0.301735349366));
#4128 = CARTESIAN_POINT('',(1.247716413831,0.307168297831));
#4129 = CARTESIAN_POINT('',(1.247660177644,0.312605365473));
#4130 = CARTESIAN_POINT('',(1.247603160036,0.318043523828));
#4131 = CARTESIAN_POINT('',(1.247544725221,0.323488675832));
#4132 = CARTESIAN_POINT('',(1.247485658851,0.328933838117));
#4133 = CARTESIAN_POINT('',(1.24742534722,0.334384718706));
#4134 = CARTESIAN_POINT('',(1.247364095492,0.339838695499));
#4135 = ( GEOMETRIC_REPRESENTATION_CONTEXT(2) 
PARAMETRIC_REPRESENTATION_CONTEXT() REPRESENTATION_CONTEXT('2D SPACE',''
  ) );
#4136 = PCURVE('',#3691,#4137);
#4137 = DEFINITIONAL_REPRESENTATION('',(#4138),#4169);
#4138 = B_SPLINE_CURVE_WITH_KNOTS('',8,(#4139,#4140,#4141,#4142,#4143,
    #4144,#4145,#4146,#4147,#4148,#4149,#4150,#4151,#4152,#4153,#4154,
    #4155,#4156,#4157,#4158,#4159,#4160,#4161,#4162,#4163,#4164,#4165,
    #4166,#4167,#4168),.UNSPECIFIED.,.F.,.F.,(9,7,7,7,9),(0.,
    0.499800777031,0.749124295343,0.873180407528,1.),.UNSPECIFIED.);
#4139 = CARTESIAN_POINT('',(4.458802297269,-1.5));
#4140 = CARTESIAN_POINT('',(4.458802297269,-1.468347206745));
#4141 = CARTESIAN_POINT('',(4.458615328549,-1.436694472915));
#4142 = CARTESIAN_POINT('',(4.458241393717,-1.405056348718));
#4143 = CARTESIAN_POINT('',(4.457680516038,-1.373447468841));
#4144 = CARTESIAN_POINT('',(4.456932739434,-1.34188255244));
#4145 = CARTESIAN_POINT('',(4.455998128482,-1.310376403149));
#4146 = CARTESIAN_POINT('',(4.454876768416,-1.278943909075));
#4147 = CARTESIAN_POINT('',(4.452916273178,-1.231964286758));
#4148 = CARTESIAN_POINT('',(4.452217335307,-1.216350602469));
#4149 = CARTESIAN_POINT('',(4.45147196445,-1.200760856647));
#4150 = CARTESIAN_POINT('',(4.450680174438,-1.185196930244));
#4151 = CARTESIAN_POINT('',(4.449841979988,-1.169660718447));
#4152 = CARTESIAN_POINT('',(4.448957396708,-1.154154130677));
#4153 = CARTESIAN_POINT('',(4.448026441097,-1.13867909059));
#4154 = CARTESIAN_POINT('',(4.446562849307,-1.115554268846));
#4155 = CARTESIAN_POINT('',(4.446065091658,-1.107879292526));
#4156 = CARTESIAN_POINT('',(4.44555585972,-1.100212846168));
#4157 = CARTESIAN_POINT('',(4.445035155664,-1.092555170037));
#4158 = CARTESIAN_POINT('',(4.4445029817,-1.084906505606));
#4159 = CARTESIAN_POINT('',(4.44395934008,-1.077267095567));
#4160 = CARTESIAN_POINT('',(4.443404233095,-1.069637183819));
#4161 = CARTESIAN_POINT('',(4.442258472119,-1.054227099882));
#4162 = CARTESIAN_POINT('',(4.44166729751,-1.046447318567));
#4163 = CARTESIAN_POINT('',(4.44106417071,-1.038678262928));
#4164 = CARTESIAN_POINT('',(4.440449003516,-1.030919165881));
#4165 = CARTESIAN_POINT('',(4.439821968068,-1.023172216419));
#4166 = CARTESIAN_POINT('',(4.439182860959,-1.015435347071));
#4167 = CARTESIAN_POINT('',(4.43853184913,-1.00771068308));
#4168 = CARTESIAN_POINT('',(4.437868855663,-0.9999976));
#4169 = ( GEOMETRIC_REPRESENTATION_CONTEXT(2) 
PARAMETRIC_REPRESENTATION_CONTEXT() REPRESENTATION_CONTEXT('2D SPACE',''
  ) );
#4170 = ORIENTED_EDGE('',*,*,#3596,.T.);
#4171 = ORIENTED_EDGE('',*,*,#150,.F.);
#4172 = ORIENTED_EDGE('',*,*,#4173,.F.);
#4173 = EDGE_CURVE('',#4174,#151,#4176,.T.);
#4174 = VERTEX_POINT('',#4175);
#4175 = CARTESIAN_POINT('',(-12.5,-20.49626695506,6.968012471686E-06));
#4176 = SURFACE_CURVE('',#4177,(#4184,#4194),.PCURVE_S1.);
#4177 = B_SPLINE_CURVE_WITH_KNOTS('',3,(#4178,#4179,#4180,#4181,#4182,
    #4183),.UNSPECIFIED.,.F.,.F.,(4,1,1,4),(0.,0.242103033843,
    0.757283533699,1.),.UNSPECIFIED.);
#4178 = CARTESIAN_POINT('',(-12.5000024,-20.49626652729,
    6.969388472111E-06));
#4179 = CARTESIAN_POINT('',(-12.4981644246,-20.49656845424,
    5.842249490654E-06));
#4180 = CARTESIAN_POINT('',(-12.49241526501,-20.49751221168,
    2.746077505412E-06));
#4181 = CARTESIAN_POINT('',(-12.48482297811,-20.49875675091,
    4.260754468585E-07));
#4182 = CARTESIAN_POINT('',(-12.47906849877,-20.49969852836,
    -4.099950996744E-10));
#4183 = CARTESIAN_POINT('',(-12.47722560697,-20.49999998794,0.));
#4184 = PCURVE('',#171,#4185);
#4185 = DEFINITIONAL_REPRESENTATION('',(#4186),#4193);
#4186 = B_SPLINE_CURVE_WITH_KNOTS('',3,(#4187,#4188,#4189,#4190,#4191,
    #4192),.UNSPECIFIED.,.F.,.F.,(4,1,1,4),(0.,0.242103033843,
    0.757283533699,1.),.UNSPECIFIED.);
#4187 = CARTESIAN_POINT('',(0.3626297652,1.567747550476));
#4188 = CARTESIAN_POINT('',(0.362512022487,1.567994018918));
#4189 = CARTESIAN_POINT('',(0.362143748279,1.568765549079));
#4190 = CARTESIAN_POINT('',(0.361657274825,1.569781146122));
#4191 = CARTESIAN_POINT('',(0.361288528789,1.570550186176));
#4192 = CARTESIAN_POINT('',(0.361170430583,1.570796326795));
#4193 = ( GEOMETRIC_REPRESENTATION_CONTEXT(2) 
PARAMETRIC_REPRESENTATION_CONTEXT() REPRESENTATION_CONTEXT('2D SPACE',''
  ) );
#4194 = PCURVE('',#199,#4195);
#4195 = DEFINITIONAL_REPRESENTATION('',(#4196),#4203);
#4196 = B_SPLINE_CURVE_WITH_KNOTS('',3,(#4197,#4198,#4199,#4200,#4201,
    #4202),.UNSPECIFIED.,.F.,.F.,(4,1,1,4),(0.,0.242103033843,
    0.757283533699,1.),.UNSPECIFIED.);
#4197 = CARTESIAN_POINT('',(-1.567062857479,-2.4E-06));
#4198 = CARTESIAN_POINT('',(-1.567364786528,1.835575396135E-03));
#4199 = CARTESIAN_POINT('',(-1.56830854897,7.584734986247E-03));
#4200 = CARTESIAN_POINT('',(-1.569553089637,1.517702189004E-02));
#4201 = CARTESIAN_POINT('',(-1.570494867345,2.093150122549E-02));
#4202 = CARTESIAN_POINT('',(-1.570796326795,2.277439302632E-02));
#4203 = ( GEOMETRIC_REPRESENTATION_CONTEXT(2) 
PARAMETRIC_REPRESENTATION_CONTEXT() REPRESENTATION_CONTEXT('2D SPACE',''
  ) );
#4204 = ORIENTED_EDGE('',*,*,#4205,.T.);
#4205 = EDGE_CURVE('',#4174,#3932,#4206,.T.);
#4206 = SURFACE_CURVE('',#4207,(#4234,#4264),.PCURVE_S1.);
#4207 = B_SPLINE_CURVE_WITH_KNOTS('',5,(#4208,#4209,#4210,#4211,#4212,
    #4213,#4214,#4215,#4216,#4217,#4218,#4219,#4220,#4221,#4222,#4223,
    #4224,#4225,#4226,#4227,#4228,#4229,#4230,#4231,#4232,#4233),
  .UNSPECIFIED.,.F.,.F.,(6,4,4,4,4,4,6),(0.,0.192327547456,
    0.351065397208,0.537445519273,0.69032369375,0.853237401758,1.),
  .UNSPECIFIED.);
#4208 = CARTESIAN_POINT('',(-12.5,-20.49626695506,6.968012471797E-06));
#4209 = CARTESIAN_POINT('',(-12.63499605088,-20.4740937907,
    8.974305326969E-05));
#4210 = CARTESIAN_POINT('',(-12.76995394031,-20.45641576939,
    8.0392407711E-04));
#4211 = CARTESIAN_POINT('',(-12.90448420682,-20.44310399196,
    2.661241901684E-03));
#4212 = CARTESIAN_POINT('',(-13.03821980852,-20.433951569,
    6.317258090485E-03));
#4213 = CARTESIAN_POINT('',(-13.28019773362,-20.42441535227,
    1.751845578622E-02));
#4214 = CARTESIAN_POINT('',(-13.38880667476,-20.42277947251,
    2.427277754253E-02));
#4215 = CARTESIAN_POINT('',(-13.49640194521,-20.42368877673,
    3.310173201524E-02));
#4216 = CARTESIAN_POINT('',(-13.60272733212,-20.42700140086,
    4.440383010558E-02));
#4217 = CARTESIAN_POINT('',(-13.83045771779,-20.43909482498,
    7.519847139913E-02));
#4218 = CARTESIAN_POINT('',(-13.95125103156,-20.44872648464,
    9.577289020582E-02));
#4219 = CARTESIAN_POINT('',(-14.06935964835,-20.4612111777,
    0.120920899254));
#4220 = CARTESIAN_POINT('',(-14.18408047723,-20.47627060684,
    0.151247044573));
#4221 = CARTESIAN_POINT('',(-14.38508470319,-20.50777778234,
    0.216759789004));
#4222 = CARTESIAN_POINT('',(-14.47276370385,-20.52348797538,
    0.25008994877));
#4223 = CARTESIAN_POINT('',(-14.55703957615,-20.54053134865,
    0.287493208772));
#4224 = CARTESIAN_POINT('',(-14.63726159086,-20.55869794381,
    0.329163980539));
#4225 = CARTESIAN_POINT('',(-14.79304945658,-20.59806385352,
    0.424129532068));
#4226 = CARTESIAN_POINT('',(-14.86796187837,-20.61938347835,
    0.478006803571));
#4227 = CARTESIAN_POINT('',(-14.93650199472,-20.64143228991,
    0.536802928914));
#4228 = CARTESIAN_POINT('',(-14.99758679686,-20.6638869819,
    0.600316678886));
#4229 = CARTESIAN_POINT('',(-15.09760057106,-20.70678655565,
    0.728851465256));
#4230 = CARTESIAN_POINT('',(-15.13813062047,-20.72721236808,
    0.793104859074));
#4231 = CARTESIAN_POINT('',(-15.17103826996,-20.74751289223,
    0.860229976802));
#4232 = CARTESIAN_POINT('',(-15.19566718641,-20.76750829929,
    0.929516014336));
#4233 = CARTESIAN_POINT('',(-15.21167436463,-20.7871236068,1.));
#4234 = PCURVE('',#171,#4235);
#4235 = DEFINITIONAL_REPRESENTATION('',(#4236),#4263);
#4236 = B_SPLINE_CURVE_WITH_KNOTS('',5,(#4237,#4238,#4239,#4240,#4241,
    #4242,#4243,#4244,#4245,#4246,#4247,#4248,#4249,#4250,#4251,#4252,
    #4253,#4254,#4255,#4256,#4257,#4258,#4259,#4260,#4261,#4262),
  .UNSPECIFIED.,.F.,.F.,(6,4,4,4,4,4,6),(0.,0.192327547456,
    0.351065397208,0.537445519273,0.69032369375,0.853237401758,1.),
  .UNSPECIFIED.);
#4237 = CARTESIAN_POINT('',(0.36262962776,1.567748248045));
#4238 = CARTESIAN_POINT('',(0.371277558261,1.549643819514));
#4239 = CARTESIAN_POINT('',(0.379782480274,1.527778979718));
#4240 = CARTESIAN_POINT('',(0.388110690202,1.502368502723));
#4241 = CARTESIAN_POINT('',(0.396235107486,1.473660252181));
#4242 = CARTESIAN_POINT('',(0.410651504869,1.415589477391));
#4243 = CARTESIAN_POINT('',(0.417015314751,1.387218562909));
#4244 = CARTESIAN_POINT('',(0.423211711895,1.356842925853));
#4245 = CARTESIAN_POINT('',(0.429227451557,1.324557637912));
#4246 = CARTESIAN_POINT('',(0.441883413469,1.250364129366));
#4247 = CARTESIAN_POINT('',(0.44844922432,1.207763646132));
#4248 = CARTESIAN_POINT('',(0.454723970843,1.162740598437));
#4249 = CARTESIAN_POINT('',(0.46067842507,1.115390793886));
#4250 = CARTESIAN_POINT('',(0.47087101762,1.025116902077));
#4251 = CARTESIAN_POINT('',(0.475224799476,0.982931235313));
#4252 = CARTESIAN_POINT('',(0.479319942321,0.939288250592));
#4253 = CARTESIAN_POINT('',(0.483132002464,0.89425315961));
#4254 = CARTESIAN_POINT('',(0.490365262986,0.798551950443));
#4255 = CARTESIAN_POINT('',(0.493744287283,0.747710995596));
#4256 = CARTESIAN_POINT('',(0.496737222036,0.695528536919));
#4257 = CARTESIAN_POINT('',(0.499305259497,0.642192857037));
#4258 = CARTESIAN_POINT('',(0.503310631105,0.539205707225));
#4259 = CARTESIAN_POINT('',(0.50483499705,0.489708269756));
#4260 = CARTESIAN_POINT('',(0.505958708498,0.439766696486));
#4261 = CARTESIAN_POINT('',(0.506658735768,0.389676622056));
#4262 = CARTESIAN_POINT('',(0.506923077203,0.339836917683));
#4263 = ( GEOMETRIC_REPRESENTATION_CONTEXT(2) 
PARAMETRIC_REPRESENTATION_CONTEXT() REPRESENTATION_CONTEXT('2D SPACE',''
  ) );
#4264 = PCURVE('',#232,#4265);
#4265 = DEFINITIONAL_REPRESENTATION('',(#4266),#4293);
#4266 = B_SPLINE_CURVE_WITH_KNOTS('',5,(#4267,#4268,#4269,#4270,#4271,
    #4272,#4273,#4274,#4275,#4276,#4277,#4278,#4279,#4280,#4281,#4282,
    #4283,#4284,#4285,#4286,#4287,#4288,#4289,#4290,#4291,#4292),
  .UNSPECIFIED.,.F.,.F.,(6,4,4,4,4,4,6),(0.,0.192327547456,
    0.351065397208,0.537445519273,0.69032369375,0.853237401758,1.),
  .UNSPECIFIED.);
#4267 = CARTESIAN_POINT('',(1.570796326795,1.567063226056));
#4268 = CARTESIAN_POINT('',(1.516878418647,1.544889907186));
#4269 = CARTESIAN_POINT('',(1.464169378598,1.518110783236));
#4270 = CARTESIAN_POINT('',(1.412941127997,1.486987054317));
#4271 = CARTESIAN_POINT('',(1.363382127145,1.451815234116));
#4272 = CARTESIAN_POINT('',(1.276176355201,1.380619115773));
#4273 = CARTESIAN_POINT('',(1.23796319691,1.345818564582));
#4274 = CARTESIAN_POINT('',(1.201032247778,1.308531511952));
#4275 = CARTESIAN_POINT('',(1.165430001857,1.268857061863));
#4276 = CARTESIAN_POINT('',(1.090981968503,1.177533210244));
#4277 = CARTESIAN_POINT('',(1.052655283667,1.125007118996));
#4278 = CARTESIAN_POINT('',(1.016254592648,1.069363114945));
#4279 = CARTESIAN_POINT('',(0.981832025921,1.010654271862));
#4280 = CARTESIAN_POINT('',(0.922863659835,0.898204579944));
#4281 = CARTESIAN_POINT('',(0.897657441002,0.845472664175));
#4282 = CARTESIAN_POINT('',(0.873846342501,0.790683175385));
#4283 = CARTESIAN_POINT('',(0.851472215,0.733840321629));
#4284 = CARTESIAN_POINT('',(0.808319665726,0.612204242679));
#4285 = CARTESIAN_POINT('',(0.787742868059,0.547134951933));
#4286 = CARTESIAN_POINT('',(0.768911668822,0.479773547353));
#4287 = CARTESIAN_POINT('',(0.751900663785,0.410177970752));
#4288 = CARTESIAN_POINT('',(0.72315670398,0.273910962617));
#4289 = CARTESIAN_POINT('',(0.711066381262,0.207626976035));
#4290 = CARTESIAN_POINT('',(0.700563367865,0.139769379298));
#4291 = CARTESIAN_POINT('',(0.691688073943,7.048398566378E-02));
#4292 = CARTESIAN_POINT('',(0.684454422182,0.));
#4293 = ( GEOMETRIC_REPRESENTATION_CONTEXT(2) 
PARAMETRIC_REPRESENTATION_CONTEXT() REPRESENTATION_CONTEXT('2D SPACE',''
  ) );
#4294 = ADVANCED_FACE('',(#4295),#1457,.T.);
#4295 = FACE_BOUND('',#4296,.T.);
#4296 = EDGE_LOOP('',(#4297,#4298,#4322,#4342));
#4297 = ORIENTED_EDGE('',*,*,#3708,.F.);
#4298 = ORIENTED_EDGE('',*,*,#4299,.T.);
#4299 = EDGE_CURVE('',#3709,#4300,#4302,.T.);
#4300 = VERTEX_POINT('',#4301);
#4301 = CARTESIAN_POINT('',(-18.46201382553,21.947049844738,1.));
#4302 = SURFACE_CURVE('',#4303,(#4308,#4315),.PCURVE_S1.);
#4303 = CIRCLE('',#4304,4.4);
#4304 = AXIS2_PLACEMENT_3D('',#4305,#4306,#4307);
#4305 = CARTESIAN_POINT('',(-14.15816438418,21.032238405539,1.));
#4306 = DIRECTION('',(0.,-0.,-1.));
#4307 = DIRECTION('',(-0.207911690818,-0.978147600734,0.));
#4308 = PCURVE('',#1457,#4309);
#4309 = DEFINITIONAL_REPRESENTATION('',(#4310),#4314);
#4310 = LINE('',#4311,#4312);
#4311 = CARTESIAN_POINT('',(0.,0.));
#4312 = VECTOR('',#4313,1.);
#4313 = DIRECTION('',(1.,0.));
#4314 = ( GEOMETRIC_REPRESENTATION_CONTEXT(2) 
PARAMETRIC_REPRESENTATION_CONTEXT() REPRESENTATION_CONTEXT('2D SPACE',''
  ) );
#4315 = PCURVE('',#3887,#4316);
#4316 = DEFINITIONAL_REPRESENTATION('',(#4317),#4321);
#4317 = LINE('',#4318,#4319);
#4318 = CARTESIAN_POINT('',(-4.712388980385,-1.));
#4319 = VECTOR('',#4320,1.);
#4320 = DIRECTION('',(1.,-0.));
#4321 = ( GEOMETRIC_REPRESENTATION_CONTEXT(2) 
PARAMETRIC_REPRESENTATION_CONTEXT() REPRESENTATION_CONTEXT('2D SPACE',''
  ) );
#4322 = ORIENTED_EDGE('',*,*,#4323,.T.);
#4323 = EDGE_CURVE('',#4300,#1409,#4324,.T.);
#4324 = SURFACE_CURVE('',#4325,(#4330,#4336),.PCURVE_S1.);
#4325 = CIRCLE('',#4326,1.);
#4326 = AXIS2_PLACEMENT_3D('',#4327,#4328,#4329);
#4327 = CARTESIAN_POINT('',(-17.4838662248,21.73913815392,1.));
#4328 = DIRECTION('',(-0.207911690818,-0.978147600734,-0.));
#4329 = DIRECTION('',(-0.978147600734,0.207911690818,0.));
#4330 = PCURVE('',#1457,#4331);
#4331 = DEFINITIONAL_REPRESENTATION('',(#4332),#4335);
#4332 = B_SPLINE_CURVE_WITH_KNOTS('',1,(#4333,#4334),.UNSPECIFIED.,.F.,
  .F.,(2,2),(0.,1.570796326795),.PIECEWISE_BEZIER_KNOTS.);
#4333 = CARTESIAN_POINT('',(1.570796326795,0.));
#4334 = CARTESIAN_POINT('',(1.570796326795,1.570796326795));
#4335 = ( GEOMETRIC_REPRESENTATION_CONTEXT(2) 
PARAMETRIC_REPRESENTATION_CONTEXT() REPRESENTATION_CONTEXT('2D SPACE',''
  ) );
#4336 = PCURVE('',#1424,#4337);
#4337 = DEFINITIONAL_REPRESENTATION('',(#4338),#4341);
#4338 = B_SPLINE_CURVE_WITH_KNOTS('',1,(#4339,#4340),.UNSPECIFIED.,.F.,
  .F.,(2,2),(0.,1.570796326795),.PIECEWISE_BEZIER_KNOTS.);
#4339 = CARTESIAN_POINT('',(0.,0.));
#4340 = CARTESIAN_POINT('',(-1.570796326795,0.));
#4341 = ( GEOMETRIC_REPRESENTATION_CONTEXT(2) 
PARAMETRIC_REPRESENTATION_CONTEXT() REPRESENTATION_CONTEXT('2D SPACE',''
  ) );
#4342 = ORIENTED_EDGE('',*,*,#1436,.F.);
#4343 = ADVANCED_FACE('',(#4344),#199,.T.);
#4344 = FACE_BOUND('',#4345,.F.);
#4345 = EDGE_LOOP('',(#4346,#4347,#4367));
#4346 = ORIENTED_EDGE('',*,*,#4173,.F.);
#4347 = ORIENTED_EDGE('',*,*,#4348,.T.);
#4348 = EDGE_CURVE('',#4174,#184,#4349,.T.);
#4349 = SURFACE_CURVE('',#4350,(#4355,#4361),.PCURVE_S1.);
#4350 = CIRCLE('',#4351,1.);
#4351 = AXIS2_PLACEMENT_3D('',#4352,#4353,#4354);
#4352 = CARTESIAN_POINT('',(-12.5,-20.50000004713,1.));
#4353 = DIRECTION('',(-1.,-6.123233995737E-17,0.));
#4354 = DIRECTION('',(-6.123233995737E-17,1.,0.));
#4355 = PCURVE('',#199,#4356);
#4356 = DEFINITIONAL_REPRESENTATION('',(#4357),#4360);
#4357 = B_SPLINE_CURVE_WITH_KNOTS('',1,(#4358,#4359),.UNSPECIFIED.,.F.,
  .F.,(2,2),(0.,1.570796326795),.PIECEWISE_BEZIER_KNOTS.);
#4358 = CARTESIAN_POINT('',(0.,0.));
#4359 = CARTESIAN_POINT('',(-1.570796326795,0.));
#4360 = ( GEOMETRIC_REPRESENTATION_CONTEXT(2) 
PARAMETRIC_REPRESENTATION_CONTEXT() REPRESENTATION_CONTEXT('2D SPACE',''
  ) );
#4361 = PCURVE('',#232,#4362);
#4362 = DEFINITIONAL_REPRESENTATION('',(#4363),#4366);
#4363 = B_SPLINE_CURVE_WITH_KNOTS('',1,(#4364,#4365),.UNSPECIFIED.,.F.,
  .F.,(2,2),(0.,1.570796326795),.PIECEWISE_BEZIER_KNOTS.);
#4364 = CARTESIAN_POINT('',(1.570796326795,0.));
#4365 = CARTESIAN_POINT('',(1.570796326795,1.570796326795));
#4366 = ( GEOMETRIC_REPRESENTATION_CONTEXT(2) 
PARAMETRIC_REPRESENTATION_CONTEXT() REPRESENTATION_CONTEXT('2D SPACE',''
  ) );
#4367 = ORIENTED_EDGE('',*,*,#183,.T.);
#4368 = ADVANCED_FACE('',(#4369),#1424,.T.);
#4369 = FACE_BOUND('',#4370,.F.);
#4370 = EDGE_LOOP('',(#4371,#4372,#4373,#4395));
#4371 = ORIENTED_EDGE('',*,*,#4323,.T.);
#4372 = ORIENTED_EDGE('',*,*,#1408,.T.);
#4373 = ORIENTED_EDGE('',*,*,#4374,.F.);
#4374 = EDGE_CURVE('',#4375,#1376,#4377,.T.);
#4375 = VERTEX_POINT('',#4376);
#4376 = CARTESIAN_POINT('',(-16.34131457919,31.924155372223,1.));
#4377 = SURFACE_CURVE('',#4378,(#4383,#4389),.PCURVE_S1.);
#4378 = CIRCLE('',#4379,1.);
#4379 = AXIS2_PLACEMENT_3D('',#4380,#4381,#4382);
#4380 = CARTESIAN_POINT('',(-15.36316697846,31.716243681405,1.));
#4381 = DIRECTION('',(-0.207911690818,-0.978147600734,-0.));
#4382 = DIRECTION('',(-0.978147600734,0.207911690818,0.));
#4383 = PCURVE('',#1424,#4384);
#4384 = DEFINITIONAL_REPRESENTATION('',(#4385),#4388);
#4385 = B_SPLINE_CURVE_WITH_KNOTS('',1,(#4386,#4387),.UNSPECIFIED.,.F.,
  .F.,(2,2),(0.,1.570796326795),.PIECEWISE_BEZIER_KNOTS.);
#4386 = CARTESIAN_POINT('',(0.,10.2));
#4387 = CARTESIAN_POINT('',(-1.570796326795,10.2));
#4388 = ( GEOMETRIC_REPRESENTATION_CONTEXT(2) 
PARAMETRIC_REPRESENTATION_CONTEXT() REPRESENTATION_CONTEXT('2D SPACE',''
  ) );
#4389 = PCURVE('',#1396,#4390);
#4390 = DEFINITIONAL_REPRESENTATION('',(#4391),#4394);
#4391 = B_SPLINE_CURVE_WITH_KNOTS('',1,(#4392,#4393),.UNSPECIFIED.,.F.,
  .F.,(2,2),(0.,1.570796326795),.PIECEWISE_BEZIER_KNOTS.);
#4392 = CARTESIAN_POINT('',(0.,0.));
#4393 = CARTESIAN_POINT('',(0.,1.570796326795));
#4394 = ( GEOMETRIC_REPRESENTATION_CONTEXT(2) 
PARAMETRIC_REPRESENTATION_CONTEXT() REPRESENTATION_CONTEXT('2D SPACE',''
  ) );
#4395 = ORIENTED_EDGE('',*,*,#4396,.F.);
#4396 = EDGE_CURVE('',#4300,#4375,#4397,.T.);
#4397 = SURFACE_CURVE('',#4398,(#4402,#4409),.PCURVE_S1.);
#4398 = LINE('',#4399,#4400);
#4399 = CARTESIAN_POINT('',(-18.46201382553,21.947049844738,1.));
#4400 = VECTOR('',#4401,1.);
#4401 = DIRECTION('',(0.207911690818,0.978147600734,0.));
#4402 = PCURVE('',#1424,#4403);
#4403 = DEFINITIONAL_REPRESENTATION('',(#4404),#4408);
#4404 = LINE('',#4405,#4406);
#4405 = CARTESIAN_POINT('',(-0.,0.));
#4406 = VECTOR('',#4407,1.);
#4407 = DIRECTION('',(-0.,1.));
#4408 = ( GEOMETRIC_REPRESENTATION_CONTEXT(2) 
PARAMETRIC_REPRESENTATION_CONTEXT() REPRESENTATION_CONTEXT('2D SPACE',''
  ) );
#4409 = PCURVE('',#4410,#4415);
#4410 = PLANE('',#4411);
#4411 = AXIS2_PLACEMENT_3D('',#4412,#4413,#4414);
#4412 = CARTESIAN_POINT('',(-18.46201382553,21.947049844738,0.));
#4413 = DIRECTION('',(-0.978147600734,0.207911690818,0.));
#4414 = DIRECTION('',(0.207911690818,0.978147600734,0.));
#4415 = DEFINITIONAL_REPRESENTATION('',(#4416),#4420);
#4416 = LINE('',#4417,#4418);
#4417 = CARTESIAN_POINT('',(0.,-1.));
#4418 = VECTOR('',#4419,1.);
#4419 = DIRECTION('',(1.,0.));
#4420 = ( GEOMETRIC_REPRESENTATION_CONTEXT(2) 
PARAMETRIC_REPRESENTATION_CONTEXT() REPRESENTATION_CONTEXT('2D SPACE',''
  ) );
#4421 = ADVANCED_FACE('',(#4422),#232,.T.);
#4422 = FACE_BOUND('',#4423,.T.);
#4423 = EDGE_LOOP('',(#4424,#4446,#4468,#4469,#4470));
#4424 = ORIENTED_EDGE('',*,*,#4425,.F.);
#4425 = EDGE_CURVE('',#4426,#212,#4428,.T.);
#4426 = VERTEX_POINT('',#4427);
#4427 = CARTESIAN_POINT('',(-16.,-23.00000004713,1.));
#4428 = SURFACE_CURVE('',#4429,(#4434,#4440),.PCURVE_S1.);
#4429 = CIRCLE('',#4430,1.);
#4430 = AXIS2_PLACEMENT_3D('',#4431,#4432,#4433);
#4431 = CARTESIAN_POINT('',(-15.,-23.00000004713,1.));
#4432 = DIRECTION('',(-0.,-1.,-0.));
#4433 = DIRECTION('',(-1.,0.,0.));
#4434 = PCURVE('',#232,#4435);
#4435 = DEFINITIONAL_REPRESENTATION('',(#4436),#4439);
#4436 = B_SPLINE_CURVE_WITH_KNOTS('',1,(#4437,#4438),.UNSPECIFIED.,.F.,
  .F.,(2,2),(0.,1.570796326795),.PIECEWISE_BEZIER_KNOTS.);
#4437 = CARTESIAN_POINT('',(0.,0.));
#4438 = CARTESIAN_POINT('',(0.,1.570796326795));
#4439 = ( GEOMETRIC_REPRESENTATION_CONTEXT(2) 
PARAMETRIC_REPRESENTATION_CONTEXT() REPRESENTATION_CONTEXT('2D SPACE',''
  ) );
#4440 = PCURVE('',#260,#4441);
#4441 = DEFINITIONAL_REPRESENTATION('',(#4442),#4445);
#4442 = B_SPLINE_CURVE_WITH_KNOTS('',1,(#4443,#4444),.UNSPECIFIED.,.F.,
  .F.,(2,2),(0.,1.570796326795),.PIECEWISE_BEZIER_KNOTS.);
#4443 = CARTESIAN_POINT('',(0.,1.999999964923));
#4444 = CARTESIAN_POINT('',(-1.570796326795,1.999999964923));
#4445 = ( GEOMETRIC_REPRESENTATION_CONTEXT(2) 
PARAMETRIC_REPRESENTATION_CONTEXT() REPRESENTATION_CONTEXT('2D SPACE',''
  ) );
#4446 = ORIENTED_EDGE('',*,*,#4447,.T.);
#4447 = EDGE_CURVE('',#4426,#3932,#4448,.T.);
#4448 = SURFACE_CURVE('',#4449,(#4454,#4461),.PCURVE_S1.);
#4449 = CIRCLE('',#4450,3.5);
#4450 = AXIS2_PLACEMENT_3D('',#4451,#4452,#4453);
#4451 = CARTESIAN_POINT('',(-12.5,-23.00000004713,1.));
#4452 = DIRECTION('',(-0.,0.,-1.));
#4453 = DIRECTION('',(-1.,0.,0.));
#4454 = PCURVE('',#232,#4455);
#4455 = DEFINITIONAL_REPRESENTATION('',(#4456),#4460);
#4456 = LINE('',#4457,#4458);
#4457 = CARTESIAN_POINT('',(0.,0.));
#4458 = VECTOR('',#4459,1.);
#4459 = DIRECTION('',(1.,0.));
#4460 = ( GEOMETRIC_REPRESENTATION_CONTEXT(2) 
PARAMETRIC_REPRESENTATION_CONTEXT() REPRESENTATION_CONTEXT('2D SPACE',''
  ) );
#4461 = PCURVE('',#4001,#4462);
#4462 = DEFINITIONAL_REPRESENTATION('',(#4463),#4467);
#4463 = LINE('',#4464,#4465);
#4464 = CARTESIAN_POINT('',(-3.14159265359,-1.));
#4465 = VECTOR('',#4466,1.);
#4466 = DIRECTION('',(1.,-0.));
#4467 = ( GEOMETRIC_REPRESENTATION_CONTEXT(2) 
PARAMETRIC_REPRESENTATION_CONTEXT() REPRESENTATION_CONTEXT('2D SPACE',''
  ) );
#4468 = ORIENTED_EDGE('',*,*,#4205,.F.);
#4469 = ORIENTED_EDGE('',*,*,#4348,.T.);
#4470 = ORIENTED_EDGE('',*,*,#211,.F.);
#4471 = ADVANCED_FACE('',(#4472),#1396,.T.);
#4472 = FACE_BOUND('',#4473,.T.);
#4473 = EDGE_LOOP('',(#4474,#4475,#4504,#4524));
#4474 = ORIENTED_EDGE('',*,*,#4374,.F.);
#4475 = ORIENTED_EDGE('',*,*,#4476,.T.);
#4476 = EDGE_CURVE('',#4375,#4477,#4479,.T.);
#4477 = VERTEX_POINT('',#4478);
#4478 = CARTESIAN_POINT('',(-11.12265369824,35.313193376252,1.));
#4479 = SURFACE_CURVE('',#4480,(#4485,#4492),.PCURVE_S1.);
#4480 = CIRCLE('',#4481,4.4);
#4481 = AXIS2_PLACEMENT_3D('',#4482,#4483,#4484);
#4482 = CARTESIAN_POINT('',(-12.03746513784,31.009343933024,1.));
#4483 = DIRECTION('',(0.,0.,-1.));
#4484 = DIRECTION('',(-0.978147600734,0.207911690818,-0.));
#4485 = PCURVE('',#1396,#4486);
#4486 = DEFINITIONAL_REPRESENTATION('',(#4487),#4491);
#4487 = LINE('',#4488,#4489);
#4488 = CARTESIAN_POINT('',(0.,0.));
#4489 = VECTOR('',#4490,1.);
#4490 = DIRECTION('',(1.,0.));
#4491 = ( GEOMETRIC_REPRESENTATION_CONTEXT(2) 
PARAMETRIC_REPRESENTATION_CONTEXT() REPRESENTATION_CONTEXT('2D SPACE',''
  ) );
#4492 = PCURVE('',#4493,#4498);
#4493 = CYLINDRICAL_SURFACE('',#4494,4.4);
#4494 = AXIS2_PLACEMENT_3D('',#4495,#4496,#4497);
#4495 = CARTESIAN_POINT('',(-12.03746513784,31.009343933024,0.));
#4496 = DIRECTION('',(-0.,0.,-1.));
#4497 = DIRECTION('',(0.978147600734,-0.207911690818,0.));
#4498 = DEFINITIONAL_REPRESENTATION('',(#4499),#4503);
#4499 = LINE('',#4500,#4501);
#4500 = CARTESIAN_POINT('',(-3.14159265359,-1.));
#4501 = VECTOR('',#4502,1.);
#4502 = DIRECTION('',(1.,-0.));
#4503 = ( GEOMETRIC_REPRESENTATION_CONTEXT(2) 
PARAMETRIC_REPRESENTATION_CONTEXT() REPRESENTATION_CONTEXT('2D SPACE',''
  ) );
#4504 = ORIENTED_EDGE('',*,*,#4505,.T.);
#4505 = EDGE_CURVE('',#4477,#1348,#4506,.T.);
#4506 = SURFACE_CURVE('',#4507,(#4512,#4518),.PCURVE_S1.);
#4507 = CIRCLE('',#4508,1.);
#4508 = AXIS2_PLACEMENT_3D('',#4509,#4510,#4511);
#4509 = CARTESIAN_POINT('',(-11.33056538906,34.335045775518,1.));
#4510 = DIRECTION('',(-0.978147600734,0.207911690818,0.));
#4511 = DIRECTION('',(0.207911690818,0.978147600734,0.));
#4512 = PCURVE('',#1396,#4513);
#4513 = DEFINITIONAL_REPRESENTATION('',(#4514),#4517);
#4514 = B_SPLINE_CURVE_WITH_KNOTS('',1,(#4515,#4516),.UNSPECIFIED.,.F.,
  .F.,(2,2),(0.,1.570796326795),.PIECEWISE_BEZIER_KNOTS.);
#4515 = CARTESIAN_POINT('',(1.570796326795,0.));
#4516 = CARTESIAN_POINT('',(1.570796326795,1.570796326795));
#4517 = ( GEOMETRIC_REPRESENTATION_CONTEXT(2) 
PARAMETRIC_REPRESENTATION_CONTEXT() REPRESENTATION_CONTEXT('2D SPACE',''
  ) );
#4518 = PCURVE('',#1363,#4519);
#4519 = DEFINITIONAL_REPRESENTATION('',(#4520),#4523);
#4520 = B_SPLINE_CURVE_WITH_KNOTS('',1,(#4521,#4522),.UNSPECIFIED.,.F.,
  .F.,(2,2),(0.,1.570796326795),.PIECEWISE_BEZIER_KNOTS.);
#4521 = CARTESIAN_POINT('',(0.,2.775557561563E-17));
#4522 = CARTESIAN_POINT('',(-1.570796326795,2.775557561563E-17));
#4523 = ( GEOMETRIC_REPRESENTATION_CONTEXT(2) 
PARAMETRIC_REPRESENTATION_CONTEXT() REPRESENTATION_CONTEXT('2D SPACE',''
  ) );
#4524 = ORIENTED_EDGE('',*,*,#1375,.F.);
#4525 = ADVANCED_FACE('',(#4526),#260,.T.);
#4526 = FACE_BOUND('',#4527,.F.);
#4527 = EDGE_LOOP('',(#4528,#4550,#4551,#4552));
#4528 = ORIENTED_EDGE('',*,*,#4529,.T.);
#4529 = EDGE_CURVE('',#4530,#245,#4532,.T.);
#4530 = VERTEX_POINT('',#4531);
#4531 = CARTESIAN_POINT('',(-16.,-25.00000001205,1.));
#4532 = SURFACE_CURVE('',#4533,(#4538,#4544),.PCURVE_S1.);
#4533 = CIRCLE('',#4534,1.);
#4534 = AXIS2_PLACEMENT_3D('',#4535,#4536,#4537);
#4535 = CARTESIAN_POINT('',(-15.,-25.00000001205,1.));
#4536 = DIRECTION('',(-0.,-1.,-0.));
#4537 = DIRECTION('',(-1.,0.,0.));
#4538 = PCURVE('',#260,#4539);
#4539 = DEFINITIONAL_REPRESENTATION('',(#4540),#4543);
#4540 = B_SPLINE_CURVE_WITH_KNOTS('',1,(#4541,#4542),.UNSPECIFIED.,.F.,
  .F.,(2,2),(0.,1.570796326795),.PIECEWISE_BEZIER_KNOTS.);
#4541 = CARTESIAN_POINT('',(0.,-3.10862446895E-15));
#4542 = CARTESIAN_POINT('',(-1.570796326795,-3.10862446895E-15));
#4543 = ( GEOMETRIC_REPRESENTATION_CONTEXT(2) 
PARAMETRIC_REPRESENTATION_CONTEXT() REPRESENTATION_CONTEXT('2D SPACE',''
  ) );
#4544 = PCURVE('',#293,#4545);
#4545 = DEFINITIONAL_REPRESENTATION('',(#4546),#4549);
#4546 = B_SPLINE_CURVE_WITH_KNOTS('',1,(#4547,#4548),.UNSPECIFIED.,.F.,
  .F.,(2,2),(0.,1.570796326795),.PIECEWISE_BEZIER_KNOTS.);
#4547 = CARTESIAN_POINT('',(1.570796326795,0.));
#4548 = CARTESIAN_POINT('',(1.570796326795,1.570796326795));
#4549 = ( GEOMETRIC_REPRESENTATION_CONTEXT(2) 
PARAMETRIC_REPRESENTATION_CONTEXT() REPRESENTATION_CONTEXT('2D SPACE',''
  ) );
#4550 = ORIENTED_EDGE('',*,*,#244,.T.);
#4551 = ORIENTED_EDGE('',*,*,#4425,.F.);
#4552 = ORIENTED_EDGE('',*,*,#4553,.F.);
#4553 = EDGE_CURVE('',#4530,#4426,#4554,.T.);
#4554 = SURFACE_CURVE('',#4555,(#4559,#4566),.PCURVE_S1.);
#4555 = LINE('',#4556,#4557);
#4556 = CARTESIAN_POINT('',(-16.,-25.00000001205,1.));
#4557 = VECTOR('',#4558,1.);
#4558 = DIRECTION('',(0.,1.,0.));
#4559 = PCURVE('',#260,#4560);
#4560 = DEFINITIONAL_REPRESENTATION('',(#4561),#4565);
#4561 = LINE('',#4562,#4563);
#4562 = CARTESIAN_POINT('',(-0.,0.));
#4563 = VECTOR('',#4564,1.);
#4564 = DIRECTION('',(-0.,1.));
#4565 = ( GEOMETRIC_REPRESENTATION_CONTEXT(2) 
PARAMETRIC_REPRESENTATION_CONTEXT() REPRESENTATION_CONTEXT('2D SPACE',''
  ) );
#4566 = PCURVE('',#4567,#4572);
#4567 = PLANE('',#4568);
#4568 = AXIS2_PLACEMENT_3D('',#4569,#4570,#4571);
#4569 = CARTESIAN_POINT('',(-16.,-25.00000001205,0.));
#4570 = DIRECTION('',(-1.,0.,0.));
#4571 = DIRECTION('',(0.,1.,0.));
#4572 = DEFINITIONAL_REPRESENTATION('',(#4573),#4577);
#4573 = LINE('',#4574,#4575);
#4574 = CARTESIAN_POINT('',(3.552713678801E-15,-1.));
#4575 = VECTOR('',#4576,1.);
#4576 = DIRECTION('',(1.,0.));
#4577 = ( GEOMETRIC_REPRESENTATION_CONTEXT(2) 
PARAMETRIC_REPRESENTATION_CONTEXT() REPRESENTATION_CONTEXT('2D SPACE',''
  ) );
#4578 = ADVANCED_FACE('',(#4579),#1363,.T.);
#4579 = FACE_BOUND('',#4580,.F.);
#4580 = EDGE_LOOP('',(#4581,#4582,#4583,#4605));
#4581 = ORIENTED_EDGE('',*,*,#4505,.T.);
#4582 = ORIENTED_EDGE('',*,*,#1347,.T.);
#4583 = ORIENTED_EDGE('',*,*,#4584,.F.);
#4584 = EDGE_CURVE('',#4585,#1315,#4587,.T.);
#4585 = VERTEX_POINT('',#4586);
#4586 = CARTESIAN_POINT('',(-10.9270241999,35.271611042723,1.));
#4587 = SURFACE_CURVE('',#4588,(#4593,#4599),.PCURVE_S1.);
#4588 = CIRCLE('',#4589,1.);
#4589 = AXIS2_PLACEMENT_3D('',#4590,#4591,#4592);
#4590 = CARTESIAN_POINT('',(-11.13493589071,34.293463441989,1.));
#4591 = DIRECTION('',(-0.978147600734,0.207911690818,0.));
#4592 = DIRECTION('',(0.207911690818,0.978147600734,0.));
#4593 = PCURVE('',#1363,#4594);
#4594 = DEFINITIONAL_REPRESENTATION('',(#4595),#4598);
#4595 = B_SPLINE_CURVE_WITH_KNOTS('',1,(#4596,#4597),.UNSPECIFIED.,.F.,
  .F.,(2,2),(0.,1.570796326795),.PIECEWISE_BEZIER_KNOTS.);
#4596 = CARTESIAN_POINT('',(0.,0.199999977709));
#4597 = CARTESIAN_POINT('',(-1.570796326795,0.199999977709));
#4598 = ( GEOMETRIC_REPRESENTATION_CONTEXT(2) 
PARAMETRIC_REPRESENTATION_CONTEXT() REPRESENTATION_CONTEXT('2D SPACE',''
  ) );
#4599 = PCURVE('',#1335,#4600);
#4600 = DEFINITIONAL_REPRESENTATION('',(#4601),#4604);
#4601 = B_SPLINE_CURVE_WITH_KNOTS('',1,(#4602,#4603),.UNSPECIFIED.,.F.,
  .F.,(2,2),(0.,1.570796326795),.PIECEWISE_BEZIER_KNOTS.);
#4602 = CARTESIAN_POINT('',(0.,0.));
#4603 = CARTESIAN_POINT('',(0.,1.570796326795));
#4604 = ( GEOMETRIC_REPRESENTATION_CONTEXT(2) 
PARAMETRIC_REPRESENTATION_CONTEXT() REPRESENTATION_CONTEXT('2D SPACE',''
  ) );
#4605 = ORIENTED_EDGE('',*,*,#4606,.F.);
#4606 = EDGE_CURVE('',#4477,#4585,#4607,.T.);
#4607 = SURFACE_CURVE('',#4608,(#4612,#4619),.PCURVE_S1.);
#4608 = LINE('',#4609,#4610);
#4609 = CARTESIAN_POINT('',(-11.12265369824,35.313193376252,1.));
#4610 = VECTOR('',#4611,1.);
#4611 = DIRECTION('',(0.978147600734,-0.207911690818,0.));
#4612 = PCURVE('',#1363,#4613);
#4613 = DEFINITIONAL_REPRESENTATION('',(#4614),#4618);
#4614 = LINE('',#4615,#4616);
#4615 = CARTESIAN_POINT('',(-0.,0.));
#4616 = VECTOR('',#4617,1.);
#4617 = DIRECTION('',(-0.,1.));
#4618 = ( GEOMETRIC_REPRESENTATION_CONTEXT(2) 
PARAMETRIC_REPRESENTATION_CONTEXT() REPRESENTATION_CONTEXT('2D SPACE',''
  ) );
#4619 = PCURVE('',#4620,#4625);
#4620 = PLANE('',#4621);
#4621 = AXIS2_PLACEMENT_3D('',#4622,#4623,#4624);
#4622 = CARTESIAN_POINT('',(-11.12265369824,35.313193376252,0.));
#4623 = DIRECTION('',(0.207911690818,0.978147600734,0.));
#4624 = DIRECTION('',(0.978147600734,-0.207911690818,0.));
#4625 = DEFINITIONAL_REPRESENTATION('',(#4626),#4630);
#4626 = LINE('',#4627,#4628);
#4627 = CARTESIAN_POINT('',(0.,-1.));
#4628 = VECTOR('',#4629,1.);
#4629 = DIRECTION('',(1.,0.));
#4630 = ( GEOMETRIC_REPRESENTATION_CONTEXT(2) 
PARAMETRIC_REPRESENTATION_CONTEXT() REPRESENTATION_CONTEXT('2D SPACE',''
  ) );
#4631 = ADVANCED_FACE('',(#4632),#293,.T.);
#4632 = FACE_BOUND('',#4633,.T.);
#4633 = EDGE_LOOP('',(#4634,#4656,#4683,#4684));
#4634 = ORIENTED_EDGE('',*,*,#4635,.F.);
#4635 = EDGE_CURVE('',#4636,#273,#4638,.T.);
#4636 = VERTEX_POINT('',#4637);
#4637 = CARTESIAN_POINT('',(-12.5,-28.49999998794,1.));
#4638 = SURFACE_CURVE('',#4639,(#4644,#4650),.PCURVE_S1.);
#4639 = CIRCLE('',#4640,1.);
#4640 = AXIS2_PLACEMENT_3D('',#4641,#4642,#4643);
#4641 = CARTESIAN_POINT('',(-12.5,-27.49999998794,1.));
#4642 = DIRECTION('',(1.,0.,0.));
#4643 = DIRECTION('',(0.,-1.,0.));
#4644 = PCURVE('',#293,#4645);
#4645 = DEFINITIONAL_REPRESENTATION('',(#4646),#4649);
#4646 = B_SPLINE_CURVE_WITH_KNOTS('',1,(#4647,#4648),.UNSPECIFIED.,.F.,
  .F.,(2,2),(0.,1.570796326795),.PIECEWISE_BEZIER_KNOTS.);
#4647 = CARTESIAN_POINT('',(0.,0.));
#4648 = CARTESIAN_POINT('',(0.,1.570796326795));
#4649 = ( GEOMETRIC_REPRESENTATION_CONTEXT(2) 
PARAMETRIC_REPRESENTATION_CONTEXT() REPRESENTATION_CONTEXT('2D SPACE',''
  ) );
#4650 = PCURVE('',#321,#4651);
#4651 = DEFINITIONAL_REPRESENTATION('',(#4652),#4655);
#4652 = B_SPLINE_CURVE_WITH_KNOTS('',1,(#4653,#4654),.UNSPECIFIED.,.F.,
  .F.,(2,2),(0.,1.570796326795),.PIECEWISE_BEZIER_KNOTS.);
#4653 = CARTESIAN_POINT('',(0.,4.999999946286));
#4654 = CARTESIAN_POINT('',(-1.570796326795,4.999999946286));
#4655 = ( GEOMETRIC_REPRESENTATION_CONTEXT(2) 
PARAMETRIC_REPRESENTATION_CONTEXT() REPRESENTATION_CONTEXT('2D SPACE',''
  ) );
#4656 = ORIENTED_EDGE('',*,*,#4657,.T.);
#4657 = EDGE_CURVE('',#4636,#4530,#4658,.T.);
#4658 = SURFACE_CURVE('',#4659,(#4664,#4671),.PCURVE_S1.);
#4659 = CIRCLE('',#4660,3.5);
#4660 = AXIS2_PLACEMENT_3D('',#4661,#4662,#4663);
#4661 = CARTESIAN_POINT('',(-12.5,-25.00000001205,1.));
#4662 = DIRECTION('',(-0.,-0.,-1.));
#4663 = DIRECTION('',(0.,-1.,0.));
#4664 = PCURVE('',#293,#4665);
#4665 = DEFINITIONAL_REPRESENTATION('',(#4666),#4670);
#4666 = LINE('',#4667,#4668);
#4667 = CARTESIAN_POINT('',(0.,0.));
#4668 = VECTOR('',#4669,1.);
#4669 = DIRECTION('',(1.,0.));
#4670 = ( GEOMETRIC_REPRESENTATION_CONTEXT(2) 
PARAMETRIC_REPRESENTATION_CONTEXT() REPRESENTATION_CONTEXT('2D SPACE',''
  ) );
#4671 = PCURVE('',#4672,#4677);
#4672 = CYLINDRICAL_SURFACE('',#4673,3.5);
#4673 = AXIS2_PLACEMENT_3D('',#4674,#4675,#4676);
#4674 = CARTESIAN_POINT('',(-12.5,-25.00000001205,0.));
#4675 = DIRECTION('',(0.,0.,-1.));
#4676 = DIRECTION('',(1.,0.,0.));
#4677 = DEFINITIONAL_REPRESENTATION('',(#4678),#4682);
#4678 = LINE('',#4679,#4680);
#4679 = CARTESIAN_POINT('',(-4.712388980385,-1.));
#4680 = VECTOR('',#4681,1.);
#4681 = DIRECTION('',(1.,-0.));
#4682 = ( GEOMETRIC_REPRESENTATION_CONTEXT(2) 
PARAMETRIC_REPRESENTATION_CONTEXT() REPRESENTATION_CONTEXT('2D SPACE',''
  ) );
#4683 = ORIENTED_EDGE('',*,*,#4529,.T.);
#4684 = ORIENTED_EDGE('',*,*,#272,.F.);
#4685 = ADVANCED_FACE('',(#4686),#1335,.T.);
#4686 = FACE_BOUND('',#4687,.T.);
#4687 = EDGE_LOOP('',(#4688,#4689,#4718,#4738));
#4688 = ORIENTED_EDGE('',*,*,#4584,.F.);
#4689 = ORIENTED_EDGE('',*,*,#4690,.T.);
#4690 = EDGE_CURVE('',#4585,#4691,#4693,.T.);
#4691 = VERTEX_POINT('',#4692);
#4692 = CARTESIAN_POINT('',(-7.537986196269,30.052950159896,1.));
#4693 = SURFACE_CURVE('',#4694,(#4699,#4706),.PCURVE_S1.);
#4694 = CIRCLE('',#4695,4.4);
#4695 = AXIS2_PLACEMENT_3D('',#4696,#4697,#4698);
#4696 = CARTESIAN_POINT('',(-11.84183563949,30.967761599495,1.));
#4697 = DIRECTION('',(0.,0.,-1.));
#4698 = DIRECTION('',(0.207911690818,0.978147600734,0.));
#4699 = PCURVE('',#1335,#4700);
#4700 = DEFINITIONAL_REPRESENTATION('',(#4701),#4705);
#4701 = LINE('',#4702,#4703);
#4702 = CARTESIAN_POINT('',(0.,0.));
#4703 = VECTOR('',#4704,1.);
#4704 = DIRECTION('',(1.,0.));
#4705 = ( GEOMETRIC_REPRESENTATION_CONTEXT(2) 
PARAMETRIC_REPRESENTATION_CONTEXT() REPRESENTATION_CONTEXT('2D SPACE',''
  ) );
#4706 = PCURVE('',#4707,#4712);
#4707 = CYLINDRICAL_SURFACE('',#4708,4.4);
#4708 = AXIS2_PLACEMENT_3D('',#4709,#4710,#4711);
#4709 = CARTESIAN_POINT('',(-11.84183563949,30.967761599495,0.));
#4710 = DIRECTION('',(-0.,0.,-1.));
#4711 = DIRECTION('',(0.978147600734,-0.207911690818,0.));
#4712 = DEFINITIONAL_REPRESENTATION('',(#4713),#4717);
#4713 = LINE('',#4714,#4715);
#4714 = CARTESIAN_POINT('',(-1.570796326795,-1.));
#4715 = VECTOR('',#4716,1.);
#4716 = DIRECTION('',(1.,-0.));
#4717 = ( GEOMETRIC_REPRESENTATION_CONTEXT(2) 
PARAMETRIC_REPRESENTATION_CONTEXT() REPRESENTATION_CONTEXT('2D SPACE',''
  ) );
#4718 = ORIENTED_EDGE('',*,*,#4719,.T.);
#4719 = EDGE_CURVE('',#4691,#1287,#4720,.T.);
#4720 = SURFACE_CURVE('',#4721,(#4726,#4732),.PCURVE_S1.);
#4721 = CIRCLE('',#4722,1.);
#4722 = AXIS2_PLACEMENT_3D('',#4723,#4724,#4725);
#4723 = CARTESIAN_POINT('',(-8.516133797003,30.260861850714,1.));
#4724 = DIRECTION('',(0.207911690818,0.978147600734,0.));
#4725 = DIRECTION('',(0.978147600734,-0.207911690818,0.));
#4726 = PCURVE('',#1335,#4727);
#4727 = DEFINITIONAL_REPRESENTATION('',(#4728),#4731);
#4728 = B_SPLINE_CURVE_WITH_KNOTS('',1,(#4729,#4730),.UNSPECIFIED.,.F.,
  .F.,(2,2),(0.,1.570796326795),.PIECEWISE_BEZIER_KNOTS.);
#4729 = CARTESIAN_POINT('',(1.570796326795,0.));
#4730 = CARTESIAN_POINT('',(1.570796326795,1.570796326795));
#4731 = ( GEOMETRIC_REPRESENTATION_CONTEXT(2) 
PARAMETRIC_REPRESENTATION_CONTEXT() REPRESENTATION_CONTEXT('2D SPACE',''
  ) );
#4732 = PCURVE('',#1302,#4733);
#4733 = DEFINITIONAL_REPRESENTATION('',(#4734),#4737);
#4734 = B_SPLINE_CURVE_WITH_KNOTS('',1,(#4735,#4736),.UNSPECIFIED.,.F.,
  .F.,(2,2),(0.,1.570796326795),.PIECEWISE_BEZIER_KNOTS.);
#4735 = CARTESIAN_POINT('',(0.,3.552713678801E-15));
#4736 = CARTESIAN_POINT('',(-1.570796326795,3.552713678801E-15));
#4737 = ( GEOMETRIC_REPRESENTATION_CONTEXT(2) 
PARAMETRIC_REPRESENTATION_CONTEXT() REPRESENTATION_CONTEXT('2D SPACE',''
  ) );
#4738 = ORIENTED_EDGE('',*,*,#1314,.F.);
#4739 = ADVANCED_FACE('',(#4740),#321,.T.);
#4740 = FACE_BOUND('',#4741,.F.);
#4741 = EDGE_LOOP('',(#4742,#4764,#4765,#4766));
#4742 = ORIENTED_EDGE('',*,*,#4743,.T.);
#4743 = EDGE_CURVE('',#4744,#306,#4746,.T.);
#4744 = VERTEX_POINT('',#4745);
#4745 = CARTESIAN_POINT('',(-7.500000053714,-28.49999998794,1.));
#4746 = SURFACE_CURVE('',#4747,(#4752,#4758),.PCURVE_S1.);
#4747 = CIRCLE('',#4748,1.);
#4748 = AXIS2_PLACEMENT_3D('',#4749,#4750,#4751);
#4749 = CARTESIAN_POINT('',(-7.500000053714,-27.49999998794,1.));
#4750 = DIRECTION('',(1.,6.123233995737E-17,0.));
#4751 = DIRECTION('',(6.123233995737E-17,-1.,0.));
#4752 = PCURVE('',#321,#4753);
#4753 = DEFINITIONAL_REPRESENTATION('',(#4754),#4757);
#4754 = B_SPLINE_CURVE_WITH_KNOTS('',1,(#4755,#4756),.UNSPECIFIED.,.F.,
  .F.,(2,2),(0.,1.570796326795),.PIECEWISE_BEZIER_KNOTS.);
#4755 = CARTESIAN_POINT('',(0.,0.));
#4756 = CARTESIAN_POINT('',(-1.570796326795,0.));
#4757 = ( GEOMETRIC_REPRESENTATION_CONTEXT(2) 
PARAMETRIC_REPRESENTATION_CONTEXT() REPRESENTATION_CONTEXT('2D SPACE',''
  ) );
#4758 = PCURVE('',#354,#4759);
#4759 = DEFINITIONAL_REPRESENTATION('',(#4760),#4763);
#4760 = B_SPLINE_CURVE_WITH_KNOTS('',1,(#4761,#4762),.UNSPECIFIED.,.F.,
  .F.,(2,2),(0.,1.570796326795),.PIECEWISE_BEZIER_KNOTS.);
#4761 = CARTESIAN_POINT('',(1.570796326795,0.));
#4762 = CARTESIAN_POINT('',(1.570796326795,1.570796326795));
#4763 = ( GEOMETRIC_REPRESENTATION_CONTEXT(2) 
PARAMETRIC_REPRESENTATION_CONTEXT() REPRESENTATION_CONTEXT('2D SPACE',''
  ) );
#4764 = ORIENTED_EDGE('',*,*,#305,.T.);
#4765 = ORIENTED_EDGE('',*,*,#4635,.F.);
#4766 = ORIENTED_EDGE('',*,*,#4767,.F.);
#4767 = EDGE_CURVE('',#4744,#4636,#4768,.T.);
#4768 = SURFACE_CURVE('',#4769,(#4773,#4780),.PCURVE_S1.);
#4769 = LINE('',#4770,#4771);
#4770 = CARTESIAN_POINT('',(-7.500000053714,-28.49999998794,1.));
#4771 = VECTOR('',#4772,1.);
#4772 = DIRECTION('',(-1.,-0.,-0.));
#4773 = PCURVE('',#321,#4774);
#4774 = DEFINITIONAL_REPRESENTATION('',(#4775),#4779);
#4775 = LINE('',#4776,#4777);
#4776 = CARTESIAN_POINT('',(-0.,0.));
#4777 = VECTOR('',#4778,1.);
#4778 = DIRECTION('',(-0.,1.));
#4779 = ( GEOMETRIC_REPRESENTATION_CONTEXT(2) 
PARAMETRIC_REPRESENTATION_CONTEXT() REPRESENTATION_CONTEXT('2D SPACE',''
  ) );
#4780 = PCURVE('',#4781,#4786);
#4781 = PLANE('',#4782);
#4782 = AXIS2_PLACEMENT_3D('',#4783,#4784,#4785);
#4783 = CARTESIAN_POINT('',(-12.5,-28.49999998794,0.));
#4784 = DIRECTION('',(0.,1.,0.));
#4785 = DIRECTION('',(1.,0.,0.));
#4786 = DEFINITIONAL_REPRESENTATION('',(#4787),#4791);
#4787 = LINE('',#4788,#4789);
#4788 = CARTESIAN_POINT('',(4.999999946286,-1.));
#4789 = VECTOR('',#4790,1.);
#4790 = DIRECTION('',(-1.,0.));
#4791 = ( GEOMETRIC_REPRESENTATION_CONTEXT(2) 
PARAMETRIC_REPRESENTATION_CONTEXT() REPRESENTATION_CONTEXT('2D SPACE',''
  ) );
#4792 = ADVANCED_FACE('',(#4793),#1302,.T.);
#4793 = FACE_BOUND('',#4794,.F.);
#4794 = EDGE_LOOP('',(#4795,#4823,#4824,#4825));
#4795 = ORIENTED_EDGE('',*,*,#4796,.F.);
#4796 = EDGE_CURVE('',#4691,#4797,#4799,.T.);
#4797 = VERTEX_POINT('',#4798);
#4798 = CARTESIAN_POINT('',(-9.082731402874,22.785495232994,1.));
#4799 = SURFACE_CURVE('',#4800,(#4804,#4811),.PCURVE_S1.);
#4800 = LINE('',#4801,#4802);
#4801 = CARTESIAN_POINT('',(-7.53798617259,30.052950154863,1.));
#4802 = VECTOR('',#4803,1.);
#4803 = DIRECTION('',(-0.207911690818,-0.978147600734,-0.));
#4804 = PCURVE('',#1302,#4805);
#4805 = DEFINITIONAL_REPRESENTATION('',(#4806),#4810);
#4806 = LINE('',#4807,#4808);
#4807 = CARTESIAN_POINT('',(-0.,0.));
#4808 = VECTOR('',#4809,1.);
#4809 = DIRECTION('',(-0.,1.));
#4810 = ( GEOMETRIC_REPRESENTATION_CONTEXT(2) 
PARAMETRIC_REPRESENTATION_CONTEXT() REPRESENTATION_CONTEXT('2D SPACE',''
  ) );
#4811 = PCURVE('',#4812,#4817);
#4812 = PLANE('',#4813);
#4813 = AXIS2_PLACEMENT_3D('',#4814,#4815,#4816);
#4814 = CARTESIAN_POINT('',(-9.658685418931,20.075844627378,0.));
#4815 = DIRECTION('',(-0.978147600734,0.207911690818,0.));
#4816 = DIRECTION('',(0.207911690818,0.978147600734,0.));
#4817 = DEFINITIONAL_REPRESENTATION('',(#4818),#4822);
#4818 = LINE('',#4819,#4820);
#4819 = CARTESIAN_POINT('',(10.2,-1.));
#4820 = VECTOR('',#4821,1.);
#4821 = DIRECTION('',(-1.,0.));
#4822 = ( GEOMETRIC_REPRESENTATION_CONTEXT(2) 
PARAMETRIC_REPRESENTATION_CONTEXT() REPRESENTATION_CONTEXT('2D SPACE',''
  ) );
#4823 = ORIENTED_EDGE('',*,*,#4719,.T.);
#4824 = ORIENTED_EDGE('',*,*,#1286,.T.);
#4825 = ORIENTED_EDGE('',*,*,#4826,.F.);
#4826 = EDGE_CURVE('',#4797,#1254,#4827,.T.);
#4827 = SURFACE_CURVE('',#4828,(#4855,#4885),.PCURVE_S1.);
#4828 = B_SPLINE_CURVE_WITH_KNOTS('',7,(#4829,#4830,#4831,#4832,#4833,
    #4834,#4835,#4836,#4837,#4838,#4839,#4840,#4841,#4842,#4843,#4844,
    #4845,#4846,#4847,#4848,#4849,#4850,#4851,#4852,#4853,#4854),
  .UNSPECIFIED.,.F.,.F.,(8,6,6,6,8),(0.,0.210084696795,0.467848789333,
    0.767813917718,1.),.UNSPECIFIED.);
#4829 = CARTESIAN_POINT('',(-9.082731402874,22.785495232994,1.));
#4830 = CARTESIAN_POINT('',(-9.088040952482,22.760515766041,
    0.93173427031));
#4831 = CARTESIAN_POINT('',(-9.099853591405,22.731092203614,
    0.865505968195));
#4832 = CARTESIAN_POINT('',(-9.117467528465,22.697713191769,
    0.802045492634));
#4833 = CARTESIAN_POINT('',(-9.140022278667,22.660973276368,
    0.741750053493));
#4834 = CARTESIAN_POINT('',(-9.166726020917,22.621426378321,
    0.684785681962));
#4835 = CARTESIAN_POINT('',(-9.196899975689,22.579535532468,
    0.631156369202));
#4836 = CARTESIAN_POINT('',(-9.27066992149,22.481757746319,
    0.518920610096));
#4837 = CARTESIAN_POINT('',(-9.31572846646,22.424890573839,
    0.461990815402));
#4838 = CARTESIAN_POINT('',(-9.364248683128,22.365621822784,
    0.409741116846));
#4839 = CARTESIAN_POINT('',(-9.415499134776,22.304425873044,
    0.36192691648));
#4840 = CARTESIAN_POINT('',(-9.468917659891,22.241667311274,
    0.318288550003));
#4841 = CARTESIAN_POINT('',(-9.524084613181,22.177603099632,
    0.278563069175));
#4842 = CARTESIAN_POINT('',(-9.64663098917,22.036471566672,
    0.200544270686));
#4843 = CARTESIAN_POINT('',(-9.714478699487,21.959052464428,
    0.163582872294));
#4844 = CARTESIAN_POINT('',(-9.78377048001,21.880406403542,
    0.131252269986));
#4845 = CARTESIAN_POINT('',(-9.854133288217,21.800759092668,
    0.103264975951));
#4846 = CARTESIAN_POINT('',(-9.925276836517,21.720287113822,
    7.938132652943E-02));
#4847 = CARTESIAN_POINT('',(-9.996972754607,21.639123598554,
    5.939657162523E-02));
#4848 = CARTESIAN_POINT('',(-10.12484320555,21.494066895801,
    3.057200496679E-02));
#4849 = CARTESIAN_POINT('',(-10.18085541724,21.43042531233,
    2.023605245559E-02));
#4850 = CARTESIAN_POINT('',(-10.2370016873,21.366482329385,
    1.206593107909E-02));
#4851 = CARTESIAN_POINT('',(-10.29320600295,21.302282906165,
    6.000497955936E-03));
#4852 = CARTESIAN_POINT('',(-10.34940067491,21.237867855076,
    1.99105104106E-03));
#4853 = CARTESIAN_POINT('',(-10.40552444273,21.173274360868,
    7.715278412302E-08));
#4854 = CARTESIAN_POINT('',(-10.46152058013,21.108536499778,0.));
#4855 = PCURVE('',#1302,#4856);
#4856 = DEFINITIONAL_REPRESENTATION('',(#4857),#4884);
#4857 = B_SPLINE_CURVE_WITH_KNOTS('',7,(#4858,#4859,#4860,#4861,#4862,
    #4863,#4864,#4865,#4866,#4867,#4868,#4869,#4870,#4871,#4872,#4873,
    #4874,#4875,#4876,#4877,#4878,#4879,#4880,#4881,#4882,#4883),
  .UNSPECIFIED.,.F.,.F.,(8,6,6,6,8),(0.,0.210084696795,0.467848789333,
    0.767813917718,1.),.UNSPECIFIED.);
#4858 = CARTESIAN_POINT('',(0.,7.429814187979));
#4859 = CARTESIAN_POINT('',(-6.826572968951E-02,7.455351711082));
#4860 = CARTESIAN_POINT('',(-0.13449394564,7.486588283807));
#4861 = CARTESIAN_POINT('',(-0.198474533072,7.522900027594));
#4862 = CARTESIAN_POINT('',(-0.260187678655,7.563526483946));
#4863 = CARTESIAN_POINT('',(-0.319686636259,7.607761207589));
#4864 = CARTESIAN_POINT('',(-0.377097746449,7.655010155908));
#4865 = CARTESIAN_POINT('',(-0.500722521539,7.765988896998));
#4866 = CARTESIAN_POINT('',(-0.565928786798,7.83098158359));
#4867 = CARTESIAN_POINT('',(-0.628610683351,7.899043090519));
#4868 = CARTESIAN_POINT('',(-0.689055347627,7.969557329989));
#4869 = CARTESIAN_POINT('',(-0.747514213236,8.042050802488));
#4870 = CARTESIAN_POINT('',(-0.804234937474,8.116184911934));
#4871 = CARTESIAN_POINT('',(-0.923741455118,8.279711206522));
#4872 = CARTESIAN_POINT('',(-0.985949976254,8.369544847804));
#4873 = CARTESIAN_POINT('',(-1.046444357235,8.460878874814));
#4874 = CARTESIAN_POINT('',(-1.105484144775,8.553414951276));
#4875 = CARTESIAN_POINT('',(-1.163285764891,8.646919999728));
#4876 = CARTESIAN_POINT('',(-1.220049711182,8.74121631701));
#4877 = CARTESIAN_POINT('',(-1.319247133978,8.909688944441));
#4878 = CARTESIAN_POINT('',(-1.362013881579,8.983585400258));
#4879 = CARTESIAN_POINT('',(-1.40434898452,9.05780454155));
#4880 = CARTESIAN_POINT('',(-1.446326789241,9.132286587639));
#4881 = CARTESIAN_POINT('',(-1.488016135049,9.206977544575));
#4882 = CARTESIAN_POINT('',(-1.529483530001,9.281828303421));
#4883 = CARTESIAN_POINT('',(-1.570796326795,9.356793738529));
#4884 = ( GEOMETRIC_REPRESENTATION_CONTEXT(2) 
PARAMETRIC_REPRESENTATION_CONTEXT() REPRESENTATION_CONTEXT('2D SPACE',''
  ) );
#4885 = PCURVE('',#1274,#4886);
#4886 = DEFINITIONAL_REPRESENTATION('',(#4887),#4914);
#4887 = B_SPLINE_CURVE_WITH_KNOTS('',7,(#4888,#4889,#4890,#4891,#4892,
    #4893,#4894,#4895,#4896,#4897,#4898,#4899,#4900,#4901,#4902,#4903,
    #4904,#4905,#4906,#4907,#4908,#4909,#4910,#4911,#4912,#4913),
  .UNSPECIFIED.,.F.,.F.,(8,6,6,6,8),(0.,0.210084696795,0.467848789333,
    0.767813917718,1.),.UNSPECIFIED.);
#4888 = CARTESIAN_POINT('',(1.44734803444,0.339836909454));
#4889 = CARTESIAN_POINT('',(1.446854663005,0.38810806984));
#4890 = CARTESIAN_POINT('',(1.445945746472,0.435899656642));
#4891 = CARTESIAN_POINT('',(1.444663089867,0.482844642455));
#4892 = CARTESIAN_POINT('',(1.443057942143,0.528745844673));
#4893 = CARTESIAN_POINT('',(1.441177538564,0.573507041094));
#4894 = CARTESIAN_POINT('',(1.439062475058,0.617115774536));
#4895 = CARTESIAN_POINT('',(1.433897678954,0.71180359327));
#4896 = CARTESIAN_POINT('',(1.430746820545,0.76229488255));
#4897 = CARTESIAN_POINT('',(1.427346715446,0.811247115251));
#4898 = CARTESIAN_POINT('',(1.423740513178,0.858782867573));
#4899 = CARTESIAN_POINT('',(1.419961543385,0.905027065084));
#4900 = CARTESIAN_POINT('',(1.416034562973,0.950118160266));
#4901 = CARTESIAN_POINT('',(1.407251203858,1.045525383933));
#4902 = CARTESIAN_POINT('',(1.402351677351,1.095448237622));
#4903 = CARTESIAN_POINT('',(1.397305274976,1.144192457531));
#4904 = CARTESIAN_POINT('',(1.392133889163,1.191919458591));
#4905 = CARTESIAN_POINT('',(1.386854756458,1.23876838949));
#4906 = CARTESIAN_POINT('',(1.381481481328,1.284871993338));
#4907 = CARTESIAN_POINT('',(1.371799602438,1.36557032611));
#4908 = CARTESIAN_POINT('',(1.36752544432,1.400406236544));
#4909 = CARTESIAN_POINT('',(1.363206660872,1.434924265749));
#4910 = CARTESIAN_POINT('',(1.358847919382,1.469175213098));
#4911 = CARTESIAN_POINT('',(1.354453481829,1.503206567373));
#4912 = CARTESIAN_POINT('',(1.350027306497,1.537064578086));
#4913 = CARTESIAN_POINT('',(1.345573149592,1.570796326795));
#4914 = ( GEOMETRIC_REPRESENTATION_CONTEXT(2) 
PARAMETRIC_REPRESENTATION_CONTEXT() REPRESENTATION_CONTEXT('2D SPACE',''
  ) );
#4915 = ADVANCED_FACE('',(#4916),#354,.T.);
#4916 = FACE_BOUND('',#4917,.T.);
#4917 = EDGE_LOOP('',(#4918,#4940,#4967,#4968));
#4918 = ORIENTED_EDGE('',*,*,#4919,.F.);
#4919 = EDGE_CURVE('',#4920,#334,#4922,.T.);
#4920 = VERTEX_POINT('',#4921);
#4921 = CARTESIAN_POINT('',(-4.,-24.99999998794,1.));
#4922 = SURFACE_CURVE('',#4923,(#4928,#4934),.PCURVE_S1.);
#4923 = CIRCLE('',#4924,1.);
#4924 = AXIS2_PLACEMENT_3D('',#4925,#4926,#4927);
#4925 = CARTESIAN_POINT('',(-5.,-24.99999998794,1.));
#4926 = DIRECTION('',(0.,1.,0.));
#4927 = DIRECTION('',(1.,-0.,0.));
#4928 = PCURVE('',#354,#4929);
#4929 = DEFINITIONAL_REPRESENTATION('',(#4930),#4933);
#4930 = B_SPLINE_CURVE_WITH_KNOTS('',1,(#4931,#4932),.UNSPECIFIED.,.F.,
  .F.,(2,2),(0.,1.570796326795),.PIECEWISE_BEZIER_KNOTS.);
#4931 = CARTESIAN_POINT('',(0.,0.));
#4932 = CARTESIAN_POINT('',(0.,1.570796326795));
#4933 = ( GEOMETRIC_REPRESENTATION_CONTEXT(2) 
PARAMETRIC_REPRESENTATION_CONTEXT() REPRESENTATION_CONTEXT('2D SPACE',''
  ) );
#4934 = PCURVE('',#382,#4935);
#4935 = DEFINITIONAL_REPRESENTATION('',(#4936),#4939);
#4936 = B_SPLINE_CURVE_WITH_KNOTS('',1,(#4937,#4938),.UNSPECIFIED.,.F.,
  .F.,(2,2),(0.,1.570796326795),.PIECEWISE_BEZIER_KNOTS.);
#4937 = CARTESIAN_POINT('',(0.,1.999999940804));
#4938 = CARTESIAN_POINT('',(-1.570796326795,1.999999940804));
#4939 = ( GEOMETRIC_REPRESENTATION_CONTEXT(2) 
PARAMETRIC_REPRESENTATION_CONTEXT() REPRESENTATION_CONTEXT('2D SPACE',''
  ) );
#4940 = ORIENTED_EDGE('',*,*,#4941,.T.);
#4941 = EDGE_CURVE('',#4920,#4744,#4942,.T.);
#4942 = SURFACE_CURVE('',#4943,(#4948,#4955),.PCURVE_S1.);
#4943 = CIRCLE('',#4944,3.5);
#4944 = AXIS2_PLACEMENT_3D('',#4945,#4946,#4947);
#4945 = CARTESIAN_POINT('',(-7.500000053714,-24.99999998794,1.));
#4946 = DIRECTION('',(0.,-0.,-1.));
#4947 = DIRECTION('',(1.,0.,-0.));
#4948 = PCURVE('',#354,#4949);
#4949 = DEFINITIONAL_REPRESENTATION('',(#4950),#4954);
#4950 = LINE('',#4951,#4952);
#4951 = CARTESIAN_POINT('',(0.,0.));
#4952 = VECTOR('',#4953,1.);
#4953 = DIRECTION('',(1.,0.));
#4954 = ( GEOMETRIC_REPRESENTATION_CONTEXT(2) 
PARAMETRIC_REPRESENTATION_CONTEXT() REPRESENTATION_CONTEXT('2D SPACE',''
  ) );
#4955 = PCURVE('',#4956,#4961);
#4956 = CYLINDRICAL_SURFACE('',#4957,3.5);
#4957 = AXIS2_PLACEMENT_3D('',#4958,#4959,#4960);
#4958 = CARTESIAN_POINT('',(-7.500000053714,-24.99999998794,0.));
#4959 = DIRECTION('',(0.,0.,-1.));
#4960 = DIRECTION('',(1.,0.,0.));
#4961 = DEFINITIONAL_REPRESENTATION('',(#4962),#4966);
#4962 = LINE('',#4963,#4964);
#4963 = CARTESIAN_POINT('',(-6.28318530718,-1.));
#4964 = VECTOR('',#4965,1.);
#4965 = DIRECTION('',(1.,-0.));
#4966 = ( GEOMETRIC_REPRESENTATION_CONTEXT(2) 
PARAMETRIC_REPRESENTATION_CONTEXT() REPRESENTATION_CONTEXT('2D SPACE',''
  ) );
#4967 = ORIENTED_EDGE('',*,*,#4743,.T.);
#4968 = ORIENTED_EDGE('',*,*,#333,.F.);
#4969 = ADVANCED_FACE('',(#4970),#1274,.T.);
#4970 = FACE_BOUND('',#4971,.T.);
#4971 = EDGE_LOOP('',(#4972,#5067,#5091,#5111,#5112));
#4972 = ORIENTED_EDGE('',*,*,#4973,.F.);
#4973 = EDGE_CURVE('',#4974,#4797,#4976,.T.);
#4974 = VERTEX_POINT('',#4975);
#4975 = CARTESIAN_POINT('',(-9.06386506379,22.874254379902,1.5));
#4976 = SURFACE_CURVE('',#4977,(#5005,#5036),.PCURVE_S1.);
#4977 = B_SPLINE_CURVE_WITH_KNOTS('',6,(#4978,#4979,#4980,#4981,#4982,
    #4983,#4984,#4985,#4986,#4987,#4988,#4989,#4990,#4991,#4992,#4993,
    #4994,#4995,#4996,#4997,#4998,#4999,#5000,#5001,#5002,#5003,#5004),
  .UNSPECIFIED.,.F.,.F.,(7,5,5,5,5,7),(0.,0.63473714272,0.954402346297,
    0.977308021912,0.988002804351,1.),.UNSPECIFIED.);
#4978 = CARTESIAN_POINT('',(-9.06386506379,22.874254379902,1.5));
#4979 = CARTESIAN_POINT('',(-9.06386506379,22.874254379902,
    1.331521678371));
#4980 = CARTESIAN_POINT('',(-9.068857758014,22.850765600332,
    1.16294689161));
#4981 = CARTESIAN_POINT('',(-9.078852252677,22.803745199808,
    0.998667090533));
#4982 = CARTESIAN_POINT('',(-9.09357139738,22.734497068452,
    0.842610373024));
#4983 = CARTESIAN_POINT('',(-9.112585947862,22.645040641741,
    0.698233677094));
#4984 = CARTESIAN_POINT('',(-9.146695912189,22.484565876535,
    0.502921611809));
#4985 = CARTESIAN_POINT('',(-9.159056327975,22.426414692262,
    0.441150699824));
#4986 = CARTESIAN_POINT('',(-9.172278127179,22.364211017622,
    0.383365439819));
#4987 = CARTESIAN_POINT('',(-9.186281151901,22.298331965891,
    0.32984879877));
#4988 = CARTESIAN_POINT('',(-9.200981124332,22.229174032987,
    0.280832877563));
#4989 = CARTESIAN_POINT('',(-9.217388419118,22.151983779919,
    0.233327919387));
#4990 = CARTESIAN_POINT('',(-9.218488612478,22.146807777111,
    0.230175606544));
#4991 = CARTESIAN_POINT('',(-9.219591909396,22.14161717321,
    0.227047422603));
#4992 = CARTESIAN_POINT('',(-9.22069827817,22.136412117364,
    0.223943434278));
#4993 = CARTESIAN_POINT('',(-9.221807687056,22.131192758915,
    0.22086370704));
#4994 = CARTESIAN_POINT('',(-9.223439497816,22.123515692884,
    0.216381721621));
#4995 = CARTESIAN_POINT('',(-9.223959596546,22.121068820738,
    0.214960305465));
#4996 = CARTESIAN_POINT('',(-9.224480397388,22.118618645415,
    0.213544065273));
#4997 = CARTESIAN_POINT('',(-9.225001897262,22.116165181404,
    0.212133009618));
#4998 = CARTESIAN_POINT('',(-9.225524093082,22.113708443228,
    0.210727147019));
#4999 = CARTESIAN_POINT('',(-9.226633547934,22.108488868526,
    0.20775525202));
#5000 = CARTESIAN_POINT('',(-9.227220935162,22.105725428888,
    0.206190701007));
#5001 = CARTESIAN_POINT('',(-9.227809117351,22.102958249253,
    0.204632897157));
#5002 = CARTESIAN_POINT('',(-9.228398084265,22.100187377774,
    0.203081863983));
#5003 = CARTESIAN_POINT('',(-9.228987841522,22.097412788025,
    0.201537584255));
#5004 = CARTESIAN_POINT('',(-9.229578410591,22.094634379003,0.2));
#5005 = PCURVE('',#1274,#5006);
#5006 = DEFINITIONAL_REPRESENTATION('',(#5007),#5035);
#5007 = B_SPLINE_CURVE_WITH_KNOTS('',6,(#5008,#5009,#5010,#5011,#5012,
    #5013,#5014,#5015,#5016,#5017,#5018,#5019,#5020,#5021,#5022,#5023,
    #5024,#5025,#5026,#5027,#5028,#5029,#5030,#5031,#5032,#5033,#5034),
  .UNSPECIFIED.,.F.,.F.,(7,5,5,5,5,7),(0.,0.63473714272,0.954402346297,
    0.977308021912,0.988002804351,1.),.UNSPECIFIED.);
#5008 = CARTESIAN_POINT('',(1.449092277737,0.));
#5009 = CARTESIAN_POINT('',(1.449092277737,0.112318881086));
#5010 = CARTESIAN_POINT('',(1.448633015675,0.224700639733));
#5011 = CARTESIAN_POINT('',(1.447713683416,0.336778247964));
#5012 = CARTESIAN_POINT('',(1.446350442288,0.448461305315));
#5013 = CARTESIAN_POINT('',(1.444564783108,0.559661477955));
#5014 = CARTESIAN_POINT('',(1.44130387262,0.725801337826));
#5015 = CARTESIAN_POINT('',(1.440114068406,0.781290851219));
#5016 = CARTESIAN_POINT('',(1.438831153494,0.836613847922));
#5017 = CARTESIAN_POINT('',(1.437460099811,0.891769222736));
#5018 = CARTESIAN_POINT('',(1.436006398123,0.946760617946));
#5019 = CARTESIAN_POINT('',(1.434366442985,1.005521733027));
#5020 = CARTESIAN_POINT('',(1.434256395464,1.009449928444));
#5021 = CARTESIAN_POINT('',(1.434145956661,1.013377315987));
#5022 = CARTESIAN_POINT('',(1.43403512879,1.017303898491));
#5023 = CARTESIAN_POINT('',(1.433923914076,1.021229678911));
#5024 = CARTESIAN_POINT('',(1.433760208441,1.026987255139));
#5025 = CARTESIAN_POINT('',(1.433708013327,1.028819849952));
#5026 = CARTESIAN_POINT('',(1.433655729622,1.030652444765));
#5027 = CARTESIAN_POINT('',(1.433603357531,1.032485039579));
#5028 = CARTESIAN_POINT('',(1.433550897262,1.034317634392));
#5029 = CARTESIAN_POINT('',(1.433439401449,1.038205997862));
#5030 = CARTESIAN_POINT('',(1.433380353928,1.040261451424));
#5031 = CARTESIAN_POINT('',(1.433321198225,1.042316775076));
#5032 = CARTESIAN_POINT('',(1.43326193241,1.044372017938));
#5033 = CARTESIAN_POINT('',(1.43320256086,1.046427093059));
#5034 = CARTESIAN_POINT('',(1.433143094259,1.048481777419));
#5035 = ( GEOMETRIC_REPRESENTATION_CONTEXT(2) 
PARAMETRIC_REPRESENTATION_CONTEXT() REPRESENTATION_CONTEXT('2D SPACE',''
  ) );
#5036 = PCURVE('',#4812,#5037);
#5037 = DEFINITIONAL_REPRESENTATION('',(#5038),#5066);
#5038 = B_SPLINE_CURVE_WITH_KNOTS('',6,(#5039,#5040,#5041,#5042,#5043,
    #5044,#5045,#5046,#5047,#5048,#5049,#5050,#5051,#5052,#5053,#5054,
    #5055,#5056,#5057,#5058,#5059,#5060,#5061,#5062,#5063,#5064,#5065),
  .UNSPECIFIED.,.F.,.F.,(7,5,5,5,5,7),(0.,0.63473714272,0.954402346297,
    0.977308021912,0.988002804351,1.),.UNSPECIFIED.);
#5039 = CARTESIAN_POINT('',(2.860927891071,-1.5));
#5040 = CARTESIAN_POINT('',(2.860927891071,-1.331521678371));
#5041 = CARTESIAN_POINT('',(2.836914358192,-1.16294689161));
#5042 = CARTESIAN_POINT('',(2.78884349395,-0.998667090533));
#5043 = CARTESIAN_POINT('',(2.718048318147,-0.842610373024));
#5044 = CARTESIAN_POINT('',(2.626593381648,-0.698233677094));
#5045 = CARTESIAN_POINT('',(2.462533514726,-0.502921611809));
#5046 = CARTESIAN_POINT('',(2.403083198405,-0.441150699824));
#5047 = CARTESIAN_POINT('',(2.339489856671,-0.383365439819));
#5048 = CARTESIAN_POINT('',(2.272139027735,-0.32984879877));
#5049 = CARTESIAN_POINT('',(2.20143606547,-0.280832877563));
#5050 = CARTESIAN_POINT('',(2.122521336231,-0.233327919387));
#5051 = CARTESIAN_POINT('',(2.117229698441,-0.230175606544));
#5052 = CARTESIAN_POINT('',(2.111923133361,-0.227047422603));
#5053 = CARTESIAN_POINT('',(2.106601793471,-0.223943434278));
#5054 = CARTESIAN_POINT('',(2.10126583145,-0.22086370704));
#5055 = CARTESIAN_POINT('',(2.093417255197,-0.216381721621));
#5056 = CARTESIAN_POINT('',(2.090915718471,-0.214960305465));
#5057 = CARTESIAN_POINT('',(2.088410804774,-0.213544065273));
#5058 = CARTESIAN_POINT('',(2.085902528918,-0.212133009618));
#5059 = CARTESIAN_POINT('',(2.083390905749,-0.210727147019));
#5060 = CARTESIAN_POINT('',(2.078054722644,-0.20775525202));
#5061 = CARTESIAN_POINT('',(2.07522954612,-0.206190701007));
#5062 = CARTESIAN_POINT('',(2.072400546047,-0.204632897157));
#5063 = CARTESIAN_POINT('',(2.06956777165,-0.203081863983));
#5064 = CARTESIAN_POINT('',(2.066731195915,-0.201537584255));
#5065 = CARTESIAN_POINT('',(2.063890715583,-0.2));
#5066 = ( GEOMETRIC_REPRESENTATION_CONTEXT(2) 
PARAMETRIC_REPRESENTATION_CONTEXT() REPRESENTATION_CONTEXT('2D SPACE',''
  ) );
#5067 = ORIENTED_EDGE('',*,*,#5068,.T.);
#5068 = EDGE_CURVE('',#4974,#5069,#5071,.T.);
#5069 = VERTEX_POINT('',#5070);
#5070 = CARTESIAN_POINT('',(-7.,22.99999999642,1.5));
#5071 = SURFACE_CURVE('',#5072,(#5077,#5084),.PCURVE_S1.);
#5072 = CIRCLE('',#5073,17.);
#5073 = AXIS2_PLACEMENT_3D('',#5074,#5075,#5076);
#5074 = CARTESIAN_POINT('',(-7.,5.99999999642,1.5));
#5075 = DIRECTION('',(-0.,0.,-1.));
#5076 = DIRECTION('',(-1.,1.044915787883E-16,0.));
#5077 = PCURVE('',#1274,#5078);
#5078 = DEFINITIONAL_REPRESENTATION('',(#5079),#5083);
#5079 = LINE('',#5080,#5081);
#5080 = CARTESIAN_POINT('',(0.,0.));
#5081 = VECTOR('',#5082,1.);
#5082 = DIRECTION('',(1.,0.));
#5083 = ( GEOMETRIC_REPRESENTATION_CONTEXT(2) 
PARAMETRIC_REPRESENTATION_CONTEXT() REPRESENTATION_CONTEXT('2D SPACE',''
  ) );
#5084 = PCURVE('',#3807,#5085);
#5085 = DEFINITIONAL_REPRESENTATION('',(#5086),#5090);
#5086 = LINE('',#5087,#5088);
#5087 = CARTESIAN_POINT('',(-3.14159265359,-1.5));
#5088 = VECTOR('',#5089,1.);
#5089 = DIRECTION('',(1.,-0.));
#5090 = ( GEOMETRIC_REPRESENTATION_CONTEXT(2) 
PARAMETRIC_REPRESENTATION_CONTEXT() REPRESENTATION_CONTEXT('2D SPACE',''
  ) );
#5091 = ORIENTED_EDGE('',*,*,#5092,.T.);
#5092 = EDGE_CURVE('',#5069,#1226,#5093,.T.);
#5093 = SURFACE_CURVE('',#5094,(#5099,#5105),.PCURVE_S1.);
#5094 = CIRCLE('',#5095,1.5);
#5095 = AXIS2_PLACEMENT_3D('',#5096,#5097,#5098);
#5096 = CARTESIAN_POINT('',(-7.,21.49999999642,1.5));
#5097 = DIRECTION('',(-1.,4.325923883088E-17,0.));
#5098 = DIRECTION('',(4.325923883088E-17,1.,0.));
#5099 = PCURVE('',#1274,#5100);
#5100 = DEFINITIONAL_REPRESENTATION('',(#5101),#5104);
#5101 = B_SPLINE_CURVE_WITH_KNOTS('',1,(#5102,#5103),.UNSPECIFIED.,.F.,
  .F.,(2,2),(0.,1.570796326795),.PIECEWISE_BEZIER_KNOTS.);
#5102 = CARTESIAN_POINT('',(1.570796326795,0.));
#5103 = CARTESIAN_POINT('',(1.570796326795,1.570796326795));
#5104 = ( GEOMETRIC_REPRESENTATION_CONTEXT(2) 
PARAMETRIC_REPRESENTATION_CONTEXT() REPRESENTATION_CONTEXT('2D SPACE',''
  ) );
#5105 = PCURVE('',#1241,#5106);
#5106 = DEFINITIONAL_REPRESENTATION('',(#5107),#5110);
#5107 = B_SPLINE_CURVE_WITH_KNOTS('',1,(#5108,#5109),.UNSPECIFIED.,.F.,
  .F.,(2,2),(0.,1.570796326795),.PIECEWISE_BEZIER_KNOTS.);
#5108 = CARTESIAN_POINT('',(0.,0.));
#5109 = CARTESIAN_POINT('',(-1.570796326795,0.));
#5110 = ( GEOMETRIC_REPRESENTATION_CONTEXT(2) 
PARAMETRIC_REPRESENTATION_CONTEXT() REPRESENTATION_CONTEXT('2D SPACE',''
  ) );
#5111 = ORIENTED_EDGE('',*,*,#1253,.F.);
#5112 = ORIENTED_EDGE('',*,*,#4826,.F.);
#5113 = ADVANCED_FACE('',(#5114),#382,.T.);
#5114 = FACE_BOUND('',#5115,.F.);
#5115 = EDGE_LOOP('',(#5116,#5138,#5139,#5140));
#5116 = ORIENTED_EDGE('',*,*,#5117,.T.);
#5117 = EDGE_CURVE('',#5118,#367,#5120,.T.);
#5118 = VERTEX_POINT('',#5119);
#5119 = CARTESIAN_POINT('',(-4.,-23.00000004713,1.));
#5120 = SURFACE_CURVE('',#5121,(#5126,#5132),.PCURVE_S1.);
#5121 = CIRCLE('',#5122,1.);
#5122 = AXIS2_PLACEMENT_3D('',#5123,#5124,#5125);
#5123 = CARTESIAN_POINT('',(-5.,-23.00000004713,1.));
#5124 = DIRECTION('',(-6.123233995737E-17,1.,0.));
#5125 = DIRECTION('',(1.,6.123233995737E-17,0.));
#5126 = PCURVE('',#382,#5127);
#5127 = DEFINITIONAL_REPRESENTATION('',(#5128),#5131);
#5128 = B_SPLINE_CURVE_WITH_KNOTS('',1,(#5129,#5130),.UNSPECIFIED.,.F.,
  .F.,(2,2),(0.,1.570796326795),.PIECEWISE_BEZIER_KNOTS.);
#5129 = CARTESIAN_POINT('',(0.,0.));
#5130 = CARTESIAN_POINT('',(-1.570796326795,0.));
#5131 = ( GEOMETRIC_REPRESENTATION_CONTEXT(2) 
PARAMETRIC_REPRESENTATION_CONTEXT() REPRESENTATION_CONTEXT('2D SPACE',''
  ) );
#5132 = PCURVE('',#415,#5133);
#5133 = DEFINITIONAL_REPRESENTATION('',(#5134),#5137);
#5134 = B_SPLINE_CURVE_WITH_KNOTS('',1,(#5135,#5136),.UNSPECIFIED.,.F.,
  .F.,(2,2),(0.,1.570796326795),.PIECEWISE_BEZIER_KNOTS.);
#5135 = CARTESIAN_POINT('',(1.570796326795,0.));
#5136 = CARTESIAN_POINT('',(1.570796326795,1.570796326795));
#5137 = ( GEOMETRIC_REPRESENTATION_CONTEXT(2) 
PARAMETRIC_REPRESENTATION_CONTEXT() REPRESENTATION_CONTEXT('2D SPACE',''
  ) );
#5138 = ORIENTED_EDGE('',*,*,#366,.T.);
#5139 = ORIENTED_EDGE('',*,*,#4919,.F.);
#5140 = ORIENTED_EDGE('',*,*,#5141,.F.);
#5141 = EDGE_CURVE('',#5118,#4920,#5142,.T.);
#5142 = SURFACE_CURVE('',#5143,(#5147,#5154),.PCURVE_S1.);
#5143 = LINE('',#5144,#5145);
#5144 = CARTESIAN_POINT('',(-4.,-23.00000004713,1.));
#5145 = VECTOR('',#5146,1.);
#5146 = DIRECTION('',(-0.,-1.,-0.));
#5147 = PCURVE('',#382,#5148);
#5148 = DEFINITIONAL_REPRESENTATION('',(#5149),#5153);
#5149 = LINE('',#5150,#5151);
#5150 = CARTESIAN_POINT('',(-0.,0.));
#5151 = VECTOR('',#5152,1.);
#5152 = DIRECTION('',(-0.,1.));
#5153 = ( GEOMETRIC_REPRESENTATION_CONTEXT(2) 
PARAMETRIC_REPRESENTATION_CONTEXT() REPRESENTATION_CONTEXT('2D SPACE',''
  ) );
#5154 = PCURVE('',#5155,#5160);
#5155 = PLANE('',#5156);
#5156 = AXIS2_PLACEMENT_3D('',#5157,#5158,#5159);
#5157 = CARTESIAN_POINT('',(-4.,-24.99999998794,0.));
#5158 = DIRECTION('',(-1.,0.,0.));
#5159 = DIRECTION('',(0.,1.,0.));
#5160 = DEFINITIONAL_REPRESENTATION('',(#5161),#5165);
#5161 = LINE('',#5162,#5163);
#5162 = CARTESIAN_POINT('',(1.999999940804,-1.));
#5163 = VECTOR('',#5164,1.);
#5164 = DIRECTION('',(-1.,0.));
#5165 = ( GEOMETRIC_REPRESENTATION_CONTEXT(2) 
PARAMETRIC_REPRESENTATION_CONTEXT() REPRESENTATION_CONTEXT('2D SPACE',''
  ) );
#5166 = ADVANCED_FACE('',(#5167),#1241,.T.);
#5167 = FACE_BOUND('',#5168,.F.);
#5168 = EDGE_LOOP('',(#5169,#5170,#5171,#5193));
#5169 = ORIENTED_EDGE('',*,*,#5092,.T.);
#5170 = ORIENTED_EDGE('',*,*,#1225,.T.);
#5171 = ORIENTED_EDGE('',*,*,#5172,.F.);
#5172 = EDGE_CURVE('',#5173,#1193,#5175,.T.);
#5173 = VERTEX_POINT('',#5174);
#5174 = CARTESIAN_POINT('',(7.,23.,1.5));
#5175 = SURFACE_CURVE('',#5176,(#5181,#5187),.PCURVE_S1.);
#5176 = CIRCLE('',#5177,1.5);
#5177 = AXIS2_PLACEMENT_3D('',#5178,#5179,#5180);
#5178 = CARTESIAN_POINT('',(7.,21.5,1.5));
#5179 = DIRECTION('',(-1.,0.,-0.));
#5180 = DIRECTION('',(-0.,1.,0.));
#5181 = PCURVE('',#1241,#5182);
#5182 = DEFINITIONAL_REPRESENTATION('',(#5183),#5186);
#5183 = B_SPLINE_CURVE_WITH_KNOTS('',1,(#5184,#5185),.UNSPECIFIED.,.F.,
  .F.,(2,2),(0.,1.570796326795),.PIECEWISE_BEZIER_KNOTS.);
#5184 = CARTESIAN_POINT('',(0.,14.));
#5185 = CARTESIAN_POINT('',(-1.570796326795,14.));
#5186 = ( GEOMETRIC_REPRESENTATION_CONTEXT(2) 
PARAMETRIC_REPRESENTATION_CONTEXT() REPRESENTATION_CONTEXT('2D SPACE',''
  ) );
#5187 = PCURVE('',#1213,#5188);
#5188 = DEFINITIONAL_REPRESENTATION('',(#5189),#5192);
#5189 = B_SPLINE_CURVE_WITH_KNOTS('',1,(#5190,#5191),.UNSPECIFIED.,.F.,
  .F.,(2,2),(0.,1.570796326795),.PIECEWISE_BEZIER_KNOTS.);
#5190 = CARTESIAN_POINT('',(0.,0.));
#5191 = CARTESIAN_POINT('',(0.,1.570796326795));
#5192 = ( GEOMETRIC_REPRESENTATION_CONTEXT(2) 
PARAMETRIC_REPRESENTATION_CONTEXT() REPRESENTATION_CONTEXT('2D SPACE',''
  ) );
#5193 = ORIENTED_EDGE('',*,*,#5194,.F.);
#5194 = EDGE_CURVE('',#5069,#5173,#5195,.T.);
#5195 = SURFACE_CURVE('',#5196,(#5200,#5207),.PCURVE_S1.);
#5196 = LINE('',#5197,#5198);
#5197 = CARTESIAN_POINT('',(-7.,23.,1.5));
#5198 = VECTOR('',#5199,1.);
#5199 = DIRECTION('',(1.,0.,0.));
#5200 = PCURVE('',#1241,#5201);
#5201 = DEFINITIONAL_REPRESENTATION('',(#5202),#5206);
#5202 = LINE('',#5203,#5204);
#5203 = CARTESIAN_POINT('',(-0.,0.));
#5204 = VECTOR('',#5205,1.);
#5205 = DIRECTION('',(-0.,1.));
#5206 = ( GEOMETRIC_REPRESENTATION_CONTEXT(2) 
PARAMETRIC_REPRESENTATION_CONTEXT() REPRESENTATION_CONTEXT('2D SPACE',''
  ) );
#5207 = PCURVE('',#5208,#5213);
#5208 = PLANE('',#5209);
#5209 = AXIS2_PLACEMENT_3D('',#5210,#5211,#5212);
#5210 = CARTESIAN_POINT('',(-7.,23.,0.));
#5211 = DIRECTION('',(0.,1.,0.));
#5212 = DIRECTION('',(1.,0.,0.));
#5213 = DEFINITIONAL_REPRESENTATION('',(#5214),#5218);
#5214 = LINE('',#5215,#5216);
#5215 = CARTESIAN_POINT('',(0.,-1.5));
#5216 = VECTOR('',#5217,1.);
#5217 = DIRECTION('',(1.,0.));
#5218 = ( GEOMETRIC_REPRESENTATION_CONTEXT(2) 
PARAMETRIC_REPRESENTATION_CONTEXT() REPRESENTATION_CONTEXT('2D SPACE',''
  ) );
#5219 = ADVANCED_FACE('',(#5220),#415,.T.);
#5220 = FACE_BOUND('',#5221,.T.);
#5221 = EDGE_LOOP('',(#5222,#5302,#5329,#5330));
#5222 = ORIENTED_EDGE('',*,*,#5223,.F.);
#5223 = EDGE_CURVE('',#5224,#395,#5226,.T.);
#5224 = VERTEX_POINT('',#5225);
#5225 = CARTESIAN_POINT('',(-4.001051489514,-22.91421356237,1.));
#5226 = SURFACE_CURVE('',#5227,(#5250,#5276),.PCURVE_S1.);
#5227 = B_SPLINE_CURVE_WITH_KNOTS('',6,(#5228,#5229,#5230,#5231,#5232,
    #5233,#5234,#5235,#5236,#5237,#5238,#5239,#5240,#5241,#5242,#5243,
    #5244,#5245,#5246,#5247,#5248,#5249),.UNSPECIFIED.,.F.,.F.,(7,5,5,5,
    7),(0.,0.178795479697,0.320297601217,0.612708796935,1.),
  .UNSPECIFIED.);
#5228 = CARTESIAN_POINT('',(-4.001051489514,-22.91421356237,1.));
#5229 = CARTESIAN_POINT('',(-4.001632894829,-22.89049995215,
    0.93292778162));
#5230 = CARTESIAN_POINT('',(-4.007904894477,-22.86281260125,
    0.86676238656));
#5231 = CARTESIAN_POINT('',(-4.019712747785,-22.83136857318,
    0.802419758256));
#5232 = CARTESIAN_POINT('',(-4.036663744647,-22.79659280568,
    0.740581477358));
#5233 = CARTESIAN_POINT('',(-4.058286170619,-22.75899763952,
    0.681700994463));
#5234 = CARTESIAN_POINT('',(-4.104493991264,-22.68753153656,
    0.582010158328));
#5235 = CARTESIAN_POINT('',(-4.127526302561,-22.6545108896,
    0.539980800793));
#5236 = CARTESIAN_POINT('',(-4.152941836752,-22.62028409082,
    0.500078571364));
#5237 = CARTESIAN_POINT('',(-4.180510251204,-22.58508407298,
    0.462347868952));
#5238 = CARTESIAN_POINT('',(-4.210019706224,-22.54912178285,
    0.426781662861));
#5239 = CARTESIAN_POINT('',(-4.30591083655,-22.43704640097,
    0.324234744228));
#5240 = CARTESIAN_POINT('',(-4.378003394663,-22.35907331666,
    0.264254549172));
#5241 = CARTESIAN_POINT('',(-4.456036131107,-22.28013006208,
    0.212937848319));
#5242 = CARTESIAN_POINT('',(-4.538835224499,-22.20137404324,
    0.169559032971));
#5243 = CARTESIAN_POINT('',(-4.625537167709,-22.12359048516,
    0.133305213734));
#5244 = CARTESIAN_POINT('',(-4.835010668071,-21.94617874479,
    6.378535616364E-02));
#5245 = CARTESIAN_POINT('',(-4.960216738682,-21.84777048528,
    3.535125758375E-02));
#5246 = CARTESIAN_POINT('',(-5.090025881221,-21.75323561004,
    1.626919862704E-02));
#5247 = CARTESIAN_POINT('',(-5.223591660693,-21.66342158859,
    4.979235457503E-03));
#5248 = CARTESIAN_POINT('',(-5.360332207765,-21.57888064688,
    -3.47840242259E-07));
#5249 = CARTESIAN_POINT('',(-5.500000047432,-21.49999998389,0.));
#5250 = PCURVE('',#415,#5251);
#5251 = DEFINITIONAL_REPRESENTATION('',(#5252),#5275);
#5252 = B_SPLINE_CURVE_WITH_KNOTS('',6,(#5253,#5254,#5255,#5256,#5257,
    #5258,#5259,#5260,#5261,#5262,#5263,#5264,#5265,#5266,#5267,#5268,
    #5269,#5270,#5271,#5272,#5273,#5274),.UNSPECIFIED.,.F.,.F.,(7,5,5,5,
    7),(0.,0.178795479697,0.320297601217,0.612708796935,1.),
  .UNSPECIFIED.);
#5253 = CARTESIAN_POINT('',(1.546283447762,0.));
#5254 = CARTESIAN_POINT('',(1.539506094465,6.707221838019E-02));
#5255 = CARTESIAN_POINT('',(1.531553846805,0.133237439434));
#5256 = CARTESIAN_POINT('',(1.522442398612,0.198124079562));
#5257 = CARTESIAN_POINT('',(1.51222358681,0.261515716781));
#5258 = CARTESIAN_POINT('',(1.500966543443,0.323260047107));
#5259 = CARTESIAN_POINT('',(1.479080693756,0.430749265599));
#5260 = CARTESIAN_POINT('',(1.468808032079,0.477157412395));
#5261 = CARTESIAN_POINT('',(1.457964749874,0.522463129559));
#5262 = CARTESIAN_POINT('',(1.446583755381,0.566666327913));
#5263 = CARTESIAN_POINT('',(1.434694599698,0.609785349228));
#5264 = CARTESIAN_POINT('',(1.39674952762,0.738781395148));
#5265 = CARTESIAN_POINT('',(1.369126652547,0.821151995078));
#5266 = CARTESIAN_POINT('',(1.339630480395,0.899365870138));
#5267 = CARTESIAN_POINT('',(1.308406965814,0.973714822064));
#5268 = CARTESIAN_POINT('',(1.275562146879,1.044500019755));
#5269 = CARTESIAN_POINT('',(1.19547840066,1.201487786648));
#5270 = CARTESIAN_POINT('',(1.147080585756,1.285136322103));
#5271 = CARTESIAN_POINT('',(1.095993382923,1.363672779543));
#5272 = CARTESIAN_POINT('',(1.042295038197,1.437361730242));
#5273 = CARTESIAN_POINT('',(0.986057244783,1.506390902545));
#5274 = CARTESIAN_POINT('',(0.92729518638,1.570796326795));
#5275 = ( GEOMETRIC_REPRESENTATION_CONTEXT(2) 
PARAMETRIC_REPRESENTATION_CONTEXT() REPRESENTATION_CONTEXT('2D SPACE',''
  ) );
#5276 = PCURVE('',#443,#5277);
#5277 = DEFINITIONAL_REPRESENTATION('',(#5278),#5301);
#5278 = B_SPLINE_CURVE_WITH_KNOTS('',6,(#5279,#5280,#5281,#5282,#5283,
    #5284,#5285,#5286,#5287,#5288,#5289,#5290,#5291,#5292,#5293,#5294,
    #5295,#5296,#5297,#5298,#5299,#5300),.UNSPECIFIED.,.F.,.F.,(7,5,5,5,
    7),(0.,0.178795479697,0.320297601217,0.612708796935,1.),
  .UNSPECIFIED.);
#5279 = CARTESIAN_POINT('',(-0.339836909454,11.001051487437));
#5280 = CARTESIAN_POINT('',(-0.3872641299,11.001632892752));
#5281 = CARTESIAN_POINT('',(-0.435004415712,11.0079048924));
#5282 = CARTESIAN_POINT('',(-0.48262593531,11.019712745708));
#5283 = CARTESIAN_POINT('',(-0.529810321252,11.03666374257));
#5284 = CARTESIAN_POINT('',(-0.576315937351,11.058286168542));
#5285 = CARTESIAN_POINT('',(-0.658089789955,11.104493989187));
#5286 = CARTESIAN_POINT('',(-0.693688101356,11.127526300484));
#5287 = CARTESIAN_POINT('',(-0.728687759182,11.152941834675));
#5288 = CARTESIAN_POINT('',(-0.763045342222,11.180510249126));
#5289 = CARTESIAN_POINT('',(-0.796739442633,11.210019704147));
#5290 = CARTESIAN_POINT('',(-0.898013025333,11.305910834473));
#5291 = CARTESIAN_POINT('',(-0.963356946271,11.378003392585));
#5292 = CARTESIAN_POINT('',(-1.025851843961,11.45603612903));
#5293 = CARTESIAN_POINT('',(-1.085581820715,11.538835222422));
#5294 = CARTESIAN_POINT('',(-1.142680967408,11.625537165632));
#5295 = CARTESIAN_POINT('',(-1.269711910649,11.835010665994));
#5296 = CARTESIAN_POINT('',(-1.337711410124,11.960216736605));
#5297 = CARTESIAN_POINT('',(-1.401712681133,12.090025879144));
#5298 = CARTESIAN_POINT('',(-1.461847768974,12.223591658616));
#5299 = CARTESIAN_POINT('',(-1.518209421968,12.360332205688));
#5300 = CARTESIAN_POINT('',(-1.570796337532,12.500000045355));
#5301 = ( GEOMETRIC_REPRESENTATION_CONTEXT(2) 
PARAMETRIC_REPRESENTATION_CONTEXT() REPRESENTATION_CONTEXT('2D SPACE',''
  ) );
#5302 = ORIENTED_EDGE('',*,*,#5303,.T.);
#5303 = EDGE_CURVE('',#5224,#5118,#5304,.T.);
#5304 = SURFACE_CURVE('',#5305,(#5310,#5317),.PCURVE_S1.);
#5305 = CIRCLE('',#5306,3.5);
#5306 = AXIS2_PLACEMENT_3D('',#5307,#5308,#5309);
#5307 = CARTESIAN_POINT('',(-7.5,-23.00000004713,1.));
#5308 = DIRECTION('',(0.,-0.,-1.));
#5309 = DIRECTION('',(0.,1.,-0.));
#5310 = PCURVE('',#415,#5311);
#5311 = DEFINITIONAL_REPRESENTATION('',(#5312),#5316);
#5312 = LINE('',#5313,#5314);
#5313 = CARTESIAN_POINT('',(0.,0.));
#5314 = VECTOR('',#5315,1.);
#5315 = DIRECTION('',(1.,0.));
#5316 = ( GEOMETRIC_REPRESENTATION_CONTEXT(2) 
PARAMETRIC_REPRESENTATION_CONTEXT() REPRESENTATION_CONTEXT('2D SPACE',''
  ) );
#5317 = PCURVE('',#5318,#5323);
#5318 = CYLINDRICAL_SURFACE('',#5319,3.5);
#5319 = AXIS2_PLACEMENT_3D('',#5320,#5321,#5322);
#5320 = CARTESIAN_POINT('',(-7.5,-23.00000004713,0.));
#5321 = DIRECTION('',(0.,0.,-1.));
#5322 = DIRECTION('',(1.,0.,0.));
#5323 = DEFINITIONAL_REPRESENTATION('',(#5324),#5328);
#5324 = LINE('',#5325,#5326);
#5325 = CARTESIAN_POINT('',(-1.570796326795,-1.));
#5326 = VECTOR('',#5327,1.);
#5327 = DIRECTION('',(1.,-0.));
#5328 = ( GEOMETRIC_REPRESENTATION_CONTEXT(2) 
PARAMETRIC_REPRESENTATION_CONTEXT() REPRESENTATION_CONTEXT('2D SPACE',''
  ) );
#5329 = ORIENTED_EDGE('',*,*,#5117,.T.);
#5330 = ORIENTED_EDGE('',*,*,#394,.F.);
#5331 = ADVANCED_FACE('',(#5332),#1213,.T.);
#5332 = FACE_BOUND('',#5333,.T.);
#5333 = EDGE_LOOP('',(#5334,#5335,#5336,#5365,#5510));
#5334 = ORIENTED_EDGE('',*,*,#1192,.F.);
#5335 = ORIENTED_EDGE('',*,*,#5172,.F.);
#5336 = ORIENTED_EDGE('',*,*,#5337,.T.);
#5337 = EDGE_CURVE('',#5173,#5338,#5340,.T.);
#5338 = VERTEX_POINT('',#5339);
#5339 = CARTESIAN_POINT('',(8.706792032557,22.914102424796,1.5));
#5340 = SURFACE_CURVE('',#5341,(#5346,#5353),.PCURVE_S1.);
#5341 = CIRCLE('',#5342,17.);
#5342 = AXIS2_PLACEMENT_3D('',#5343,#5344,#5345);
#5343 = CARTESIAN_POINT('',(7.,5.99999999642,1.5));
#5344 = DIRECTION('',(0.,-0.,-1.));
#5345 = DIRECTION('',(5.224578939413E-17,1.,-0.));
#5346 = PCURVE('',#1213,#5347);
#5347 = DEFINITIONAL_REPRESENTATION('',(#5348),#5352);
#5348 = LINE('',#5349,#5350);
#5349 = CARTESIAN_POINT('',(0.,0.));
#5350 = VECTOR('',#5351,1.);
#5351 = DIRECTION('',(1.,0.));
#5352 = ( GEOMETRIC_REPRESENTATION_CONTEXT(2) 
PARAMETRIC_REPRESENTATION_CONTEXT() REPRESENTATION_CONTEXT('2D SPACE',''
  ) );
#5353 = PCURVE('',#5354,#5359);
#5354 = CYLINDRICAL_SURFACE('',#5355,17.);
#5355 = AXIS2_PLACEMENT_3D('',#5356,#5357,#5358);
#5356 = CARTESIAN_POINT('',(7.,5.99999999642,0.));
#5357 = DIRECTION('',(0.,0.,-1.));
#5358 = DIRECTION('',(1.,0.,0.));
#5359 = DEFINITIONAL_REPRESENTATION('',(#5360),#5364);
#5360 = LINE('',#5361,#5362);
#5361 = CARTESIAN_POINT('',(-1.570796326795,-1.5));
#5362 = VECTOR('',#5363,1.);
#5363 = DIRECTION('',(1.,-0.));
#5364 = ( GEOMETRIC_REPRESENTATION_CONTEXT(2) 
PARAMETRIC_REPRESENTATION_CONTEXT() REPRESENTATION_CONTEXT('2D SPACE',''
  ) );
#5365 = ORIENTED_EDGE('',*,*,#5366,.T.);
#5366 = EDGE_CURVE('',#5338,#5367,#5369,.T.);
#5367 = VERTEX_POINT('',#5368);
#5368 = CARTESIAN_POINT('',(8.771878441992,22.821149398894,1.));
#5369 = SURFACE_CURVE('',#5370,(#5413,#5459),.PCURVE_S1.);
#5370 = B_SPLINE_CURVE_WITH_KNOTS('',6,(#5371,#5372,#5373,#5374,#5375,
    #5376,#5377,#5378,#5379,#5380,#5381,#5382,#5383,#5384,#5385,#5386,
    #5387,#5388,#5389,#5390,#5391,#5392,#5393,#5394,#5395,#5396,#5397,
    #5398,#5399,#5400,#5401,#5402,#5403,#5404,#5405,#5406,#5407,#5408,
    #5409,#5410,#5411,#5412),.UNSPECIFIED.,.F.,.F.,(7,5,5,5,5,5,5,5,7),(
    0.,0.36112232567,0.558775410985,0.77255470668,0.883777437141,
    0.941319724918,0.969539552957,0.984525959344,1.),.UNSPECIFIED.);
#5371 = CARTESIAN_POINT('',(8.706792032557,22.914102424796,1.5));
#5372 = CARTESIAN_POINT('',(8.706792032557,22.914102424796,
    1.397859579933));
#5373 = CARTESIAN_POINT('',(8.713112438343,22.905075949871,
    1.295682284993));
#5374 = CARTESIAN_POINT('',(8.725760904122,22.887012068679,
    1.194861348357));
#5375 = CARTESIAN_POINT('',(8.744455624149,22.860313241536,
    1.096600280267));
#5376 = CARTESIAN_POINT('',(8.768755451218,22.825609491944,
    1.001902153822));
#5377 = CARTESIAN_POINT('',(8.814140141669,22.760793436739,
    0.862121974021));
#5378 = CARTESIAN_POINT('',(8.831705814831,22.735707055626,
    0.813970334119));
#5379 = CARTESIAN_POINT('',(8.850695568044,22.708586877426,
    0.767228954134));
#5380 = CARTESIAN_POINT('',(8.871016716791,22.679565269348,
    0.721989330007));
#5381 = CARTESIAN_POINT('',(8.892575732143,22.648775804547,
    0.678320223555));
#5382 = CARTESIAN_POINT('',(8.939841270073,22.581273620763,
    0.590792137603));
#5383 = CARTESIAN_POINT('',(8.965742547294,22.544282763329,0.54720856332
    ));
#5384 = CARTESIAN_POINT('',(8.992872290919,22.505537474048,0.50558199486
    ));
#5385 = CARTESIAN_POINT('',(9.021120583229,22.465194731691,0.46594943853
    ));
#5386 = CARTESIAN_POINT('',(9.05038406667,22.423402146144,0.428328743084
    ));
#5387 = CARTESIAN_POINT('',(9.096272786636,22.357866262193,
    0.374199393178));
#5388 = CARTESIAN_POINT('',(9.11222616974,22.335082469913,0.356220832332
    ));
#5389 = CARTESIAN_POINT('',(9.128415489637,22.311961724971,
    0.338788423827));
#5390 = CARTESIAN_POINT('',(9.144827986026,22.288522250968,
    0.321901875979));
#5391 = CARTESIAN_POINT('',(9.161451471032,22.264781453991,
    0.305560127809));
#5392 = CARTESIAN_POINT('',(9.18697781763,22.228326052977,0.281587679234
    ));
#5393 = CARTESIAN_POINT('',(9.195734669565,22.215819972341,
    0.273559353073));
#5394 = CARTESIAN_POINT('',(9.204543276715,22.203239977598,
    0.265676128044));
#5395 = CARTESIAN_POINT('',(9.213402070287,22.190588309216,
    0.257937724425));
#5396 = CARTESIAN_POINT('',(9.222309520996,22.17786715124,0.250343825295
    ));
#5397 = CARTESIAN_POINT('',(9.235655653409,22.158806898838,
    0.239240578604));
#5398 = CARTESIAN_POINT('',(9.240058511919,22.152518965232,
    0.235621750706));
#5399 = CARTESIAN_POINT('',(9.244472538827,22.146215081501,
    0.232037551362));
#5400 = CARTESIAN_POINT('',(9.248897560563,22.13989549553,0.228487937386
    ));
#5401 = CARTESIAN_POINT('',(9.253333405753,22.133560452063,
    0.224972863882));
#5402 = CARTESIAN_POINT('',(9.260141260795,22.123837827455,
    0.219643889532));
#5403 = CARTESIAN_POINT('',(9.262507167905,22.120458961931,
    0.217804012161));
#5404 = CARTESIAN_POINT('',(9.264877606626,22.117073624597,
    0.215972670602));
#5405 = CARTESIAN_POINT('',(9.267252556952,22.113681844023,
    0.214149883184));
#5406 = CARTESIAN_POINT('',(9.269631998802,22.110283648887,
    0.212335668092));
#5407 = CARTESIAN_POINT('',(9.274477394053,22.103363707318,
    0.208665666439));
#5408 = CARTESIAN_POINT('',(9.276721595315,22.10015865576,0.206978558125
    ));
#5409 = CARTESIAN_POINT('',(9.279088138787,22.096778881417,
    0.205207540567));
#5410 = CARTESIAN_POINT('',(9.281640466337,22.093133779914,0.20331152059
    ));
#5411 = CARTESIAN_POINT('',(9.284161269107,22.089533700463,
    0.201456069017));
#5412 = CARTESIAN_POINT('',(9.286147917907,22.086696471938,0.2));
#5413 = PCURVE('',#1213,#5414);
#5414 = DEFINITIONAL_REPRESENTATION('',(#5415),#5458);
#5415 = B_SPLINE_CURVE_WITH_KNOTS('',6,(#5416,#5417,#5418,#5419,#5420,
    #5421,#5422,#5423,#5424,#5425,#5426,#5427,#5428,#5429,#5430,#5431,
    #5432,#5433,#5434,#5435,#5436,#5437,#5438,#5439,#5440,#5441,#5442,
    #5443,#5444,#5445,#5446,#5447,#5448,#5449,#5450,#5451,#5452,#5453,
    #5454,#5455,#5456,#5457),.UNSPECIFIED.,.F.,.F.,(7,5,5,5,5,5,5,5,7),(
    0.,0.36112232567,0.558775410985,0.77255470668,0.883777437141,
    0.941319724918,0.969539552957,0.984525959344,1.),.UNSPECIFIED.);
#5416 = CARTESIAN_POINT('',(0.100568973367,0.));
#5417 = CARTESIAN_POINT('',(0.100568973367,6.8093613378E-02));
#5418 = CARTESIAN_POINT('',(0.10099219556,0.136211684191));
#5419 = CARTESIAN_POINT('',(0.101839130248,0.203994599243));
#5420 = CARTESIAN_POINT('',(0.103094105685,0.271207121265));
#5421 = CARTESIAN_POINT('',(0.10473359379,0.337646871028));
#5422 = CARTESIAN_POINT('',(0.107816034946,0.438954275208));
#5423 = CARTESIAN_POINT('',(0.109012330201,0.474509933027));
#5424 = CARTESIAN_POINT('',(0.110309785518,0.509764389471));
#5425 = CARTESIAN_POINT('',(0.111703344301,0.544703287672));
#5426 = CARTESIAN_POINT('',(0.113187898223,0.579318275453));
#5427 = CARTESIAN_POINT('',(0.11645723391,0.650690197779));
#5428 = CARTESIAN_POINT('',(0.118256619896,0.687391314605));
#5429 = CARTESIAN_POINT('',(0.120150439183,0.723705749532));
#5430 = CARTESIAN_POINT('',(0.122132661609,0.759635745861));
#5431 = CARTESIAN_POINT('',(0.124197594947,0.79518833704));
#5432 = CARTESIAN_POINT('',(0.127454686774,0.848681189986));
#5433 = CARTESIAN_POINT('',(0.128590310799,0.866888426483));
#5434 = CARTESIAN_POINT('',(0.129746173961,0.88499803539));
#5435 = CARTESIAN_POINT('',(0.130921567734,0.903011750735));
#5436 = CARTESIAN_POINT('',(0.132115812602,0.92093149213));
#5437 = CARTESIAN_POINT('',(0.13395552989,0.947982808338));
#5438 = CARTESIAN_POINT('',(0.13458767324,0.957181658821));
#5439 = CARTESIAN_POINT('',(0.135224598031,0.96635620531));
#5440 = CARTESIAN_POINT('',(0.135866216152,0.975506745888));
#5441 = CARTESIAN_POINT('',(0.136512441463,0.984633587629));
#5442 = CARTESIAN_POINT('',(0.137482329103,0.998201555345));
#5443 = CARTESIAN_POINT('',(0.137802556241,1.002660440173));
#5444 = CARTESIAN_POINT('',(0.138123861277,1.007113738298));
#5445 = CARTESIAN_POINT('',(0.138446234388,1.011561487348));
#5446 = CARTESIAN_POINT('',(0.138769665859,1.016003725367));
#5447 = CARTESIAN_POINT('',(0.139266464376,1.022796677046));
#5448 = CARTESIAN_POINT('',(0.139439191315,1.025152863266));
#5449 = CARTESIAN_POINT('',(0.139612326048,1.027509049481));
#5450 = CARTESIAN_POINT('',(0.13978586771,1.029865235691));
#5451 = CARTESIAN_POINT('',(0.139959815432,1.032221421896));
#5452 = CARTESIAN_POINT('',(0.140314194409,1.037010460918));
#5453 = CARTESIAN_POINT('',(0.14047844051,1.039224139589));
#5454 = CARTESIAN_POINT('',(0.140651618734,1.041554844936));
#5455 = CARTESIAN_POINT('',(0.140838509466,1.044063620703));
#5456 = CARTESIAN_POINT('',(0.141023299413,1.046536020646));
#5457 = CARTESIAN_POINT('',(0.14116891963,1.04848177563));
#5458 = ( GEOMETRIC_REPRESENTATION_CONTEXT(2) 
PARAMETRIC_REPRESENTATION_CONTEXT() REPRESENTATION_CONTEXT('2D SPACE',''
  ) );
#5459 = PCURVE('',#5460,#5465);
#5460 = PLANE('',#5461);
#5461 = AXIS2_PLACEMENT_3D('',#5462,#5463,#5464);
#5462 = CARTESIAN_POINT('',(11.255903168378,19.273594437209,0.));
#5463 = DIRECTION('',(-0.819152044289,-0.573576436351,0.));
#5464 = DIRECTION('',(-0.573576436351,0.819152044289,0.));
#5465 = DEFINITIONAL_REPRESENTATION('',(#5466),#5509);
#5466 = B_SPLINE_CURVE_WITH_KNOTS('',6,(#5467,#5468,#5469,#5470,#5471,
    #5472,#5473,#5474,#5475,#5476,#5477,#5478,#5479,#5480,#5481,#5482,
    #5483,#5484,#5485,#5486,#5487,#5488,#5489,#5490,#5491,#5492,#5493,
    #5494,#5495,#5496,#5497,#5498,#5499,#5500,#5501,#5502,#5503,#5504,
    #5505,#5506,#5507,#5508),.UNSPECIFIED.,.F.,.F.,(7,5,5,5,5,5,5,5,7),(
    0.,0.36112232567,0.558775410985,0.77255470668,0.883777437141,
    0.941319724918,0.969539552957,0.984525959344,1.),.UNSPECIFIED.);
#5467 = CARTESIAN_POINT('',(4.44423964143,-1.5));
#5468 = CARTESIAN_POINT('',(4.44423964143,-1.397859579933));
#5469 = CARTESIAN_POINT('',(4.433220350215,-1.295682284993));
#5470 = CARTESIAN_POINT('',(4.411168423082,-1.194861348357));
#5471 = CARTESIAN_POINT('',(4.378575173356,-1.096600280267));
#5472 = CARTESIAN_POINT('',(4.336209717719,-1.001902153822));
#5473 = CARTESIAN_POINT('',(4.257083924581,-0.862121974021));
#5474 = CARTESIAN_POINT('',(4.226459107995,-0.813970334119));
#5475 = CARTESIAN_POINT('',(4.193351483605,-0.767228954134));
#5476 = CARTESIAN_POINT('',(4.157922641939,-0.721989330007));
#5477 = CARTESIAN_POINT('',(4.120335645708,-0.678320223555));
#5478 = CARTESIAN_POINT('',(4.037930695059,-0.590792137603));
#5479 = CARTESIAN_POINT('',(3.992773196286,-0.54720856332));
#5480 = CARTESIAN_POINT('',(3.945473931698,-0.50558199486));
#5481 = CARTESIAN_POINT('',(3.896224536988,-0.46594943853));
#5482 = CARTESIAN_POINT('',(3.845205210553,-0.428328743084));
#5483 = CARTESIAN_POINT('',(3.765200668774,-0.374199393178));
#5484 = CARTESIAN_POINT('',(3.737386794123,-0.356220832332));
#5485 = CARTESIAN_POINT('',(3.709161576224,-0.338788423827));
#5486 = CARTESIAN_POINT('',(3.680547261987,-0.321901875979));
#5487 = CARTESIAN_POINT('',(3.651565100321,-0.305560127809));
#5488 = CARTESIAN_POINT('',(3.607061273141,-0.281587679234));
#5489 = CARTESIAN_POINT('',(3.591794167695,-0.273559353073));
#5490 = CARTESIAN_POINT('',(3.576436829786,-0.265676128044));
#5491 = CARTESIAN_POINT('',(3.56099199452,-0.257937724425));
#5492 = CARTESIAN_POINT('',(3.545462328123,-0.250343825295));
#5493 = CARTESIAN_POINT('',(3.522194056335,-0.239240578604));
#5494 = CARTESIAN_POINT('',(3.514517906773,-0.235621750706));
#5495 = CARTESIAN_POINT('',(3.506822285704,-0.232037551362));
#5496 = CARTESIAN_POINT('',(3.499107495739,-0.228487937386));
#5497 = CARTESIAN_POINT('',(3.491373835656,-0.224972863882));
#5498 = CARTESIAN_POINT('',(3.479504702598,-0.219643889532));
#5499 = CARTESIAN_POINT('',(3.475379869428,-0.217804012161));
#5500 = CARTESIAN_POINT('',(3.471247135636,-0.215972670602));
#5501 = CARTESIAN_POINT('',(3.4671065361,-0.214149883184));
#5502 = CARTESIAN_POINT('',(3.462958105831,-0.212335668092));
#5503 = CARTESIAN_POINT('',(3.454510417008,-0.208665666439));
#5504 = CARTESIAN_POINT('',(3.450597771509,-0.206978558125));
#5505 = CARTESIAN_POINT('',(3.446471828876,-0.205207540567));
#5506 = CARTESIAN_POINT('',(3.442021981588,-0.20331152059));
#5507 = CARTESIAN_POINT('',(3.437627096076,-0.201456069017));
#5508 = CARTESIAN_POINT('',(3.434163479591,-0.2));
#5509 = ( GEOMETRIC_REPRESENTATION_CONTEXT(2) 
PARAMETRIC_REPRESENTATION_CONTEXT() REPRESENTATION_CONTEXT('2D SPACE',''
  ) );
#5510 = ORIENTED_EDGE('',*,*,#5511,.T.);
#5511 = EDGE_CURVE('',#5367,#1165,#5512,.T.);
#5512 = SURFACE_CURVE('',#5513,(#5544,#5578),.PCURVE_S1.);
#5513 = B_SPLINE_CURVE_WITH_KNOTS('',8,(#5514,#5515,#5516,#5517,#5518,
    #5519,#5520,#5521,#5522,#5523,#5524,#5525,#5526,#5527,#5528,#5529,
    #5530,#5531,#5532,#5533,#5534,#5535,#5536,#5537,#5538,#5539,#5540,
    #5541,#5542,#5543),.UNSPECIFIED.,.F.,.F.,(9,7,7,7,9),(0.,
    0.109580764547,0.22464165121,0.583154910035,1.),.UNSPECIFIED.);
#5514 = CARTESIAN_POINT('',(8.771878441992,22.821149398894,1.));
#5515 = CARTESIAN_POINT('',(8.782915019531,22.805387532681,
    0.958934105722));
#5516 = CARTESIAN_POINT('',(8.797314716652,22.788183253548,0.91917468665
    ));
#5517 = CARTESIAN_POINT('',(8.814677495765,22.769731655363,
    0.880875156903));
#5518 = CARTESIAN_POINT('',(8.834598220036,22.750223557995,
    0.844107190478));
#5519 = CARTESIAN_POINT('',(8.856702098133,22.729830777272,
    0.808882670129));
#5520 = CARTESIAN_POINT('',(8.880668127971,22.708695601244,
    0.775170269619));
#5521 = CARTESIAN_POINT('',(8.906240539477,22.68692447278,0.742906669316
    ));
#5522 = CARTESIAN_POINT('',(8.961565585043,22.641130133477,
    0.679552622106));
#5523 = CARTESIAN_POINT('',(8.991443672312,22.617065137239,
    0.648624406707));
#5524 = CARTESIAN_POINT('',(9.02262796047,22.592480625083,0.619124555873
    ));
#5525 = CARTESIAN_POINT('',(9.054925490503,22.567451480588,
    0.590969523501));
#5526 = CARTESIAN_POINT('',(9.08817776452,22.542038874776,0.564081297145
    ));
#5527 = CARTESIAN_POINT('',(9.122255919431,22.516290881642,
    0.538384903742));
#5528 = CARTESIAN_POINT('',(9.157058191835,22.490242569998,
    0.513807544371));
#5529 = CARTESIAN_POINT('',(9.302971420304,22.381884411885,
    0.416968896192));
#5530 = CARTESIAN_POINT('',(9.419490191824,22.297329352282,0.3540049801)
  );
#5531 = CARTESIAN_POINT('',(9.539789945685,22.210897159966,
    0.299172786855));
#5532 = CARTESIAN_POINT('',(9.662675163917,22.123008807308,
    0.251415461027));
#5533 = CARTESIAN_POINT('',(9.787205918129,22.0339752772,0.209749187621)
  );
#5534 = CARTESIAN_POINT('',(9.912868879707,21.943958025268,0.17350221866
    ));
#5535 = CARTESIAN_POINT('',(10.039360392649,21.852998396125,
    0.142068983717));
#5536 = CARTESIAN_POINT('',(10.31461830535,21.654022739324,
    8.349324619997E-02));
#5537 = CARTESIAN_POINT('',(10.463349493383,21.545863703967,
    5.794575453627E-02));
#5538 = CARTESIAN_POINT('',(10.612426784422,21.436599630128,
    3.762794057031E-02));
#5539 = CARTESIAN_POINT('',(10.761559552181,21.32630103198,
    2.203820799688E-02));
#5540 = CARTESIAN_POINT('',(10.910523891523,21.215024536607,
    1.077839498396E-02));
#5541 = CARTESIAN_POINT('',(11.059147581561,21.102810679572,
    3.520044923227E-03));
#5542 = CARTESIAN_POINT('',(11.207306149372,20.989682208643,
    8.58278745952E-08));
#5543 = CARTESIAN_POINT('',(11.354911504947,20.875642697966,0.));
#5544 = PCURVE('',#1213,#5545);
#5545 = DEFINITIONAL_REPRESENTATION('',(#5546),#5577);
#5546 = B_SPLINE_CURVE_WITH_KNOTS('',8,(#5547,#5548,#5549,#5550,#5551,
    #5552,#5553,#5554,#5555,#5556,#5557,#5558,#5559,#5560,#5561,#5562,
    #5563,#5564,#5565,#5566,#5567,#5568,#5569,#5570,#5571,#5572,#5573,
    #5574,#5575,#5576),.UNSPECIFIED.,.F.,.F.,(9,7,7,7,9),(0.,
    0.109580764547,0.22464165121,0.583154910035,1.),.UNSPECIFIED.);
#5547 = CARTESIAN_POINT('',(0.104949325893,0.339836909454));
#5548 = CARTESIAN_POINT('',(0.105695858689,0.368874881774));
#5549 = CARTESIAN_POINT('',(0.106650528918,0.397329721612));
#5550 = CARTESIAN_POINT('',(0.107789514817,0.425106417018));
#5551 = CARTESIAN_POINT('',(0.109088686526,0.45215495689));
#5552 = CARTESIAN_POINT('',(0.110525693751,0.478458855091));
#5553 = CARTESIAN_POINT('',(0.112081380964,0.50402743192));
#5554 = CARTESIAN_POINT('',(0.113740530124,0.528891852917));
#5555 = CARTESIAN_POINT('',(0.117330919124,0.578528890217));
#5556 = CARTESIAN_POINT('',(0.119270339933,0.603216794436));
#5557 = CARTESIAN_POINT('',(0.121296338262,0.627220519831));
#5558 = CARTESIAN_POINT('',(0.123397493192,0.650584668609));
#5559 = CARTESIAN_POINT('',(0.125564410559,0.673350240633));
#5560 = CARTESIAN_POINT('',(0.127789458613,0.69555715232));
#5561 = CARTESIAN_POINT('',(0.13006664678,0.71724559686));
#5562 = CARTESIAN_POINT('',(0.139636017173,0.804545592606));
#5563 = CARTESIAN_POINT('',(0.14732846205,0.865851079704));
#5564 = CARTESIAN_POINT('',(0.15533700449,0.923660340647));
#5565 = CARTESIAN_POINT('',(0.163591616174,0.978508572298));
#5566 = CARTESIAN_POINT('',(0.172036298145,1.030901752965));
#5567 = CARTESIAN_POINT('',(0.180640404522,1.081177381315));
#5568 = CARTESIAN_POINT('',(0.18938682516,1.129674532309));
#5569 = CARTESIAN_POINT('',(0.208611745091,1.231375253995));
#5570 = CARTESIAN_POINT('',(0.219118817974,1.283946981258));
#5571 = CARTESIAN_POINT('',(0.229774299237,1.334798119541));
#5572 = CARTESIAN_POINT('',(0.240561140148,1.384187387107));
#5573 = CARTESIAN_POINT('',(0.25146588554,1.432319275346));
#5574 = CARTESIAN_POINT('',(0.262478009154,1.479367435426));
#5575 = CARTESIAN_POINT('',(0.273589894313,1.525480032483));
#5576 = CARTESIAN_POINT('',(0.284796373138,1.570796326795));
#5577 = ( GEOMETRIC_REPRESENTATION_CONTEXT(2) 
PARAMETRIC_REPRESENTATION_CONTEXT() REPRESENTATION_CONTEXT('2D SPACE',''
  ) );
#5578 = PCURVE('',#1180,#5579);
#5579 = DEFINITIONAL_REPRESENTATION('',(#5580),#5611);
#5580 = B_SPLINE_CURVE_WITH_KNOTS('',8,(#5581,#5582,#5583,#5584,#5585,
    #5586,#5587,#5588,#5589,#5590,#5591,#5592,#5593,#5594,#5595,#5596,
    #5597,#5598,#5599,#5600,#5601,#5602,#5603,#5604,#5605,#5606,#5607,
    #5608,#5609,#5610),.UNSPECIFIED.,.F.,.F.,(9,7,7,7,9),(0.,
    0.109580764547,0.22464165121,0.583154910035,1.),.UNSPECIFIED.);
#5581 = CARTESIAN_POINT('',(0.,4.330764949461));
#5582 = CARTESIAN_POINT('',(-4.106589427809E-02,4.311523263716));
#5583 = CARTESIAN_POINT('',(-8.082519527119E-02,4.289171016334));
#5584 = CARTESIAN_POINT('',(-0.119230597931,4.264097470992));
#5585 = CARTESIAN_POINT('',(-0.156286621299,4.236691315116));
#5586 = CARTESIAN_POINT('',(-0.192032341332,4.207308263469));
#5587 = CARTESIAN_POINT('',(-0.226530587872,4.176248990832));
#5588 = CARTESIAN_POINT('',(-0.25986360574,4.143747393783));
#5589 = CARTESIAN_POINT('',(-0.3260206521,4.07450172465));
#5590 = CARTESIAN_POINT('',(-0.358711903291,4.037651466965));
#5591 = CARTESIAN_POINT('',(-0.390316777046,3.999626440703));
#5592 = CARTESIAN_POINT('',(-0.420924233086,3.960598663644));
#5593 = CARTESIAN_POINT('',(-0.450612003666,3.920709154811));
#5594 = CARTESIAN_POINT('',(-0.47945186263,3.880071206948));
#5595 = CARTESIAN_POINT('',(-0.507512507189,3.838771915831));
#5596 = CARTESIAN_POINT('',(-0.620071090244,3.666317719496));
#5597 = CARTESIAN_POINT('',(-0.698172323953,3.53022184783));
#5598 = CARTESIAN_POINT('',(-0.771245569428,3.39041963669));
#5599 = CARTESIAN_POINT('',(-0.840129973278,3.247941647385));
#5600 = CARTESIAN_POINT('',(-0.905611607152,3.103581742972));
#5601 = CARTESIAN_POINT('',(-0.968188127915,2.957766613346));
#5602 = CARTESIAN_POINT('',(-1.02835135854,2.810704295964));
#5603 = CARTESIAN_POINT('',(-1.154168741485,2.489831527288));
#5604 = CARTESIAN_POINT('',(-1.218983195793,2.315924127561));
#5605 = CARTESIAN_POINT('',(-1.281523568426,2.140913016774));
#5606 = CARTESIAN_POINT('',(-1.342158016616,1.965022653144));
#5607 = CARTESIAN_POINT('',(-1.401175426205,1.788427849574));
#5608 = CARTESIAN_POINT('',(-1.458819369891,1.611260592697));
#5609 = CARTESIAN_POINT('',(-1.515295376116,1.433610911129));
#5610 = CARTESIAN_POINT('',(-1.570796340365,1.255532258991));
#5611 = ( GEOMETRIC_REPRESENTATION_CONTEXT(2) 
PARAMETRIC_REPRESENTATION_CONTEXT() REPRESENTATION_CONTEXT('2D SPACE',''
  ) );
#5612 = ADVANCED_FACE('',(#5613),#443,.T.);
#5613 = FACE_BOUND('',#5614,.F.);
#5614 = EDGE_LOOP('',(#5615,#5645,#5682,#5760,#5761,#5762));
#5615 = ORIENTED_EDGE('',*,*,#5616,.F.);
#5616 = EDGE_CURVE('',#5617,#5619,#5621,.T.);
#5617 = VERTEX_POINT('',#5618);
#5618 = CARTESIAN_POINT('',(4.,-23.00000002356,1.5));
#5619 = VERTEX_POINT('',#5620);
#5620 = CARTESIAN_POINT('',(-4.,-23.00000002356,1.5));
#5621 = SURFACE_CURVE('',#5622,(#5626,#5633),.PCURVE_S1.);
#5622 = LINE('',#5623,#5624);
#5623 = CARTESIAN_POINT('',(6.999999997923,-23.,1.5));
#5624 = VECTOR('',#5625,1.);
#5625 = DIRECTION('',(-1.,-0.,-0.));
#5626 = PCURVE('',#443,#5627);
#5627 = DEFINITIONAL_REPRESENTATION('',(#5628),#5632);
#5628 = LINE('',#5629,#5630);
#5629 = CARTESIAN_POINT('',(-0.,0.));
#5630 = VECTOR('',#5631,1.);
#5631 = DIRECTION('',(-0.,1.));
#5632 = ( GEOMETRIC_REPRESENTATION_CONTEXT(2) 
PARAMETRIC_REPRESENTATION_CONTEXT() REPRESENTATION_CONTEXT('2D SPACE',''
  ) );
#5633 = PCURVE('',#5634,#5639);
#5634 = PLANE('',#5635);
#5635 = AXIS2_PLACEMENT_3D('',#5636,#5637,#5638);
#5636 = CARTESIAN_POINT('',(-7.,-23.,0.));
#5637 = DIRECTION('',(0.,1.,0.));
#5638 = DIRECTION('',(1.,0.,0.));
#5639 = DEFINITIONAL_REPRESENTATION('',(#5640),#5644);
#5640 = LINE('',#5641,#5642);
#5641 = CARTESIAN_POINT('',(13.999999997923,-1.5));
#5642 = VECTOR('',#5643,1.);
#5643 = DIRECTION('',(-1.,0.));
#5644 = ( GEOMETRIC_REPRESENTATION_CONTEXT(2) 
PARAMETRIC_REPRESENTATION_CONTEXT() REPRESENTATION_CONTEXT('2D SPACE',''
  ) );
#5645 = ORIENTED_EDGE('',*,*,#5646,.T.);
#5646 = EDGE_CURVE('',#5617,#5647,#5649,.T.);
#5647 = VERTEX_POINT('',#5648);
#5648 = CARTESIAN_POINT('',(4.001051489514,-22.91421356237,1.));
#5649 = SURFACE_CURVE('',#5650,(#5657,#5667),.PCURVE_S1.);
#5650 = B_SPLINE_CURVE_WITH_KNOTS('',5,(#5651,#5652,#5653,#5654,#5655,
    #5656),.UNSPECIFIED.,.F.,.F.,(6,6),(0.,1.),
  .PIECEWISE_BEZIER_KNOTS.);
#5651 = CARTESIAN_POINT('',(4.,-23.00000002356,1.5));
#5652 = CARTESIAN_POINT('',(4.,-23.00000002356,1.398772156745));
#5653 = CARTESIAN_POINT('',(3.999999763504,-22.99146131563,
    1.297550283787));
#5654 = CARTESIAN_POINT('',(4.000000772031,-22.97438238698,
    1.196913454048));
#5655 = CARTESIAN_POINT('',(4.000206384452,-22.94868227666,
    1.097491719981));
#5656 = CARTESIAN_POINT('',(4.001051510318,-22.91421271384,0.9999976));
#5657 = PCURVE('',#443,#5658);
#5658 = DEFINITIONAL_REPRESENTATION('',(#5659),#5666);
#5659 = B_SPLINE_CURVE_WITH_KNOTS('',5,(#5660,#5661,#5662,#5663,#5664,
    #5665),.UNSPECIFIED.,.F.,.F.,(6,6),(0.,1.),
  .PIECEWISE_BEZIER_KNOTS.);
#5660 = CARTESIAN_POINT('',(0.,2.999999997923));
#5661 = CARTESIAN_POINT('',(-6.748522883647E-02,2.999999997923));
#5662 = CARTESIAN_POINT('',(-0.134966385183,3.000000234419));
#5663 = CARTESIAN_POINT('',(-0.202698178412,2.999999225892));
#5664 = CARTESIAN_POINT('',(-0.270899811783,2.999793613471));
#5665 = CARTESIAN_POINT('',(-0.339838606511,2.998948487605));
#5666 = ( GEOMETRIC_REPRESENTATION_CONTEXT(2) 
PARAMETRIC_REPRESENTATION_CONTEXT() REPRESENTATION_CONTEXT('2D SPACE',''
  ) );
#5667 = PCURVE('',#5668,#5673);
#5668 = CYLINDRICAL_SURFACE('',#5669,3.5);
#5669 = AXIS2_PLACEMENT_3D('',#5670,#5671,#5672);
#5670 = CARTESIAN_POINT('',(7.5,-23.00000004713,0.));
#5671 = DIRECTION('',(0.,0.,-1.));
#5672 = DIRECTION('',(1.,0.,0.));
#5673 = DEFINITIONAL_REPRESENTATION('',(#5674),#5681);
#5674 = B_SPLINE_CURVE_WITH_KNOTS('',5,(#5675,#5676,#5677,#5678,#5679,
    #5680),.UNSPECIFIED.,.F.,.F.,(6,6),(0.,1.),
  .PIECEWISE_BEZIER_KNOTS.);
#5675 = CARTESIAN_POINT('',(-3.14159265359,-1.5));
#5676 = CARTESIAN_POINT('',(-3.14159265359,-1.398772156745));
#5677 = CARTESIAN_POINT('',(-3.139153062335,-1.297550283787));
#5678 = CARTESIAN_POINT('',(-3.134273126561,-1.196913454048));
#5679 = CARTESIAN_POINT('',(-3.126930938239,-1.097491719981));
#5680 = CARTESIAN_POINT('',(-3.117079532047,-0.9999976));
#5681 = ( GEOMETRIC_REPRESENTATION_CONTEXT(2) 
PARAMETRIC_REPRESENTATION_CONTEXT() REPRESENTATION_CONTEXT('2D SPACE',''
  ) );
#5682 = ORIENTED_EDGE('',*,*,#5683,.T.);
#5683 = EDGE_CURVE('',#5647,#428,#5684,.T.);
#5684 = SURFACE_CURVE('',#5685,(#5708,#5734),.PCURVE_S1.);
#5685 = B_SPLINE_CURVE_WITH_KNOTS('',6,(#5686,#5687,#5688,#5689,#5690,
    #5691,#5692,#5693,#5694,#5695,#5696,#5697,#5698,#5699,#5700,#5701,
    #5702,#5703,#5704,#5705,#5706,#5707),.UNSPECIFIED.,.F.,.F.,(7,5,5,5,
    7),(0.,0.178795479697,0.320297601217,0.612708796935,1.),
  .UNSPECIFIED.);
#5686 = CARTESIAN_POINT('',(4.001051489514,-22.91421356237,1.));
#5687 = CARTESIAN_POINT('',(4.001632894829,-22.89049995215,0.93292778162
    ));
#5688 = CARTESIAN_POINT('',(4.007904894477,-22.86281260125,0.86676238656
    ));
#5689 = CARTESIAN_POINT('',(4.019712747785,-22.83136857318,
    0.802419758256));
#5690 = CARTESIAN_POINT('',(4.036663744647,-22.79659280568,
    0.740581477358));
#5691 = CARTESIAN_POINT('',(4.058286170619,-22.75899763952,
    0.681700994463));
#5692 = CARTESIAN_POINT('',(4.104493991264,-22.68753153656,
    0.582010158328));
#5693 = CARTESIAN_POINT('',(4.127526302561,-22.6545108896,0.539980800793
    ));
#5694 = CARTESIAN_POINT('',(4.152941836752,-22.62028409082,
    0.500078571364));
#5695 = CARTESIAN_POINT('',(4.180510251204,-22.58508407298,
    0.462347868952));
#5696 = CARTESIAN_POINT('',(4.210019706224,-22.54912178285,
    0.426781662861));
#5697 = CARTESIAN_POINT('',(4.30591083655,-22.43704640097,0.324234744228
    ));
#5698 = CARTESIAN_POINT('',(4.378003394663,-22.35907331666,
    0.264254549172));
#5699 = CARTESIAN_POINT('',(4.456036131107,-22.28013006208,
    0.212937848319));
#5700 = CARTESIAN_POINT('',(4.538835224499,-22.20137404324,
    0.169559032971));
#5701 = CARTESIAN_POINT('',(4.625537167709,-22.12359048516,
    0.133305213734));
#5702 = CARTESIAN_POINT('',(4.835010668071,-21.94617874479,
    6.378535616362E-02));
#5703 = CARTESIAN_POINT('',(4.960216738682,-21.84777048528,
    3.53512575838E-02));
#5704 = CARTESIAN_POINT('',(5.090025881221,-21.75323561004,
    1.626919862699E-02));
#5705 = CARTESIAN_POINT('',(5.223591660693,-21.66342158859,
    4.979235457533E-03));
#5706 = CARTESIAN_POINT('',(5.360332207765,-21.57888064688,
    -3.478402509464E-07));
#5707 = CARTESIAN_POINT('',(5.500000047432,-21.49999998389,0.));
#5708 = PCURVE('',#443,#5709);
#5709 = DEFINITIONAL_REPRESENTATION('',(#5710),#5733);
#5710 = B_SPLINE_CURVE_WITH_KNOTS('',6,(#5711,#5712,#5713,#5714,#5715,
    #5716,#5717,#5718,#5719,#5720,#5721,#5722,#5723,#5724,#5725,#5726,
    #5727,#5728,#5729,#5730,#5731,#5732),.UNSPECIFIED.,.F.,.F.,(7,5,5,5,
    7),(0.,0.178795479697,0.320297601217,0.612708796935,1.),
  .UNSPECIFIED.);
#5711 = CARTESIAN_POINT('',(-0.339836909454,2.998948508409));
#5712 = CARTESIAN_POINT('',(-0.3872641299,2.998367103094));
#5713 = CARTESIAN_POINT('',(-0.435004415712,2.992095103446));
#5714 = CARTESIAN_POINT('',(-0.482625935311,2.980287250138));
#5715 = CARTESIAN_POINT('',(-0.529810321252,2.963336253276));
#5716 = CARTESIAN_POINT('',(-0.576315937351,2.941713827304));
#5717 = CARTESIAN_POINT('',(-0.658089789955,2.895506006659));
#5718 = CARTESIAN_POINT('',(-0.693688101356,2.872473695362));
#5719 = CARTESIAN_POINT('',(-0.728687759182,2.847058161171));
#5720 = CARTESIAN_POINT('',(-0.763045342222,2.819489746719));
#5721 = CARTESIAN_POINT('',(-0.796739442633,2.789980291699));
#5722 = CARTESIAN_POINT('',(-0.898013025333,2.694089161373));
#5723 = CARTESIAN_POINT('',(-0.963356946271,2.62199660326));
#5724 = CARTESIAN_POINT('',(-1.025851843961,2.543963866816));
#5725 = CARTESIAN_POINT('',(-1.085581820715,2.461164773424));
#5726 = CARTESIAN_POINT('',(-1.142680967408,2.374462830214));
#5727 = CARTESIAN_POINT('',(-1.269711910649,2.164989329852));
#5728 = CARTESIAN_POINT('',(-1.337711410123,2.039783259241));
#5729 = CARTESIAN_POINT('',(-1.401712681133,1.909974116701));
#5730 = CARTESIAN_POINT('',(-1.461847768974,1.77640833723));
#5731 = CARTESIAN_POINT('',(-1.518209421968,1.639667790158));
#5732 = CARTESIAN_POINT('',(-1.570796337532,1.499999950491));
#5733 = ( GEOMETRIC_REPRESENTATION_CONTEXT(2) 
PARAMETRIC_REPRESENTATION_CONTEXT() REPRESENTATION_CONTEXT('2D SPACE',''
  ) );
#5734 = PCURVE('',#476,#5735);
#5735 = DEFINITIONAL_REPRESENTATION('',(#5736),#5759);
#5736 = B_SPLINE_CURVE_WITH_KNOTS('',6,(#5737,#5738,#5739,#5740,#5741,
    #5742,#5743,#5744,#5745,#5746,#5747,#5748,#5749,#5750,#5751,#5752,
    #5753,#5754,#5755,#5756,#5757,#5758),.UNSPECIFIED.,.F.,.F.,(7,5,5,5,
    7),(0.,0.178795479697,0.320297601217,0.612708796935,1.),
  .UNSPECIFIED.);
#5737 = CARTESIAN_POINT('',(2.451287903259E-02,0.));
#5738 = CARTESIAN_POINT('',(3.12902323294E-02,6.707221838019E-02));
#5739 = CARTESIAN_POINT('',(3.924247999008E-02,0.133237439433));
#5740 = CARTESIAN_POINT('',(4.835392818269E-02,0.198124079562));
#5741 = CARTESIAN_POINT('',(5.857273998507E-02,0.261515716781));
#5742 = CARTESIAN_POINT('',(6.982978335209E-02,0.323260047107));
#5743 = CARTESIAN_POINT('',(9.171563303884E-02,0.430749265599));
#5744 = CARTESIAN_POINT('',(0.101988294716,0.477157412395));
#5745 = CARTESIAN_POINT('',(0.112831576921,0.522463129559));
#5746 = CARTESIAN_POINT('',(0.124212571414,0.566666327913));
#5747 = CARTESIAN_POINT('',(0.136101727097,0.609785349228));
#5748 = CARTESIAN_POINT('',(0.174046799175,0.738781395148));
#5749 = CARTESIAN_POINT('',(0.201669674248,0.821151995078));
#5750 = CARTESIAN_POINT('',(0.2311658464,0.899365870138));
#5751 = CARTESIAN_POINT('',(0.262389360981,0.973714822064));
#5752 = CARTESIAN_POINT('',(0.295234179916,1.044500019755));
#5753 = CARTESIAN_POINT('',(0.375317926135,1.201487786648));
#5754 = CARTESIAN_POINT('',(0.423715741039,1.285136322103));
#5755 = CARTESIAN_POINT('',(0.474802943872,1.363672779544));
#5756 = CARTESIAN_POINT('',(0.528501288598,1.437361730242));
#5757 = CARTESIAN_POINT('',(0.584739082012,1.506390902545));
#5758 = CARTESIAN_POINT('',(0.643501140415,1.570796326795));
#5759 = ( GEOMETRIC_REPRESENTATION_CONTEXT(2) 
PARAMETRIC_REPRESENTATION_CONTEXT() REPRESENTATION_CONTEXT('2D SPACE',''
  ) );
#5760 = ORIENTED_EDGE('',*,*,#427,.T.);
#5761 = ORIENTED_EDGE('',*,*,#5223,.F.);
#5762 = ORIENTED_EDGE('',*,*,#5763,.F.);
#5763 = EDGE_CURVE('',#5619,#5224,#5764,.T.);
#5764 = SURFACE_CURVE('',#5765,(#5772,#5782),.PCURVE_S1.);
#5765 = B_SPLINE_CURVE_WITH_KNOTS('',5,(#5766,#5767,#5768,#5769,#5770,
    #5771),.UNSPECIFIED.,.F.,.F.,(6,6),(0.,1.),
  .PIECEWISE_BEZIER_KNOTS.);
#5766 = CARTESIAN_POINT('',(-4.,-23.00000002356,1.5));
#5767 = CARTESIAN_POINT('',(-4.,-23.00000002356,1.398772156745));
#5768 = CARTESIAN_POINT('',(-3.999999763504,-22.99146131563,
    1.297550283787));
#5769 = CARTESIAN_POINT('',(-4.000000772031,-22.97438238698,
    1.196913454048));
#5770 = CARTESIAN_POINT('',(-4.000206384452,-22.94868227666,
    1.097491719981));
#5771 = CARTESIAN_POINT('',(-4.001051510318,-22.91421271384,0.9999976));
#5772 = PCURVE('',#443,#5773);
#5773 = DEFINITIONAL_REPRESENTATION('',(#5774),#5781);
#5774 = B_SPLINE_CURVE_WITH_KNOTS('',5,(#5775,#5776,#5777,#5778,#5779,
    #5780),.UNSPECIFIED.,.F.,.F.,(6,6),(0.,1.),
  .PIECEWISE_BEZIER_KNOTS.);
#5775 = CARTESIAN_POINT('',(0.,10.999999997923));
#5776 = CARTESIAN_POINT('',(-6.748522883644E-02,10.999999997923));
#5777 = CARTESIAN_POINT('',(-0.134966385183,10.999999761426));
#5778 = CARTESIAN_POINT('',(-0.202698178412,11.000000769953));
#5779 = CARTESIAN_POINT('',(-0.270899811783,11.000206382375));
#5780 = CARTESIAN_POINT('',(-0.339838606511,11.001051508241));
#5781 = ( GEOMETRIC_REPRESENTATION_CONTEXT(2) 
PARAMETRIC_REPRESENTATION_CONTEXT() REPRESENTATION_CONTEXT('2D SPACE',''
  ) );
#5782 = PCURVE('',#5318,#5783);
#5783 = DEFINITIONAL_REPRESENTATION('',(#5784),#5791);
#5784 = B_SPLINE_CURVE_WITH_KNOTS('',5,(#5785,#5786,#5787,#5788,#5789,
    #5790),.UNSPECIFIED.,.F.,.F.,(6,6),(0.,1.),
  .PIECEWISE_BEZIER_KNOTS.);
#5785 = CARTESIAN_POINT('',(0.,-1.5));
#5786 = CARTESIAN_POINT('',(0.,-1.398772156745));
#5787 = CARTESIAN_POINT('',(-2.439591254913E-03,-1.297550283787));
#5788 = CARTESIAN_POINT('',(-7.319527028759E-03,-1.196913454048));
#5789 = CARTESIAN_POINT('',(-1.466171535067E-02,-1.097491719981));
#5790 = CARTESIAN_POINT('',(-2.451312154271E-02,-0.9999976));
#5791 = ( GEOMETRIC_REPRESENTATION_CONTEXT(2) 
PARAMETRIC_REPRESENTATION_CONTEXT() REPRESENTATION_CONTEXT('2D SPACE',''
  ) );
#5792 = ADVANCED_FACE('',(#5793),#1180,.T.);
#5793 = FACE_BOUND('',#5794,.F.);
#5794 = EDGE_LOOP('',(#5795,#5818,#5819,#5820));
#5795 = ORIENTED_EDGE('',*,*,#5796,.F.);
#5796 = EDGE_CURVE('',#5367,#5797,#5799,.T.);
#5797 = VERTEX_POINT('',#5798);
#5798 = CARTESIAN_POINT('',(6.552576390299,25.990641200378,1.));
#5799 = SURFACE_CURVE('',#5800,(#5804,#5811),.PCURVE_S1.);
#5800 = LINE('',#5801,#5802);
#5801 = CARTESIAN_POINT('',(11.255903168378,19.273594437209,1.));
#5802 = VECTOR('',#5803,1.);
#5803 = DIRECTION('',(-0.573576436351,0.819152044289,0.));
#5804 = PCURVE('',#1180,#5805);
#5805 = DEFINITIONAL_REPRESENTATION('',(#5806),#5810);
#5806 = LINE('',#5807,#5808);
#5807 = CARTESIAN_POINT('',(-0.,0.));
#5808 = VECTOR('',#5809,1.);
#5809 = DIRECTION('',(-0.,1.));
#5810 = ( GEOMETRIC_REPRESENTATION_CONTEXT(2) 
PARAMETRIC_REPRESENTATION_CONTEXT() REPRESENTATION_CONTEXT('2D SPACE',''
  ) );
#5811 = PCURVE('',#5460,#5812);
#5812 = DEFINITIONAL_REPRESENTATION('',(#5813),#5817);
#5813 = LINE('',#5814,#5815);
#5814 = CARTESIAN_POINT('',(0.,-1.));
#5815 = VECTOR('',#5816,1.);
#5816 = DIRECTION('',(1.,0.));
#5817 = ( GEOMETRIC_REPRESENTATION_CONTEXT(2) 
PARAMETRIC_REPRESENTATION_CONTEXT() REPRESENTATION_CONTEXT('2D SPACE',''
  ) );
#5818 = ORIENTED_EDGE('',*,*,#5511,.T.);
#5819 = ORIENTED_EDGE('',*,*,#1164,.T.);
#5820 = ORIENTED_EDGE('',*,*,#5821,.F.);
#5821 = EDGE_CURVE('',#5797,#1132,#5822,.T.);
#5822 = SURFACE_CURVE('',#5823,(#5828,#5834),.PCURVE_S1.);
#5823 = CIRCLE('',#5824,1.);
#5824 = AXIS2_PLACEMENT_3D('',#5825,#5826,#5827);
#5825 = CARTESIAN_POINT('',(7.371728434588,26.564217636729,1.));
#5826 = DIRECTION('',(0.573576436351,-0.819152044289,-0.));
#5827 = DIRECTION('',(-0.819152044289,-0.573576436351,0.));
#5828 = PCURVE('',#1180,#5829);
#5829 = DEFINITIONAL_REPRESENTATION('',(#5830),#5833);
#5830 = B_SPLINE_CURVE_WITH_KNOTS('',1,(#5831,#5832),.UNSPECIFIED.,.F.,
  .F.,(2,2),(0.,1.570796326795),.PIECEWISE_BEZIER_KNOTS.);
#5831 = CARTESIAN_POINT('',(0.,8.2));
#5832 = CARTESIAN_POINT('',(-1.570796326795,8.2));
#5833 = ( GEOMETRIC_REPRESENTATION_CONTEXT(2) 
PARAMETRIC_REPRESENTATION_CONTEXT() REPRESENTATION_CONTEXT('2D SPACE',''
  ) );
#5834 = PCURVE('',#1152,#5835);
#5835 = DEFINITIONAL_REPRESENTATION('',(#5836),#5839);
#5836 = B_SPLINE_CURVE_WITH_KNOTS('',1,(#5837,#5838),.UNSPECIFIED.,.F.,
  .F.,(2,2),(0.,1.570796326795),.PIECEWISE_BEZIER_KNOTS.);
#5837 = CARTESIAN_POINT('',(0.,0.));
#5838 = CARTESIAN_POINT('',(0.,1.570796326795));
#5839 = ( GEOMETRIC_REPRESENTATION_CONTEXT(2) 
PARAMETRIC_REPRESENTATION_CONTEXT() REPRESENTATION_CONTEXT('2D SPACE',''
  ) );
#5840 = ADVANCED_FACE('',(#5841),#476,.T.);
#5841 = FACE_BOUND('',#5842,.T.);
#5842 = EDGE_LOOP('',(#5843,#5844,#5866,#5888));
#5843 = ORIENTED_EDGE('',*,*,#455,.F.);
#5844 = ORIENTED_EDGE('',*,*,#5845,.F.);
#5845 = EDGE_CURVE('',#5846,#456,#5848,.T.);
#5846 = VERTEX_POINT('',#5847);
#5847 = CARTESIAN_POINT('',(4.,-23.00000004713,1.));
#5848 = SURFACE_CURVE('',#5849,(#5854,#5860),.PCURVE_S1.);
#5849 = CIRCLE('',#5850,1.);
#5850 = AXIS2_PLACEMENT_3D('',#5851,#5852,#5853);
#5851 = CARTESIAN_POINT('',(5.,-23.00000004713,1.));
#5852 = DIRECTION('',(-0.,-1.,-0.));
#5853 = DIRECTION('',(-1.,0.,0.));
#5854 = PCURVE('',#476,#5855);
#5855 = DEFINITIONAL_REPRESENTATION('',(#5856),#5859);
#5856 = B_SPLINE_CURVE_WITH_KNOTS('',1,(#5857,#5858),.UNSPECIFIED.,.F.,
  .F.,(2,2),(0.,1.570796326795),.PIECEWISE_BEZIER_KNOTS.);
#5857 = CARTESIAN_POINT('',(0.,0.));
#5858 = CARTESIAN_POINT('',(0.,1.570796326795));
#5859 = ( GEOMETRIC_REPRESENTATION_CONTEXT(2) 
PARAMETRIC_REPRESENTATION_CONTEXT() REPRESENTATION_CONTEXT('2D SPACE',''
  ) );
#5860 = PCURVE('',#504,#5861);
#5861 = DEFINITIONAL_REPRESENTATION('',(#5862),#5865);
#5862 = B_SPLINE_CURVE_WITH_KNOTS('',1,(#5863,#5864),.UNSPECIFIED.,.F.,
  .F.,(2,2),(0.,1.570796326795),.PIECEWISE_BEZIER_KNOTS.);
#5863 = CARTESIAN_POINT('',(0.,1.999999964923));
#5864 = CARTESIAN_POINT('',(-1.570796326795,1.999999964923));
#5865 = ( GEOMETRIC_REPRESENTATION_CONTEXT(2) 
PARAMETRIC_REPRESENTATION_CONTEXT() REPRESENTATION_CONTEXT('2D SPACE',''
  ) );
#5866 = ORIENTED_EDGE('',*,*,#5867,.T.);
#5867 = EDGE_CURVE('',#5846,#5647,#5868,.T.);
#5868 = SURFACE_CURVE('',#5869,(#5874,#5881),.PCURVE_S1.);
#5869 = CIRCLE('',#5870,3.5);
#5870 = AXIS2_PLACEMENT_3D('',#5871,#5872,#5873);
#5871 = CARTESIAN_POINT('',(7.5,-23.00000004713,1.));
#5872 = DIRECTION('',(-0.,0.,-1.));
#5873 = DIRECTION('',(-1.,0.,0.));
#5874 = PCURVE('',#476,#5875);
#5875 = DEFINITIONAL_REPRESENTATION('',(#5876),#5880);
#5876 = LINE('',#5877,#5878);
#5877 = CARTESIAN_POINT('',(0.,0.));
#5878 = VECTOR('',#5879,1.);
#5879 = DIRECTION('',(1.,0.));
#5880 = ( GEOMETRIC_REPRESENTATION_CONTEXT(2) 
PARAMETRIC_REPRESENTATION_CONTEXT() REPRESENTATION_CONTEXT('2D SPACE',''
  ) );
#5881 = PCURVE('',#5668,#5882);
#5882 = DEFINITIONAL_REPRESENTATION('',(#5883),#5887);
#5883 = LINE('',#5884,#5885);
#5884 = CARTESIAN_POINT('',(-3.14159265359,-1.));
#5885 = VECTOR('',#5886,1.);
#5886 = DIRECTION('',(1.,-0.));
#5887 = ( GEOMETRIC_REPRESENTATION_CONTEXT(2) 
PARAMETRIC_REPRESENTATION_CONTEXT() REPRESENTATION_CONTEXT('2D SPACE',''
  ) );
#5888 = ORIENTED_EDGE('',*,*,#5683,.T.);
#5889 = ADVANCED_FACE('',(#5890),#1152,.T.);
#5890 = FACE_BOUND('',#5891,.T.);
#5891 = EDGE_LOOP('',(#5892,#5893,#5922,#5942));
#5892 = ORIENTED_EDGE('',*,*,#5821,.F.);
#5893 = ORIENTED_EDGE('',*,*,#5894,.T.);
#5894 = EDGE_CURVE('',#5797,#5895,#5897,.T.);
#5895 = VERTEX_POINT('',#5896);
#5896 = CARTESIAN_POINT('',(7.755896867628,32.815010754417,1.));
#5897 = SURFACE_CURVE('',#5898,(#5903,#5910),.PCURVE_S1.);
#5898 = CIRCLE('',#5899,4.9);
#5899 = AXIS2_PLACEMENT_3D('',#5900,#5901,#5902);
#5900 = CARTESIAN_POINT('',(10.566421405748,28.801165737401,1.));
#5901 = DIRECTION('',(-0.,0.,-1.));
#5902 = DIRECTION('',(-0.819152044289,-0.573576436351,0.));
#5903 = PCURVE('',#1152,#5904);
#5904 = DEFINITIONAL_REPRESENTATION('',(#5905),#5909);
#5905 = LINE('',#5906,#5907);
#5906 = CARTESIAN_POINT('',(0.,0.));
#5907 = VECTOR('',#5908,1.);
#5908 = DIRECTION('',(1.,0.));
#5909 = ( GEOMETRIC_REPRESENTATION_CONTEXT(2) 
PARAMETRIC_REPRESENTATION_CONTEXT() REPRESENTATION_CONTEXT('2D SPACE',''
  ) );
#5910 = PCURVE('',#5911,#5916);
#5911 = CYLINDRICAL_SURFACE('',#5912,4.9);
#5912 = AXIS2_PLACEMENT_3D('',#5913,#5914,#5915);
#5913 = CARTESIAN_POINT('',(10.566421405748,28.801165737401,0.));
#5914 = DIRECTION('',(0.,0.,-1.));
#5915 = DIRECTION('',(0.819152044289,0.573576436351,0.));
#5916 = DEFINITIONAL_REPRESENTATION('',(#5917),#5921);
#5917 = LINE('',#5918,#5919);
#5918 = CARTESIAN_POINT('',(-3.14159265359,-1.));
#5919 = VECTOR('',#5920,1.);
#5920 = DIRECTION('',(1.,-0.));
#5921 = ( GEOMETRIC_REPRESENTATION_CONTEXT(2) 
PARAMETRIC_REPRESENTATION_CONTEXT() REPRESENTATION_CONTEXT('2D SPACE',''
  ) );
#5922 = ORIENTED_EDGE('',*,*,#5923,.T.);
#5923 = EDGE_CURVE('',#5895,#1104,#5924,.T.);
#5924 = SURFACE_CURVE('',#5925,(#5930,#5936),.PCURVE_S1.);
#5925 = CIRCLE('',#5926,1.);
#5926 = AXIS2_PLACEMENT_3D('',#5927,#5928,#5929);
#5927 = CARTESIAN_POINT('',(8.329473303979,31.995858710128,1.));
#5928 = DIRECTION('',(-0.819152044289,-0.573576436351,0.));
#5929 = DIRECTION('',(-0.573576436351,0.819152044289,0.));
#5930 = PCURVE('',#1152,#5931);
#5931 = DEFINITIONAL_REPRESENTATION('',(#5932),#5935);
#5932 = B_SPLINE_CURVE_WITH_KNOTS('',1,(#5933,#5934),.UNSPECIFIED.,.F.,
  .F.,(2,2),(0.,1.570796326795),.PIECEWISE_BEZIER_KNOTS.);
#5933 = CARTESIAN_POINT('',(1.570796326795,0.));
#5934 = CARTESIAN_POINT('',(1.570796326795,1.570796326795));
#5935 = ( GEOMETRIC_REPRESENTATION_CONTEXT(2) 
PARAMETRIC_REPRESENTATION_CONTEXT() REPRESENTATION_CONTEXT('2D SPACE',''
  ) );
#5936 = PCURVE('',#1119,#5937);
#5937 = DEFINITIONAL_REPRESENTATION('',(#5938),#5941);
#5938 = B_SPLINE_CURVE_WITH_KNOTS('',1,(#5939,#5940),.UNSPECIFIED.,.F.,
  .F.,(2,2),(0.,1.570796326795),.PIECEWISE_BEZIER_KNOTS.);
#5939 = CARTESIAN_POINT('',(0.,3.136380044566E-15));
#5940 = CARTESIAN_POINT('',(-1.570796326795,3.136380044566E-15));
#5941 = ( GEOMETRIC_REPRESENTATION_CONTEXT(2) 
PARAMETRIC_REPRESENTATION_CONTEXT() REPRESENTATION_CONTEXT('2D SPACE',''
  ) );
#5942 = ORIENTED_EDGE('',*,*,#1131,.F.);
#5943 = ADVANCED_FACE('',(#5944),#504,.T.);
#5944 = FACE_BOUND('',#5945,.F.);
#5945 = EDGE_LOOP('',(#5946,#5968,#5969,#5970));
#5946 = ORIENTED_EDGE('',*,*,#5947,.T.);
#5947 = EDGE_CURVE('',#5948,#489,#5950,.T.);
#5948 = VERTEX_POINT('',#5949);
#5949 = CARTESIAN_POINT('',(4.,-25.00000001205,1.));
#5950 = SURFACE_CURVE('',#5951,(#5956,#5962),.PCURVE_S1.);
#5951 = CIRCLE('',#5952,1.);
#5952 = AXIS2_PLACEMENT_3D('',#5953,#5954,#5955);
#5953 = CARTESIAN_POINT('',(5.,-25.00000001205,1.));
#5954 = DIRECTION('',(-0.,-1.,-0.));
#5955 = DIRECTION('',(-1.,0.,0.));
#5956 = PCURVE('',#504,#5957);
#5957 = DEFINITIONAL_REPRESENTATION('',(#5958),#5961);
#5958 = B_SPLINE_CURVE_WITH_KNOTS('',1,(#5959,#5960),.UNSPECIFIED.,.F.,
  .F.,(2,2),(0.,1.570796326795),.PIECEWISE_BEZIER_KNOTS.);
#5959 = CARTESIAN_POINT('',(0.,-3.10862446895E-15));
#5960 = CARTESIAN_POINT('',(-1.570796326795,-3.10862446895E-15));
#5961 = ( GEOMETRIC_REPRESENTATION_CONTEXT(2) 
PARAMETRIC_REPRESENTATION_CONTEXT() REPRESENTATION_CONTEXT('2D SPACE',''
  ) );
#5962 = PCURVE('',#537,#5963);
#5963 = DEFINITIONAL_REPRESENTATION('',(#5964),#5967);
#5964 = B_SPLINE_CURVE_WITH_KNOTS('',1,(#5965,#5966),.UNSPECIFIED.,.F.,
  .F.,(2,2),(0.,1.570796326795),.PIECEWISE_BEZIER_KNOTS.);
#5965 = CARTESIAN_POINT('',(1.570796326795,0.));
#5966 = CARTESIAN_POINT('',(1.570796326795,1.570796326795));
#5967 = ( GEOMETRIC_REPRESENTATION_CONTEXT(2) 
PARAMETRIC_REPRESENTATION_CONTEXT() REPRESENTATION_CONTEXT('2D SPACE',''
  ) );
#5968 = ORIENTED_EDGE('',*,*,#488,.T.);
#5969 = ORIENTED_EDGE('',*,*,#5845,.F.);
#5970 = ORIENTED_EDGE('',*,*,#5971,.F.);
#5971 = EDGE_CURVE('',#5948,#5846,#5972,.T.);
#5972 = SURFACE_CURVE('',#5973,(#5977,#5984),.PCURVE_S1.);
#5973 = LINE('',#5974,#5975);
#5974 = CARTESIAN_POINT('',(4.,-25.00000001205,1.));
#5975 = VECTOR('',#5976,1.);
#5976 = DIRECTION('',(0.,1.,0.));
#5977 = PCURVE('',#504,#5978);
#5978 = DEFINITIONAL_REPRESENTATION('',(#5979),#5983);
#5979 = LINE('',#5980,#5981);
#5980 = CARTESIAN_POINT('',(-0.,0.));
#5981 = VECTOR('',#5982,1.);
#5982 = DIRECTION('',(-0.,1.));
#5983 = ( GEOMETRIC_REPRESENTATION_CONTEXT(2) 
PARAMETRIC_REPRESENTATION_CONTEXT() REPRESENTATION_CONTEXT('2D SPACE',''
  ) );
#5984 = PCURVE('',#5985,#5990);
#5985 = PLANE('',#5986);
#5986 = AXIS2_PLACEMENT_3D('',#5987,#5988,#5989);
#5987 = CARTESIAN_POINT('',(4.,-25.00000001205,0.));
#5988 = DIRECTION('',(-1.,0.,0.));
#5989 = DIRECTION('',(0.,1.,0.));
#5990 = DEFINITIONAL_REPRESENTATION('',(#5991),#5995);
#5991 = LINE('',#5992,#5993);
#5992 = CARTESIAN_POINT('',(3.552713678801E-15,-1.));
#5993 = VECTOR('',#5994,1.);
#5994 = DIRECTION('',(1.,0.));
#5995 = ( GEOMETRIC_REPRESENTATION_CONTEXT(2) 
PARAMETRIC_REPRESENTATION_CONTEXT() REPRESENTATION_CONTEXT('2D SPACE',''
  ) );
#5996 = ADVANCED_FACE('',(#5997),#1119,.T.);
#5997 = FACE_BOUND('',#5998,.F.);
#5998 = EDGE_LOOP('',(#5999,#6000,#6001,#6023));
#5999 = ORIENTED_EDGE('',*,*,#5923,.T.);
#6000 = ORIENTED_EDGE('',*,*,#1103,.T.);
#6001 = ORIENTED_EDGE('',*,*,#6002,.F.);
#6002 = EDGE_CURVE('',#6003,#1071,#6005,.T.);
#6003 = VERTEX_POINT('',#6004);
#6004 = CARTESIAN_POINT('',(7.919727258223,32.9297260289,1.));
#6005 = SURFACE_CURVE('',#6006,(#6011,#6017),.PCURVE_S1.);
#6006 = CIRCLE('',#6007,1.);
#6007 = AXIS2_PLACEMENT_3D('',#6008,#6009,#6010);
#6008 = CARTESIAN_POINT('',(8.493303694574,32.110573984611,1.));
#6009 = DIRECTION('',(-0.819152044289,-0.573576436351,-0.));
#6010 = DIRECTION('',(-0.573576436351,0.819152044289,0.));
#6011 = PCURVE('',#1119,#6012);
#6012 = DEFINITIONAL_REPRESENTATION('',(#6013),#6016);
#6013 = B_SPLINE_CURVE_WITH_KNOTS('',1,(#6014,#6015),.UNSPECIFIED.,.F.,
  .F.,(2,2),(0.,1.570796326795),.PIECEWISE_BEZIER_KNOTS.);
#6014 = CARTESIAN_POINT('',(0.,0.199999977705));
#6015 = CARTESIAN_POINT('',(-1.570796326795,0.199999977705));
#6016 = ( GEOMETRIC_REPRESENTATION_CONTEXT(2) 
PARAMETRIC_REPRESENTATION_CONTEXT() REPRESENTATION_CONTEXT('2D SPACE',''
  ) );
#6017 = PCURVE('',#1091,#6018);
#6018 = DEFINITIONAL_REPRESENTATION('',(#6019),#6022);
#6019 = B_SPLINE_CURVE_WITH_KNOTS('',1,(#6020,#6021),.UNSPECIFIED.,.F.,
  .F.,(2,2),(0.,1.570796326795),.PIECEWISE_BEZIER_KNOTS.);
#6020 = CARTESIAN_POINT('',(0.,0.));
#6021 = CARTESIAN_POINT('',(0.,1.570796326795));
#6022 = ( GEOMETRIC_REPRESENTATION_CONTEXT(2) 
PARAMETRIC_REPRESENTATION_CONTEXT() REPRESENTATION_CONTEXT('2D SPACE',''
  ) );
#6023 = ORIENTED_EDGE('',*,*,#6024,.F.);
#6024 = EDGE_CURVE('',#5895,#6003,#6025,.T.);
#6025 = SURFACE_CURVE('',#6026,(#6030,#6037),.PCURVE_S1.);
#6026 = LINE('',#6027,#6028);
#6027 = CARTESIAN_POINT('',(7.755896867628,32.815010754417,1.));
#6028 = VECTOR('',#6029,1.);
#6029 = DIRECTION('',(0.819152044289,0.573576436351,0.));
#6030 = PCURVE('',#1119,#6031);
#6031 = DEFINITIONAL_REPRESENTATION('',(#6032),#6036);
#6032 = LINE('',#6033,#6034);
#6033 = CARTESIAN_POINT('',(-0.,0.));
#6034 = VECTOR('',#6035,1.);
#6035 = DIRECTION('',(-0.,1.));
#6036 = ( GEOMETRIC_REPRESENTATION_CONTEXT(2) 
PARAMETRIC_REPRESENTATION_CONTEXT() REPRESENTATION_CONTEXT('2D SPACE',''
  ) );
#6037 = PCURVE('',#6038,#6043);
#6038 = PLANE('',#6039);
#6039 = AXIS2_PLACEMENT_3D('',#6040,#6041,#6042);
#6040 = CARTESIAN_POINT('',(7.755896867628,32.815010754417,0.));
#6041 = DIRECTION('',(-0.573576436351,0.819152044289,0.));
#6042 = DIRECTION('',(0.819152044289,0.573576436351,0.));
#6043 = DEFINITIONAL_REPRESENTATION('',(#6044),#6048);
#6044 = LINE('',#6045,#6046);
#6045 = CARTESIAN_POINT('',(-3.552713678801E-15,-1.));
#6046 = VECTOR('',#6047,1.);
#6047 = DIRECTION('',(1.,0.));
#6048 = ( GEOMETRIC_REPRESENTATION_CONTEXT(2) 
PARAMETRIC_REPRESENTATION_CONTEXT() REPRESENTATION_CONTEXT('2D SPACE',''
  ) );
#6049 = ADVANCED_FACE('',(#6050),#537,.T.);
#6050 = FACE_BOUND('',#6051,.T.);
#6051 = EDGE_LOOP('',(#6052,#6074,#6101,#6102));
#6052 = ORIENTED_EDGE('',*,*,#6053,.F.);
#6053 = EDGE_CURVE('',#6054,#517,#6056,.T.);
#6054 = VERTEX_POINT('',#6055);
#6055 = CARTESIAN_POINT('',(7.5,-28.49999998794,1.));
#6056 = SURFACE_CURVE('',#6057,(#6062,#6068),.PCURVE_S1.);
#6057 = CIRCLE('',#6058,1.);
#6058 = AXIS2_PLACEMENT_3D('',#6059,#6060,#6061);
#6059 = CARTESIAN_POINT('',(7.5,-27.49999998794,1.));
#6060 = DIRECTION('',(1.,0.,0.));
#6061 = DIRECTION('',(0.,-1.,0.));
#6062 = PCURVE('',#537,#6063);
#6063 = DEFINITIONAL_REPRESENTATION('',(#6064),#6067);
#6064 = B_SPLINE_CURVE_WITH_KNOTS('',1,(#6065,#6066),.UNSPECIFIED.,.F.,
  .F.,(2,2),(0.,1.570796326795),.PIECEWISE_BEZIER_KNOTS.);
#6065 = CARTESIAN_POINT('',(0.,0.));
#6066 = CARTESIAN_POINT('',(0.,1.570796326795));
#6067 = ( GEOMETRIC_REPRESENTATION_CONTEXT(2) 
PARAMETRIC_REPRESENTATION_CONTEXT() REPRESENTATION_CONTEXT('2D SPACE',''
  ) );
#6068 = PCURVE('',#565,#6069);
#6069 = DEFINITIONAL_REPRESENTATION('',(#6070),#6073);
#6070 = B_SPLINE_CURVE_WITH_KNOTS('',1,(#6071,#6072),.UNSPECIFIED.,.F.,
  .F.,(2,2),(0.,1.570796326795),.PIECEWISE_BEZIER_KNOTS.);
#6071 = CARTESIAN_POINT('',(0.,4.999999946286));
#6072 = CARTESIAN_POINT('',(-1.570796326795,4.999999946286));
#6073 = ( GEOMETRIC_REPRESENTATION_CONTEXT(2) 
PARAMETRIC_REPRESENTATION_CONTEXT() REPRESENTATION_CONTEXT('2D SPACE',''
  ) );
#6074 = ORIENTED_EDGE('',*,*,#6075,.T.);
#6075 = EDGE_CURVE('',#6054,#5948,#6076,.T.);
#6076 = SURFACE_CURVE('',#6077,(#6082,#6089),.PCURVE_S1.);
#6077 = CIRCLE('',#6078,3.5);
#6078 = AXIS2_PLACEMENT_3D('',#6079,#6080,#6081);
#6079 = CARTESIAN_POINT('',(7.5,-25.00000001205,1.));
#6080 = DIRECTION('',(-0.,-0.,-1.));
#6081 = DIRECTION('',(0.,-1.,0.));
#6082 = PCURVE('',#537,#6083);
#6083 = DEFINITIONAL_REPRESENTATION('',(#6084),#6088);
#6084 = LINE('',#6085,#6086);
#6085 = CARTESIAN_POINT('',(0.,0.));
#6086 = VECTOR('',#6087,1.);
#6087 = DIRECTION('',(1.,0.));
#6088 = ( GEOMETRIC_REPRESENTATION_CONTEXT(2) 
PARAMETRIC_REPRESENTATION_CONTEXT() REPRESENTATION_CONTEXT('2D SPACE',''
  ) );
#6089 = PCURVE('',#6090,#6095);
#6090 = CYLINDRICAL_SURFACE('',#6091,3.5);
#6091 = AXIS2_PLACEMENT_3D('',#6092,#6093,#6094);
#6092 = CARTESIAN_POINT('',(7.5,-25.00000001205,0.));
#6093 = DIRECTION('',(0.,0.,-1.));
#6094 = DIRECTION('',(1.,0.,0.));
#6095 = DEFINITIONAL_REPRESENTATION('',(#6096),#6100);
#6096 = LINE('',#6097,#6098);
#6097 = CARTESIAN_POINT('',(-4.712388980385,-1.));
#6098 = VECTOR('',#6099,1.);
#6099 = DIRECTION('',(1.,-0.));
#6100 = ( GEOMETRIC_REPRESENTATION_CONTEXT(2) 
PARAMETRIC_REPRESENTATION_CONTEXT() REPRESENTATION_CONTEXT('2D SPACE',''
  ) );
#6101 = ORIENTED_EDGE('',*,*,#5947,.T.);
#6102 = ORIENTED_EDGE('',*,*,#516,.F.);
#6103 = ADVANCED_FACE('',(#6104),#1091,.T.);
#6104 = FACE_BOUND('',#6105,.T.);
#6105 = EDGE_LOOP('',(#6106,#6107,#6136,#6156));
#6106 = ORIENTED_EDGE('',*,*,#6002,.F.);
#6107 = ORIENTED_EDGE('',*,*,#6108,.T.);
#6108 = EDGE_CURVE('',#6003,#6109,#6111,.T.);
#6109 = VERTEX_POINT('',#6110);
#6110 = CARTESIAN_POINT('',(14.744096813359,31.726405550004,1.));
#6111 = SURFACE_CURVE('',#6112,(#6117,#6124),.PCURVE_S1.);
#6112 = CIRCLE('',#6113,4.9);
#6113 = AXIS2_PLACEMENT_3D('',#6114,#6115,#6116);
#6114 = CARTESIAN_POINT('',(10.730251796343,28.915881011883,1.));
#6115 = DIRECTION('',(0.,0.,-1.));
#6116 = DIRECTION('',(-0.573576436351,0.819152044289,0.));
#6117 = PCURVE('',#1091,#6118);
#6118 = DEFINITIONAL_REPRESENTATION('',(#6119),#6123);
#6119 = LINE('',#6120,#6121);
#6120 = CARTESIAN_POINT('',(0.,0.));
#6121 = VECTOR('',#6122,1.);
#6122 = DIRECTION('',(1.,0.));
#6123 = ( GEOMETRIC_REPRESENTATION_CONTEXT(2) 
PARAMETRIC_REPRESENTATION_CONTEXT() REPRESENTATION_CONTEXT('2D SPACE',''
  ) );
#6124 = PCURVE('',#6125,#6130);
#6125 = CYLINDRICAL_SURFACE('',#6126,4.9);
#6126 = AXIS2_PLACEMENT_3D('',#6127,#6128,#6129);
#6127 = CARTESIAN_POINT('',(10.730251796343,28.915881011883,0.));
#6128 = DIRECTION('',(0.,0.,-1.));
#6129 = DIRECTION('',(0.819152044289,0.573576436351,0.));
#6130 = DEFINITIONAL_REPRESENTATION('',(#6131),#6135);
#6131 = LINE('',#6132,#6133);
#6132 = CARTESIAN_POINT('',(-1.570796326795,-1.));
#6133 = VECTOR('',#6134,1.);
#6134 = DIRECTION('',(1.,-0.));
#6135 = ( GEOMETRIC_REPRESENTATION_CONTEXT(2) 
PARAMETRIC_REPRESENTATION_CONTEXT() REPRESENTATION_CONTEXT('2D SPACE',''
  ) );
#6136 = ORIENTED_EDGE('',*,*,#6137,.T.);
#6137 = EDGE_CURVE('',#6109,#1043,#6138,.T.);
#6138 = SURFACE_CURVE('',#6139,(#6144,#6150),.PCURVE_S1.);
#6139 = CIRCLE('',#6140,1.);
#6140 = AXIS2_PLACEMENT_3D('',#6141,#6142,#6143);
#6141 = CARTESIAN_POINT('',(13.92494476907,31.152829113653,1.));
#6142 = DIRECTION('',(-0.573576436351,0.819152044289,0.));
#6143 = DIRECTION('',(0.819152044289,0.573576436351,0.));
#6144 = PCURVE('',#1091,#6145);
#6145 = DEFINITIONAL_REPRESENTATION('',(#6146),#6149);
#6146 = B_SPLINE_CURVE_WITH_KNOTS('',1,(#6147,#6148),.UNSPECIFIED.,.F.,
  .F.,(2,2),(0.,1.570796326795),.PIECEWISE_BEZIER_KNOTS.);
#6147 = CARTESIAN_POINT('',(1.570796326795,0.));
#6148 = CARTESIAN_POINT('',(1.570796326795,1.570796326795));
#6149 = ( GEOMETRIC_REPRESENTATION_CONTEXT(2) 
PARAMETRIC_REPRESENTATION_CONTEXT() REPRESENTATION_CONTEXT('2D SPACE',''
  ) );
#6150 = PCURVE('',#1058,#6151);
#6151 = DEFINITIONAL_REPRESENTATION('',(#6152),#6155);
#6152 = B_SPLINE_CURVE_WITH_KNOTS('',1,(#6153,#6154),.UNSPECIFIED.,.F.,
  .F.,(2,2),(0.,1.570796326795),.PIECEWISE_BEZIER_KNOTS.);
#6153 = CARTESIAN_POINT('',(0.,0.));
#6154 = CARTESIAN_POINT('',(-1.570796326795,0.));
#6155 = ( GEOMETRIC_REPRESENTATION_CONTEXT(2) 
PARAMETRIC_REPRESENTATION_CONTEXT() REPRESENTATION_CONTEXT('2D SPACE',''
  ) );
#6156 = ORIENTED_EDGE('',*,*,#1070,.F.);
#6157 = ADVANCED_FACE('',(#6158),#565,.T.);
#6158 = FACE_BOUND('',#6159,.F.);
#6159 = EDGE_LOOP('',(#6160,#6182,#6183,#6184));
#6160 = ORIENTED_EDGE('',*,*,#6161,.T.);
#6161 = EDGE_CURVE('',#6162,#550,#6164,.T.);
#6162 = VERTEX_POINT('',#6163);
#6163 = CARTESIAN_POINT('',(12.499999946286,-28.49999998794,1.));
#6164 = SURFACE_CURVE('',#6165,(#6170,#6176),.PCURVE_S1.);
#6165 = CIRCLE('',#6166,1.);
#6166 = AXIS2_PLACEMENT_3D('',#6167,#6168,#6169);
#6167 = CARTESIAN_POINT('',(12.499999946286,-27.49999998794,1.));
#6168 = DIRECTION('',(1.,6.123233995737E-17,0.));
#6169 = DIRECTION('',(6.123233995737E-17,-1.,0.));
#6170 = PCURVE('',#565,#6171);
#6171 = DEFINITIONAL_REPRESENTATION('',(#6172),#6175);
#6172 = B_SPLINE_CURVE_WITH_KNOTS('',1,(#6173,#6174),.UNSPECIFIED.,.F.,
  .F.,(2,2),(0.,1.570796326795),.PIECEWISE_BEZIER_KNOTS.);
#6173 = CARTESIAN_POINT('',(0.,0.));
#6174 = CARTESIAN_POINT('',(-1.570796326795,0.));
#6175 = ( GEOMETRIC_REPRESENTATION_CONTEXT(2) 
PARAMETRIC_REPRESENTATION_CONTEXT() REPRESENTATION_CONTEXT('2D SPACE',''
  ) );
#6176 = PCURVE('',#598,#6177);
#6177 = DEFINITIONAL_REPRESENTATION('',(#6178),#6181);
#6178 = B_SPLINE_CURVE_WITH_KNOTS('',1,(#6179,#6180),.UNSPECIFIED.,.F.,
  .F.,(2,2),(0.,1.570796326795),.PIECEWISE_BEZIER_KNOTS.);
#6179 = CARTESIAN_POINT('',(1.570796326795,0.));
#6180 = CARTESIAN_POINT('',(1.570796326795,1.570796326795));
#6181 = ( GEOMETRIC_REPRESENTATION_CONTEXT(2) 
PARAMETRIC_REPRESENTATION_CONTEXT() REPRESENTATION_CONTEXT('2D SPACE',''
  ) );
#6182 = ORIENTED_EDGE('',*,*,#549,.T.);
#6183 = ORIENTED_EDGE('',*,*,#6053,.F.);
#6184 = ORIENTED_EDGE('',*,*,#6185,.F.);
#6185 = EDGE_CURVE('',#6162,#6054,#6186,.T.);
#6186 = SURFACE_CURVE('',#6187,(#6191,#6198),.PCURVE_S1.);
#6187 = LINE('',#6188,#6189);
#6188 = CARTESIAN_POINT('',(12.499999946286,-28.49999998794,1.));
#6189 = VECTOR('',#6190,1.);
#6190 = DIRECTION('',(-1.,-0.,-0.));
#6191 = PCURVE('',#565,#6192);
#6192 = DEFINITIONAL_REPRESENTATION('',(#6193),#6197);
#6193 = LINE('',#6194,#6195);
#6194 = CARTESIAN_POINT('',(-0.,0.));
#6195 = VECTOR('',#6196,1.);
#6196 = DIRECTION('',(-0.,1.));
#6197 = ( GEOMETRIC_REPRESENTATION_CONTEXT(2) 
PARAMETRIC_REPRESENTATION_CONTEXT() REPRESENTATION_CONTEXT('2D SPACE',''
  ) );
#6198 = PCURVE('',#6199,#6204);
#6199 = PLANE('',#6200);
#6200 = AXIS2_PLACEMENT_3D('',#6201,#6202,#6203);
#6201 = CARTESIAN_POINT('',(7.5,-28.49999998794,0.));
#6202 = DIRECTION('',(0.,1.,0.));
#6203 = DIRECTION('',(1.,0.,0.));
#6204 = DEFINITIONAL_REPRESENTATION('',(#6205),#6209);
#6205 = LINE('',#6206,#6207);
#6206 = CARTESIAN_POINT('',(4.999999946286,-1.));
#6207 = VECTOR('',#6208,1.);
#6208 = DIRECTION('',(-1.,0.));
#6209 = ( GEOMETRIC_REPRESENTATION_CONTEXT(2) 
PARAMETRIC_REPRESENTATION_CONTEXT() REPRESENTATION_CONTEXT('2D SPACE',''
  ) );
#6210 = ADVANCED_FACE('',(#6211),#1058,.T.);
#6211 = FACE_BOUND('',#6212,.F.);
#6212 = EDGE_LOOP('',(#6213,#6214,#6215,#6237));
#6213 = ORIENTED_EDGE('',*,*,#6137,.T.);
#6214 = ORIENTED_EDGE('',*,*,#1042,.T.);
#6215 = ORIENTED_EDGE('',*,*,#6216,.F.);
#6216 = EDGE_CURVE('',#6217,#1010,#6219,.T.);
#6217 = VERTEX_POINT('',#6218);
#6218 = CARTESIAN_POINT('',(19.447423611268,25.009358800719,1.));
#6219 = SURFACE_CURVE('',#6220,(#6225,#6231),.PCURVE_S1.);
#6220 = CIRCLE('',#6221,1.);
#6221 = AXIS2_PLACEMENT_3D('',#6222,#6223,#6224);
#6222 = CARTESIAN_POINT('',(18.628271566979,24.435782364368,1.));
#6223 = DIRECTION('',(-0.573576436351,0.819152044289,0.));
#6224 = DIRECTION('',(0.819152044289,0.573576436351,0.));
#6225 = PCURVE('',#1058,#6226);
#6226 = DEFINITIONAL_REPRESENTATION('',(#6227),#6230);
#6227 = B_SPLINE_CURVE_WITH_KNOTS('',1,(#6228,#6229),.UNSPECIFIED.,.F.,
  .F.,(2,2),(0.,1.570796326795),.PIECEWISE_BEZIER_KNOTS.);
#6228 = CARTESIAN_POINT('',(0.,8.2));
#6229 = CARTESIAN_POINT('',(-1.570796326795,8.2));
#6230 = ( GEOMETRIC_REPRESENTATION_CONTEXT(2) 
PARAMETRIC_REPRESENTATION_CONTEXT() REPRESENTATION_CONTEXT('2D SPACE',''
  ) );
#6231 = PCURVE('',#1030,#6232);
#6232 = DEFINITIONAL_REPRESENTATION('',(#6233),#6236);
#6233 = B_SPLINE_CURVE_WITH_KNOTS('',1,(#6234,#6235),.UNSPECIFIED.,.F.,
  .F.,(2,2),(0.,1.570796326795),.PIECEWISE_BEZIER_KNOTS.);
#6234 = CARTESIAN_POINT('',(-8.881784197001E-16,0.));
#6235 = CARTESIAN_POINT('',(-8.881784197001E-16,1.570796326795));
#6236 = ( GEOMETRIC_REPRESENTATION_CONTEXT(2) 
PARAMETRIC_REPRESENTATION_CONTEXT() REPRESENTATION_CONTEXT('2D SPACE',''
  ) );
#6237 = ORIENTED_EDGE('',*,*,#6238,.F.);
#6238 = EDGE_CURVE('',#6109,#6217,#6239,.T.);
#6239 = SURFACE_CURVE('',#6240,(#6244,#6251),.PCURVE_S1.);
#6240 = LINE('',#6241,#6242);
#6241 = CARTESIAN_POINT('',(14.744096833189,31.726405563889,1.));
#6242 = VECTOR('',#6243,1.);
#6243 = DIRECTION('',(0.573576436351,-0.819152044289,-0.));
#6244 = PCURVE('',#1058,#6245);
#6245 = DEFINITIONAL_REPRESENTATION('',(#6246),#6250);
#6246 = LINE('',#6247,#6248);
#6247 = CARTESIAN_POINT('',(-0.,0.));
#6248 = VECTOR('',#6249,1.);
#6249 = DIRECTION('',(-0.,1.));
#6250 = ( GEOMETRIC_REPRESENTATION_CONTEXT(2) 
PARAMETRIC_REPRESENTATION_CONTEXT() REPRESENTATION_CONTEXT('2D SPACE',''
  ) );
#6251 = PCURVE('',#6252,#6257);
#6252 = PLANE('',#6253);
#6253 = AXIS2_PLACEMENT_3D('',#6254,#6255,#6256);
#6254 = CARTESIAN_POINT('',(19.447423611268,25.009358800719,0.));
#6255 = DIRECTION('',(-0.819152044289,-0.573576436351,0.));
#6256 = DIRECTION('',(-0.573576436351,0.819152044289,0.));
#6257 = DEFINITIONAL_REPRESENTATION('',(#6258),#6262);
#6258 = LINE('',#6259,#6260);
#6259 = CARTESIAN_POINT('',(8.2,-1.));
#6260 = VECTOR('',#6261,1.);
#6261 = DIRECTION('',(-1.,0.));
#6262 = ( GEOMETRIC_REPRESENTATION_CONTEXT(2) 
PARAMETRIC_REPRESENTATION_CONTEXT() REPRESENTATION_CONTEXT('2D SPACE',''
  ) );
#6263 = ADVANCED_FACE('',(#6264),#598,.T.);
#6264 = FACE_BOUND('',#6265,.T.);
#6265 = EDGE_LOOP('',(#6266,#6288,#6315,#6316));
#6266 = ORIENTED_EDGE('',*,*,#6267,.F.);
#6267 = EDGE_CURVE('',#6268,#578,#6270,.T.);
#6268 = VERTEX_POINT('',#6269);
#6269 = CARTESIAN_POINT('',(16.,-24.99999998794,1.));
#6270 = SURFACE_CURVE('',#6271,(#6276,#6282),.PCURVE_S1.);
#6271 = CIRCLE('',#6272,1.);
#6272 = AXIS2_PLACEMENT_3D('',#6273,#6274,#6275);
#6273 = CARTESIAN_POINT('',(15.,-24.99999998794,1.));
#6274 = DIRECTION('',(0.,1.,0.));
#6275 = DIRECTION('',(1.,-0.,0.));
#6276 = PCURVE('',#598,#6277);
#6277 = DEFINITIONAL_REPRESENTATION('',(#6278),#6281);
#6278 = B_SPLINE_CURVE_WITH_KNOTS('',1,(#6279,#6280),.UNSPECIFIED.,.F.,
  .F.,(2,2),(0.,1.570796326795),.PIECEWISE_BEZIER_KNOTS.);
#6279 = CARTESIAN_POINT('',(0.,0.));
#6280 = CARTESIAN_POINT('',(0.,1.570796326795));
#6281 = ( GEOMETRIC_REPRESENTATION_CONTEXT(2) 
PARAMETRIC_REPRESENTATION_CONTEXT() REPRESENTATION_CONTEXT('2D SPACE',''
  ) );
#6282 = PCURVE('',#626,#6283);
#6283 = DEFINITIONAL_REPRESENTATION('',(#6284),#6287);
#6284 = B_SPLINE_CURVE_WITH_KNOTS('',1,(#6285,#6286),.UNSPECIFIED.,.F.,
  .F.,(2,2),(0.,1.570796326795),.PIECEWISE_BEZIER_KNOTS.);
#6285 = CARTESIAN_POINT('',(0.,1.999999940804));
#6286 = CARTESIAN_POINT('',(-1.570796326795,1.999999940804));
#6287 = ( GEOMETRIC_REPRESENTATION_CONTEXT(2) 
PARAMETRIC_REPRESENTATION_CONTEXT() REPRESENTATION_CONTEXT('2D SPACE',''
  ) );
#6288 = ORIENTED_EDGE('',*,*,#6289,.T.);
#6289 = EDGE_CURVE('',#6268,#6162,#6290,.T.);
#6290 = SURFACE_CURVE('',#6291,(#6296,#6303),.PCURVE_S1.);
#6291 = CIRCLE('',#6292,3.5);
#6292 = AXIS2_PLACEMENT_3D('',#6293,#6294,#6295);
#6293 = CARTESIAN_POINT('',(12.499999946286,-24.99999998794,1.));
#6294 = DIRECTION('',(0.,-0.,-1.));
#6295 = DIRECTION('',(1.,0.,-0.));
#6296 = PCURVE('',#598,#6297);
#6297 = DEFINITIONAL_REPRESENTATION('',(#6298),#6302);
#6298 = LINE('',#6299,#6300);
#6299 = CARTESIAN_POINT('',(0.,0.));
#6300 = VECTOR('',#6301,1.);
#6301 = DIRECTION('',(1.,0.));
#6302 = ( GEOMETRIC_REPRESENTATION_CONTEXT(2) 
PARAMETRIC_REPRESENTATION_CONTEXT() REPRESENTATION_CONTEXT('2D SPACE',''
  ) );
#6303 = PCURVE('',#6304,#6309);
#6304 = CYLINDRICAL_SURFACE('',#6305,3.5);
#6305 = AXIS2_PLACEMENT_3D('',#6306,#6307,#6308);
#6306 = CARTESIAN_POINT('',(12.499999946286,-24.99999998794,0.));
#6307 = DIRECTION('',(0.,0.,-1.));
#6308 = DIRECTION('',(1.,0.,0.));
#6309 = DEFINITIONAL_REPRESENTATION('',(#6310),#6314);
#6310 = LINE('',#6311,#6312);
#6311 = CARTESIAN_POINT('',(-6.28318530718,-1.));
#6312 = VECTOR('',#6313,1.);
#6313 = DIRECTION('',(1.,-0.));
#6314 = ( GEOMETRIC_REPRESENTATION_CONTEXT(2) 
PARAMETRIC_REPRESENTATION_CONTEXT() REPRESENTATION_CONTEXT('2D SPACE',''
  ) );
#6315 = ORIENTED_EDGE('',*,*,#6161,.T.);
#6316 = ORIENTED_EDGE('',*,*,#577,.F.);
#6317 = ADVANCED_FACE('',(#6318),#1030,.T.);
#6318 = FACE_BOUND('',#6319,.T.);
#6319 = EDGE_LOOP('',(#6320,#6321,#6350,#6385,#6405));
#6320 = ORIENTED_EDGE('',*,*,#6216,.F.);
#6321 = ORIENTED_EDGE('',*,*,#6322,.T.);
#6322 = EDGE_CURVE('',#6217,#6323,#6325,.T.);
#6323 = VERTEX_POINT('',#6324);
#6324 = CARTESIAN_POINT('',(18.515187838962,18.38915127756,1.));
#6325 = SURFACE_CURVE('',#6326,(#6331,#6338),.PCURVE_S1.);
#6326 = CIRCLE('',#6327,4.9);
#6327 = AXIS2_PLACEMENT_3D('',#6328,#6329,#6330);
#6328 = CARTESIAN_POINT('',(15.433578574422,22.198834248714,1.));
#6329 = DIRECTION('',(0.,0.,-1.));
#6330 = DIRECTION('',(0.819152044289,0.573576436351,0.));
#6331 = PCURVE('',#1030,#6332);
#6332 = DEFINITIONAL_REPRESENTATION('',(#6333),#6337);
#6333 = LINE('',#6334,#6335);
#6334 = CARTESIAN_POINT('',(0.,0.));
#6335 = VECTOR('',#6336,1.);
#6336 = DIRECTION('',(1.,0.));
#6337 = ( GEOMETRIC_REPRESENTATION_CONTEXT(2) 
PARAMETRIC_REPRESENTATION_CONTEXT() REPRESENTATION_CONTEXT('2D SPACE',''
  ) );
#6338 = PCURVE('',#6339,#6344);
#6339 = CYLINDRICAL_SURFACE('',#6340,4.9);
#6340 = AXIS2_PLACEMENT_3D('',#6341,#6342,#6343);
#6341 = CARTESIAN_POINT('',(15.433578574422,22.198834248714,0.));
#6342 = DIRECTION('',(0.,0.,-1.));
#6343 = DIRECTION('',(0.819152044289,0.573576436351,0.));
#6344 = DEFINITIONAL_REPRESENTATION('',(#6345),#6349);
#6345 = LINE('',#6346,#6347);
#6346 = CARTESIAN_POINT('',(-6.28318530718,-1.));
#6347 = VECTOR('',#6348,1.);
#6348 = DIRECTION('',(1.,-0.));
#6349 = ( GEOMETRIC_REPRESENTATION_CONTEXT(2) 
PARAMETRIC_REPRESENTATION_CONTEXT() REPRESENTATION_CONTEXT('2D SPACE',''
  ) );
#6350 = ORIENTED_EDGE('',*,*,#6351,.F.);
#6351 = EDGE_CURVE('',#6352,#6323,#6354,.T.);
#6352 = VERTEX_POINT('',#6353);
#6353 = CARTESIAN_POINT('',(18.164412491889,18.298799232739,
    0.491502799339));
#6354 = SURFACE_CURVE('',#6355,(#6363,#6374),.PCURVE_S1.);
#6355 = B_SPLINE_CURVE_WITH_KNOTS('',6,(#6356,#6357,#6358,#6359,#6360,
    #6361,#6362),.UNSPECIFIED.,.F.,.F.,(7,7),(0.,1.),
  .PIECEWISE_BEZIER_KNOTS.);
#6356 = CARTESIAN_POINT('',(18.164412491889,18.298799232739,
    0.491502799339));
#6357 = CARTESIAN_POINT('',(18.250339438415,18.307821029334,
    0.56244645236));
#6358 = CARTESIAN_POINT('',(18.327365532699,18.31920617326,
    0.639922306381));
#6359 = CARTESIAN_POINT('',(18.393860233413,18.332983550673,
    0.723521567804));
#6360 = CARTESIAN_POINT('',(18.448187084471,18.349177304091,
    0.812419673114));
#6361 = CARTESIAN_POINT('',(18.488874627179,18.36786681992,
    0.905235687477));
#6362 = CARTESIAN_POINT('',(18.515187838962,18.38915127756,1.));
#6363 = PCURVE('',#1030,#6364);
#6364 = DEFINITIONAL_REPRESENTATION('',(#6365),#6373);
#6365 = B_SPLINE_CURVE_WITH_KNOTS('',6,(#6366,#6367,#6368,#6369,#6370,
    #6371,#6372),.UNSPECIFIED.,.F.,.F.,(7,7),(0.,1.),
  .PIECEWISE_BEZIER_KNOTS.);
#6366 = CARTESIAN_POINT('',(1.570796326795,0.533438606518));
#6367 = CARTESIAN_POINT('',(1.554925519494,0.451047887752));
#6368 = CARTESIAN_POINT('',(1.540636528123,0.365882041139));
#6369 = CARTESIAN_POINT('',(1.528052892024,0.278013069542));
#6370 = CARTESIAN_POINT('',(1.517285840341,0.187579661389));
#6371 = CARTESIAN_POINT('',(1.508431103045,9.476431252294E-02));
#6372 = CARTESIAN_POINT('',(1.501524173569,0.));
#6373 = ( GEOMETRIC_REPRESENTATION_CONTEXT(2) 
PARAMETRIC_REPRESENTATION_CONTEXT() REPRESENTATION_CONTEXT('2D SPACE',''
  ) );
#6374 = PCURVE('',#936,#6375);
#6375 = DEFINITIONAL_REPRESENTATION('',(#6376),#6384);
#6376 = B_SPLINE_CURVE_WITH_KNOTS('',6,(#6377,#6378,#6379,#6380,#6381,
    #6382,#6383),.UNSPECIFIED.,.F.,.F.,(7,7),(0.,1.),
  .PIECEWISE_BEZIER_KNOTS.);
#6377 = CARTESIAN_POINT('',(0.737088318466,0.737353855975));
#6378 = CARTESIAN_POINT('',(0.74055355722,0.673462260272));
#6379 = CARTESIAN_POINT('',(0.74349414509,0.608137141747));
#6380 = CARTESIAN_POINT('',(0.745849153561,0.54165009352));
#6381 = CARTESIAN_POINT('',(0.747559711658,0.474381078757));
#6382 = CARTESIAN_POINT('',(0.748570778589,0.40684539956));
#6383 = CARTESIAN_POINT('',(0.748853569523,0.339836911512));
#6384 = ( GEOMETRIC_REPRESENTATION_CONTEXT(2) 
PARAMETRIC_REPRESENTATION_CONTEXT() REPRESENTATION_CONTEXT('2D SPACE',''
  ) );
#6385 = ORIENTED_EDGE('',*,*,#6386,.T.);
#6386 = EDGE_CURVE('',#6352,#982,#6387,.T.);
#6387 = SURFACE_CURVE('',#6388,(#6393,#6399),.PCURVE_S1.);
#6388 = CIRCLE('',#6389,1.);
#6389 = AXIS2_PLACEMENT_3D('',#6390,#6391,#6392);
#6390 = CARTESIAN_POINT('',(17.670526676191,19.004141275987,1.));
#6391 = DIRECTION('',(0.819152044289,0.573576436351,0.));
#6392 = DIRECTION('',(0.573576436351,-0.819152044289,0.));
#6393 = PCURVE('',#1030,#6394);
#6394 = DEFINITIONAL_REPRESENTATION('',(#6395),#6398);
#6395 = B_SPLINE_CURVE_WITH_KNOTS('',1,(#6396,#6397),.UNSPECIFIED.,.F.,
  .F.,(2,2),(0.,1.570796326795),.PIECEWISE_BEZIER_KNOTS.);
#6396 = CARTESIAN_POINT('',(1.570796326795,0.));
#6397 = CARTESIAN_POINT('',(1.570796326795,1.570796326795));
#6398 = ( GEOMETRIC_REPRESENTATION_CONTEXT(2) 
PARAMETRIC_REPRESENTATION_CONTEXT() REPRESENTATION_CONTEXT('2D SPACE',''
  ) );
#6399 = PCURVE('',#997,#6400);
#6400 = DEFINITIONAL_REPRESENTATION('',(#6401),#6404);
#6401 = B_SPLINE_CURVE_WITH_KNOTS('',1,(#6402,#6403),.UNSPECIFIED.,.F.,
  .F.,(2,2),(0.,1.570796326795),.PIECEWISE_BEZIER_KNOTS.);
#6402 = CARTESIAN_POINT('',(0.,4.163336342344E-16));
#6403 = CARTESIAN_POINT('',(-1.570796326795,4.163336342344E-16));
#6404 = ( GEOMETRIC_REPRESENTATION_CONTEXT(2) 
PARAMETRIC_REPRESENTATION_CONTEXT() REPRESENTATION_CONTEXT('2D SPACE',''
  ) );
#6405 = ORIENTED_EDGE('',*,*,#1009,.F.);
#6406 = ADVANCED_FACE('',(#6407),#626,.T.);
#6407 = FACE_BOUND('',#6408,.F.);
#6408 = EDGE_LOOP('',(#6409,#6431,#6432,#6433));
#6409 = ORIENTED_EDGE('',*,*,#6410,.T.);
#6410 = EDGE_CURVE('',#6411,#611,#6413,.T.);
#6411 = VERTEX_POINT('',#6412);
#6412 = CARTESIAN_POINT('',(16.,-23.00000004713,1.));
#6413 = SURFACE_CURVE('',#6414,(#6419,#6425),.PCURVE_S1.);
#6414 = CIRCLE('',#6415,1.);
#6415 = AXIS2_PLACEMENT_3D('',#6416,#6417,#6418);
#6416 = CARTESIAN_POINT('',(15.,-23.00000004713,1.));
#6417 = DIRECTION('',(-6.123233995737E-17,1.,0.));
#6418 = DIRECTION('',(1.,6.123233995737E-17,0.));
#6419 = PCURVE('',#626,#6420);
#6420 = DEFINITIONAL_REPRESENTATION('',(#6421),#6424);
#6421 = B_SPLINE_CURVE_WITH_KNOTS('',1,(#6422,#6423),.UNSPECIFIED.,.F.,
  .F.,(2,2),(0.,1.570796326795),.PIECEWISE_BEZIER_KNOTS.);
#6422 = CARTESIAN_POINT('',(0.,0.));
#6423 = CARTESIAN_POINT('',(-1.570796326795,0.));
#6424 = ( GEOMETRIC_REPRESENTATION_CONTEXT(2) 
PARAMETRIC_REPRESENTATION_CONTEXT() REPRESENTATION_CONTEXT('2D SPACE',''
  ) );
#6425 = PCURVE('',#659,#6426);
#6426 = DEFINITIONAL_REPRESENTATION('',(#6427),#6430);
#6427 = B_SPLINE_CURVE_WITH_KNOTS('',1,(#6428,#6429),.UNSPECIFIED.,.F.,
  .F.,(2,2),(0.,1.570796326795),.PIECEWISE_BEZIER_KNOTS.);
#6428 = CARTESIAN_POINT('',(1.570796326795,0.));
#6429 = CARTESIAN_POINT('',(1.570796326795,1.570796326795));
#6430 = ( GEOMETRIC_REPRESENTATION_CONTEXT(2) 
PARAMETRIC_REPRESENTATION_CONTEXT() REPRESENTATION_CONTEXT('2D SPACE',''
  ) );
#6431 = ORIENTED_EDGE('',*,*,#610,.T.);
#6432 = ORIENTED_EDGE('',*,*,#6267,.F.);
#6433 = ORIENTED_EDGE('',*,*,#6434,.F.);
#6434 = EDGE_CURVE('',#6411,#6268,#6435,.T.);
#6435 = SURFACE_CURVE('',#6436,(#6440,#6447),.PCURVE_S1.);
#6436 = LINE('',#6437,#6438);
#6437 = CARTESIAN_POINT('',(16.,-23.00000004713,1.));
#6438 = VECTOR('',#6439,1.);
#6439 = DIRECTION('',(-0.,-1.,-0.));
#6440 = PCURVE('',#626,#6441);
#6441 = DEFINITIONAL_REPRESENTATION('',(#6442),#6446);
#6442 = LINE('',#6443,#6444);
#6443 = CARTESIAN_POINT('',(-0.,0.));
#6444 = VECTOR('',#6445,1.);
#6445 = DIRECTION('',(-0.,1.));
#6446 = ( GEOMETRIC_REPRESENTATION_CONTEXT(2) 
PARAMETRIC_REPRESENTATION_CONTEXT() REPRESENTATION_CONTEXT('2D SPACE',''
  ) );
#6447 = PCURVE('',#6448,#6453);
#6448 = PLANE('',#6449);
#6449 = AXIS2_PLACEMENT_3D('',#6450,#6451,#6452);
#6450 = CARTESIAN_POINT('',(16.,-24.99999998794,0.));
#6451 = DIRECTION('',(-1.,0.,0.));
#6452 = DIRECTION('',(0.,1.,0.));
#6453 = DEFINITIONAL_REPRESENTATION('',(#6454),#6458);
#6454 = LINE('',#6455,#6456);
#6455 = CARTESIAN_POINT('',(1.999999940804,-1.));
#6456 = VECTOR('',#6457,1.);
#6457 = DIRECTION('',(-1.,0.));
#6458 = ( GEOMETRIC_REPRESENTATION_CONTEXT(2) 
PARAMETRIC_REPRESENTATION_CONTEXT() REPRESENTATION_CONTEXT('2D SPACE',''
  ) );
#6459 = ADVANCED_FACE('',(#6460),#997,.T.);
#6460 = FACE_BOUND('',#6461,.F.);
#6461 = EDGE_LOOP('',(#6462,#6527,#6528,#6529));
#6462 = ORIENTED_EDGE('',*,*,#6463,.F.);
#6463 = EDGE_CURVE('',#6352,#6464,#6466,.T.);
#6464 = VERTEX_POINT('',#6465);
#6465 = CARTESIAN_POINT('',(17.93380024906,18.279458327412,
    0.332525924882));
#6466 = SURFACE_CURVE('',#6467,(#6485,#6506),.PCURVE_S1.);
#6467 = B_SPLINE_CURVE_WITH_KNOTS('',4,(#6468,#6469,#6470,#6471,#6472,
    #6473,#6474,#6475,#6476,#6477,#6478,#6479,#6480,#6481,#6482,#6483,
    #6484),.UNSPECIFIED.,.F.,.F.,(5,3,3,3,3,5),(0.,7.060709490728E-02,
    0.696093434613,0.851335080606,0.924138045685,1.),.UNSPECIFIED.);
#6468 = CARTESIAN_POINT('',(18.164415221102,18.298799519291,
    0.491505052658));
#6469 = CARTESIAN_POINT('',(18.160622803671,18.298401336827,
    0.488373912325));
#6470 = CARTESIAN_POINT('',(18.156815494681,18.298006333536,
    0.485258571374));
#6471 = CARTESIAN_POINT('',(18.152993296991,18.297614430503,
    0.482158804295));
#6472 = CARTESIAN_POINT('',(18.115168766494,18.293780979144,
    0.451753946172));
#6473 = CARTESIAN_POINT('',(18.080041484473,18.290576348818,
    0.425662190146));
#6474 = CARTESIAN_POINT('',(18.043931005699,18.287573161637,
    0.400774343622));
#6475 = CARTESIAN_POINT('',(17.997778623219,18.284038427475,
    0.371168135694));
#6476 = CARTESIAN_POINT('',(17.988548321558,18.283346124438,
    0.365353173503));
#6477 = CARTESIAN_POINT('',(17.979266581311,18.282663909551,
    0.359609688452));
#6478 = CARTESIAN_POINT('',(17.965558963158,18.281675939447,
    0.351276913775));
#6479 = CARTESIAN_POINT('',(17.961165213986,18.281362173423,
    0.348628232332));
#6480 = CARTESIAN_POINT('',(17.956753960002,18.281050019543,
    0.345991151243));
#6481 = CARTESIAN_POINT('',(17.947710571052,18.280415826995,
    0.340629981998));
#6482 = CARTESIAN_POINT('',(17.94308428644,18.280094439583,
    0.337911245606));
#6483 = CARTESIAN_POINT('',(17.938446429335,18.279775218229,
    0.33520932666));
#6484 = CARTESIAN_POINT('',(17.933797452746,18.279458136689,
    0.332524309868));
#6485 = PCURVE('',#997,#6486);
#6486 = DEFINITIONAL_REPRESENTATION('',(#6487),#6505);
#6487 = B_SPLINE_CURVE_WITH_KNOTS('',4,(#6488,#6489,#6490,#6491,#6492,
    #6493,#6494,#6495,#6496,#6497,#6498,#6499,#6500,#6501,#6502,#6503,
    #6504),.UNSPECIFIED.,.F.,.F.,(5,3,3,3,3,5),(0.,7.060709490728E-02,
    0.696093434613,0.851335080606,0.924138045685,1.),.UNSPECIFIED.);
#6488 = CARTESIAN_POINT('',(-0.533435989618,-2.399999999584E-06));
#6489 = CARTESIAN_POINT('',(-0.537072347281,3.332554570275E-03));
#6490 = CARTESIAN_POINT('',(-0.540700768169,6.67788409291E-03));
#6491 = CARTESIAN_POINT('',(-0.544321540963,1.003363148952E-02));
#6492 = CARTESIAN_POINT('',(-0.579941007372,4.321645033893E-02));
#6493 = CARTESIAN_POINT('',(-0.611341372063,7.382913565902E-02));
#6494 = CARTESIAN_POINT('',(-0.642180452899,0.105131665569));
#6495 = CARTESIAN_POINT('',(-0.680027193906,0.14496492425));
#6496 = CARTESIAN_POINT('',(-0.687520813568,0.152923033433));
#6497 = CARTESIAN_POINT('',(-0.694983182205,0.160917492316));
#6498 = CARTESIAN_POINT('',(-0.705900183474,0.172712792119));
#6499 = CARTESIAN_POINT('',(-0.709384003727,0.176491909533));
#6500 = CARTESIAN_POINT('',(-0.712866422386,0.180284441362));
#6501 = CARTESIAN_POINT('',(-0.719974754757,0.18805610981));
#6502 = CARTESIAN_POINT('',(-0.723594779002,0.192030080554));
#6503 = CARTESIAN_POINT('',(-0.727207770271,0.196012288529));
#6504 = CARTESIAN_POINT('',(-0.730813602709,0.200002377705));
#6505 = ( GEOMETRIC_REPRESENTATION_CONTEXT(2) 
PARAMETRIC_REPRESENTATION_CONTEXT() REPRESENTATION_CONTEXT('2D SPACE',''
  ) );
#6506 = PCURVE('',#936,#6507);
#6507 = DEFINITIONAL_REPRESENTATION('',(#6508),#6526);
#6508 = B_SPLINE_CURVE_WITH_KNOTS('',4,(#6509,#6510,#6511,#6512,#6513,
    #6514,#6515,#6516,#6517,#6518,#6519,#6520,#6521,#6522,#6523,#6524,
    #6525),.UNSPECIFIED.,.F.,.F.,(5,3,3,3,3,5),(0.,7.060709490728E-02,
    0.696093434613,0.851335080606,0.924138045685,1.),.UNSPECIFIED.);
#6509 = CARTESIAN_POINT('',(0.737088422621,0.737351624545));
#6510 = CARTESIAN_POINT('',(0.736935483158,0.740171512418));
#6511 = CARTESIAN_POINT('',(0.736781695244,0.742987280659));
#6512 = CARTESIAN_POINT('',(0.736627025572,0.745797897934));
#6513 = CARTESIAN_POINT('',(0.735093965619,0.773464852754));
#6514 = CARTESIAN_POINT('',(0.733650226124,0.797972734996));
#6515 = CARTESIAN_POINT('',(0.732147953368,0.822142309163));
#6516 = CARTESIAN_POINT('',(0.730207028563,0.851912786102));
#6517 = CARTESIAN_POINT('',(0.729817844294,0.857812770525));
#6518 = CARTESIAN_POINT('',(0.729425503085,0.863693404358));
#6519 = CARTESIAN_POINT('',(0.728844652959,0.872303867067));
#6520 = CARTESIAN_POINT('',(0.728658258736,0.875052746797));
#6521 = CARTESIAN_POINT('',(0.728470910133,0.877801626497));
#6522 = CARTESIAN_POINT('',(0.728086400683,0.883414886538));
#6523 = CARTESIAN_POINT('',(0.727889479218,0.886274997062));
#6524 = CARTESIAN_POINT('',(0.727691814249,0.889129912397));
#6525 = CARTESIAN_POINT('',(0.727493466271,0.891980831843));
#6526 = ( GEOMETRIC_REPRESENTATION_CONTEXT(2) 
PARAMETRIC_REPRESENTATION_CONTEXT() REPRESENTATION_CONTEXT('2D SPACE',''
  ) );
#6527 = ORIENTED_EDGE('',*,*,#6386,.T.);
#6528 = ORIENTED_EDGE('',*,*,#981,.T.);
#6529 = ORIENTED_EDGE('',*,*,#6530,.F.);
#6530 = EDGE_CURVE('',#6464,#949,#6531,.T.);
#6531 = SURFACE_CURVE('',#6532,(#6537,#6543),.PCURVE_S1.);
#6532 = CIRCLE('',#6533,1.);
#6533 = AXIS2_PLACEMENT_3D('',#6534,#6535,#6536);
#6534 = CARTESIAN_POINT('',(17.506696285596,18.889426001504,1.));
#6535 = DIRECTION('',(0.819152044289,0.573576436351,0.));
#6536 = DIRECTION('',(0.573576436351,-0.819152044289,0.));
#6537 = PCURVE('',#997,#6538);
#6538 = DEFINITIONAL_REPRESENTATION('',(#6539),#6542);
#6539 = B_SPLINE_CURVE_WITH_KNOTS('',1,(#6540,#6541),.UNSPECIFIED.,.F.,
  .F.,(2,2),(0.,1.570796326795),.PIECEWISE_BEZIER_KNOTS.);
#6540 = CARTESIAN_POINT('',(0.,0.199999977705));
#6541 = CARTESIAN_POINT('',(-1.570796326795,0.199999977705));
#6542 = ( GEOMETRIC_REPRESENTATION_CONTEXT(2) 
PARAMETRIC_REPRESENTATION_CONTEXT() REPRESENTATION_CONTEXT('2D SPACE',''
  ) );
#6543 = PCURVE('',#969,#6544);
#6544 = DEFINITIONAL_REPRESENTATION('',(#6545),#6548);
#6545 = B_SPLINE_CURVE_WITH_KNOTS('',1,(#6546,#6547),.UNSPECIFIED.,.F.,
  .F.,(2,2),(0.,1.570796326795),.PIECEWISE_BEZIER_KNOTS.);
#6546 = CARTESIAN_POINT('',(-8.881784197001E-16,0.));
#6547 = CARTESIAN_POINT('',(-8.881784197001E-16,1.570796326795));
#6548 = ( GEOMETRIC_REPRESENTATION_CONTEXT(2) 
PARAMETRIC_REPRESENTATION_CONTEXT() REPRESENTATION_CONTEXT('2D SPACE',''
  ) );
#6549 = ADVANCED_FACE('',(#6550),#659,.T.);
#6550 = FACE_BOUND('',#6551,.T.);
#6551 = EDGE_LOOP('',(#6552,#6646,#6673,#6674,#6675));
#6552 = ORIENTED_EDGE('',*,*,#6553,.F.);
#6553 = EDGE_CURVE('',#6554,#6556,#6558,.T.);
#6554 = VERTEX_POINT('',#6555);
#6555 = CARTESIAN_POINT('',(15.211674363985,-20.787123606,1.));
#6556 = VERTEX_POINT('',#6557);
#6557 = CARTESIAN_POINT('',(12.5,-20.49626692115,6.967918078526E-06));
#6558 = SURFACE_CURVE('',#6559,(#6586,#6616),.PCURVE_S1.);
#6559 = B_SPLINE_CURVE_WITH_KNOTS('',5,(#6560,#6561,#6562,#6563,#6564,
    #6565,#6566,#6567,#6568,#6569,#6570,#6571,#6572,#6573,#6574,#6575,
    #6576,#6577,#6578,#6579,#6580,#6581,#6582,#6583,#6584,#6585),
  .UNSPECIFIED.,.F.,.F.,(6,4,4,4,4,4,6),(0.,0.146672621712,
    0.309574040068,0.462112743963,0.649195992821,0.807899458156,1.),
  .UNSPECIFIED.);
#6560 = CARTESIAN_POINT('',(15.211674363985,-20.787123606,1.));
#6561 = CARTESIAN_POINT('',(15.195676998761,-20.76752032342,
    0.929559223665));
#6562 = CARTESIAN_POINT('',(15.171068465878,-20.74753740862,
    0.860314933674));
#6563 = CARTESIAN_POINT('',(15.138191131303,-20.72724970255,
    0.793228311116));
#6564 = CARTESIAN_POINT('',(15.097699934813,-20.70683663954,
    0.729009025625));
#6565 = CARTESIAN_POINT('',(14.99775474129,-20.66395075366,
    0.600499449552));
#6566 = CARTESIAN_POINT('',(14.936692215923,-20.64149701127,
    0.536980089234));
#6567 = CARTESIAN_POINT('',(14.868173642748,-20.61944854059,
    0.478177033015));
#6568 = CARTESIAN_POINT('',(14.793281879502,-20.59812859297,
    0.424291860299));
#6569 = CARTESIAN_POINT('',(14.637694067498,-20.55880161678,
    0.329408340396));
#6570 = CARTESIAN_POINT('',(14.557672124992,-20.54067053937,
    0.287809128448));
#6571 = CARTESIAN_POINT('',(14.47361129629,-20.52365675403,
    0.250458883729));
#6572 = CARTESIAN_POINT('',(14.38615839449,-20.50796891937,
    0.217164960684));
#6573 = CARTESIAN_POINT('',(14.185013088347,-20.47638914794,
    0.151484158815));
#6574 = CARTESIAN_POINT('',(14.069877608489,-20.4612577032,
    0.121014616612));
#6575 = CARTESIAN_POINT('',(13.951326652571,-20.4487195837,
    9.576456215554E-02));
#6576 = CARTESIAN_POINT('',(13.830071550467,-20.4390562623,
    7.512246813223E-02));
#6577 = CARTESIAN_POINT('',(13.601877176483,-20.42697168689,
    4.430919908942E-02));
#6578 = CARTESIAN_POINT('',(13.495566318325,-20.42367487019,
    3.302585135445E-02));
#6579 = CARTESIAN_POINT('',(13.387987389767,-20.4227810158,
    2.421270727227E-02));
#6580 = CARTESIAN_POINT('',(13.27939628068,-20.42443186641,
    1.74715208612E-02));
#6581 = CARTESIAN_POINT('',(13.037588412754,-20.43399481276,
    6.3000141401E-03));
#6582 = CARTESIAN_POINT('',(12.90400786335,-20.44315114565,
    2.654667416683E-03));
#6583 = CARTESIAN_POINT('',(12.769635373975,-20.45645750295,
    8.022408117604E-04));
#6584 = CARTESIAN_POINT('',(12.634836712041,-20.47411996183,
    8.964536090637E-05));
#6585 = CARTESIAN_POINT('',(12.5,-20.49626695472,6.96801374539E-06));
#6586 = PCURVE('',#659,#6587);
#6587 = DEFINITIONAL_REPRESENTATION('',(#6588),#6615);
#6588 = B_SPLINE_CURVE_WITH_KNOTS('',5,(#6589,#6590,#6591,#6592,#6593,
    #6594,#6595,#6596,#6597,#6598,#6599,#6600,#6601,#6602,#6603,#6604,
    #6605,#6606,#6607,#6608,#6609,#6610,#6611,#6612,#6613,#6614),
  .UNSPECIFIED.,.F.,.F.,(6,4,4,4,4,4,6),(0.,0.146672621712,
    0.309574040068,0.462112743963,0.649195992821,0.807899458156,1.),
  .UNSPECIFIED.);
#6589 = CARTESIAN_POINT('',(0.88634190432,0.));
#6590 = CARTESIAN_POINT('',(0.879112687059,7.044077633463E-02));
#6591 = CARTESIAN_POINT('',(0.870243840695,0.139684424726));
#6592 = CARTESIAN_POINT('',(0.8597492597,0.207502174765));
#6593 = CARTESIAN_POINT('',(0.847669264964,0.273748427826));
#6594 = CARTESIAN_POINT('',(0.818942728476,0.409979217555));
#6595 = CARTESIAN_POINT('',(0.801937206262,0.479574571393));
#6596 = CARTESIAN_POINT('',(0.78311163615,0.546936240175));
#6597 = CARTESIAN_POINT('',(0.762540604548,0.612006230089));
#6598 = CARTESIAN_POINT('',(0.719444313248,0.733518090239));
#6599 = CARTESIAN_POINT('',(0.697127012182,0.790244748361));
#6600 = CARTESIAN_POINT('',(0.6733789311,0.844927164835));
#6601 = CARTESIAN_POINT('',(0.648241665708,0.897561149846));
#6602 = CARTESIAN_POINT('',(0.58924514881,1.010184296672));
#6603 = CARTESIAN_POINT('',(0.55470398569,1.069132172577));
#6604 = CARTESIAN_POINT('',(0.518169565749,1.12499230034));
#6605 = CARTESIAN_POINT('',(0.479694638288,1.177710995776));
#6606 = CARTESIAN_POINT('',(0.405082821995,1.269178391821));
#6607 = CARTESIAN_POINT('',(0.369479790295,1.308829114315));
#6608 = CARTESIAN_POINT('',(0.33254882095,1.346093076771));
#6609 = CARTESIAN_POINT('',(0.294336427124,1.380871136243));
#6610 = CARTESIAN_POINT('',(0.207180208597,1.451981253387));
#6611 = CARTESIAN_POINT('',(0.157673805363,1.487097235573));
#6612 = CARTESIAN_POINT('',(0.106502527205,1.518173989647));
#6613 = CARTESIAN_POINT('',(5.385426763335E-02,1.544916078499));
#6614 = CARTESIAN_POINT('',(0.,1.567063225715));
#6615 = ( GEOMETRIC_REPRESENTATION_CONTEXT(2) 
PARAMETRIC_REPRESENTATION_CONTEXT() REPRESENTATION_CONTEXT('2D SPACE',''
  ) );
#6616 = PCURVE('',#720,#6617);
#6617 = DEFINITIONAL_REPRESENTATION('',(#6618),#6645);
#6618 = B_SPLINE_CURVE_WITH_KNOTS('',5,(#6619,#6620,#6621,#6622,#6623,
    #6624,#6625,#6626,#6627,#6628,#6629,#6630,#6631,#6632,#6633,#6634,
    #6635,#6636,#6637,#6638,#6639,#6640,#6641,#6642,#6643,#6644),
  .UNSPECIFIED.,.F.,.F.,(6,4,4,4,4,4,6),(0.,0.146672621712,
    0.309574040068,0.462112743963,0.649195992821,0.807899458156,1.),
  .UNSPECIFIED.);
#6619 = CARTESIAN_POINT('',(1.063873249502,0.339836917701));
#6620 = CARTESIAN_POINT('',(1.064137428886,0.389646068464));
#6621 = CARTESIAN_POINT('',(1.064836759933,0.439705278436));
#6622 = CARTESIAN_POINT('',(1.065959263557,0.489616420441));
#6623 = CARTESIAN_POINT('',(1.067481958663,0.539084336138));
#6624 = CARTESIAN_POINT('',(1.071484072829,0.642041018074));
#6625 = CARTESIAN_POINT('',(1.074050923377,0.695375124001));
#6626 = CARTESIAN_POINT('',(1.077042673469,0.747556582999));
#6627 = CARTESIAN_POINT('',(1.080420521601,0.798397048898));
#6628 = CARTESIAN_POINT('',(1.087644011492,0.893998801402));
#6629 = CARTESIAN_POINT('',(1.091446146792,0.938940431419));
#6630 = CARTESIAN_POINT('',(1.095530219279,0.982496478457));
#6631 = CARTESIAN_POINT('',(1.099871935457,1.02460207261));
#6632 = CARTESIAN_POINT('',(1.11006931339,1.115011428383));
#6633 = CARTESIAN_POINT('',(1.116044444677,1.162553307278));
#6634 = CARTESIAN_POINT('',(1.122342380023,1.207751180178));
#6635 = CARTESIAN_POINT('',(1.128933548124,1.250508157472));
#6636 = CARTESIAN_POINT('',(1.141616828032,1.324819042864));
#6637 = CARTESIAN_POINT('',(1.147632433528,1.357085265428));
#6638 = CARTESIAN_POINT('',(1.153828555974,1.387442261821));
#6639 = CARTESIAN_POINT('',(1.16019196151,1.415794957038));
#6640 = CARTESIAN_POINT('',(1.174599577678,1.473795762051));
#6641 = CARTESIAN_POINT('',(1.182715125489,1.502458454478));
#6642 = CARTESIAN_POINT('',(1.191033922419,1.527830593687));
#6643 = CARTESIAN_POINT('',(1.199528975716,1.549665185764));
#6644 = CARTESIAN_POINT('',(1.208166698871,1.567748245242));
#6645 = ( GEOMETRIC_REPRESENTATION_CONTEXT(2) 
PARAMETRIC_REPRESENTATION_CONTEXT() REPRESENTATION_CONTEXT('2D SPACE',''
  ) );
#6646 = ORIENTED_EDGE('',*,*,#6647,.T.);
#6647 = EDGE_CURVE('',#6554,#6411,#6648,.T.);
#6648 = SURFACE_CURVE('',#6649,(#6654,#6661),.PCURVE_S1.);
#6649 = CIRCLE('',#6650,3.5);
#6650 = AXIS2_PLACEMENT_3D('',#6651,#6652,#6653);
#6651 = CARTESIAN_POINT('',(12.5,-23.00000004713,1.));
#6652 = DIRECTION('',(0.,-0.,-1.));
#6653 = DIRECTION('',(0.,1.,-0.));
#6654 = PCURVE('',#659,#6655);
#6655 = DEFINITIONAL_REPRESENTATION('',(#6656),#6660);
#6656 = LINE('',#6657,#6658);
#6657 = CARTESIAN_POINT('',(0.,0.));
#6658 = VECTOR('',#6659,1.);
#6659 = DIRECTION('',(1.,0.));
#6660 = ( GEOMETRIC_REPRESENTATION_CONTEXT(2) 
PARAMETRIC_REPRESENTATION_CONTEXT() REPRESENTATION_CONTEXT('2D SPACE',''
  ) );
#6661 = PCURVE('',#6662,#6667);
#6662 = CYLINDRICAL_SURFACE('',#6663,3.5);
#6663 = AXIS2_PLACEMENT_3D('',#6664,#6665,#6666);
#6664 = CARTESIAN_POINT('',(12.5,-23.00000004713,0.));
#6665 = DIRECTION('',(0.,0.,-1.));
#6666 = DIRECTION('',(1.,0.,0.));
#6667 = DEFINITIONAL_REPRESENTATION('',(#6668),#6672);
#6668 = LINE('',#6669,#6670);
#6669 = CARTESIAN_POINT('',(-1.570796326795,-1.));
#6670 = VECTOR('',#6671,1.);
#6671 = DIRECTION('',(1.,-0.));
#6672 = ( GEOMETRIC_REPRESENTATION_CONTEXT(2) 
PARAMETRIC_REPRESENTATION_CONTEXT() REPRESENTATION_CONTEXT('2D SPACE',''
  ) );
#6673 = ORIENTED_EDGE('',*,*,#6410,.T.);
#6674 = ORIENTED_EDGE('',*,*,#638,.F.);
#6675 = ORIENTED_EDGE('',*,*,#6676,.F.);
#6676 = EDGE_CURVE('',#6556,#639,#6677,.T.);
#6677 = SURFACE_CURVE('',#6678,(#6683,#6689),.PCURVE_S1.);
#6678 = CIRCLE('',#6679,1.);
#6679 = AXIS2_PLACEMENT_3D('',#6680,#6681,#6682);
#6680 = CARTESIAN_POINT('',(12.5,-20.49999998794,1.));
#6681 = DIRECTION('',(-1.,0.,-0.));
#6682 = DIRECTION('',(-0.,1.,0.));
#6683 = PCURVE('',#659,#6684);
#6684 = DEFINITIONAL_REPRESENTATION('',(#6685),#6688);
#6685 = B_SPLINE_CURVE_WITH_KNOTS('',1,(#6686,#6687),.UNSPECIFIED.,.F.,
  .F.,(2,2),(0.,1.570796326795),.PIECEWISE_BEZIER_KNOTS.);
#6686 = CARTESIAN_POINT('',(0.,0.));
#6687 = CARTESIAN_POINT('',(0.,1.570796326795));
#6688 = ( GEOMETRIC_REPRESENTATION_CONTEXT(2) 
PARAMETRIC_REPRESENTATION_CONTEXT() REPRESENTATION_CONTEXT('2D SPACE',''
  ) );
#6689 = PCURVE('',#687,#6690);
#6690 = DEFINITIONAL_REPRESENTATION('',(#6691),#6694);
#6691 = B_SPLINE_CURVE_WITH_KNOTS('',1,(#6692,#6693),.UNSPECIFIED.,.F.,
  .F.,(2,2),(0.,1.570796326795),.PIECEWISE_BEZIER_KNOTS.);
#6692 = CARTESIAN_POINT('',(0.,5.));
#6693 = CARTESIAN_POINT('',(-1.570796326795,5.));
#6694 = ( GEOMETRIC_REPRESENTATION_CONTEXT(2) 
PARAMETRIC_REPRESENTATION_CONTEXT() REPRESENTATION_CONTEXT('2D SPACE',''
  ) );
#6695 = ADVANCED_FACE('',(#6696),#969,.T.);
#6696 = FACE_BOUND('',#6697,.T.);
#6697 = EDGE_LOOP('',(#6698,#6699,#6747));
#6698 = ORIENTED_EDGE('',*,*,#6530,.F.);
#6699 = ORIENTED_EDGE('',*,*,#6700,.F.);
#6700 = EDGE_CURVE('',#916,#6464,#6701,.T.);
#6701 = SURFACE_CURVE('',#6702,(#6715,#6731),.PCURVE_S1.);
#6702 = B_SPLINE_CURVE_WITH_KNOTS('',6,(#6703,#6704,#6705,#6706,#6707,
    #6708,#6709,#6710,#6711,#6712,#6713,#6714),.UNSPECIFIED.,.F.,.F.,(7,
    5,7),(0.,0.525286481339,1.),.UNSPECIFIED.);
#6703 = CARTESIAN_POINT('',(16.374416457933,18.343837166167,0.));
#6704 = CARTESIAN_POINT('',(16.523092898688,18.324383610918,
    -9.849542634263E-08));
#6705 = CARTESIAN_POINT('',(16.670739561156,18.307990607082,
    4.431842862501E-03));
#6706 = CARTESIAN_POINT('',(16.817056135281,18.294565954214,
    1.399226357544E-02));
#6707 = CARTESIAN_POINT('',(16.961548253923,18.284046082777,
    2.937626138138E-02));
#6708 = CARTESIAN_POINT('',(17.103518348815,18.276385505345,
    5.125542653254E-02));
#6709 = CARTESIAN_POINT('',(17.367256637588,18.26717293714,
    0.106463871012));
#6710 = CARTESIAN_POINT('',(17.489624719584,18.265105202519,
    0.138481844835));
#6711 = CARTESIAN_POINT('',(17.608492116589,18.26531461975,
    0.176766852678));
#6712 = CARTESIAN_POINT('',(17.72294095289,18.267786989346,
    0.221722566037));
#6713 = CARTESIAN_POINT('',(17.831821874312,18.272502889232,
    0.273628093297));
#6714 = CARTESIAN_POINT('',(17.93380024906,18.279458327412,
    0.332525924882));
#6715 = PCURVE('',#969,#6716);
#6716 = DEFINITIONAL_REPRESENTATION('',(#6717),#6730);
#6717 = B_SPLINE_CURVE_WITH_KNOTS('',6,(#6718,#6719,#6720,#6721,#6722,
    #6723,#6724,#6725,#6726,#6727,#6728,#6729),.UNSPECIFIED.,.F.,.F.,(7,
    5,7),(0.,0.525286481339,1.),.UNSPECIFIED.);
#6718 = CARTESIAN_POINT('',(0.323685831301,1.570796326794));
#6719 = CARTESIAN_POINT('',(0.288537841835,1.510026427955));
#6720 = CARTESIAN_POINT('',(0.254734857417,1.446705099238));
#6721 = CARTESIAN_POINT('',(0.222289589302,1.380839676821));
#6722 = CARTESIAN_POINT('',(0.191233200638,1.312401196279));
#6723 = CARTESIAN_POINT('',(0.161608022686,1.241311211431));
#6724 = CARTESIAN_POINT('',(0.10802249813,1.100659203656));
#6725 = CARTESIAN_POINT('',(8.379735216841E-02,1.031624051317));
#6726 = CARTESIAN_POINT('',(6.081807288322E-02,0.960217604285));
#6727 = CARTESIAN_POINT('',(3.91436598049E-02,0.886343635104));
#6728 = CARTESIAN_POINT('',(1.884438854188E-02,0.80990788626));
#6729 = CARTESIAN_POINT('',(-8.881784197001E-16,0.730811433835));
#6730 = ( GEOMETRIC_REPRESENTATION_CONTEXT(2) 
PARAMETRIC_REPRESENTATION_CONTEXT() REPRESENTATION_CONTEXT('2D SPACE',''
  ) );
#6731 = PCURVE('',#936,#6732);
#6732 = DEFINITIONAL_REPRESENTATION('',(#6733),#6746);
#6733 = B_SPLINE_CURVE_WITH_KNOTS('',6,(#6734,#6735,#6736,#6737,#6738,
    #6739,#6740,#6741,#6742,#6743,#6744,#6745),.UNSPECIFIED.,.F.,.F.,(7,
    5,7),(0.,0.525286481339,1.),.UNSPECIFIED.);
#6734 = CARTESIAN_POINT('',(0.649516039546,1.570796326795));
#6735 = CARTESIAN_POINT('',(0.657913969412,1.521178004056));
#6736 = CARTESIAN_POINT('',(0.666042805842,1.469476016649));
#6737 = CARTESIAN_POINT('',(0.673889929729,1.415725094292));
#6738 = CARTESIAN_POINT('',(0.681434390313,1.359939073587));
#6739 = CARTESIAN_POINT('',(0.68864794684,1.302108771297));
#6740 = CARTESIAN_POINT('',(0.701684953515,1.1880587894));
#6741 = CARTESIAN_POINT('',(0.707573913769,1.13223241671));
#6742 = CARTESIAN_POINT('',(0.713137739815,1.074694607264));
#6743 = CARTESIAN_POINT('',(0.718341326047,1.015446345768));
#6744 = CARTESIAN_POINT('',(0.723142701386,0.954516261718));
#6745 = CARTESIAN_POINT('',(0.727493592556,0.891979347645));
#6746 = ( GEOMETRIC_REPRESENTATION_CONTEXT(2) 
PARAMETRIC_REPRESENTATION_CONTEXT() REPRESENTATION_CONTEXT('2D SPACE',''
  ) );
#6747 = ORIENTED_EDGE('',*,*,#948,.F.);
#6748 = ADVANCED_FACE('',(#6749),#687,.T.);
#6749 = FACE_BOUND('',#6750,.F.);
#6750 = EDGE_LOOP('',(#6751,#6781,#6782));
#6751 = ORIENTED_EDGE('',*,*,#6752,.T.);
#6752 = EDGE_CURVE('',#6556,#672,#6753,.T.);
#6753 = SURFACE_CURVE('',#6754,(#6761,#6771),.PCURVE_S1.);
#6754 = B_SPLINE_CURVE_WITH_KNOTS('',3,(#6755,#6756,#6757,#6758,#6759,
    #6760),.UNSPECIFIED.,.F.,.F.,(4,1,1,4),(0.,0.242103102985,
    0.757283555907,1.),.UNSPECIFIED.);
#6755 = CARTESIAN_POINT('',(12.5000024,-20.49626652695,
    6.969389745759E-06));
#6756 = CARTESIAN_POINT('',(12.498164423912,-20.49656845401,
    5.842250236326E-06));
#6757 = CARTESIAN_POINT('',(12.492415263629,-20.49751221156,
    2.746077716553E-06));
#6758 = CARTESIAN_POINT('',(12.484822976034,-20.49875675091,
    4.260754471457E-07));
#6759 = CARTESIAN_POINT('',(12.479068496699,-20.49969852836,
    -4.099949793536E-10));
#6760 = CARTESIAN_POINT('',(12.477225604899,-20.49999998794,0.));
#6761 = PCURVE('',#687,#6762);
#6762 = DEFINITIONAL_REPRESENTATION('',(#6763),#6770);
#6763 = B_SPLINE_CURVE_WITH_KNOTS('',3,(#6764,#6765,#6766,#6767,#6768,
    #6769),.UNSPECIFIED.,.F.,.F.,(4,1,1,4),(0.,0.242103102985,
    0.757283555907,1.),.UNSPECIFIED.);
#6764 = CARTESIAN_POINT('',(-1.567062857137,5.0000024));
#6765 = CARTESIAN_POINT('',(-1.567364786301,4.998164423912));
#6766 = CARTESIAN_POINT('',(-1.568308548857,4.992415263629));
#6767 = CARTESIAN_POINT('',(-1.569553089636,4.984822976034));
#6768 = CARTESIAN_POINT('',(-1.570494867345,4.979068496699));
#6769 = CARTESIAN_POINT('',(-1.570796326795,4.977225604899));
#6770 = ( GEOMETRIC_REPRESENTATION_CONTEXT(2) 
PARAMETRIC_REPRESENTATION_CONTEXT() REPRESENTATION_CONTEXT('2D SPACE',''
  ) );
#6771 = PCURVE('',#720,#6772);
#6772 = DEFINITIONAL_REPRESENTATION('',(#6773),#6780);
#6773 = B_SPLINE_CURVE_WITH_KNOTS('',3,(#6774,#6775,#6776,#6777,#6778,
    #6779),.UNSPECIFIED.,.F.,.F.,(4,1,1,4),(0.,0.242103102985,
    0.757283555907,1.),.UNSPECIFIED.);
#6774 = CARTESIAN_POINT('',(1.208166561462,1.567747550197));
#6775 = CARTESIAN_POINT('',(1.208284304219,1.567994018733));
#6776 = CARTESIAN_POINT('',(1.208652578471,1.568765548987));
#6777 = CARTESIAN_POINT('',(1.20913905197,1.569781146122));
#6778 = CARTESIAN_POINT('',(1.209507798006,1.570550186176));
#6779 = CARTESIAN_POINT('',(1.209625896212,1.570796326795));
#6780 = ( GEOMETRIC_REPRESENTATION_CONTEXT(2) 
PARAMETRIC_REPRESENTATION_CONTEXT() REPRESENTATION_CONTEXT('2D SPACE',''
  ) );
#6781 = ORIENTED_EDGE('',*,*,#671,.T.);
#6782 = ORIENTED_EDGE('',*,*,#6676,.F.);
#6783 = ADVANCED_FACE('',(#6784),#936,.T.);
#6784 = FACE_BOUND('',#6785,.T.);
#6785 = EDGE_LOOP('',(#6786,#6890,#6914,#6934,#6935,#6936,#6937));
#6786 = ORIENTED_EDGE('',*,*,#6787,.F.);
#6787 = EDGE_CURVE('',#6788,#6323,#6790,.T.);
#6788 = VERTEX_POINT('',#6789);
#6789 = CARTESIAN_POINT('',(18.581993333249,18.444172545391,1.5));
#6790 = SURFACE_CURVE('',#6791,(#6822,#6856),.PCURVE_S1.);
#6791 = B_SPLINE_CURVE_WITH_KNOTS('',8,(#6792,#6793,#6794,#6795,#6796,
    #6797,#6798,#6799,#6800,#6801,#6802,#6803,#6804,#6805,#6806,#6807,
    #6808,#6809,#6810,#6811,#6812,#6813,#6814,#6815,#6816,#6817,#6818,
    #6819,#6820,#6821),.UNSPECIFIED.,.F.,.F.,(9,7,7,7,9),(0.,
    0.500233443147,0.749493303752,0.873409075251,1.),.UNSPECIFIED.);
#6792 = CARTESIAN_POINT('',(18.581993333249,18.444172545391,1.5));
#6793 = CARTESIAN_POINT('',(18.581993333249,18.444172545391,
    1.468357088784));
#6794 = CARTESIAN_POINT('',(18.581404291885,18.443678622414,
    1.436714294027));
#6795 = CARTESIAN_POINT('',(18.580226208198,18.442690760035,
    1.405084625243));
#6796 = CARTESIAN_POINT('',(18.578458279054,18.441209162303,
    1.373481256778));
#6797 = CARTESIAN_POINT('',(18.576098899148,18.439234253748,
    1.341917527804));
#6798 = CARTESIAN_POINT('',(18.573145660999,18.436766679377,
    1.310406942323));
#6799 = CARTESIAN_POINT('',(18.569595354955,18.433807304675,
    1.278963169162));
#6800 = CARTESIAN_POINT('',(18.563375387306,18.428638080805,
    1.231972200988));
#6801 = CARTESIAN_POINT('',(18.561157565784,18.426797112241,
    1.216364417061));
#6802 = CARTESIAN_POINT('',(18.558790009012,18.424834446579,
    1.200778418096));
#6803 = CARTESIAN_POINT('',(18.556272173091,18.42275023824,
    1.185215958291));
#6804 = CARTESIAN_POINT('',(18.553603465838,18.420544659401,
    1.169678818148));
#6805 = CARTESIAN_POINT('',(18.550783246785,18.418217899999,
    1.154168804475));
#6806 = CARTESIAN_POINT('',(18.547810827176,18.415770167727,
    1.138687750381));
#6807 = CARTESIAN_POINT('',(18.543131745886,18.411924807188,
    1.11555666447));
#6808 = CARTESIAN_POINT('',(18.541540224513,18.410618084819,
    1.107883431503));
#6809 = CARTESIAN_POINT('',(18.53991081537,18.409281548829,
    1.100218045394));
#6810 = CARTESIAN_POINT('',(18.538243425116,18.407915228428,
    1.092560737303));
#6811 = CARTESIAN_POINT('',(18.536537957549,18.406519154141,
    1.084911740536));
#6812 = CARTESIAN_POINT('',(18.534794313606,18.405093357802,
    1.077271290543));
#6813 = CARTESIAN_POINT('',(18.533012391365,18.403637872564,
    1.069639624918));
#6814 = CARTESIAN_POINT('',(18.529332483097,18.400635531303,
    1.054229780632));
#6815 = CARTESIAN_POINT('',(18.527432808176,18.399087369993,
    1.04645194741));
#6816 = CARTESIAN_POINT('',(18.525493043926,18.397508362038,
    1.038684071476));
#6817 = CARTESIAN_POINT('',(18.523512780324,18.395898307144,
    1.030925373095));
#6818 = CARTESIAN_POINT('',(18.521492451344,18.394257691216,
    1.023178050836));
#6819 = CARTESIAN_POINT('',(18.519431265961,18.392586014189,1.0154400183
    ));
#6820 = CARTESIAN_POINT('',(18.517329634945,18.390883751353,
    1.007713411787));
#6821 = CARTESIAN_POINT('',(18.515187172552,18.389150738509,0.9999976));
#6822 = PCURVE('',#936,#6823);
#6823 = DEFINITIONAL_REPRESENTATION('',(#6824),#6855);
#6824 = B_SPLINE_CURVE_WITH_KNOTS('',8,(#6825,#6826,#6827,#6828,#6829,
    #6830,#6831,#6832,#6833,#6834,#6835,#6836,#6837,#6838,#6839,#6840,
    #6841,#6842,#6843,#6844,#6845,#6846,#6847,#6848,#6849,#6850,#6851,
    #6852,#6853,#6854),.UNSPECIFIED.,.F.,.F.,(9,7,7,7,9),(0.,
    0.500233443147,0.749493303752,0.873409075251,1.),.UNSPECIFIED.);
#6825 = CARTESIAN_POINT('',(0.749528544424,0.));
#6826 = CARTESIAN_POINT('',(0.749528544424,2.109527414394E-02));
#6827 = CARTESIAN_POINT('',(0.749522974955,4.2190529032E-02));
#6828 = CARTESIAN_POINT('',(0.749511836985,6.329127990083E-02));
#6829 = CARTESIAN_POINT('',(0.749495085041,8.440304860238E-02));
#6830 = CARTESIAN_POINT('',(0.749472627214,0.105531363604));
#6831 = CARTESIAN_POINT('',(0.749444325153,0.126681759988));
#6832 = CARTESIAN_POINT('',(0.749409994071,0.147859779453));
#6833 = CARTESIAN_POINT('',(0.749349176602,0.17964023262));
#6834 = CARTESIAN_POINT('',(0.749327395901,0.19021772491));
#6835 = CARTESIAN_POINT('',(0.749304031929,0.200804133503));
#6836 = CARTESIAN_POINT('',(0.749279052928,0.211400145115));
#6837 = CARTESIAN_POINT('',(0.749252424082,0.222006446856));
#6838 = CARTESIAN_POINT('',(0.749224107524,0.232623726232));
#6839 = CARTESIAN_POINT('',(0.749194062329,0.243252671141));
#6840 = CARTESIAN_POINT('',(0.749146426777,0.259184130674));
#6841 = CARTESIAN_POINT('',(0.749130170932,0.264477344355));
#6842 = CARTESIAN_POINT('',(0.749113471574,0.269773695442));
#6843 = CARTESIAN_POINT('',(0.749096323096,0.275073268439));
#6844 = CARTESIAN_POINT('',(0.749078719693,0.280376147839));
#6845 = CARTESIAN_POINT('',(0.749060655368,0.285682418122));
#6846 = CARTESIAN_POINT('',(0.749042123925,0.290992163753));
#6847 = CARTESIAN_POINT('',(0.749003703735,0.301733480806));
#6848 = CARTESIAN_POINT('',(0.748983802615,0.307165064199));
#6849 = CARTESIAN_POINT('',(0.748963351649,0.312601298652));
#6850 = CARTESIAN_POINT('',(0.748942523148,0.318039167278));
#6851 = CARTESIAN_POINT('',(0.74892097452,0.323484571344));
#6852 = CARTESIAN_POINT('',(0.748899105436,0.328930543497));
#6853 = CARTESIAN_POINT('',(0.74887658423,0.334382789221));
#6854 = CARTESIAN_POINT('',(0.748853558927,0.339838695503));
#6855 = ( GEOMETRIC_REPRESENTATION_CONTEXT(2) 
PARAMETRIC_REPRESENTATION_CONTEXT() REPRESENTATION_CONTEXT('2D SPACE',''
  ) );
#6856 = PCURVE('',#6339,#6857);
#6857 = DEFINITIONAL_REPRESENTATION('',(#6858),#6889);
#6858 = B_SPLINE_CURVE_WITH_KNOTS('',8,(#6859,#6860,#6861,#6862,#6863,
    #6864,#6865,#6866,#6867,#6868,#6869,#6870,#6871,#6872,#6873,#6874,
    #6875,#6876,#6877,#6878,#6879,#6880,#6881,#6882,#6883,#6884,#6885,
    #6886,#6887,#6888),.UNSPECIFIED.,.F.,.F.,(9,7,7,7,9),(0.,
    0.500233443147,0.749493303752,0.873409075251,1.),.UNSPECIFIED.);
#6859 = CARTESIAN_POINT('',(-4.799323934646,-1.5));
#6860 = CARTESIAN_POINT('',(-4.799323934646,-1.468357088784));
#6861 = CARTESIAN_POINT('',(-4.79916705247,-1.436714294027));
#6862 = CARTESIAN_POINT('',(-4.798853286973,-1.405084625243));
#6863 = CARTESIAN_POINT('',(-4.798382539609,-1.373481256778));
#6864 = CARTESIAN_POINT('',(-4.797754614427,-1.341917527804));
#6865 = CARTESIAN_POINT('',(-4.796969218077,-1.310406942323));
#6866 = CARTESIAN_POINT('',(-4.796025959805,-1.278963169162));
#6867 = CARTESIAN_POINT('',(-4.794375434249,-1.231972200988));
#6868 = CARTESIAN_POINT('',(-4.793787201153,-1.216364417061));
#6869 = CARTESIAN_POINT('',(-4.79315959207,-1.200778418096));
#6870 = CARTESIAN_POINT('',(-4.792492541375,-1.185215958291));
#6871 = CARTESIAN_POINT('',(-4.791785977921,-1.169678818148));
#6872 = CARTESIAN_POINT('',(-4.791039825033,-1.154168804475));
#6873 = CARTESIAN_POINT('',(-4.790254000514,-1.138687750381));
#6874 = CARTESIAN_POINT('',(-4.789017990094,-1.11555666447));
#6875 = CARTESIAN_POINT('',(-4.78859773736,-1.107883431503));
#6876 = CARTESIAN_POINT('',(-4.788167647681,-1.100218045394));
#6877 = CARTESIAN_POINT('',(-4.787727710001,-1.092560737303));
#6878 = CARTESIAN_POINT('',(-4.787277912954,-1.084911740536));
#6879 = CARTESIAN_POINT('',(-4.786818244868,-1.077271290543));
#6880 = CARTESIAN_POINT('',(-4.786348693762,-1.069639624918));
#6881 = CARTESIAN_POINT('',(-4.785379450424,-1.054229780632));
#6882 = CARTESIAN_POINT('',(-4.784879322725,-1.046451947411));
#6883 = CARTESIAN_POINT('',(-4.784368875922,-1.038684071476));
#6884 = CARTESIAN_POINT('',(-4.783848019126,-1.030925373095));
#6885 = CARTESIAN_POINT('',(-4.783316883405,-1.023178050836));
#6886 = CARTESIAN_POINT('',(-4.782775278874,-1.0154400183));
#6887 = CARTESIAN_POINT('',(-4.782223331485,-1.007713411787));
#6888 = CARTESIAN_POINT('',(-4.781660958685,-0.9999976));
#6889 = ( GEOMETRIC_REPRESENTATION_CONTEXT(2) 
PARAMETRIC_REPRESENTATION_CONTEXT() REPRESENTATION_CONTEXT('2D SPACE',''
  ) );
#6890 = ORIENTED_EDGE('',*,*,#6891,.T.);
#6891 = EDGE_CURVE('',#6788,#6892,#6894,.T.);
#6892 = VERTEX_POINT('',#6893);
#6893 = CARTESIAN_POINT('',(24.,5.99999999642,1.5));
#6894 = SURFACE_CURVE('',#6895,(#6900,#6907),.PCURVE_S1.);
#6895 = CIRCLE('',#6896,17.);
#6896 = AXIS2_PLACEMENT_3D('',#6897,#6898,#6899);
#6897 = CARTESIAN_POINT('',(7.,5.99999999642,1.5));
#6898 = DIRECTION('',(0.,-0.,-1.));
#6899 = DIRECTION('',(5.224578939413E-17,1.,-0.));
#6900 = PCURVE('',#936,#6901);
#6901 = DEFINITIONAL_REPRESENTATION('',(#6902),#6906);
#6902 = LINE('',#6903,#6904);
#6903 = CARTESIAN_POINT('',(0.,0.));
#6904 = VECTOR('',#6905,1.);
#6905 = DIRECTION('',(1.,0.));
#6906 = ( GEOMETRIC_REPRESENTATION_CONTEXT(2) 
PARAMETRIC_REPRESENTATION_CONTEXT() REPRESENTATION_CONTEXT('2D SPACE',''
  ) );
#6907 = PCURVE('',#5354,#6908);
#6908 = DEFINITIONAL_REPRESENTATION('',(#6909),#6913);
#6909 = LINE('',#6910,#6911);
#6910 = CARTESIAN_POINT('',(-1.570796326795,-1.5));
#6911 = VECTOR('',#6912,1.);
#6912 = DIRECTION('',(1.,-0.));
#6913 = ( GEOMETRIC_REPRESENTATION_CONTEXT(2) 
PARAMETRIC_REPRESENTATION_CONTEXT() REPRESENTATION_CONTEXT('2D SPACE',''
  ) );
#6914 = ORIENTED_EDGE('',*,*,#6915,.T.);
#6915 = EDGE_CURVE('',#6892,#888,#6916,.T.);
#6916 = SURFACE_CURVE('',#6917,(#6922,#6928),.PCURVE_S1.);
#6917 = CIRCLE('',#6918,1.5);
#6918 = AXIS2_PLACEMENT_3D('',#6919,#6920,#6921);
#6919 = CARTESIAN_POINT('',(22.5,5.99999999642,1.5));
#6920 = DIRECTION('',(-8.986550563243E-18,1.,0.));
#6921 = DIRECTION('',(1.,8.986550563243E-18,0.));
#6922 = PCURVE('',#936,#6923);
#6923 = DEFINITIONAL_REPRESENTATION('',(#6924),#6927);
#6924 = B_SPLINE_CURVE_WITH_KNOTS('',1,(#6925,#6926),.UNSPECIFIED.,.F.,
  .F.,(2,2),(0.,1.570796326795),.PIECEWISE_BEZIER_KNOTS.);
#6925 = CARTESIAN_POINT('',(1.570796326795,0.));
#6926 = CARTESIAN_POINT('',(1.570796326795,1.570796326795));
#6927 = ( GEOMETRIC_REPRESENTATION_CONTEXT(2) 
PARAMETRIC_REPRESENTATION_CONTEXT() REPRESENTATION_CONTEXT('2D SPACE',''
  ) );
#6928 = PCURVE('',#903,#6929);
#6929 = DEFINITIONAL_REPRESENTATION('',(#6930),#6933);
#6930 = B_SPLINE_CURVE_WITH_KNOTS('',1,(#6931,#6932),.UNSPECIFIED.,.F.,
  .F.,(2,2),(0.,1.570796326795),.PIECEWISE_BEZIER_KNOTS.);
#6931 = CARTESIAN_POINT('',(0.,0.));
#6932 = CARTESIAN_POINT('',(-1.570796326795,0.));
#6933 = ( GEOMETRIC_REPRESENTATION_CONTEXT(2) 
PARAMETRIC_REPRESENTATION_CONTEXT() REPRESENTATION_CONTEXT('2D SPACE',''
  ) );
#6934 = ORIENTED_EDGE('',*,*,#915,.F.);
#6935 = ORIENTED_EDGE('',*,*,#6700,.T.);
#6936 = ORIENTED_EDGE('',*,*,#6463,.F.);
#6937 = ORIENTED_EDGE('',*,*,#6351,.T.);
#6938 = ADVANCED_FACE('',(#6939),#720,.T.);
#6939 = FACE_BOUND('',#6940,.T.);
#6940 = EDGE_LOOP('',(#6941,#7052,#7081,#7183,#7184,#7185,#7186));
#6941 = ORIENTED_EDGE('',*,*,#6942,.F.);
#6942 = EDGE_CURVE('',#6943,#6945,#6947,.T.);
#6943 = VERTEX_POINT('',#6944);
#6944 = CARTESIAN_POINT('',(23.12920346236,-11.37110748382,1.5));
#6945 = VERTEX_POINT('',#6946);
#6946 = CARTESIAN_POINT('',(23.037214503556,-11.3757205409,1.));
#6947 = SURFACE_CURVE('',#6948,(#6979,#7013),.PCURVE_S1.);
#6948 = B_SPLINE_CURVE_WITH_KNOTS('',8,(#6949,#6950,#6951,#6952,#6953,
    #6954,#6955,#6956,#6957,#6958,#6959,#6960,#6961,#6962,#6963,#6964,
    #6965,#6966,#6967,#6968,#6969,#6970,#6971,#6972,#6973,#6974,#6975,
    #6976,#6977,#6978),.UNSPECIFIED.,.F.,.F.,(9,7,7,7,9),(0.,
    0.499800776974,0.749124295288,0.873180407478,1.),.UNSPECIFIED.);
#6949 = CARTESIAN_POINT('',(23.12920346236,-11.37110748382,1.5));
#6950 = CARTESIAN_POINT('',(23.12920346236,-11.37110748382,
    1.468347206748));
#6951 = CARTESIAN_POINT('',(23.128382313577,-11.37115728544,
    1.43669447292));
#6952 = CARTESIAN_POINT('',(23.126740018789,-11.37125688565,
    1.405056348726));
#6953 = CARTESIAN_POINT('',(23.124276625882,-11.37140541795,
    1.373447468851));
#6954 = CARTESIAN_POINT('',(23.120992227853,-11.37160115232,
    1.341882552454));
#6955 = CARTESIAN_POINT('',(23.116886962808,-11.37184149526,
    1.310376403166));
#6956 = CARTESIAN_POINT('',(23.111961013962,-11.37212298977,
    1.278943909094));
#6957 = CARTESIAN_POINT('',(23.103348039982,-11.37260011075,
    1.23196428678));
#6958 = CARTESIAN_POINT('',(23.100277303107,-11.37276807205,
    1.216350602491));
#6959 = CARTESIAN_POINT('',(23.097002427388,-11.37294466326,
    1.200760856669));
#6960 = CARTESIAN_POINT('',(23.093523444087,-11.37312929545,
    1.185196930266));
#6961 = CARTESIAN_POINT('',(23.089840387364,-11.37332132675,
    1.169660718469));
#6962 = CARTESIAN_POINT('',(23.08595329427,-11.37352006239,
    1.154154130699));
#6963 = CARTESIAN_POINT('',(23.081862204752,-11.37372475465,
    1.138679090613));
#6964 = CARTESIAN_POINT('',(23.075430073453,-11.37403901727,
    1.115554268868));
#6965 = CARTESIAN_POINT('',(23.073242491172,-11.37414470818,
    1.107879292548));
#6966 = CARTESIAN_POINT('',(23.071004420108,-11.37425157701,
    1.10021284619));
#6967 = CARTESIAN_POINT('',(23.068715865768,-11.37435952195,
    1.092555170059));
#6968 = CARTESIAN_POINT('',(23.066376833867,-11.37446843793,
    1.084906505628));
#6969 = CARTESIAN_POINT('',(23.063987330329,-11.3745782167,
    1.077267095589));
#6970 = CARTESIAN_POINT('',(23.061547361285,-11.37468874677,
    1.069637183841));
#6971 = CARTESIAN_POINT('',(23.056511027964,-11.37491355642,
    1.054227099901));
#6972 = CARTESIAN_POINT('',(23.053912372011,-11.37502786541,
    1.046447318583));
#6973 = CARTESIAN_POINT('',(23.051261099395,-11.3751427129,
    1.038678262943));
#6974 = CARTESIAN_POINT('',(23.048556818229,-11.37525798832,
    1.03091916589));
#6975 = CARTESIAN_POINT('',(23.045800281383,-11.37537353321,
    1.023172216428));
#6976 = CARTESIAN_POINT('',(23.042990590659,-11.37548924959,
    1.015435347076));
#6977 = CARTESIAN_POINT('',(23.040128476309,-11.375604973,1.007710683082
    ));
#6978 = CARTESIAN_POINT('',(23.037213596566,-11.37572057687,0.9999976));
#6979 = PCURVE('',#720,#6980);
#6980 = DEFINITIONAL_REPRESENTATION('',(#6981),#7012);
#6981 = B_SPLINE_CURVE_WITH_KNOTS('',8,(#6982,#6983,#6984,#6985,#6986,
    #6987,#6988,#6989,#6990,#6991,#6992,#6993,#6994,#6995,#6996,#6997,
    #6998,#6999,#7000,#7001,#7002,#7003,#7004,#7005,#7006,#7007,#7008,
    #7009,#7010,#7011),.UNSPECIFIED.,.F.,.F.,(9,7,7,7,9),(0.,
    0.499800776974,0.749124295288,0.873180407478,1.),.UNSPECIFIED.);
#6982 = CARTESIAN_POINT('',(0.321455141613,0.));
#6983 = CARTESIAN_POINT('',(0.321455141613,2.110186216816E-02));
#6984 = CARTESIAN_POINT('',(0.32147318209,4.220373021051E-02));
#6985 = CARTESIAN_POINT('',(0.321509263077,6.33101316602E-02));
#6986 = CARTESIAN_POINT('',(0.321563344458,8.442562785131E-02));
#6987 = CARTESIAN_POINT('',(0.321635345971,0.105554813919));
#6988 = CARTESIAN_POINT('',(0.321725147207,0.126702318799));
#6989 = CARTESIAN_POINT('',(0.321832587611,0.147872805228));
#6990 = CARTESIAN_POINT('',(0.322019761778,0.179645585076));
#6991 = CARTESIAN_POINT('',(0.322086396548,0.190227089683));
#6992 = CARTESIAN_POINT('',(0.322157345865,0.200816069567));
#6993 = CARTESIAN_POINT('',(0.322232582296,0.211413115689));
#6994 = CARTESIAN_POINT('',(0.322312075894,0.222018823977));
#6995 = CARTESIAN_POINT('',(0.322395794204,0.232633795319));
#6996 = CARTESIAN_POINT('',(0.32248370226,0.243258635568));
#6997 = CARTESIAN_POINT('',(0.322621569115,0.259185780617));
#6998 = CARTESIAN_POINT('',(0.322668403649,0.264480200228));
#6999 = CARTESIAN_POINT('',(0.322716261565,0.269777289683));
#7000 = CARTESIAN_POINT('',(0.322765138091,0.27507712467));
#7001 = CARTESIAN_POINT('',(0.322815028294,0.280379781253));
#7002 = CARTESIAN_POINT('',(0.322865927091,0.285685335867));
#7003 = CARTESIAN_POINT('',(0.322917829238,0.290993865323));
#7004 = CARTESIAN_POINT('',(0.323024807842,0.301735349352));
#7005 = CARTESIAN_POINT('',(0.323079913379,0.30716829782));
#7006 = CARTESIAN_POINT('',(0.323136149567,0.312605365463));
#7007 = CARTESIAN_POINT('',(0.323193167175,0.318043523822));
#7008 = CARTESIAN_POINT('',(0.323251601992,0.323488675826));
#7009 = CARTESIAN_POINT('',(0.323310668362,0.328933838114));
#7010 = CARTESIAN_POINT('',(0.323370979994,0.334384718704));
#7011 = CARTESIAN_POINT('',(0.323432231723,0.339838695499));
#7012 = ( GEOMETRIC_REPRESENTATION_CONTEXT(2) 
PARAMETRIC_REPRESENTATION_CONTEXT() REPRESENTATION_CONTEXT('2D SPACE',''
  ) );
#7013 = PCURVE('',#7014,#7019);
#7014 = CYLINDRICAL_SURFACE('',#7015,4.4);
#7015 = AXIS2_PLACEMENT_3D('',#7016,#7017,#7018);
#7016 = CARTESIAN_POINT('',(22.862847030021,-6.979176900249,0.));
#7017 = DIRECTION('',(0.,0.,-1.));
#7018 = DIRECTION('',(-0.951056516295,-0.309016994375,0.));
#7019 = DEFINITIONAL_REPRESENTATION('',(#7020),#7051);
#7020 = B_SPLINE_CURVE_WITH_KNOTS('',8,(#7021,#7022,#7023,#7024,#7025,
    #7026,#7027,#7028,#7029,#7030,#7031,#7032,#7033,#7034,#7035,#7036,
    #7037,#7038,#7039,#7040,#7041,#7042,#7043,#7044,#7045,#7046,#7047,
    #7048,#7049,#7050),.UNSPECIFIED.,.F.,.F.,(9,7,7,7,9),(0.,
    0.499800776974,0.749124295288,0.873180407478,1.),.UNSPECIFIED.);
#7021 = CARTESIAN_POINT('',(4.965975659211,-1.5));
#7022 = CARTESIAN_POINT('',(4.965975659211,-1.468347206748));
#7023 = CARTESIAN_POINT('',(4.966162627932,-1.43669447292));
#7024 = CARTESIAN_POINT('',(4.966536562765,-1.405056348726));
#7025 = CARTESIAN_POINT('',(4.967097440444,-1.373447468851));
#7026 = CARTESIAN_POINT('',(4.96784521705,-1.341882552454));
#7027 = CARTESIAN_POINT('',(4.968779828003,-1.310376403166));
#7028 = CARTESIAN_POINT('',(4.969901188071,-1.278943909094));
#7029 = CARTESIAN_POINT('',(4.971861683313,-1.23196428678));
#7030 = CARTESIAN_POINT('',(4.972560621185,-1.216350602491));
#7031 = CARTESIAN_POINT('',(4.973305992043,-1.200760856669));
#7032 = CARTESIAN_POINT('',(4.974097782057,-1.185196930266));
#7033 = CARTESIAN_POINT('',(4.974935976508,-1.169660718469));
#7034 = CARTESIAN_POINT('',(4.97582055979,-1.154154130699));
#7035 = CARTESIAN_POINT('',(4.976751515403,-1.138679090613));
#7036 = CARTESIAN_POINT('',(4.978215107194,-1.115554268868));
#7037 = CARTESIAN_POINT('',(4.978712864845,-1.107879292548));
#7038 = CARTESIAN_POINT('',(4.979222096784,-1.10021284619));
#7039 = CARTESIAN_POINT('',(4.97974280084,-1.092555170059));
#7040 = CARTESIAN_POINT('',(4.980274974805,-1.084906505628));
#7041 = CARTESIAN_POINT('',(4.980818616426,-1.077267095589));
#7042 = CARTESIAN_POINT('',(4.981373723412,-1.069637183841));
#7043 = CARTESIAN_POINT('',(4.98251948439,-1.054227099901));
#7044 = CARTESIAN_POINT('',(4.983110659001,-1.046447318583));
#7045 = CARTESIAN_POINT('',(4.983713785802,-1.038678262943));
#7046 = CARTESIAN_POINT('',(4.984328952998,-1.03091916589));
#7047 = CARTESIAN_POINT('',(4.984955988447,-1.023172216428));
#7048 = CARTESIAN_POINT('',(4.985595095557,-1.015435347076));
#7049 = CARTESIAN_POINT('',(4.986246107388,-1.007710683082));
#7050 = CARTESIAN_POINT('',(4.986909100856,-0.9999976));
#7051 = ( GEOMETRIC_REPRESENTATION_CONTEXT(2) 
PARAMETRIC_REPRESENTATION_CONTEXT() REPRESENTATION_CONTEXT('2D SPACE',''
  ) );
#7052 = ORIENTED_EDGE('',*,*,#7053,.T.);
#7053 = EDGE_CURVE('',#6943,#7054,#7056,.T.);
#7054 = VERTEX_POINT('',#7055);
#7055 = CARTESIAN_POINT('',(15.265815527245,-20.85517733435,1.5));
#7056 = SURFACE_CURVE('',#7057,(#7062,#7069),.PCURVE_S1.);
#7057 = CIRCLE('',#7058,17.);
#7058 = AXIS2_PLACEMENT_3D('',#7059,#7060,#7061);
#7059 = CARTESIAN_POINT('',(6.999999997923,-6.,1.5));
#7060 = DIRECTION('',(0.,-0.,-1.));
#7061 = DIRECTION('',(1.,-2.612289469706E-16,0.));
#7062 = PCURVE('',#720,#7063);
#7063 = DEFINITIONAL_REPRESENTATION('',(#7064),#7068);
#7064 = LINE('',#7065,#7066);
#7065 = CARTESIAN_POINT('',(0.,0.));
#7066 = VECTOR('',#7067,1.);
#7067 = DIRECTION('',(1.,0.));
#7068 = ( GEOMETRIC_REPRESENTATION_CONTEXT(2) 
PARAMETRIC_REPRESENTATION_CONTEXT() REPRESENTATION_CONTEXT('2D SPACE',''
  ) );
#7069 = PCURVE('',#7070,#7075);
#7070 = CYLINDRICAL_SURFACE('',#7071,17.);
#7071 = AXIS2_PLACEMENT_3D('',#7072,#7073,#7074);
#7072 = CARTESIAN_POINT('',(6.999999997923,-6.,0.));
#7073 = DIRECTION('',(0.,0.,-1.));
#7074 = DIRECTION('',(1.,0.,0.));
#7075 = DEFINITIONAL_REPRESENTATION('',(#7076),#7080);
#7076 = LINE('',#7077,#7078);
#7077 = CARTESIAN_POINT('',(-6.28318530718,-1.5));
#7078 = VECTOR('',#7079,1.);
#7079 = DIRECTION('',(1.,-0.));
#7080 = ( GEOMETRIC_REPRESENTATION_CONTEXT(2) 
PARAMETRIC_REPRESENTATION_CONTEXT() REPRESENTATION_CONTEXT('2D SPACE',''
  ) );
#7081 = ORIENTED_EDGE('',*,*,#7082,.T.);
#7082 = EDGE_CURVE('',#7054,#6554,#7083,.T.);
#7083 = SURFACE_CURVE('',#7084,(#7115,#7149),.PCURVE_S1.);
#7084 = B_SPLINE_CURVE_WITH_KNOTS('',8,(#7085,#7086,#7087,#7088,#7089,
    #7090,#7091,#7092,#7093,#7094,#7095,#7096,#7097,#7098,#7099,#7100,
    #7101,#7102,#7103,#7104,#7105,#7106,#7107,#7108,#7109,#7110,#7111,
    #7112,#7113,#7114),.UNSPECIFIED.,.F.,.F.,(9,7,7,7,9),(0.,
    0.500078665143,0.749355128133,0.873320835446,1.),.UNSPECIFIED.);
#7085 = CARTESIAN_POINT('',(15.265815527245,-20.85517733435,1.5));
#7086 = CARTESIAN_POINT('',(15.265815527245,-20.85517733435,
    1.468354012694));
#7087 = CARTESIAN_POINT('',(15.265342497356,-20.85456736319,
    1.436708145723));
#7088 = CARTESIAN_POINT('',(15.264396441612,-20.85334739824,
    1.405075840056));
#7089 = CARTESIAN_POINT('',(15.262976308791,-20.85151763274,
    1.373470706364));
#7090 = CARTESIAN_POINT('',(15.26107999242,-20.84907847573,
    1.341906525027));
#7091 = CARTESIAN_POINT('',(15.258704330774,-20.84603055212,
    1.310397246129));
#7092 = CARTESIAN_POINT('',(15.255845106874,-20.84237470264,
    1.278956989458));
#7093 = CARTESIAN_POINT('',(15.250828126755,-20.83598712726,
    1.231969407028));
#7094 = CARTESIAN_POINT('',(15.249037741987,-20.83371148551,
    1.216359505516));
#7095 = CARTESIAN_POINT('',(15.24712524124,-20.8312851926,1.200772126904
    ));
#7096 = CARTESIAN_POINT('',(15.245089906491,-20.82870840161,
    1.18520908526));
#7097 = CARTESIAN_POINT('',(15.242930954638,-20.82598128474,
    1.169672221788));
#7098 = CARTESIAN_POINT('',(15.240647537499,-20.82310403327,
    1.154163404827));
#7099 = CARTESIAN_POINT('',(15.238238741815,-20.82007685759,
    1.138684529854));
#7100 = CARTESIAN_POINT('',(15.234442852564,-20.81532012287,
    1.115555688855));
#7101 = CARTESIAN_POINT('',(15.233150866739,-20.81370323817,
    1.107881739842));
#7102 = CARTESIAN_POINT('',(15.231827511476,-20.81204936158,
    1.10021590948));
#7103 = CARTESIAN_POINT('',(15.230472662534,-20.81035852309,
    1.092558437025));
#7104 = CARTESIAN_POINT('',(15.229086191731,-20.80863075418,
    1.084909563944));
#7105 = CARTESIAN_POINT('',(15.227667966943,-20.80686608784,
    1.07726953392));
#7106 = CARTESIAN_POINT('',(15.226217852102,-20.80506455852,
    1.069638592849));
#7107 = CARTESIAN_POINT('',(15.223221119964,-20.80134760646,
    1.054228557268));
#7108 = CARTESIAN_POINT('',(15.22167307392,-20.79943054022,
    1.046449827808));
#7109 = CARTESIAN_POINT('',(15.220091496617,-20.79747513613,
    1.038681396211));
#7110 = CARTESIAN_POINT('',(15.218475993477,-20.7954811396,
    1.030922495212));
#7111 = CARTESIAN_POINT('',(15.216826856836,-20.79344914376,
    1.023175326964));
#7112 = CARTESIAN_POINT('',(15.215143377573,-20.79137852336,
    1.015437821314));
#7113 = CARTESIAN_POINT('',(15.213425825598,-20.78926985827,
    1.007712118672));
#7114 = CARTESIAN_POINT('',(15.211673818934,-20.78712293809,0.9999976));
#7115 = PCURVE('',#720,#7116);
#7116 = DEFINITIONAL_REPRESENTATION('',(#7117),#7148);
#7117 = B_SPLINE_CURVE_WITH_KNOTS('',8,(#7118,#7119,#7120,#7121,#7122,
    #7123,#7124,#7125,#7126,#7127,#7128,#7129,#7130,#7131,#7132,#7133,
    #7134,#7135,#7136,#7137,#7138,#7139,#7140,#7141,#7142,#7143,#7144,
    #7145,#7146,#7147),.UNSPECIFIED.,.F.,.F.,(9,7,7,7,9),(0.,
    0.500078665143,0.749355128133,0.873320835446,1.),.UNSPECIFIED.);
#7118 = CARTESIAN_POINT('',(1.063032473871,0.));
#7119 = CARTESIAN_POINT('',(1.063032473871,2.10973248707E-02));
#7120 = CARTESIAN_POINT('',(1.063039342768,4.219462343103E-02));
#7121 = CARTESIAN_POINT('',(1.063053079229,6.329713626858E-02));
#7122 = CARTESIAN_POINT('',(1.063073746151,8.441009873411E-02));
#7123 = CARTESIAN_POINT('',(1.063101470653,0.105538740942));
#7124 = CARTESIAN_POINT('',(1.063136444084,0.126688287768));
#7125 = CARTESIAN_POINT('',(1.063178922019,0.147863958853));
#7126 = CARTESIAN_POINT('',(1.063254298642,0.1796421222));
#7127 = CARTESIAN_POINT('',(1.06328131747,0.190221054214));
#7128 = CARTESIAN_POINT('',(1.06331032049,0.200808409183));
#7129 = CARTESIAN_POINT('',(1.063341351675,0.211404829929));
#7130 = CARTESIAN_POINT('',(1.06337445923,0.222010957556));
#7131 = CARTESIAN_POINT('',(1.063409695588,0.23262743145));
#7132 = CARTESIAN_POINT('',(1.06344711741,0.243254889277));
#7133 = CARTESIAN_POINT('',(1.063506512657,0.259184802622));
#7134 = CARTESIAN_POINT('',(1.063526795288,0.264478511582));
#7135 = CARTESIAN_POINT('',(1.063547640981,0.269775171979));
#7136 = CARTESIAN_POINT('',(1.063569057507,0.275074861725));
#7137 = CARTESIAN_POINT('',(1.06359105291,0.28037765853));
#7138 = CARTESIAN_POINT('',(1.063613635502,0.285683639904));
#7139 = CARTESIAN_POINT('',(1.06363681387,0.290992883155));
#7140 = CARTESIAN_POINT('',(1.063684900451,0.301734333536));
#7141 = CARTESIAN_POINT('',(1.063709824738,0.307166544902));
#7142 = CARTESIAN_POINT('',(1.063735452817,0.312603171689));
#7143 = CARTESIAN_POINT('',(1.063761563382,0.318041187054));
#7144 = CARTESIAN_POINT('',(1.06378859853,0.323486487536));
#7145 = CARTESIAN_POINT('',(1.063816044076,0.328932092994));
#7146 = CARTESIAN_POINT('',(1.063844328092,0.334383703591));
#7147 = CARTESIAN_POINT('',(1.063873260641,0.339838695503));
#7148 = ( GEOMETRIC_REPRESENTATION_CONTEXT(2) 
PARAMETRIC_REPRESENTATION_CONTEXT() REPRESENTATION_CONTEXT('2D SPACE',''
  ) );
#7149 = PCURVE('',#6662,#7150);
#7150 = DEFINITIONAL_REPRESENTATION('',(#7151),#7182);
#7151 = B_SPLINE_CURVE_WITH_KNOTS('',8,(#7152,#7153,#7154,#7155,#7156,
    #7157,#7158,#7159,#7160,#7161,#7162,#7163,#7164,#7165,#7166,#7167,
    #7168,#7169,#7170,#7171,#7172,#7173,#7174,#7175,#7176,#7177,#7178,
    #7179,#7180,#7181),.UNSPECIFIED.,.F.,.F.,(9,7,7,7,9),(0.,
    0.500078665143,0.749355128133,0.873320835446,1.),.UNSPECIFIED.);
#7152 = CARTESIAN_POINT('',(-0.659607191942,-1.5));
#7153 = CARTESIAN_POINT('',(-0.659607191942,-1.468354012694));
#7154 = CARTESIAN_POINT('',(-0.659827735214,-1.436708145723));
#7155 = CARTESIAN_POINT('',(-0.660268822939,-1.405075840056));
#7156 = CARTESIAN_POINT('',(-0.660930594742,-1.373470706364));
#7157 = CARTESIAN_POINT('',(-0.661813328699,-1.341906525027));
#7158 = CARTESIAN_POINT('',(-0.662917441329,-1.310397246129));
#7159 = CARTESIAN_POINT('',(-0.664243487602,-1.278956989458));
#7160 = CARTESIAN_POINT('',(-0.666564135097,-1.231969407028));
#7161 = CARTESIAN_POINT('',(-0.667391425766,-1.216359505516));
#7162 = CARTESIAN_POINT('',(-0.668274118442,-1.200772126904));
#7163 = CARTESIAN_POINT('',(-0.669212306555,-1.18520908526));
#7164 = CARTESIAN_POINT('',(-0.670206091457,-1.169672221788));
#7165 = CARTESIAN_POINT('',(-0.67125558243,-1.154163404827));
#7166 = CARTESIAN_POINT('',(-0.672360896678,-1.138684529854));
#7167 = CARTESIAN_POINT('',(-0.674099657682,-1.115555688855));
#7168 = CARTESIAN_POINT('',(-0.674690992514,-1.107881739842));
#7169 = CARTESIAN_POINT('',(-0.675296179181,-1.10021590948));
#7170 = CARTESIAN_POINT('',(-0.675915233479,-1.092558437025));
#7171 = CARTESIAN_POINT('',(-0.676548171646,-1.084909563944));
#7172 = CARTESIAN_POINT('',(-0.677195010361,-1.07726953392));
#7173 = CARTESIAN_POINT('',(-0.677855766746,-1.069638592849));
#7174 = CARTESIAN_POINT('',(-0.679219918156,-1.054228557268));
#7175 = CARTESIAN_POINT('',(-0.679923934962,-1.046449827808));
#7176 = CARTESIAN_POINT('',(-0.680642492768,-1.038681396211));
#7177 = CARTESIAN_POINT('',(-0.681375719547,-1.030922495213));
#7178 = CARTESIAN_POINT('',(-0.682123431627,-1.023175326964));
#7179 = CARTESIAN_POINT('',(-0.682885896045,-1.015437821314));
#7180 = CARTESIAN_POINT('',(-0.68366293632,-1.007712118672));
#7181 = CARTESIAN_POINT('',(-0.684454668784,-0.9999976));
#7182 = ( GEOMETRIC_REPRESENTATION_CONTEXT(2) 
PARAMETRIC_REPRESENTATION_CONTEXT() REPRESENTATION_CONTEXT('2D SPACE',''
  ) );
#7183 = ORIENTED_EDGE('',*,*,#6553,.T.);
#7184 = ORIENTED_EDGE('',*,*,#6752,.T.);
#7185 = ORIENTED_EDGE('',*,*,#699,.F.);
#7186 = ORIENTED_EDGE('',*,*,#7187,.T.);
#7187 = EDGE_CURVE('',#700,#6945,#7188,.T.);
#7188 = SURFACE_CURVE('',#7189,(#7212,#7238),.PCURVE_S1.);
#7189 = B_SPLINE_CURVE_WITH_KNOTS('',6,(#7190,#7191,#7192,#7193,#7194,
    #7195,#7196,#7197,#7198,#7199,#7200,#7201,#7202,#7203,#7204,#7205,
    #7206,#7207,#7208,#7209,#7210,#7211),.UNSPECIFIED.,.F.,.F.,(7,5,5,5,
    7),(0.,0.234418118602,0.457115075037,0.678362920424,1.),
  .UNSPECIFIED.);
#7190 = CARTESIAN_POINT('',(21.908125187921,-10.24238179792,0.));
#7191 = CARTESIAN_POINT('',(21.956976177948,-10.31311615035,
    -1.861486944406E-08));
#7192 = CARTESIAN_POINT('',(22.006489822582,-10.3829309518,
    3.52145178971E-03));
#7193 = CARTESIAN_POINT('',(22.056533195558,-10.45162049139,
    1.068698602983E-02));
#7194 = CARTESIAN_POINT('',(22.106950131265,-10.51895576167,
    2.161078775464E-02));
#7195 = CARTESIAN_POINT('',(22.157562153251,-10.58468403379,
    3.638708200596E-02));
#7196 = CARTESIAN_POINT('',(22.256246234459,-10.70918054209,
    7.283534183027E-02));
#7197 = CARTESIAN_POINT('',(22.304318470373,-10.76813210881,
    9.412549045982E-02));
#7198 = CARTESIAN_POINT('',(22.352214482026,-10.8251452576,
    0.119002022626));
#7199 = CARTESIAN_POINT('',(22.399743168018,-10.87996020147,
    0.147491354131));
#7200 = CARTESIAN_POINT('',(22.44669876461,-10.9322994623,0.179580959195
    ));
#7201 = CARTESIAN_POINT('',(22.538732135511,-11.03112214649,
    0.250601382202));
#7202 = CARTESIAN_POINT('',(22.58382075198,-11.07764208855,
    0.289486795303));
#7203 = CARTESIAN_POINT('',(22.627918757145,-11.12114513587,
    0.331799125526));
#7204 = CARTESIAN_POINT('',(22.6708050891,-11.16133308273,0.377423898962
    ));
#7205 = CARTESIAN_POINT('',(22.712261635738,-11.19790691319,
    0.426184913241));
#7206 = CARTESIAN_POINT('',(22.809976628107,-11.27807186533,
    0.55291542265));
#7207 = CARTESIAN_POINT('',(22.864432236557,-11.31733060355,
    0.634119619912));
#7208 = CARTESIAN_POINT('',(22.914797833238,-11.34743720917,
    0.720652121632));
#7209 = CARTESIAN_POINT('',(22.960545281205,-11.36759302539,
    0.811434768556));
#7210 = CARTESIAN_POINT('',(23.001349495458,-11.37714295015,
    0.905096827083));
#7211 = CARTESIAN_POINT('',(23.037214503556,-11.3757205409,1.));
#7212 = PCURVE('',#720,#7213);
#7213 = DEFINITIONAL_REPRESENTATION('',(#7214),#7237);
#7214 = B_SPLINE_CURVE_WITH_KNOTS('',6,(#7215,#7216,#7217,#7218,#7219,
    #7220,#7221,#7222,#7223,#7224,#7225,#7226,#7227,#7228,#7229,#7230,
    #7231,#7232,#7233,#7234,#7235,#7236),.UNSPECIFIED.,.F.,.F.,(7,5,5,5,
    7),(0.,0.234418118602,0.457115075037,0.678362920424,1.),
  .UNSPECIFIED.);
#7215 = CARTESIAN_POINT('',(0.277239963756,1.570796326795));
#7216 = CARTESIAN_POINT('',(0.280766589426,1.526565874318));
#7217 = CARTESIAN_POINT('',(0.284188228905,1.481923930094));
#7218 = CARTESIAN_POINT('',(0.287495921426,1.436852233835));
#7219 = CARTESIAN_POINT('',(0.290680423185,1.391338332865));
#7220 = CARTESIAN_POINT('',(0.293732179058,1.345376007338));
#7221 = CARTESIAN_POINT('',(0.299404950613,1.254875949917));
#7222 = CARTESIAN_POINT('',(0.302039859481,1.210382102913));
#7223 = CARTESIAN_POINT('',(0.304537496684,1.165485539188));
#7224 = CARTESIAN_POINT('',(0.30688898153,1.120194316463));
#7225 = CARTESIAN_POINT('',(0.309085143814,1.074525159602));
#7226 = CARTESIAN_POINT('',(0.313134818903,0.982785204706));
#7227 = CARTESIAN_POINT('',(0.314990493666,0.936718288372));
#7228 = CARTESIAN_POINT('',(0.316674320836,0.890334222503));
#7229 = CARTESIAN_POINT('',(0.318176869642,0.843671322308));
#7230 = CARTESIAN_POINT('',(0.319488734997,0.796781482621));
#7231 = CARTESIAN_POINT('',(0.322217208493,0.6813414955));
#7232 = CARTESIAN_POINT('',(0.323411721449,0.612598370058));
#7233 = CARTESIAN_POINT('',(0.324154755088,0.543752034053));
#7234 = CARTESIAN_POINT('',(0.324420837388,0.475083138966));
#7235 = CARTESIAN_POINT('',(0.324185850091,0.406943597513));
#7236 = CARTESIAN_POINT('',(0.323432201674,0.339836920134));
#7237 = ( GEOMETRIC_REPRESENTATION_CONTEXT(2) 
PARAMETRIC_REPRESENTATION_CONTEXT() REPRESENTATION_CONTEXT('2D SPACE',''
  ) );
#7238 = PCURVE('',#753,#7239);
#7239 = DEFINITIONAL_REPRESENTATION('',(#7240),#7263);
#7240 = B_SPLINE_CURVE_WITH_KNOTS('',6,(#7241,#7242,#7243,#7244,#7245,
    #7246,#7247,#7248,#7249,#7250,#7251,#7252,#7253,#7254,#7255,#7256,
    #7257,#7258,#7259,#7260,#7261,#7262),.UNSPECIFIED.,.F.,.F.,(7,5,5,5,
    7),(0.,0.234418118602,0.457115075037,0.678362920424,1.),
  .UNSPECIFIED.);
#7241 = CARTESIAN_POINT('',(0.598787373801,1.570796326795));
#7242 = CARTESIAN_POINT('',(0.579155683516,1.516625302236));
#7243 = CARTESIAN_POINT('',(0.560163531296,1.461950327315));
#7244 = CARTESIAN_POINT('',(0.541819148772,1.406725129087));
#7245 = CARTESIAN_POINT('',(0.52412818318,1.350908471464));
#7246 = CARTESIAN_POINT('',(0.507094208437,1.294463094325));
#7247 = CARTESIAN_POINT('',(0.475163030525,1.183101695435));
#7248 = CARTESIAN_POINT('',(0.460201652541,1.128250582818));
#7249 = CARTESIAN_POINT('',(0.445837056508,1.07277301362));
#7250 = CARTESIAN_POINT('',(0.432070351044,1.01664467827));
#7251 = CARTESIAN_POINT('',(0.418901733368,0.959845841094));
#7252 = CARTESIAN_POINT('',(0.393840916395,0.845252057705));
#7253 = CARTESIAN_POINT('',(0.38194080362,0.787465167623));
#7254 = CARTESIAN_POINT('',(0.370629875773,0.728990124007));
#7255 = CARTESIAN_POINT('',(0.359906509762,0.66981892979));
#7256 = CARTESIAN_POINT('',(0.349767278392,0.609949783241));
#7257 = CARTESIAN_POINT('',(0.326307750892,0.461352104284));
#7258 = CARTESIAN_POINT('',(0.313627713498,0.371831007619));
#7259 = CARTESIAN_POINT('',(0.302156365861,0.280887302097));
#7260 = CARTESIAN_POINT('',(0.291857866278,0.188565025726));
#7261 = CARTESIAN_POINT('',(0.282677460414,9.490317291681E-02));
#7262 = CARTESIAN_POINT('',(0.274519914175,0.));
#7263 = ( GEOMETRIC_REPRESENTATION_CONTEXT(2) 
PARAMETRIC_REPRESENTATION_CONTEXT() REPRESENTATION_CONTEXT('2D SPACE',''
  ) );
#7264 = ADVANCED_FACE('',(#7265),#903,.T.);
#7265 = FACE_BOUND('',#7266,.F.);
#7266 = EDGE_LOOP('',(#7267,#7295,#7296,#7297,#7362));
#7267 = ORIENTED_EDGE('',*,*,#7268,.F.);
#7268 = EDGE_CURVE('',#6892,#7269,#7271,.T.);
#7269 = VERTEX_POINT('',#7270);
#7270 = CARTESIAN_POINT('',(24.,2.320450115788,1.5));
#7271 = SURFACE_CURVE('',#7272,(#7276,#7283),.PCURVE_S1.);
#7272 = LINE('',#7273,#7274);
#7273 = CARTESIAN_POINT('',(24.,5.99999999642,1.5));
#7274 = VECTOR('',#7275,1.);
#7275 = DIRECTION('',(-0.,-1.,-0.));
#7276 = PCURVE('',#903,#7277);
#7277 = DEFINITIONAL_REPRESENTATION('',(#7278),#7282);
#7278 = LINE('',#7279,#7280);
#7279 = CARTESIAN_POINT('',(-0.,0.));
#7280 = VECTOR('',#7281,1.);
#7281 = DIRECTION('',(-0.,1.));
#7282 = ( GEOMETRIC_REPRESENTATION_CONTEXT(2) 
PARAMETRIC_REPRESENTATION_CONTEXT() REPRESENTATION_CONTEXT('2D SPACE',''
  ) );
#7283 = PCURVE('',#7284,#7289);
#7284 = PLANE('',#7285);
#7285 = AXIS2_PLACEMENT_3D('',#7286,#7287,#7288);
#7286 = CARTESIAN_POINT('',(24.,-6.,0.));
#7287 = DIRECTION('',(-1.,0.,0.));
#7288 = DIRECTION('',(0.,1.,0.));
#7289 = DEFINITIONAL_REPRESENTATION('',(#7290),#7294);
#7290 = LINE('',#7291,#7292);
#7291 = CARTESIAN_POINT('',(11.99999999642,-1.5));
#7292 = VECTOR('',#7293,1.);
#7293 = DIRECTION('',(-1.,0.));
#7294 = ( GEOMETRIC_REPRESENTATION_CONTEXT(2) 
PARAMETRIC_REPRESENTATION_CONTEXT() REPRESENTATION_CONTEXT('2D SPACE',''
  ) );
#7295 = ORIENTED_EDGE('',*,*,#6915,.T.);
#7296 = ORIENTED_EDGE('',*,*,#887,.T.);
#7297 = ORIENTED_EDGE('',*,*,#7298,.F.);
#7298 = EDGE_CURVE('',#7299,#855,#7301,.T.);
#7299 = VERTEX_POINT('',#7300);
#7300 = CARTESIAN_POINT('',(23.914213562373,2.392083914399,1.));
#7301 = SURFACE_CURVE('',#7302,(#7320,#7341),.PCURVE_S1.);
#7302 = B_SPLINE_CURVE_WITH_KNOTS('',6,(#7303,#7304,#7305,#7306,#7307,
    #7308,#7309,#7310,#7311,#7312,#7313,#7314,#7315,#7316,#7317,#7318,
    #7319),.UNSPECIFIED.,.F.,.F.,(7,5,5,7),(0.,0.362200395081,
    0.556046265316,1.),.UNSPECIFIED.);
#7303 = CARTESIAN_POINT('',(23.914213562373,2.392083914399,1.));
#7304 = CARTESIAN_POINT('',(23.878272093595,2.421329257671,
    0.898342174805));
#7305 = CARTESIAN_POINT('',(23.832460973408,2.441862436547,
    0.796670054933));
#7306 = CARTESIAN_POINT('',(23.776512036942,2.453763150956,
    0.697440407411));
#7307 = CARTESIAN_POINT('',(23.710920748636,2.4574986433,0.602844368832)
  );
#7308 = CARTESIAN_POINT('',(23.636725722411,2.453666612159,
    0.514618909335));
#7309 = CARTESIAN_POINT('',(23.5117562263,2.437325155571,0.390897825463)
  );
#7310 = CARTESIAN_POINT('',(23.466110210992,2.429674814605,
    0.349938718376));
#7311 = CARTESIAN_POINT('',(23.418582016273,2.420182199576,
    0.311333826082));
#7312 = CARTESIAN_POINT('',(23.369381750232,2.408963983475,
    0.275219054556));
#7313 = CARTESIAN_POINT('',(23.318722526242,2.396138411688,
    0.241690965255));
#7314 = CARTESIAN_POINT('',(23.147921100243,2.349031985636,
    0.140097868119));
#7315 = CARTESIAN_POINT('',(23.022476231273,2.308423414012,
    8.329532072486E-02));
#7316 = CARTESIAN_POINT('',(22.892928983095,2.261385449599,
    4.114631319517E-02));
#7317 = CARTESIAN_POINT('',(22.761529288719,2.20922610967,
    1.353569591796E-02));
#7318 = CARTESIAN_POINT('',(22.63007964434,2.153101705013,
    1.971742486333E-07));
#7319 = CARTESIAN_POINT('',(22.5,2.094084260573,0.));
#7320 = PCURVE('',#903,#7321);
#7321 = DEFINITIONAL_REPRESENTATION('',(#7322),#7340);
#7322 = B_SPLINE_CURVE_WITH_KNOTS('',6,(#7323,#7324,#7325,#7326,#7327,
    #7328,#7329,#7330,#7331,#7332,#7333,#7334,#7335,#7336,#7337,#7338,
    #7339),.UNSPECIFIED.,.F.,.F.,(7,5,5,7),(0.,0.362200395081,
    0.556046265316,1.),.UNSPECIFIED.);
#7323 = CARTESIAN_POINT('',(-0.339836909454,3.607916082021));
#7324 = CARTESIAN_POINT('',(-0.41171984701,3.578670738749));
#7325 = CARTESIAN_POINT('',(-0.485805045496,3.558137559873));
#7326 = CARTESIAN_POINT('',(-0.561276271714,3.546236845463));
#7327 = CARTESIAN_POINT('',(-0.637521013817,3.54250135312));
#7328 = CARTESIAN_POINT('',(-0.7140526787,3.546333384261));
#7329 = CARTESIAN_POINT('',(-0.831288019508,3.562674840849));
#7330 = CARTESIAN_POINT('',(-0.872124561463,3.570325181815));
#7331 = CARTESIAN_POINT('',(-0.91287180595,3.579817796844));
#7332 = CARTESIAN_POINT('',(-0.953487544374,3.591036012945));
#7333 = CARTESIAN_POINT('',(-0.993940462486,3.603861584732));
#7334 = CARTESIAN_POINT('',(-1.12642825565,3.650968010784));
#7335 = CARTESIAN_POINT('',(-1.217662899766,3.691576582408));
#7336 = CARTESIAN_POINT('',(-1.307667838438,3.738614546821));
#7337 = CARTESIAN_POINT('',(-1.396444319173,3.79077388675));
#7338 = CARTESIAN_POINT('',(-1.484076370631,3.846898291407));
#7339 = CARTESIAN_POINT('',(-1.570796326795,3.905915735847));
#7340 = ( GEOMETRIC_REPRESENTATION_CONTEXT(2) 
PARAMETRIC_REPRESENTATION_CONTEXT() REPRESENTATION_CONTEXT('2D SPACE',''
  ) );
#7341 = PCURVE('',#875,#7342);
#7342 = DEFINITIONAL_REPRESENTATION('',(#7343),#7361);
#7343 = B_SPLINE_CURVE_WITH_KNOTS('',6,(#7344,#7345,#7346,#7347,#7348,
    #7349,#7350,#7351,#7352,#7353,#7354,#7355,#7356,#7357,#7358,#7359,
    #7360),.UNSPECIFIED.,.F.,.F.,(7,5,5,7),(0.,0.362200395081,
    0.556046265316,1.),.UNSPECIFIED.);
#7344 = CARTESIAN_POINT('',(0.997194371392,0.));
#7345 = CARTESIAN_POINT('',(0.986663328926,0.101657825195));
#7346 = CARTESIAN_POINT('',(0.975642107807,0.203329326165));
#7347 = CARTESIAN_POINT('',(0.963936273531,0.304453113969));
#7348 = CARTESIAN_POINT('',(0.951408957482,0.404715797649));
#7349 = CARTESIAN_POINT('',(0.937978327348,0.503857701087));
#7350 = CARTESIAN_POINT('',(0.915936205227,0.653927242068));
#7351 = CARTESIAN_POINT('',(0.907983754036,0.705863964825));
#7352 = CARTESIAN_POINT('',(0.899756637461,0.757396517313));
#7353 = CARTESIAN_POINT('',(0.891250630998,0.808512135789));
#7354 = CARTESIAN_POINT('',(0.882463275008,0.859206866576));
#7355 = CARTESIAN_POINT('',(0.852621344205,1.024626423403));
#7356 = CARTESIAN_POINT('',(0.830369964925,1.137559766739));
#7357 = CARTESIAN_POINT('',(0.806619573073,1.24835147348));
#7358 = CARTESIAN_POINT('',(0.781379729092,1.357259566685));
#7359 = CARTESIAN_POINT('',(0.754682896536,1.464586510278));
#7360 = CARTESIAN_POINT('',(0.726589937766,1.570796326795));
#7361 = ( GEOMETRIC_REPRESENTATION_CONTEXT(2) 
PARAMETRIC_REPRESENTATION_CONTEXT() REPRESENTATION_CONTEXT('2D SPACE',''
  ) );
#7362 = ORIENTED_EDGE('',*,*,#7363,.F.);
#7363 = EDGE_CURVE('',#7269,#7299,#7364,.T.);
#7364 = SURFACE_CURVE('',#7365,(#7373,#7384),.PCURVE_S1.);
#7365 = B_SPLINE_CURVE_WITH_KNOTS('',6,(#7366,#7367,#7368,#7369,#7370,
    #7371,#7372),.UNSPECIFIED.,.F.,.F.,(7,7),(0.,1.),
  .PIECEWISE_BEZIER_KNOTS.);
#7366 = CARTESIAN_POINT('',(24.,2.320450115788,1.5));
#7367 = CARTESIAN_POINT('',(24.,2.320450115788,1.414683249793));
#7368 = CARTESIAN_POINT('',(23.994176881007,2.32543942712,1.329472122698
    ));
#7369 = CARTESIAN_POINT('',(23.982557422301,2.335395196449,
    1.244874195208));
#7370 = CARTESIAN_POINT('',(23.96523080483,2.350108733508,1.161403599424
    ));
#7371 = CARTESIAN_POINT('',(23.942354168273,2.369186094987,
    1.079593223224));
#7372 = CARTESIAN_POINT('',(23.914212713843,2.392084604842,0.9999976));
#7373 = PCURVE('',#903,#7374);
#7374 = DEFINITIONAL_REPRESENTATION('',(#7375),#7383);
#7375 = B_SPLINE_CURVE_WITH_KNOTS('',6,(#7376,#7377,#7378,#7379,#7380,
    #7381,#7382),.UNSPECIFIED.,.F.,.F.,(7,7),(0.,1.),
  .PIECEWISE_BEZIER_KNOTS.);
#7376 = CARTESIAN_POINT('',(0.,3.679549880631));
#7377 = CARTESIAN_POINT('',(-5.687783347155E-02,3.679549880631));
#7378 = CARTESIAN_POINT('',(-0.113685203405,3.6745605693));
#7379 = CARTESIAN_POINT('',(-0.170415255917,3.664604799971));
#7380 = CARTESIAN_POINT('',(-0.227051273924,3.649891262911));
#7381 = CARTESIAN_POINT('',(-0.283555967807,3.630813901433));
#7382 = CARTESIAN_POINT('',(-0.339838606511,3.607915391578));
#7383 = ( GEOMETRIC_REPRESENTATION_CONTEXT(2) 
PARAMETRIC_REPRESENTATION_CONTEXT() REPRESENTATION_CONTEXT('2D SPACE',''
  ) );
#7384 = PCURVE('',#7385,#7390);
#7385 = CYLINDRICAL_SURFACE('',#7386,4.4);
#7386 = AXIS2_PLACEMENT_3D('',#7387,#7388,#7389);
#7387 = CARTESIAN_POINT('',(21.137152946955,-1.020823107232,0.));
#7388 = DIRECTION('',(0.,0.,-1.));
#7389 = DIRECTION('',(-0.951056516295,-0.309016994375,0.));
#7390 = DEFINITIONAL_REPRESENTATION('',(#7391),#7399);
#7391 = B_SPLINE_CURVE_WITH_KNOTS('',6,(#7392,#7393,#7394,#7395,#7396,
    #7397,#7398),.UNSPECIFIED.,.F.,.F.,(7,7),(0.,1.),
  .PIECEWISE_BEZIER_KNOTS.);
#7392 = CARTESIAN_POINT('',(2.593391804436,-1.5));
#7393 = CARTESIAN_POINT('',(2.593391804436,-1.414683249793));
#7394 = CARTESIAN_POINT('',(2.591649026816,-1.329472122698));
#7395 = CARTESIAN_POINT('',(2.588171441418,-1.244874195208));
#7396 = CARTESIAN_POINT('',(2.583005400076,-1.161403599424));
#7397 = CARTESIAN_POINT('',(2.576236044465,-1.079593223224));
#7398 = CARTESIAN_POINT('',(2.567990449563,-0.9999976));
#7399 = ( GEOMETRIC_REPRESENTATION_CONTEXT(2) 
PARAMETRIC_REPRESENTATION_CONTEXT() REPRESENTATION_CONTEXT('2D SPACE',''
  ) );
#7400 = ADVANCED_FACE('',(#7401),#753,.T.);
#7401 = FACE_BOUND('',#7402,.T.);
#7402 = EDGE_LOOP('',(#7403,#7425,#7447,#7448));
#7403 = ORIENTED_EDGE('',*,*,#7404,.F.);
#7404 = EDGE_CURVE('',#7405,#733,#7407,.T.);
#7405 = VERTEX_POINT('',#7406);
#7406 = CARTESIAN_POINT('',(24.222521805271,-11.16382557194,1.));
#7407 = SURFACE_CURVE('',#7408,(#7413,#7419),.PCURVE_S1.);
#7408 = CIRCLE('',#7409,1.);
#7409 = AXIS2_PLACEMENT_3D('',#7410,#7411,#7412);
#7410 = CARTESIAN_POINT('',(23.913504810896,-10.21276905565,1.));
#7411 = DIRECTION('',(0.951056516295,0.309016994375,0.));
#7412 = DIRECTION('',(0.309016994375,-0.951056516295,0.));
#7413 = PCURVE('',#753,#7414);
#7414 = DEFINITIONAL_REPRESENTATION('',(#7415),#7418);
#7415 = B_SPLINE_CURVE_WITH_KNOTS('',1,(#7416,#7417),.UNSPECIFIED.,.F.,
  .F.,(2,2),(0.,1.570796326795),.PIECEWISE_BEZIER_KNOTS.);
#7416 = CARTESIAN_POINT('',(0.,0.));
#7417 = CARTESIAN_POINT('',(0.,1.570796326795));
#7418 = ( GEOMETRIC_REPRESENTATION_CONTEXT(2) 
PARAMETRIC_REPRESENTATION_CONTEXT() REPRESENTATION_CONTEXT('2D SPACE',''
  ) );
#7419 = PCURVE('',#781,#7420);
#7420 = DEFINITIONAL_REPRESENTATION('',(#7421),#7424);
#7421 = B_SPLINE_CURVE_WITH_KNOTS('',1,(#7422,#7423),.UNSPECIFIED.,.F.,
  .F.,(2,2),(0.,1.570796326795),.PIECEWISE_BEZIER_KNOTS.);
#7422 = CARTESIAN_POINT('',(0.,0.199999977709));
#7423 = CARTESIAN_POINT('',(-1.570796326795,0.199999977709));
#7424 = ( GEOMETRIC_REPRESENTATION_CONTEXT(2) 
PARAMETRIC_REPRESENTATION_CONTEXT() REPRESENTATION_CONTEXT('2D SPACE',''
  ) );
#7425 = ORIENTED_EDGE('',*,*,#7426,.T.);
#7426 = EDGE_CURVE('',#7405,#6945,#7427,.T.);
#7427 = SURFACE_CURVE('',#7428,(#7433,#7440),.PCURVE_S1.);
#7428 = CIRCLE('',#7429,4.4);
#7429 = AXIS2_PLACEMENT_3D('',#7430,#7431,#7432);
#7430 = CARTESIAN_POINT('',(22.862847030021,-6.979176900249,1.));
#7431 = DIRECTION('',(-0.,0.,-1.));
#7432 = DIRECTION('',(0.309016994375,-0.951056516295,-0.));
#7433 = PCURVE('',#753,#7434);
#7434 = DEFINITIONAL_REPRESENTATION('',(#7435),#7439);
#7435 = LINE('',#7436,#7437);
#7436 = CARTESIAN_POINT('',(0.,0.));
#7437 = VECTOR('',#7438,1.);
#7438 = DIRECTION('',(1.,0.));
#7439 = ( GEOMETRIC_REPRESENTATION_CONTEXT(2) 
PARAMETRIC_REPRESENTATION_CONTEXT() REPRESENTATION_CONTEXT('2D SPACE',''
  ) );
#7440 = PCURVE('',#7014,#7441);
#7441 = DEFINITIONAL_REPRESENTATION('',(#7442),#7446);
#7442 = LINE('',#7443,#7444);
#7443 = CARTESIAN_POINT('',(4.712388980385,-1.));
#7444 = VECTOR('',#7445,1.);
#7445 = DIRECTION('',(1.,0.));
#7446 = ( GEOMETRIC_REPRESENTATION_CONTEXT(2) 
PARAMETRIC_REPRESENTATION_CONTEXT() REPRESENTATION_CONTEXT('2D SPACE',''
  ) );
#7447 = ORIENTED_EDGE('',*,*,#7187,.F.);
#7448 = ORIENTED_EDGE('',*,*,#732,.F.);
#7449 = ADVANCED_FACE('',(#7450),#875,.T.);
#7450 = FACE_BOUND('',#7451,.T.);
#7451 = EDGE_LOOP('',(#7452,#7453,#7477,#7497));
#7452 = ORIENTED_EDGE('',*,*,#7298,.F.);
#7453 = ORIENTED_EDGE('',*,*,#7454,.T.);
#7454 = EDGE_CURVE('',#7299,#7455,#7457,.T.);
#7455 = VERTEX_POINT('',#7456);
#7456 = CARTESIAN_POINT('',(25.321801618654,0.338851668018,1.));
#7457 = SURFACE_CURVE('',#7458,(#7463,#7470),.PCURVE_S1.);
#7458 = CIRCLE('',#7459,4.4);
#7459 = AXIS2_PLACEMENT_3D('',#7460,#7461,#7462);
#7460 = CARTESIAN_POINT('',(21.137152946955,-1.020823107232,1.));
#7461 = DIRECTION('',(0.,0.,-1.));
#7462 = DIRECTION('',(-0.309016994375,0.951056516295,0.));
#7463 = PCURVE('',#875,#7464);
#7464 = DEFINITIONAL_REPRESENTATION('',(#7465),#7469);
#7465 = LINE('',#7466,#7467);
#7466 = CARTESIAN_POINT('',(0.,0.));
#7467 = VECTOR('',#7468,1.);
#7468 = DIRECTION('',(1.,0.));
#7469 = ( GEOMETRIC_REPRESENTATION_CONTEXT(2) 
PARAMETRIC_REPRESENTATION_CONTEXT() REPRESENTATION_CONTEXT('2D SPACE',''
  ) );
#7470 = PCURVE('',#7385,#7471);
#7471 = DEFINITIONAL_REPRESENTATION('',(#7472),#7476);
#7472 = LINE('',#7473,#7474);
#7473 = CARTESIAN_POINT('',(1.570796326795,-1.));
#7474 = VECTOR('',#7475,1.);
#7475 = DIRECTION('',(1.,0.));
#7476 = ( GEOMETRIC_REPRESENTATION_CONTEXT(2) 
PARAMETRIC_REPRESENTATION_CONTEXT() REPRESENTATION_CONTEXT('2D SPACE',''
  ) );
#7477 = ORIENTED_EDGE('',*,*,#7478,.T.);
#7478 = EDGE_CURVE('',#7455,#827,#7479,.T.);
#7479 = SURFACE_CURVE('',#7480,(#7485,#7491),.PCURVE_S1.);
#7480 = CIRCLE('',#7481,1.);
#7481 = AXIS2_PLACEMENT_3D('',#7482,#7483,#7484);
#7482 = CARTESIAN_POINT('',(24.370745102359,2.983467364273E-02,1.));
#7483 = DIRECTION('',(-0.309016994375,0.951056516295,0.));
#7484 = DIRECTION('',(0.951056516295,0.309016994375,0.));
#7485 = PCURVE('',#875,#7486);
#7486 = DEFINITIONAL_REPRESENTATION('',(#7487),#7490);
#7487 = B_SPLINE_CURVE_WITH_KNOTS('',1,(#7488,#7489),.UNSPECIFIED.,.F.,
  .F.,(2,2),(0.,1.570796326795),.PIECEWISE_BEZIER_KNOTS.);
#7488 = CARTESIAN_POINT('',(1.570796326795,0.));
#7489 = CARTESIAN_POINT('',(1.570796326795,1.570796326795));
#7490 = ( GEOMETRIC_REPRESENTATION_CONTEXT(2) 
PARAMETRIC_REPRESENTATION_CONTEXT() REPRESENTATION_CONTEXT('2D SPACE',''
  ) );
#7491 = PCURVE('',#842,#7492);
#7492 = DEFINITIONAL_REPRESENTATION('',(#7493),#7496);
#7493 = B_SPLINE_CURVE_WITH_KNOTS('',1,(#7494,#7495),.UNSPECIFIED.,.F.,
  .F.,(2,2),(0.,1.570796326795),.PIECEWISE_BEZIER_KNOTS.);
#7494 = CARTESIAN_POINT('',(0.,4.440892098501E-15));
#7495 = CARTESIAN_POINT('',(-1.570796326795,4.440892098501E-15));
#7496 = ( GEOMETRIC_REPRESENTATION_CONTEXT(2) 
PARAMETRIC_REPRESENTATION_CONTEXT() REPRESENTATION_CONTEXT('2D SPACE',''
  ) );
#7497 = ORIENTED_EDGE('',*,*,#854,.F.);
#7498 = ADVANCED_FACE('',(#7499),#781,.T.);
#7499 = FACE_BOUND('',#7500,.F.);
#7500 = EDGE_LOOP('',(#7501,#7523,#7524,#7525));
#7501 = ORIENTED_EDGE('',*,*,#7502,.T.);
#7502 = EDGE_CURVE('',#7503,#766,#7505,.T.);
#7503 = VERTEX_POINT('',#7504);
#7504 = CARTESIAN_POINT('',(24.41273308733,-11.10202217996,1.));
#7505 = SURFACE_CURVE('',#7506,(#7511,#7517),.PCURVE_S1.);
#7506 = CIRCLE('',#7507,1.);
#7507 = AXIS2_PLACEMENT_3D('',#7508,#7509,#7510);
#7508 = CARTESIAN_POINT('',(24.103716092955,-10.15096566366,1.));
#7509 = DIRECTION('',(0.951056516295,0.309016994375,0.));
#7510 = DIRECTION('',(0.309016994375,-0.951056516295,0.));
#7511 = PCURVE('',#781,#7512);
#7512 = DEFINITIONAL_REPRESENTATION('',(#7513),#7516);
#7513 = B_SPLINE_CURVE_WITH_KNOTS('',1,(#7514,#7515),.UNSPECIFIED.,.F.,
  .F.,(2,2),(0.,1.570796326795),.PIECEWISE_BEZIER_KNOTS.);
#7514 = CARTESIAN_POINT('',(0.,-6.245004513517E-15));
#7515 = CARTESIAN_POINT('',(-1.570796326795,-6.245004513517E-15));
#7516 = ( GEOMETRIC_REPRESENTATION_CONTEXT(2) 
PARAMETRIC_REPRESENTATION_CONTEXT() REPRESENTATION_CONTEXT('2D SPACE',''
  ) );
#7517 = PCURVE('',#814,#7518);
#7518 = DEFINITIONAL_REPRESENTATION('',(#7519),#7522);
#7519 = B_SPLINE_CURVE_WITH_KNOTS('',1,(#7520,#7521),.UNSPECIFIED.,.F.,
  .F.,(2,2),(0.,1.570796326795),.PIECEWISE_BEZIER_KNOTS.);
#7520 = CARTESIAN_POINT('',(1.570796326795,0.));
#7521 = CARTESIAN_POINT('',(1.570796326795,1.570796326795));
#7522 = ( GEOMETRIC_REPRESENTATION_CONTEXT(2) 
PARAMETRIC_REPRESENTATION_CONTEXT() REPRESENTATION_CONTEXT('2D SPACE',''
  ) );
#7523 = ORIENTED_EDGE('',*,*,#765,.T.);
#7524 = ORIENTED_EDGE('',*,*,#7404,.F.);
#7525 = ORIENTED_EDGE('',*,*,#7526,.F.);
#7526 = EDGE_CURVE('',#7503,#7405,#7527,.T.);
#7527 = SURFACE_CURVE('',#7528,(#7532,#7539),.PCURVE_S1.);
#7528 = LINE('',#7529,#7530);
#7529 = CARTESIAN_POINT('',(24.41273308733,-11.10202217996,1.));
#7530 = VECTOR('',#7531,1.);
#7531 = DIRECTION('',(-0.951056516295,-0.309016994375,-0.));
#7532 = PCURVE('',#781,#7533);
#7533 = DEFINITIONAL_REPRESENTATION('',(#7534),#7538);
#7534 = LINE('',#7535,#7536);
#7535 = CARTESIAN_POINT('',(-0.,0.));
#7536 = VECTOR('',#7537,1.);
#7537 = DIRECTION('',(-0.,1.));
#7538 = ( GEOMETRIC_REPRESENTATION_CONTEXT(2) 
PARAMETRIC_REPRESENTATION_CONTEXT() REPRESENTATION_CONTEXT('2D SPACE',''
  ) );
#7539 = PCURVE('',#7540,#7545);
#7540 = PLANE('',#7541);
#7541 = AXIS2_PLACEMENT_3D('',#7542,#7543,#7544);
#7542 = CARTESIAN_POINT('',(24.222521805271,-11.16382557194,0.));
#7543 = DIRECTION('',(-0.309016994375,0.951056516295,0.));
#7544 = DIRECTION('',(0.951056516295,0.309016994375,0.));
#7545 = DEFINITIONAL_REPRESENTATION('',(#7546),#7550);
#7546 = LINE('',#7547,#7548);
#7547 = CARTESIAN_POINT('',(0.199999977709,-1.));
#7548 = VECTOR('',#7549,1.);
#7549 = DIRECTION('',(-1.,0.));
#7550 = ( GEOMETRIC_REPRESENTATION_CONTEXT(2) 
PARAMETRIC_REPRESENTATION_CONTEXT() REPRESENTATION_CONTEXT('2D SPACE',''
  ) );
#7551 = ADVANCED_FACE('',(#7552),#842,.T.);
#7552 = FACE_BOUND('',#7553,.F.);
#7553 = EDGE_LOOP('',(#7554,#7555,#7556,#7578));
#7554 = ORIENTED_EDGE('',*,*,#7478,.T.);
#7555 = ORIENTED_EDGE('',*,*,#826,.T.);
#7556 = ORIENTED_EDGE('',*,*,#7557,.F.);
#7557 = EDGE_CURVE('',#7558,#794,#7560,.T.);
#7558 = VERTEX_POINT('',#7559);
#7559 = CARTESIAN_POINT('',(27.237707006802,-5.557698725531,1.));
#7560 = SURFACE_CURVE('',#7561,(#7566,#7572),.PCURVE_S1.);
#7561 = CIRCLE('',#7562,1.);
#7562 = AXIS2_PLACEMENT_3D('',#7563,#7564,#7565);
#7563 = CARTESIAN_POINT('',(26.286650490507,-5.866715719906,1.));
#7564 = DIRECTION('',(-0.309016994375,0.951056516295,0.));
#7565 = DIRECTION('',(0.951056516295,0.309016994375,0.));
#7566 = PCURVE('',#842,#7567);
#7567 = DEFINITIONAL_REPRESENTATION('',(#7568),#7571);
#7568 = B_SPLINE_CURVE_WITH_KNOTS('',1,(#7569,#7570),.UNSPECIFIED.,.F.,
  .F.,(2,2),(0.,1.570796326795),.PIECEWISE_BEZIER_KNOTS.);
#7569 = CARTESIAN_POINT('',(0.,6.2));
#7570 = CARTESIAN_POINT('',(-1.570796326795,6.2));
#7571 = ( GEOMETRIC_REPRESENTATION_CONTEXT(2) 
PARAMETRIC_REPRESENTATION_CONTEXT() REPRESENTATION_CONTEXT('2D SPACE',''
  ) );
#7572 = PCURVE('',#814,#7573);
#7573 = DEFINITIONAL_REPRESENTATION('',(#7574),#7577);
#7574 = B_SPLINE_CURVE_WITH_KNOTS('',1,(#7575,#7576),.UNSPECIFIED.,.F.,
  .F.,(2,2),(0.,1.570796326795),.PIECEWISE_BEZIER_KNOTS.);
#7575 = CARTESIAN_POINT('',(0.,0.));
#7576 = CARTESIAN_POINT('',(0.,1.570796326795));
#7577 = ( GEOMETRIC_REPRESENTATION_CONTEXT(2) 
PARAMETRIC_REPRESENTATION_CONTEXT() REPRESENTATION_CONTEXT('2D SPACE',''
  ) );
#7578 = ORIENTED_EDGE('',*,*,#7579,.F.);
#7579 = EDGE_CURVE('',#7455,#7558,#7580,.T.);
#7580 = SURFACE_CURVE('',#7581,(#7585,#7592),.PCURVE_S1.);
#7581 = LINE('',#7582,#7583);
#7582 = CARTESIAN_POINT('',(25.321801641678,0.338851675498,1.));
#7583 = VECTOR('',#7584,1.);
#7584 = DIRECTION('',(0.309016994375,-0.951056516295,-0.));
#7585 = PCURVE('',#842,#7586);
#7586 = DEFINITIONAL_REPRESENTATION('',(#7587),#7591);
#7587 = LINE('',#7588,#7589);
#7588 = CARTESIAN_POINT('',(-0.,0.));
#7589 = VECTOR('',#7590,1.);
#7590 = DIRECTION('',(-0.,1.));
#7591 = ( GEOMETRIC_REPRESENTATION_CONTEXT(2) 
PARAMETRIC_REPRESENTATION_CONTEXT() REPRESENTATION_CONTEXT('2D SPACE',''
  ) );
#7592 = PCURVE('',#7593,#7598);
#7593 = PLANE('',#7594);
#7594 = AXIS2_PLACEMENT_3D('',#7595,#7596,#7597);
#7595 = CARTESIAN_POINT('',(27.237707006802,-5.557698725531,0.));
#7596 = DIRECTION('',(-0.951056516295,-0.309016994375,0.));
#7597 = DIRECTION('',(-0.309016994375,0.951056516295,0.));
#7598 = DEFINITIONAL_REPRESENTATION('',(#7599),#7603);
#7599 = LINE('',#7600,#7601);
#7600 = CARTESIAN_POINT('',(6.2,-1.));
#7601 = VECTOR('',#7602,1.);
#7602 = DIRECTION('',(-1.,0.));
#7603 = ( GEOMETRIC_REPRESENTATION_CONTEXT(2) 
PARAMETRIC_REPRESENTATION_CONTEXT() REPRESENTATION_CONTEXT('2D SPACE',''
  ) );
#7604 = ADVANCED_FACE('',(#7605),#814,.T.);
#7605 = FACE_BOUND('',#7606,.T.);
#7606 = EDGE_LOOP('',(#7607,#7608,#7635,#7636));
#7607 = ORIENTED_EDGE('',*,*,#7557,.F.);
#7608 = ORIENTED_EDGE('',*,*,#7609,.T.);
#7609 = EDGE_CURVE('',#7558,#7503,#7610,.T.);
#7610 = SURFACE_CURVE('',#7611,(#7616,#7623),.PCURVE_S1.);
#7611 = CIRCLE('',#7612,4.4);
#7612 = AXIS2_PLACEMENT_3D('',#7613,#7614,#7615);
#7613 = CARTESIAN_POINT('',(23.05305831208,-6.917373508262,1.));
#7614 = DIRECTION('',(0.,0.,-1.));
#7615 = DIRECTION('',(0.951056516295,0.309016994375,0.));
#7616 = PCURVE('',#814,#7617);
#7617 = DEFINITIONAL_REPRESENTATION('',(#7618),#7622);
#7618 = LINE('',#7619,#7620);
#7619 = CARTESIAN_POINT('',(0.,0.));
#7620 = VECTOR('',#7621,1.);
#7621 = DIRECTION('',(1.,0.));
#7622 = ( GEOMETRIC_REPRESENTATION_CONTEXT(2) 
PARAMETRIC_REPRESENTATION_CONTEXT() REPRESENTATION_CONTEXT('2D SPACE',''
  ) );
#7623 = PCURVE('',#7624,#7629);
#7624 = CYLINDRICAL_SURFACE('',#7625,4.4);
#7625 = AXIS2_PLACEMENT_3D('',#7626,#7627,#7628);
#7626 = CARTESIAN_POINT('',(23.05305831208,-6.917373508262,0.));
#7627 = DIRECTION('',(0.,0.,-1.));
#7628 = DIRECTION('',(-0.951056516295,-0.309016994375,0.));
#7629 = DEFINITIONAL_REPRESENTATION('',(#7630),#7634);
#7630 = LINE('',#7631,#7632);
#7631 = CARTESIAN_POINT('',(3.14159265359,-1.));
#7632 = VECTOR('',#7633,1.);
#7633 = DIRECTION('',(1.,0.));
#7634 = ( GEOMETRIC_REPRESENTATION_CONTEXT(2) 
PARAMETRIC_REPRESENTATION_CONTEXT() REPRESENTATION_CONTEXT('2D SPACE',''
  ) );
#7635 = ORIENTED_EDGE('',*,*,#7502,.T.);
#7636 = ORIENTED_EDGE('',*,*,#793,.F.);
#7637 = ADVANCED_FACE('',(#7638),#1580,.F.);
#7638 = FACE_BOUND('',#7639,.F.);
#7639 = EDGE_LOOP('',(#7640,#7641,#7664,#7692));
#7640 = ORIENTED_EDGE('',*,*,#1563,.T.);
#7641 = ORIENTED_EDGE('',*,*,#7642,.T.);
#7642 = EDGE_CURVE('',#1566,#7643,#7645,.T.);
#7643 = VERTEX_POINT('',#7644);
#7644 = CARTESIAN_POINT('',(-12.4,-26.11,0.5));
#7645 = SURFACE_CURVE('',#7646,(#7650,#7657),.PCURVE_S1.);
#7646 = LINE('',#7647,#7648);
#7647 = CARTESIAN_POINT('',(-12.4,-26.11,-1.));
#7648 = VECTOR('',#7649,1.);
#7649 = DIRECTION('',(0.,0.,1.));
#7650 = PCURVE('',#1580,#7651);
#7651 = DEFINITIONAL_REPRESENTATION('',(#7652),#7656);
#7652 = LINE('',#7653,#7654);
#7653 = CARTESIAN_POINT('',(0.,0.));
#7654 = VECTOR('',#7655,1.);
#7655 = DIRECTION('',(0.,-1.));
#7656 = ( GEOMETRIC_REPRESENTATION_CONTEXT(2) 
PARAMETRIC_REPRESENTATION_CONTEXT() REPRESENTATION_CONTEXT('2D SPACE',''
  ) );
#7657 = PCURVE('',#1787,#7658);
#7658 = DEFINITIONAL_REPRESENTATION('',(#7659),#7663);
#7659 = LINE('',#7660,#7661);
#7660 = CARTESIAN_POINT('',(-3.14159265359,0.));
#7661 = VECTOR('',#7662,1.);
#7662 = DIRECTION('',(-0.,-1.));
#7663 = ( GEOMETRIC_REPRESENTATION_CONTEXT(2) 
PARAMETRIC_REPRESENTATION_CONTEXT() REPRESENTATION_CONTEXT('2D SPACE',''
  ) );
#7664 = ORIENTED_EDGE('',*,*,#7665,.T.);
#7665 = EDGE_CURVE('',#7643,#7666,#7668,.T.);
#7666 = VERTEX_POINT('',#7667);
#7667 = CARTESIAN_POINT('',(-12.4,-23.89,0.5));
#7668 = SURFACE_CURVE('',#7669,(#7673,#7680),.PCURVE_S1.);
#7669 = LINE('',#7670,#7671);
#7670 = CARTESIAN_POINT('',(-12.3999999999,-25.,0.5));
#7671 = VECTOR('',#7672,1.);
#7672 = DIRECTION('',(0.,1.,0.));
#7673 = PCURVE('',#1580,#7674);
#7674 = DEFINITIONAL_REPRESENTATION('',(#7675),#7679);
#7675 = LINE('',#7676,#7677);
#7676 = CARTESIAN_POINT('',(1.11,-1.5));
#7677 = VECTOR('',#7678,1.);
#7678 = DIRECTION('',(1.,0.));
#7679 = ( GEOMETRIC_REPRESENTATION_CONTEXT(2) 
PARAMETRIC_REPRESENTATION_CONTEXT() REPRESENTATION_CONTEXT('2D SPACE',''
  ) );
#7680 = PCURVE('',#7681,#7686);
#7681 = PLANE('',#7682);
#7682 = AXIS2_PLACEMENT_3D('',#7683,#7684,#7685);
#7683 = CARTESIAN_POINT('',(-12.00000000015,-25.,0.5));
#7684 = DIRECTION('',(0.,0.,1.));
#7685 = DIRECTION('',(1.,0.,0.));
#7686 = DEFINITIONAL_REPRESENTATION('',(#7687),#7691);
#7687 = LINE('',#7688,#7689);
#7688 = CARTESIAN_POINT('',(-0.39999999975,5.830541821236E-17));
#7689 = VECTOR('',#7690,1.);
#7690 = DIRECTION('',(0.,1.));
#7691 = ( GEOMETRIC_REPRESENTATION_CONTEXT(2) 
PARAMETRIC_REPRESENTATION_CONTEXT() REPRESENTATION_CONTEXT('2D SPACE',''
  ) );
#7692 = ORIENTED_EDGE('',*,*,#7693,.F.);
#7693 = EDGE_CURVE('',#1564,#7666,#7694,.T.);
#7694 = SURFACE_CURVE('',#7695,(#7699,#7706),.PCURVE_S1.);
#7695 = LINE('',#7696,#7697);
#7696 = CARTESIAN_POINT('',(-12.4,-23.89,-1.));
#7697 = VECTOR('',#7698,1.);
#7698 = DIRECTION('',(0.,0.,1.));
#7699 = PCURVE('',#1580,#7700);
#7700 = DEFINITIONAL_REPRESENTATION('',(#7701),#7705);
#7701 = LINE('',#7702,#7703);
#7702 = CARTESIAN_POINT('',(2.22,0.));
#7703 = VECTOR('',#7704,1.);
#7704 = DIRECTION('',(0.,-1.));
#7705 = ( GEOMETRIC_REPRESENTATION_CONTEXT(2) 
PARAMETRIC_REPRESENTATION_CONTEXT() REPRESENTATION_CONTEXT('2D SPACE',''
  ) );
#7706 = PCURVE('',#1612,#7707);
#7707 = DEFINITIONAL_REPRESENTATION('',(#7708),#7712);
#7708 = LINE('',#7709,#7710);
#7709 = CARTESIAN_POINT('',(-3.14159265359,0.));
#7710 = VECTOR('',#7711,1.);
#7711 = DIRECTION('',(-0.,-1.));
#7712 = ( GEOMETRIC_REPRESENTATION_CONTEXT(2) 
PARAMETRIC_REPRESENTATION_CONTEXT() REPRESENTATION_CONTEXT('2D SPACE',''
  ) );
#7713 = ADVANCED_FACE('',(#7714),#1612,.F.);
#7714 = FACE_BOUND('',#7715,.T.);
#7715 = EDGE_LOOP('',(#7716,#7717,#7740,#7762));
#7716 = ORIENTED_EDGE('',*,*,#1591,.T.);
#7717 = ORIENTED_EDGE('',*,*,#7718,.T.);
#7718 = EDGE_CURVE('',#1592,#7719,#7721,.T.);
#7719 = VERTEX_POINT('',#7720);
#7720 = CARTESIAN_POINT('',(-12.01000000009,-23.5,0.5));
#7721 = SURFACE_CURVE('',#7722,(#7726,#7733),.PCURVE_S1.);
#7722 = LINE('',#7723,#7724);
#7723 = CARTESIAN_POINT('',(-12.01000000009,-23.5,-1.));
#7724 = VECTOR('',#7725,1.);
#7725 = DIRECTION('',(0.,0.,1.));
#7726 = PCURVE('',#1612,#7727);
#7727 = DEFINITIONAL_REPRESENTATION('',(#7728),#7732);
#7728 = LINE('',#7729,#7730);
#7729 = CARTESIAN_POINT('',(-1.570796326795,0.));
#7730 = VECTOR('',#7731,1.);
#7731 = DIRECTION('',(-0.,-1.));
#7732 = ( GEOMETRIC_REPRESENTATION_CONTEXT(2) 
PARAMETRIC_REPRESENTATION_CONTEXT() REPRESENTATION_CONTEXT('2D SPACE',''
  ) );
#7733 = PCURVE('',#1639,#7734);
#7734 = DEFINITIONAL_REPRESENTATION('',(#7735),#7739);
#7735 = LINE('',#7736,#7737);
#7736 = CARTESIAN_POINT('',(6.938893903907E-18,0.));
#7737 = VECTOR('',#7738,1.);
#7738 = DIRECTION('',(0.,-1.));
#7739 = ( GEOMETRIC_REPRESENTATION_CONTEXT(2) 
PARAMETRIC_REPRESENTATION_CONTEXT() REPRESENTATION_CONTEXT('2D SPACE',''
  ) );
#7740 = ORIENTED_EDGE('',*,*,#7741,.T.);
#7741 = EDGE_CURVE('',#7719,#7666,#7742,.T.);
#7742 = SURFACE_CURVE('',#7743,(#7748,#7755),.PCURVE_S1.);
#7743 = CIRCLE('',#7744,0.39);
#7744 = AXIS2_PLACEMENT_3D('',#7745,#7746,#7747);
#7745 = CARTESIAN_POINT('',(-12.01000000009,-23.89,0.5));
#7746 = DIRECTION('',(0.,0.,1.));
#7747 = DIRECTION('',(1.,0.,0.));
#7748 = PCURVE('',#1612,#7749);
#7749 = DEFINITIONAL_REPRESENTATION('',(#7750),#7754);
#7750 = LINE('',#7751,#7752);
#7751 = CARTESIAN_POINT('',(-0.,-1.5));
#7752 = VECTOR('',#7753,1.);
#7753 = DIRECTION('',(-1.,0.));
#7754 = ( GEOMETRIC_REPRESENTATION_CONTEXT(2) 
PARAMETRIC_REPRESENTATION_CONTEXT() REPRESENTATION_CONTEXT('2D SPACE',''
  ) );
#7755 = PCURVE('',#7681,#7756);
#7756 = DEFINITIONAL_REPRESENTATION('',(#7757),#7761);
#7757 = CIRCLE('',#7758,0.39);
#7758 = AXIS2_PLACEMENT_2D('',#7759,#7760);
#7759 = CARTESIAN_POINT('',(-9.999999942065E-03,1.11));
#7760 = DIRECTION('',(1.,0.));
#7761 = ( GEOMETRIC_REPRESENTATION_CONTEXT(2) 
PARAMETRIC_REPRESENTATION_CONTEXT() REPRESENTATION_CONTEXT('2D SPACE',''
  ) );
#7762 = ORIENTED_EDGE('',*,*,#7693,.F.);
#7763 = ADVANCED_FACE('',(#7764),#1787,.F.);
#7764 = FACE_BOUND('',#7765,.T.);
#7765 = EDGE_LOOP('',(#7766,#7767,#7768,#7792));
#7766 = ORIENTED_EDGE('',*,*,#1768,.T.);
#7767 = ORIENTED_EDGE('',*,*,#7642,.T.);
#7768 = ORIENTED_EDGE('',*,*,#7769,.T.);
#7769 = EDGE_CURVE('',#7643,#7770,#7772,.T.);
#7770 = VERTEX_POINT('',#7771);
#7771 = CARTESIAN_POINT('',(-12.01000000009,-26.5,0.5));
#7772 = SURFACE_CURVE('',#7773,(#7778,#7785),.PCURVE_S1.);
#7773 = CIRCLE('',#7774,0.39);
#7774 = AXIS2_PLACEMENT_3D('',#7775,#7776,#7777);
#7775 = CARTESIAN_POINT('',(-12.01000000009,-26.11,0.5));
#7776 = DIRECTION('',(0.,0.,1.));
#7777 = DIRECTION('',(1.,0.,0.));
#7778 = PCURVE('',#1787,#7779);
#7779 = DEFINITIONAL_REPRESENTATION('',(#7780),#7784);
#7780 = LINE('',#7781,#7782);
#7781 = CARTESIAN_POINT('',(-0.,-1.5));
#7782 = VECTOR('',#7783,1.);
#7783 = DIRECTION('',(-1.,0.));
#7784 = ( GEOMETRIC_REPRESENTATION_CONTEXT(2) 
PARAMETRIC_REPRESENTATION_CONTEXT() REPRESENTATION_CONTEXT('2D SPACE',''
  ) );
#7785 = PCURVE('',#7681,#7786);
#7786 = DEFINITIONAL_REPRESENTATION('',(#7787),#7791);
#7787 = CIRCLE('',#7788,0.39);
#7788 = AXIS2_PLACEMENT_2D('',#7789,#7790);
#7789 = CARTESIAN_POINT('',(-9.999999942065E-03,-1.11));
#7790 = DIRECTION('',(1.,0.));
#7791 = ( GEOMETRIC_REPRESENTATION_CONTEXT(2) 
PARAMETRIC_REPRESENTATION_CONTEXT() REPRESENTATION_CONTEXT('2D SPACE',''
  ) );
#7792 = ORIENTED_EDGE('',*,*,#7793,.F.);
#7793 = EDGE_CURVE('',#1743,#7770,#7794,.T.);
#7794 = SURFACE_CURVE('',#7795,(#7799,#7806),.PCURVE_S1.);
#7795 = LINE('',#7796,#7797);
#7796 = CARTESIAN_POINT('',(-12.01000000009,-26.5,-1.));
#7797 = VECTOR('',#7798,1.);
#7798 = DIRECTION('',(0.,0.,1.));
#7799 = PCURVE('',#1787,#7800);
#7800 = DEFINITIONAL_REPRESENTATION('',(#7801),#7805);
#7801 = LINE('',#7802,#7803);
#7802 = CARTESIAN_POINT('',(-4.712388980385,0.));
#7803 = VECTOR('',#7804,1.);
#7804 = DIRECTION('',(-0.,-1.));
#7805 = ( GEOMETRIC_REPRESENTATION_CONTEXT(2) 
PARAMETRIC_REPRESENTATION_CONTEXT() REPRESENTATION_CONTEXT('2D SPACE',''
  ) );
#7806 = PCURVE('',#1757,#7807);
#7807 = DEFINITIONAL_REPRESENTATION('',(#7808),#7812);
#7808 = LINE('',#7809,#7810);
#7809 = CARTESIAN_POINT('',(6.938893903907E-18,0.));
#7810 = VECTOR('',#7811,1.);
#7811 = DIRECTION('',(0.,-1.));
#7812 = ( GEOMETRIC_REPRESENTATION_CONTEXT(2) 
PARAMETRIC_REPRESENTATION_CONTEXT() REPRESENTATION_CONTEXT('2D SPACE',''
  ) );
#7813 = ADVANCED_FACE('',(#7814),#1639,.F.);
#7814 = FACE_BOUND('',#7815,.F.);
#7815 = EDGE_LOOP('',(#7816,#7817,#7818,#7841));
#7816 = ORIENTED_EDGE('',*,*,#1624,.T.);
#7817 = ORIENTED_EDGE('',*,*,#7718,.T.);
#7818 = ORIENTED_EDGE('',*,*,#7819,.T.);
#7819 = EDGE_CURVE('',#7719,#7820,#7822,.T.);
#7820 = VERTEX_POINT('',#7821);
#7821 = CARTESIAN_POINT('',(-11.99000000111,-23.5,0.5));
#7822 = SURFACE_CURVE('',#7823,(#7827,#7834),.PCURVE_S1.);
#7823 = LINE('',#7824,#7825);
#7824 = CARTESIAN_POINT('',(-11.9999999999,-23.5,0.5));
#7825 = VECTOR('',#7826,1.);
#7826 = DIRECTION('',(1.,0.,0.));
#7827 = PCURVE('',#1639,#7828);
#7828 = DEFINITIONAL_REPRESENTATION('',(#7829),#7833);
#7829 = LINE('',#7830,#7831);
#7830 = CARTESIAN_POINT('',(1.000000019228E-02,-1.5));
#7831 = VECTOR('',#7832,1.);
#7832 = DIRECTION('',(1.,0.));
#7833 = ( GEOMETRIC_REPRESENTATION_CONTEXT(2) 
PARAMETRIC_REPRESENTATION_CONTEXT() REPRESENTATION_CONTEXT('2D SPACE',''
  ) );
#7834 = PCURVE('',#7681,#7835);
#7835 = DEFINITIONAL_REPRESENTATION('',(#7836),#7840);
#7836 = LINE('',#7837,#7838);
#7837 = CARTESIAN_POINT('',(2.502190905304E-10,1.5));
#7838 = VECTOR('',#7839,1.);
#7839 = DIRECTION('',(1.,0.));
#7840 = ( GEOMETRIC_REPRESENTATION_CONTEXT(2) 
PARAMETRIC_REPRESENTATION_CONTEXT() REPRESENTATION_CONTEXT('2D SPACE',''
  ) );
#7841 = ORIENTED_EDGE('',*,*,#7842,.F.);
#7842 = EDGE_CURVE('',#1625,#7820,#7843,.T.);
#7843 = SURFACE_CURVE('',#7844,(#7848,#7855),.PCURVE_S1.);
#7844 = LINE('',#7845,#7846);
#7845 = CARTESIAN_POINT('',(-11.99000000111,-23.5,-1.));
#7846 = VECTOR('',#7847,1.);
#7847 = DIRECTION('',(0.,0.,1.));
#7848 = PCURVE('',#1639,#7849);
#7849 = DEFINITIONAL_REPRESENTATION('',(#7850),#7854);
#7850 = LINE('',#7851,#7852);
#7851 = CARTESIAN_POINT('',(1.999999898183E-02,0.));
#7852 = VECTOR('',#7853,1.);
#7853 = DIRECTION('',(0.,-1.));
#7854 = ( GEOMETRIC_REPRESENTATION_CONTEXT(2) 
PARAMETRIC_REPRESENTATION_CONTEXT() REPRESENTATION_CONTEXT('2D SPACE',''
  ) );
#7855 = PCURVE('',#1671,#7856);
#7856 = DEFINITIONAL_REPRESENTATION('',(#7857),#7861);
#7857 = LINE('',#7858,#7859);
#7858 = CARTESIAN_POINT('',(-1.570796326795,0.));
#7859 = VECTOR('',#7860,1.);
#7860 = DIRECTION('',(-0.,-1.));
#7861 = ( GEOMETRIC_REPRESENTATION_CONTEXT(2) 
PARAMETRIC_REPRESENTATION_CONTEXT() REPRESENTATION_CONTEXT('2D SPACE',''
  ) );
#7862 = ADVANCED_FACE('',(#7863),#1757,.T.);
#7863 = FACE_BOUND('',#7864,.T.);
#7864 = EDGE_LOOP('',(#7865,#7866,#7867,#7890));
#7865 = ORIENTED_EDGE('',*,*,#1742,.T.);
#7866 = ORIENTED_EDGE('',*,*,#7793,.T.);
#7867 = ORIENTED_EDGE('',*,*,#7868,.T.);
#7868 = EDGE_CURVE('',#7770,#7869,#7871,.T.);
#7869 = VERTEX_POINT('',#7870);
#7870 = CARTESIAN_POINT('',(-11.99000000111,-26.5,0.5));
#7871 = SURFACE_CURVE('',#7872,(#7876,#7883),.PCURVE_S1.);
#7872 = LINE('',#7873,#7874);
#7873 = CARTESIAN_POINT('',(-11.9999999999,-26.5,0.5));
#7874 = VECTOR('',#7875,1.);
#7875 = DIRECTION('',(1.,0.,0.));
#7876 = PCURVE('',#1757,#7877);
#7877 = DEFINITIONAL_REPRESENTATION('',(#7878),#7882);
#7878 = LINE('',#7879,#7880);
#7879 = CARTESIAN_POINT('',(1.000000019228E-02,-1.5));
#7880 = VECTOR('',#7881,1.);
#7881 = DIRECTION('',(1.,0.));
#7882 = ( GEOMETRIC_REPRESENTATION_CONTEXT(2) 
PARAMETRIC_REPRESENTATION_CONTEXT() REPRESENTATION_CONTEXT('2D SPACE',''
  ) );
#7883 = PCURVE('',#7681,#7884);
#7884 = DEFINITIONAL_REPRESENTATION('',(#7885),#7889);
#7885 = LINE('',#7886,#7887);
#7886 = CARTESIAN_POINT('',(2.502190905304E-10,-1.5));
#7887 = VECTOR('',#7888,1.);
#7888 = DIRECTION('',(1.,0.));
#7889 = ( GEOMETRIC_REPRESENTATION_CONTEXT(2) 
PARAMETRIC_REPRESENTATION_CONTEXT() REPRESENTATION_CONTEXT('2D SPACE',''
  ) );
#7890 = ORIENTED_EDGE('',*,*,#7891,.F.);
#7891 = EDGE_CURVE('',#1710,#7869,#7892,.T.);
#7892 = SURFACE_CURVE('',#7893,(#7897,#7904),.PCURVE_S1.);
#7893 = LINE('',#7894,#7895);
#7894 = CARTESIAN_POINT('',(-11.99000000111,-26.5,-1.));
#7895 = VECTOR('',#7896,1.);
#7896 = DIRECTION('',(0.,0.,1.));
#7897 = PCURVE('',#1757,#7898);
#7898 = DEFINITIONAL_REPRESENTATION('',(#7899),#7903);
#7899 = LINE('',#7900,#7901);
#7900 = CARTESIAN_POINT('',(1.999999898183E-02,0.));
#7901 = VECTOR('',#7902,1.);
#7902 = DIRECTION('',(0.,-1.));
#7903 = ( GEOMETRIC_REPRESENTATION_CONTEXT(2) 
PARAMETRIC_REPRESENTATION_CONTEXT() REPRESENTATION_CONTEXT('2D SPACE',''
  ) );
#7904 = PCURVE('',#1730,#7905);
#7905 = DEFINITIONAL_REPRESENTATION('',(#7906),#7910);
#7906 = LINE('',#7907,#7908);
#7907 = CARTESIAN_POINT('',(-4.712388980385,0.));
#7908 = VECTOR('',#7909,1.);
#7909 = DIRECTION('',(-0.,-1.));
#7910 = ( GEOMETRIC_REPRESENTATION_CONTEXT(2) 
PARAMETRIC_REPRESENTATION_CONTEXT() REPRESENTATION_CONTEXT('2D SPACE',''
  ) );
#7911 = ADVANCED_FACE('',(#7912),#1671,.F.);
#7912 = FACE_BOUND('',#7913,.T.);
#7913 = EDGE_LOOP('',(#7914,#7915,#7938,#7960));
#7914 = ORIENTED_EDGE('',*,*,#1650,.T.);
#7915 = ORIENTED_EDGE('',*,*,#7916,.T.);
#7916 = EDGE_CURVE('',#1651,#7917,#7919,.T.);
#7917 = VERTEX_POINT('',#7918);
#7918 = CARTESIAN_POINT('',(-11.6000000005,-23.89,0.5));
#7919 = SURFACE_CURVE('',#7920,(#7924,#7931),.PCURVE_S1.);
#7920 = LINE('',#7921,#7922);
#7921 = CARTESIAN_POINT('',(-11.6000000005,-23.89,-1.));
#7922 = VECTOR('',#7923,1.);
#7923 = DIRECTION('',(0.,0.,1.));
#7924 = PCURVE('',#1671,#7925);
#7925 = DEFINITIONAL_REPRESENTATION('',(#7926),#7930);
#7926 = LINE('',#7927,#7928);
#7927 = CARTESIAN_POINT('',(-0.,0.));
#7928 = VECTOR('',#7929,1.);
#7929 = DIRECTION('',(-0.,-1.));
#7930 = ( GEOMETRIC_REPRESENTATION_CONTEXT(2) 
PARAMETRIC_REPRESENTATION_CONTEXT() REPRESENTATION_CONTEXT('2D SPACE',''
  ) );
#7931 = PCURVE('',#1698,#7932);
#7932 = DEFINITIONAL_REPRESENTATION('',(#7933),#7937);
#7933 = LINE('',#7934,#7935);
#7934 = CARTESIAN_POINT('',(2.22,0.));
#7935 = VECTOR('',#7936,1.);
#7936 = DIRECTION('',(0.,-1.));
#7937 = ( GEOMETRIC_REPRESENTATION_CONTEXT(2) 
PARAMETRIC_REPRESENTATION_CONTEXT() REPRESENTATION_CONTEXT('2D SPACE',''
  ) );
#7938 = ORIENTED_EDGE('',*,*,#7939,.T.);
#7939 = EDGE_CURVE('',#7917,#7820,#7940,.T.);
#7940 = SURFACE_CURVE('',#7941,(#7946,#7953),.PCURVE_S1.);
#7941 = CIRCLE('',#7942,0.39);
#7942 = AXIS2_PLACEMENT_3D('',#7943,#7944,#7945);
#7943 = CARTESIAN_POINT('',(-11.99000000111,-23.89,0.5));
#7944 = DIRECTION('',(0.,0.,1.));
#7945 = DIRECTION('',(1.,0.,0.));
#7946 = PCURVE('',#1671,#7947);
#7947 = DEFINITIONAL_REPRESENTATION('',(#7948),#7952);
#7948 = LINE('',#7949,#7950);
#7949 = CARTESIAN_POINT('',(-0.,-1.5));
#7950 = VECTOR('',#7951,1.);
#7951 = DIRECTION('',(-1.,0.));
#7952 = ( GEOMETRIC_REPRESENTATION_CONTEXT(2) 
PARAMETRIC_REPRESENTATION_CONTEXT() REPRESENTATION_CONTEXT('2D SPACE',''
  ) );
#7953 = PCURVE('',#7681,#7954);
#7954 = DEFINITIONAL_REPRESENTATION('',(#7955),#7959);
#7955 = CIRCLE('',#7956,0.39);
#7956 = AXIS2_PLACEMENT_2D('',#7957,#7958);
#7957 = CARTESIAN_POINT('',(9.999999039769E-03,1.11));
#7958 = DIRECTION('',(1.,0.));
#7959 = ( GEOMETRIC_REPRESENTATION_CONTEXT(2) 
PARAMETRIC_REPRESENTATION_CONTEXT() REPRESENTATION_CONTEXT('2D SPACE',''
  ) );
#7960 = ORIENTED_EDGE('',*,*,#7842,.F.);
#7961 = ADVANCED_FACE('',(#7962),#1730,.F.);
#7962 = FACE_BOUND('',#7963,.T.);
#7963 = EDGE_LOOP('',(#7964,#7965,#7966,#7990));
#7964 = ORIENTED_EDGE('',*,*,#1709,.T.);
#7965 = ORIENTED_EDGE('',*,*,#7891,.T.);
#7966 = ORIENTED_EDGE('',*,*,#7967,.T.);
#7967 = EDGE_CURVE('',#7869,#7968,#7970,.T.);
#7968 = VERTEX_POINT('',#7969);
#7969 = CARTESIAN_POINT('',(-11.6000000005,-26.11,0.5));
#7970 = SURFACE_CURVE('',#7971,(#7976,#7983),.PCURVE_S1.);
#7971 = CIRCLE('',#7972,0.39);
#7972 = AXIS2_PLACEMENT_3D('',#7973,#7974,#7975);
#7973 = CARTESIAN_POINT('',(-11.99000000111,-26.11,0.5));
#7974 = DIRECTION('',(0.,0.,1.));
#7975 = DIRECTION('',(1.,0.,0.));
#7976 = PCURVE('',#1730,#7977);
#7977 = DEFINITIONAL_REPRESENTATION('',(#7978),#7982);
#7978 = LINE('',#7979,#7980);
#7979 = CARTESIAN_POINT('',(-0.,-1.5));
#7980 = VECTOR('',#7981,1.);
#7981 = DIRECTION('',(-1.,0.));
#7982 = ( GEOMETRIC_REPRESENTATION_CONTEXT(2) 
PARAMETRIC_REPRESENTATION_CONTEXT() REPRESENTATION_CONTEXT('2D SPACE',''
  ) );
#7983 = PCURVE('',#7681,#7984);
#7984 = DEFINITIONAL_REPRESENTATION('',(#7985),#7989);
#7985 = CIRCLE('',#7986,0.39);
#7986 = AXIS2_PLACEMENT_2D('',#7987,#7988);
#7987 = CARTESIAN_POINT('',(9.999999039769E-03,-1.11));
#7988 = DIRECTION('',(1.,0.));
#7989 = ( GEOMETRIC_REPRESENTATION_CONTEXT(2) 
PARAMETRIC_REPRESENTATION_CONTEXT() REPRESENTATION_CONTEXT('2D SPACE',''
  ) );
#7990 = ORIENTED_EDGE('',*,*,#7991,.F.);
#7991 = EDGE_CURVE('',#1684,#7968,#7992,.T.);
#7992 = SURFACE_CURVE('',#7993,(#7997,#8004),.PCURVE_S1.);
#7993 = LINE('',#7994,#7995);
#7994 = CARTESIAN_POINT('',(-11.6000000005,-26.11,-1.));
#7995 = VECTOR('',#7996,1.);
#7996 = DIRECTION('',(0.,0.,1.));
#7997 = PCURVE('',#1730,#7998);
#7998 = DEFINITIONAL_REPRESENTATION('',(#7999),#8003);
#7999 = LINE('',#8000,#8001);
#8000 = CARTESIAN_POINT('',(-6.28318530718,0.));
#8001 = VECTOR('',#8002,1.);
#8002 = DIRECTION('',(-0.,-1.));
#8003 = ( GEOMETRIC_REPRESENTATION_CONTEXT(2) 
PARAMETRIC_REPRESENTATION_CONTEXT() REPRESENTATION_CONTEXT('2D SPACE',''
  ) );
#8004 = PCURVE('',#1698,#8005);
#8005 = DEFINITIONAL_REPRESENTATION('',(#8006),#8010);
#8006 = LINE('',#8007,#8008);
#8007 = CARTESIAN_POINT('',(0.,0.));
#8008 = VECTOR('',#8009,1.);
#8009 = DIRECTION('',(0.,-1.));
#8010 = ( GEOMETRIC_REPRESENTATION_CONTEXT(2) 
PARAMETRIC_REPRESENTATION_CONTEXT() REPRESENTATION_CONTEXT('2D SPACE',''
  ) );
#8011 = ADVANCED_FACE('',(#8012),#1698,.T.);
#8012 = FACE_BOUND('',#8013,.T.);
#8013 = EDGE_LOOP('',(#8014,#8015,#8016,#8037));
#8014 = ORIENTED_EDGE('',*,*,#1683,.T.);
#8015 = ORIENTED_EDGE('',*,*,#7991,.T.);
#8016 = ORIENTED_EDGE('',*,*,#8017,.T.);
#8017 = EDGE_CURVE('',#7968,#7917,#8018,.T.);
#8018 = SURFACE_CURVE('',#8019,(#8023,#8030),.PCURVE_S1.);
#8019 = LINE('',#8020,#8021);
#8020 = CARTESIAN_POINT('',(-11.5999999999,-25.,0.5));
#8021 = VECTOR('',#8022,1.);
#8022 = DIRECTION('',(0.,1.,0.));
#8023 = PCURVE('',#1698,#8024);
#8024 = DEFINITIONAL_REPRESENTATION('',(#8025),#8029);
#8025 = LINE('',#8026,#8027);
#8026 = CARTESIAN_POINT('',(1.11,-1.5));
#8027 = VECTOR('',#8028,1.);
#8028 = DIRECTION('',(1.,0.));
#8029 = ( GEOMETRIC_REPRESENTATION_CONTEXT(2) 
PARAMETRIC_REPRESENTATION_CONTEXT() REPRESENTATION_CONTEXT('2D SPACE',''
  ) );
#8030 = PCURVE('',#7681,#8031);
#8031 = DEFINITIONAL_REPRESENTATION('',(#8032),#8036);
#8032 = LINE('',#8033,#8034);
#8033 = CARTESIAN_POINT('',(0.40000000025,5.830541821236E-17));
#8034 = VECTOR('',#8035,1.);
#8035 = DIRECTION('',(0.,1.));
#8036 = ( GEOMETRIC_REPRESENTATION_CONTEXT(2) 
PARAMETRIC_REPRESENTATION_CONTEXT() REPRESENTATION_CONTEXT('2D SPACE',''
  ) );
#8037 = ORIENTED_EDGE('',*,*,#7916,.F.);
#8038 = ADVANCED_FACE('',(#8039),#1818,.F.);
#8039 = FACE_BOUND('',#8040,.F.);
#8040 = EDGE_LOOP('',(#8041,#8042,#8065,#8093));
#8041 = ORIENTED_EDGE('',*,*,#1801,.T.);
#8042 = ORIENTED_EDGE('',*,*,#8043,.T.);
#8043 = EDGE_CURVE('',#1804,#8044,#8046,.T.);
#8044 = VERTEX_POINT('',#8045);
#8045 = CARTESIAN_POINT('',(-8.4,-26.11,0.5));
#8046 = SURFACE_CURVE('',#8047,(#8051,#8058),.PCURVE_S1.);
#8047 = LINE('',#8048,#8049);
#8048 = CARTESIAN_POINT('',(-8.4,-26.11,-1.));
#8049 = VECTOR('',#8050,1.);
#8050 = DIRECTION('',(0.,0.,1.));
#8051 = PCURVE('',#1818,#8052);
#8052 = DEFINITIONAL_REPRESENTATION('',(#8053),#8057);
#8053 = LINE('',#8054,#8055);
#8054 = CARTESIAN_POINT('',(0.,0.));
#8055 = VECTOR('',#8056,1.);
#8056 = DIRECTION('',(0.,-1.));
#8057 = ( GEOMETRIC_REPRESENTATION_CONTEXT(2) 
PARAMETRIC_REPRESENTATION_CONTEXT() REPRESENTATION_CONTEXT('2D SPACE',''
  ) );
#8058 = PCURVE('',#2025,#8059);
#8059 = DEFINITIONAL_REPRESENTATION('',(#8060),#8064);
#8060 = LINE('',#8061,#8062);
#8061 = CARTESIAN_POINT('',(-3.14159265359,0.));
#8062 = VECTOR('',#8063,1.);
#8063 = DIRECTION('',(-0.,-1.));
#8064 = ( GEOMETRIC_REPRESENTATION_CONTEXT(2) 
PARAMETRIC_REPRESENTATION_CONTEXT() REPRESENTATION_CONTEXT('2D SPACE',''
  ) );
#8065 = ORIENTED_EDGE('',*,*,#8066,.T.);
#8066 = EDGE_CURVE('',#8044,#8067,#8069,.T.);
#8067 = VERTEX_POINT('',#8068);
#8068 = CARTESIAN_POINT('',(-8.4,-23.89,0.5));
#8069 = SURFACE_CURVE('',#8070,(#8074,#8081),.PCURVE_S1.);
#8070 = LINE('',#8071,#8072);
#8071 = CARTESIAN_POINT('',(-8.399999999904,-25.,0.5));
#8072 = VECTOR('',#8073,1.);
#8073 = DIRECTION('',(0.,1.,0.));
#8074 = PCURVE('',#1818,#8075);
#8075 = DEFINITIONAL_REPRESENTATION('',(#8076),#8080);
#8076 = LINE('',#8077,#8078);
#8077 = CARTESIAN_POINT('',(1.11,-1.5));
#8078 = VECTOR('',#8079,1.);
#8079 = DIRECTION('',(1.,0.));
#8080 = ( GEOMETRIC_REPRESENTATION_CONTEXT(2) 
PARAMETRIC_REPRESENTATION_CONTEXT() REPRESENTATION_CONTEXT('2D SPACE',''
  ) );
#8081 = PCURVE('',#8082,#8087);
#8082 = PLANE('',#8083);
#8083 = AXIS2_PLACEMENT_3D('',#8084,#8085,#8086);
#8084 = CARTESIAN_POINT('',(-8.000000000154,-25.,0.5));
#8085 = DIRECTION('',(0.,0.,1.));
#8086 = DIRECTION('',(1.,0.,0.));
#8087 = DEFINITIONAL_REPRESENTATION('',(#8088),#8092);
#8088 = LINE('',#8089,#8090);
#8089 = CARTESIAN_POINT('',(-0.39999999975,5.830541821236E-17));
#8090 = VECTOR('',#8091,1.);
#8091 = DIRECTION('',(0.,1.));
#8092 = ( GEOMETRIC_REPRESENTATION_CONTEXT(2) 
PARAMETRIC_REPRESENTATION_CONTEXT() REPRESENTATION_CONTEXT('2D SPACE',''
  ) );
#8093 = ORIENTED_EDGE('',*,*,#8094,.F.);
#8094 = EDGE_CURVE('',#1802,#8067,#8095,.T.);
#8095 = SURFACE_CURVE('',#8096,(#8100,#8107),.PCURVE_S1.);
#8096 = LINE('',#8097,#8098);
#8097 = CARTESIAN_POINT('',(-8.4,-23.89,-1.));
#8098 = VECTOR('',#8099,1.);
#8099 = DIRECTION('',(0.,0.,1.));
#8100 = PCURVE('',#1818,#8101);
#8101 = DEFINITIONAL_REPRESENTATION('',(#8102),#8106);
#8102 = LINE('',#8103,#8104);
#8103 = CARTESIAN_POINT('',(2.22,0.));
#8104 = VECTOR('',#8105,1.);
#8105 = DIRECTION('',(0.,-1.));
#8106 = ( GEOMETRIC_REPRESENTATION_CONTEXT(2) 
PARAMETRIC_REPRESENTATION_CONTEXT() REPRESENTATION_CONTEXT('2D SPACE',''
  ) );
#8107 = PCURVE('',#1850,#8108);
#8108 = DEFINITIONAL_REPRESENTATION('',(#8109),#8113);
#8109 = LINE('',#8110,#8111);
#8110 = CARTESIAN_POINT('',(-3.14159265359,0.));
#8111 = VECTOR('',#8112,1.);
#8112 = DIRECTION('',(-0.,-1.));
#8113 = ( GEOMETRIC_REPRESENTATION_CONTEXT(2) 
PARAMETRIC_REPRESENTATION_CONTEXT() REPRESENTATION_CONTEXT('2D SPACE',''
  ) );
#8114 = ADVANCED_FACE('',(#8115),#1850,.F.);
#8115 = FACE_BOUND('',#8116,.T.);
#8116 = EDGE_LOOP('',(#8117,#8118,#8141,#8163));
#8117 = ORIENTED_EDGE('',*,*,#1829,.T.);
#8118 = ORIENTED_EDGE('',*,*,#8119,.T.);
#8119 = EDGE_CURVE('',#1830,#8120,#8122,.T.);
#8120 = VERTEX_POINT('',#8121);
#8121 = CARTESIAN_POINT('',(-8.010000000096,-23.5,0.5));
#8122 = SURFACE_CURVE('',#8123,(#8127,#8134),.PCURVE_S1.);
#8123 = LINE('',#8124,#8125);
#8124 = CARTESIAN_POINT('',(-8.010000000096,-23.5,-1.));
#8125 = VECTOR('',#8126,1.);
#8126 = DIRECTION('',(0.,0.,1.));
#8127 = PCURVE('',#1850,#8128);
#8128 = DEFINITIONAL_REPRESENTATION('',(#8129),#8133);
#8129 = LINE('',#8130,#8131);
#8130 = CARTESIAN_POINT('',(-1.570796326795,0.));
#8131 = VECTOR('',#8132,1.);
#8132 = DIRECTION('',(-0.,-1.));
#8133 = ( GEOMETRIC_REPRESENTATION_CONTEXT(2) 
PARAMETRIC_REPRESENTATION_CONTEXT() REPRESENTATION_CONTEXT('2D SPACE',''
  ) );
#8134 = PCURVE('',#1877,#8135);
#8135 = DEFINITIONAL_REPRESENTATION('',(#8136),#8140);
#8136 = LINE('',#8137,#8138);
#8137 = CARTESIAN_POINT('',(6.938893903907E-18,0.));
#8138 = VECTOR('',#8139,1.);
#8139 = DIRECTION('',(0.,-1.));
#8140 = ( GEOMETRIC_REPRESENTATION_CONTEXT(2) 
PARAMETRIC_REPRESENTATION_CONTEXT() REPRESENTATION_CONTEXT('2D SPACE',''
  ) );
#8141 = ORIENTED_EDGE('',*,*,#8142,.T.);
#8142 = EDGE_CURVE('',#8120,#8067,#8143,.T.);
#8143 = SURFACE_CURVE('',#8144,(#8149,#8156),.PCURVE_S1.);
#8144 = CIRCLE('',#8145,0.39);
#8145 = AXIS2_PLACEMENT_3D('',#8146,#8147,#8148);
#8146 = CARTESIAN_POINT('',(-8.010000000096,-23.89,0.5));
#8147 = DIRECTION('',(0.,0.,1.));
#8148 = DIRECTION('',(1.,0.,0.));
#8149 = PCURVE('',#1850,#8150);
#8150 = DEFINITIONAL_REPRESENTATION('',(#8151),#8155);
#8151 = LINE('',#8152,#8153);
#8152 = CARTESIAN_POINT('',(-0.,-1.5));
#8153 = VECTOR('',#8154,1.);
#8154 = DIRECTION('',(-1.,0.));
#8155 = ( GEOMETRIC_REPRESENTATION_CONTEXT(2) 
PARAMETRIC_REPRESENTATION_CONTEXT() REPRESENTATION_CONTEXT('2D SPACE',''
  ) );
#8156 = PCURVE('',#8082,#8157);
#8157 = DEFINITIONAL_REPRESENTATION('',(#8158),#8162);
#8158 = CIRCLE('',#8159,0.39);
#8159 = AXIS2_PLACEMENT_2D('',#8160,#8161);
#8160 = CARTESIAN_POINT('',(-9.999999942065E-03,1.11));
#8161 = DIRECTION('',(1.,0.));
#8162 = ( GEOMETRIC_REPRESENTATION_CONTEXT(2) 
PARAMETRIC_REPRESENTATION_CONTEXT() REPRESENTATION_CONTEXT('2D SPACE',''
  ) );
#8163 = ORIENTED_EDGE('',*,*,#8094,.F.);
#8164 = ADVANCED_FACE('',(#8165),#2025,.F.);
#8165 = FACE_BOUND('',#8166,.T.);
#8166 = EDGE_LOOP('',(#8167,#8168,#8169,#8193));
#8167 = ORIENTED_EDGE('',*,*,#2006,.T.);
#8168 = ORIENTED_EDGE('',*,*,#8043,.T.);
#8169 = ORIENTED_EDGE('',*,*,#8170,.T.);
#8170 = EDGE_CURVE('',#8044,#8171,#8173,.T.);
#8171 = VERTEX_POINT('',#8172);
#8172 = CARTESIAN_POINT('',(-8.010000000096,-26.5,0.5));
#8173 = SURFACE_CURVE('',#8174,(#8179,#8186),.PCURVE_S1.);
#8174 = CIRCLE('',#8175,0.39);
#8175 = AXIS2_PLACEMENT_3D('',#8176,#8177,#8178);
#8176 = CARTESIAN_POINT('',(-8.010000000096,-26.11,0.5));
#8177 = DIRECTION('',(0.,0.,1.));
#8178 = DIRECTION('',(1.,0.,0.));
#8179 = PCURVE('',#2025,#8180);
#8180 = DEFINITIONAL_REPRESENTATION('',(#8181),#8185);
#8181 = LINE('',#8182,#8183);
#8182 = CARTESIAN_POINT('',(-0.,-1.5));
#8183 = VECTOR('',#8184,1.);
#8184 = DIRECTION('',(-1.,0.));
#8185 = ( GEOMETRIC_REPRESENTATION_CONTEXT(2) 
PARAMETRIC_REPRESENTATION_CONTEXT() REPRESENTATION_CONTEXT('2D SPACE',''
  ) );
#8186 = PCURVE('',#8082,#8187);
#8187 = DEFINITIONAL_REPRESENTATION('',(#8188),#8192);
#8188 = CIRCLE('',#8189,0.39);
#8189 = AXIS2_PLACEMENT_2D('',#8190,#8191);
#8190 = CARTESIAN_POINT('',(-9.999999942065E-03,-1.11));
#8191 = DIRECTION('',(1.,0.));
#8192 = ( GEOMETRIC_REPRESENTATION_CONTEXT(2) 
PARAMETRIC_REPRESENTATION_CONTEXT() REPRESENTATION_CONTEXT('2D SPACE',''
  ) );
#8193 = ORIENTED_EDGE('',*,*,#8194,.F.);
#8194 = EDGE_CURVE('',#1981,#8171,#8195,.T.);
#8195 = SURFACE_CURVE('',#8196,(#8200,#8207),.PCURVE_S1.);
#8196 = LINE('',#8197,#8198);
#8197 = CARTESIAN_POINT('',(-8.010000000096,-26.5,-1.));
#8198 = VECTOR('',#8199,1.);
#8199 = DIRECTION('',(0.,0.,1.));
#8200 = PCURVE('',#2025,#8201);
#8201 = DEFINITIONAL_REPRESENTATION('',(#8202),#8206);
#8202 = LINE('',#8203,#8204);
#8203 = CARTESIAN_POINT('',(-4.712388980385,0.));
#8204 = VECTOR('',#8205,1.);
#8205 = DIRECTION('',(-0.,-1.));
#8206 = ( GEOMETRIC_REPRESENTATION_CONTEXT(2) 
PARAMETRIC_REPRESENTATION_CONTEXT() REPRESENTATION_CONTEXT('2D SPACE',''
  ) );
#8207 = PCURVE('',#1995,#8208);
#8208 = DEFINITIONAL_REPRESENTATION('',(#8209),#8213);
#8209 = LINE('',#8210,#8211);
#8210 = CARTESIAN_POINT('',(6.938893903907E-18,0.));
#8211 = VECTOR('',#8212,1.);
#8212 = DIRECTION('',(0.,-1.));
#8213 = ( GEOMETRIC_REPRESENTATION_CONTEXT(2) 
PARAMETRIC_REPRESENTATION_CONTEXT() REPRESENTATION_CONTEXT('2D SPACE',''
  ) );
#8214 = ADVANCED_FACE('',(#8215),#1877,.F.);
#8215 = FACE_BOUND('',#8216,.F.);
#8216 = EDGE_LOOP('',(#8217,#8218,#8219,#8242));
#8217 = ORIENTED_EDGE('',*,*,#1862,.T.);
#8218 = ORIENTED_EDGE('',*,*,#8119,.T.);
#8219 = ORIENTED_EDGE('',*,*,#8220,.T.);
#8220 = EDGE_CURVE('',#8120,#8221,#8223,.T.);
#8221 = VERTEX_POINT('',#8222);
#8222 = CARTESIAN_POINT('',(-7.990000001114,-23.5,0.5));
#8223 = SURFACE_CURVE('',#8224,(#8228,#8235),.PCURVE_S1.);
#8224 = LINE('',#8225,#8226);
#8225 = CARTESIAN_POINT('',(-7.999999999904,-23.5,0.5));
#8226 = VECTOR('',#8227,1.);
#8227 = DIRECTION('',(1.,0.,0.));
#8228 = PCURVE('',#1877,#8229);
#8229 = DEFINITIONAL_REPRESENTATION('',(#8230),#8234);
#8230 = LINE('',#8231,#8232);
#8231 = CARTESIAN_POINT('',(1.000000019228E-02,-1.5));
#8232 = VECTOR('',#8233,1.);
#8233 = DIRECTION('',(1.,0.));
#8234 = ( GEOMETRIC_REPRESENTATION_CONTEXT(2) 
PARAMETRIC_REPRESENTATION_CONTEXT() REPRESENTATION_CONTEXT('2D SPACE',''
  ) );
#8235 = PCURVE('',#8082,#8236);
#8236 = DEFINITIONAL_REPRESENTATION('',(#8237),#8241);
#8237 = LINE('',#8238,#8239);
#8238 = CARTESIAN_POINT('',(2.502190905304E-10,1.5));
#8239 = VECTOR('',#8240,1.);
#8240 = DIRECTION('',(1.,0.));
#8241 = ( GEOMETRIC_REPRESENTATION_CONTEXT(2) 
PARAMETRIC_REPRESENTATION_CONTEXT() REPRESENTATION_CONTEXT('2D SPACE',''
  ) );
#8242 = ORIENTED_EDGE('',*,*,#8243,.F.);
#8243 = EDGE_CURVE('',#1863,#8221,#8244,.T.);
#8244 = SURFACE_CURVE('',#8245,(#8249,#8256),.PCURVE_S1.);
#8245 = LINE('',#8246,#8247);
#8246 = CARTESIAN_POINT('',(-7.990000001114,-23.5,-1.));
#8247 = VECTOR('',#8248,1.);
#8248 = DIRECTION('',(0.,0.,1.));
#8249 = PCURVE('',#1877,#8250);
#8250 = DEFINITIONAL_REPRESENTATION('',(#8251),#8255);
#8251 = LINE('',#8252,#8253);
#8252 = CARTESIAN_POINT('',(1.999999898183E-02,0.));
#8253 = VECTOR('',#8254,1.);
#8254 = DIRECTION('',(0.,-1.));
#8255 = ( GEOMETRIC_REPRESENTATION_CONTEXT(2) 
PARAMETRIC_REPRESENTATION_CONTEXT() REPRESENTATION_CONTEXT('2D SPACE',''
  ) );
#8256 = PCURVE('',#1909,#8257);
#8257 = DEFINITIONAL_REPRESENTATION('',(#8258),#8262);
#8258 = LINE('',#8259,#8260);
#8259 = CARTESIAN_POINT('',(-1.570796326795,0.));
#8260 = VECTOR('',#8261,1.);
#8261 = DIRECTION('',(-0.,-1.));
#8262 = ( GEOMETRIC_REPRESENTATION_CONTEXT(2) 
PARAMETRIC_REPRESENTATION_CONTEXT() REPRESENTATION_CONTEXT('2D SPACE',''
  ) );
#8263 = ADVANCED_FACE('',(#8264),#1995,.T.);
#8264 = FACE_BOUND('',#8265,.T.);
#8265 = EDGE_LOOP('',(#8266,#8267,#8268,#8291));
#8266 = ORIENTED_EDGE('',*,*,#1980,.T.);
#8267 = ORIENTED_EDGE('',*,*,#8194,.T.);
#8268 = ORIENTED_EDGE('',*,*,#8269,.T.);
#8269 = EDGE_CURVE('',#8171,#8270,#8272,.T.);
#8270 = VERTEX_POINT('',#8271);
#8271 = CARTESIAN_POINT('',(-7.990000001114,-26.5,0.5));
#8272 = SURFACE_CURVE('',#8273,(#8277,#8284),.PCURVE_S1.);
#8273 = LINE('',#8274,#8275);
#8274 = CARTESIAN_POINT('',(-7.999999999904,-26.5,0.5));
#8275 = VECTOR('',#8276,1.);
#8276 = DIRECTION('',(1.,0.,0.));
#8277 = PCURVE('',#1995,#8278);
#8278 = DEFINITIONAL_REPRESENTATION('',(#8279),#8283);
#8279 = LINE('',#8280,#8281);
#8280 = CARTESIAN_POINT('',(1.000000019228E-02,-1.5));
#8281 = VECTOR('',#8282,1.);
#8282 = DIRECTION('',(1.,0.));
#8283 = ( GEOMETRIC_REPRESENTATION_CONTEXT(2) 
PARAMETRIC_REPRESENTATION_CONTEXT() REPRESENTATION_CONTEXT('2D SPACE',''
  ) );
#8284 = PCURVE('',#8082,#8285);
#8285 = DEFINITIONAL_REPRESENTATION('',(#8286),#8290);
#8286 = LINE('',#8287,#8288);
#8287 = CARTESIAN_POINT('',(2.502190905304E-10,-1.5));
#8288 = VECTOR('',#8289,1.);
#8289 = DIRECTION('',(1.,0.));
#8290 = ( GEOMETRIC_REPRESENTATION_CONTEXT(2) 
PARAMETRIC_REPRESENTATION_CONTEXT() REPRESENTATION_CONTEXT('2D SPACE',''
  ) );
#8291 = ORIENTED_EDGE('',*,*,#8292,.F.);
#8292 = EDGE_CURVE('',#1948,#8270,#8293,.T.);
#8293 = SURFACE_CURVE('',#8294,(#8298,#8305),.PCURVE_S1.);
#8294 = LINE('',#8295,#8296);
#8295 = CARTESIAN_POINT('',(-7.990000001114,-26.5,-1.));
#8296 = VECTOR('',#8297,1.);
#8297 = DIRECTION('',(0.,0.,1.));
#8298 = PCURVE('',#1995,#8299);
#8299 = DEFINITIONAL_REPRESENTATION('',(#8300),#8304);
#8300 = LINE('',#8301,#8302);
#8301 = CARTESIAN_POINT('',(1.999999898183E-02,0.));
#8302 = VECTOR('',#8303,1.);
#8303 = DIRECTION('',(0.,-1.));
#8304 = ( GEOMETRIC_REPRESENTATION_CONTEXT(2) 
PARAMETRIC_REPRESENTATION_CONTEXT() REPRESENTATION_CONTEXT('2D SPACE',''
  ) );
#8305 = PCURVE('',#1968,#8306);
#8306 = DEFINITIONAL_REPRESENTATION('',(#8307),#8311);
#8307 = LINE('',#8308,#8309);
#8308 = CARTESIAN_POINT('',(-4.712388980385,0.));
#8309 = VECTOR('',#8310,1.);
#8310 = DIRECTION('',(-0.,-1.));
#8311 = ( GEOMETRIC_REPRESENTATION_CONTEXT(2) 
PARAMETRIC_REPRESENTATION_CONTEXT() REPRESENTATION_CONTEXT('2D SPACE',''
  ) );
#8312 = ADVANCED_FACE('',(#8313),#1909,.F.);
#8313 = FACE_BOUND('',#8314,.T.);
#8314 = EDGE_LOOP('',(#8315,#8316,#8339,#8361));
#8315 = ORIENTED_EDGE('',*,*,#1888,.T.);
#8316 = ORIENTED_EDGE('',*,*,#8317,.T.);
#8317 = EDGE_CURVE('',#1889,#8318,#8320,.T.);
#8318 = VERTEX_POINT('',#8319);
#8319 = CARTESIAN_POINT('',(-7.600000000509,-23.89,0.5));
#8320 = SURFACE_CURVE('',#8321,(#8325,#8332),.PCURVE_S1.);
#8321 = LINE('',#8322,#8323);
#8322 = CARTESIAN_POINT('',(-7.600000000509,-23.89,-1.));
#8323 = VECTOR('',#8324,1.);
#8324 = DIRECTION('',(0.,0.,1.));
#8325 = PCURVE('',#1909,#8326);
#8326 = DEFINITIONAL_REPRESENTATION('',(#8327),#8331);
#8327 = LINE('',#8328,#8329);
#8328 = CARTESIAN_POINT('',(-0.,0.));
#8329 = VECTOR('',#8330,1.);
#8330 = DIRECTION('',(-0.,-1.));
#8331 = ( GEOMETRIC_REPRESENTATION_CONTEXT(2) 
PARAMETRIC_REPRESENTATION_CONTEXT() REPRESENTATION_CONTEXT('2D SPACE',''
  ) );
#8332 = PCURVE('',#1936,#8333);
#8333 = DEFINITIONAL_REPRESENTATION('',(#8334),#8338);
#8334 = LINE('',#8335,#8336);
#8335 = CARTESIAN_POINT('',(2.22,0.));
#8336 = VECTOR('',#8337,1.);
#8337 = DIRECTION('',(0.,-1.));
#8338 = ( GEOMETRIC_REPRESENTATION_CONTEXT(2) 
PARAMETRIC_REPRESENTATION_CONTEXT() REPRESENTATION_CONTEXT('2D SPACE',''
  ) );
#8339 = ORIENTED_EDGE('',*,*,#8340,.T.);
#8340 = EDGE_CURVE('',#8318,#8221,#8341,.T.);
#8341 = SURFACE_CURVE('',#8342,(#8347,#8354),.PCURVE_S1.);
#8342 = CIRCLE('',#8343,0.39);
#8343 = AXIS2_PLACEMENT_3D('',#8344,#8345,#8346);
#8344 = CARTESIAN_POINT('',(-7.990000001114,-23.89,0.5));
#8345 = DIRECTION('',(0.,0.,1.));
#8346 = DIRECTION('',(1.,0.,0.));
#8347 = PCURVE('',#1909,#8348);
#8348 = DEFINITIONAL_REPRESENTATION('',(#8349),#8353);
#8349 = LINE('',#8350,#8351);
#8350 = CARTESIAN_POINT('',(-0.,-1.5));
#8351 = VECTOR('',#8352,1.);
#8352 = DIRECTION('',(-1.,0.));
#8353 = ( GEOMETRIC_REPRESENTATION_CONTEXT(2) 
PARAMETRIC_REPRESENTATION_CONTEXT() REPRESENTATION_CONTEXT('2D SPACE',''
  ) );
#8354 = PCURVE('',#8082,#8355);
#8355 = DEFINITIONAL_REPRESENTATION('',(#8356),#8360);
#8356 = CIRCLE('',#8357,0.39);
#8357 = AXIS2_PLACEMENT_2D('',#8358,#8359);
#8358 = CARTESIAN_POINT('',(9.999999039769E-03,1.11));
#8359 = DIRECTION('',(1.,0.));
#8360 = ( GEOMETRIC_REPRESENTATION_CONTEXT(2) 
PARAMETRIC_REPRESENTATION_CONTEXT() REPRESENTATION_CONTEXT('2D SPACE',''
  ) );
#8361 = ORIENTED_EDGE('',*,*,#8243,.F.);
#8362 = ADVANCED_FACE('',(#8363),#1968,.F.);
#8363 = FACE_BOUND('',#8364,.T.);
#8364 = EDGE_LOOP('',(#8365,#8366,#8367,#8391));
#8365 = ORIENTED_EDGE('',*,*,#1947,.T.);
#8366 = ORIENTED_EDGE('',*,*,#8292,.T.);
#8367 = ORIENTED_EDGE('',*,*,#8368,.T.);
#8368 = EDGE_CURVE('',#8270,#8369,#8371,.T.);
#8369 = VERTEX_POINT('',#8370);
#8370 = CARTESIAN_POINT('',(-7.600000000509,-26.11,0.5));
#8371 = SURFACE_CURVE('',#8372,(#8377,#8384),.PCURVE_S1.);
#8372 = CIRCLE('',#8373,0.39);
#8373 = AXIS2_PLACEMENT_3D('',#8374,#8375,#8376);
#8374 = CARTESIAN_POINT('',(-7.990000001114,-26.11,0.5));
#8375 = DIRECTION('',(0.,0.,1.));
#8376 = DIRECTION('',(1.,0.,0.));
#8377 = PCURVE('',#1968,#8378);
#8378 = DEFINITIONAL_REPRESENTATION('',(#8379),#8383);
#8379 = LINE('',#8380,#8381);
#8380 = CARTESIAN_POINT('',(-0.,-1.5));
#8381 = VECTOR('',#8382,1.);
#8382 = DIRECTION('',(-1.,0.));
#8383 = ( GEOMETRIC_REPRESENTATION_CONTEXT(2) 
PARAMETRIC_REPRESENTATION_CONTEXT() REPRESENTATION_CONTEXT('2D SPACE',''
  ) );
#8384 = PCURVE('',#8082,#8385);
#8385 = DEFINITIONAL_REPRESENTATION('',(#8386),#8390);
#8386 = CIRCLE('',#8387,0.39);
#8387 = AXIS2_PLACEMENT_2D('',#8388,#8389);
#8388 = CARTESIAN_POINT('',(9.999999039769E-03,-1.11));
#8389 = DIRECTION('',(1.,0.));
#8390 = ( GEOMETRIC_REPRESENTATION_CONTEXT(2) 
PARAMETRIC_REPRESENTATION_CONTEXT() REPRESENTATION_CONTEXT('2D SPACE',''
  ) );
#8391 = ORIENTED_EDGE('',*,*,#8392,.F.);
#8392 = EDGE_CURVE('',#1922,#8369,#8393,.T.);
#8393 = SURFACE_CURVE('',#8394,(#8398,#8405),.PCURVE_S1.);
#8394 = LINE('',#8395,#8396);
#8395 = CARTESIAN_POINT('',(-7.600000000509,-26.11,-1.));
#8396 = VECTOR('',#8397,1.);
#8397 = DIRECTION('',(0.,0.,1.));
#8398 = PCURVE('',#1968,#8399);
#8399 = DEFINITIONAL_REPRESENTATION('',(#8400),#8404);
#8400 = LINE('',#8401,#8402);
#8401 = CARTESIAN_POINT('',(-6.28318530718,0.));
#8402 = VECTOR('',#8403,1.);
#8403 = DIRECTION('',(-0.,-1.));
#8404 = ( GEOMETRIC_REPRESENTATION_CONTEXT(2) 
PARAMETRIC_REPRESENTATION_CONTEXT() REPRESENTATION_CONTEXT('2D SPACE',''
  ) );
#8405 = PCURVE('',#1936,#8406);
#8406 = DEFINITIONAL_REPRESENTATION('',(#8407),#8411);
#8407 = LINE('',#8408,#8409);
#8408 = CARTESIAN_POINT('',(0.,0.));
#8409 = VECTOR('',#8410,1.);
#8410 = DIRECTION('',(0.,-1.));
#8411 = ( GEOMETRIC_REPRESENTATION_CONTEXT(2) 
PARAMETRIC_REPRESENTATION_CONTEXT() REPRESENTATION_CONTEXT('2D SPACE',''
  ) );
#8412 = ADVANCED_FACE('',(#8413),#1936,.T.);
#8413 = FACE_BOUND('',#8414,.T.);
#8414 = EDGE_LOOP('',(#8415,#8416,#8417,#8438));
#8415 = ORIENTED_EDGE('',*,*,#1921,.T.);
#8416 = ORIENTED_EDGE('',*,*,#8392,.T.);
#8417 = ORIENTED_EDGE('',*,*,#8418,.T.);
#8418 = EDGE_CURVE('',#8369,#8318,#8419,.T.);
#8419 = SURFACE_CURVE('',#8420,(#8424,#8431),.PCURVE_S1.);
#8420 = LINE('',#8421,#8422);
#8421 = CARTESIAN_POINT('',(-7.599999999904,-25.,0.5));
#8422 = VECTOR('',#8423,1.);
#8423 = DIRECTION('',(0.,1.,0.));
#8424 = PCURVE('',#1936,#8425);
#8425 = DEFINITIONAL_REPRESENTATION('',(#8426),#8430);
#8426 = LINE('',#8427,#8428);
#8427 = CARTESIAN_POINT('',(1.11,-1.5));
#8428 = VECTOR('',#8429,1.);
#8429 = DIRECTION('',(1.,0.));
#8430 = ( GEOMETRIC_REPRESENTATION_CONTEXT(2) 
PARAMETRIC_REPRESENTATION_CONTEXT() REPRESENTATION_CONTEXT('2D SPACE',''
  ) );
#8431 = PCURVE('',#8082,#8432);
#8432 = DEFINITIONAL_REPRESENTATION('',(#8433),#8437);
#8433 = LINE('',#8434,#8435);
#8434 = CARTESIAN_POINT('',(0.40000000025,5.830541821236E-17));
#8435 = VECTOR('',#8436,1.);
#8436 = DIRECTION('',(0.,1.));
#8437 = ( GEOMETRIC_REPRESENTATION_CONTEXT(2) 
PARAMETRIC_REPRESENTATION_CONTEXT() REPRESENTATION_CONTEXT('2D SPACE',''
  ) );
#8438 = ORIENTED_EDGE('',*,*,#8317,.F.);
#8439 = ADVANCED_FACE('',(#8440),#2056,.F.);
#8440 = FACE_BOUND('',#8441,.F.);
#8441 = EDGE_LOOP('',(#8442,#8443,#8466,#8492));
#8442 = ORIENTED_EDGE('',*,*,#2039,.T.);
#8443 = ORIENTED_EDGE('',*,*,#8444,.T.);
#8444 = EDGE_CURVE('',#2042,#8445,#8447,.T.);
#8445 = VERTEX_POINT('',#8446);
#8446 = CARTESIAN_POINT('',(-12.5,-2.,3.));
#8447 = SURFACE_CURVE('',#8448,(#8452,#8459),.PCURVE_S1.);
#8448 = LINE('',#8449,#8450);
#8449 = CARTESIAN_POINT('',(-12.5,-2.,-1.));
#8450 = VECTOR('',#8451,1.);
#8451 = DIRECTION('',(0.,0.,1.));
#8452 = PCURVE('',#2056,#8453);
#8453 = DEFINITIONAL_REPRESENTATION('',(#8454),#8458);
#8454 = LINE('',#8455,#8456);
#8455 = CARTESIAN_POINT('',(-8.881784197001E-16,0.));
#8456 = VECTOR('',#8457,1.);
#8457 = DIRECTION('',(0.,-1.));
#8458 = ( GEOMETRIC_REPRESENTATION_CONTEXT(2) 
PARAMETRIC_REPRESENTATION_CONTEXT() REPRESENTATION_CONTEXT('2D SPACE',''
  ) );
#8459 = PCURVE('',#2263,#8460);
#8460 = DEFINITIONAL_REPRESENTATION('',(#8461),#8465);
#8461 = LINE('',#8462,#8463);
#8462 = CARTESIAN_POINT('',(6.28318530718,0.));
#8463 = VECTOR('',#8464,1.);
#8464 = DIRECTION('',(0.,-1.));
#8465 = ( GEOMETRIC_REPRESENTATION_CONTEXT(2) 
PARAMETRIC_REPRESENTATION_CONTEXT() REPRESENTATION_CONTEXT('2D SPACE',''
  ) );
#8466 = ORIENTED_EDGE('',*,*,#8467,.F.);
#8467 = EDGE_CURVE('',#8468,#8445,#8470,.T.);
#8468 = VERTEX_POINT('',#8469);
#8469 = CARTESIAN_POINT('',(-12.5,7.999999966154,3.));
#8470 = SURFACE_CURVE('',#8471,(#8475,#8481),.PCURVE_S1.);
#8471 = LINE('',#8472,#8473);
#8472 = CARTESIAN_POINT('',(-12.5,-1.000000008672,3.));
#8473 = VECTOR('',#8474,1.);
#8474 = DIRECTION('',(0.,-1.,0.));
#8475 = PCURVE('',#2056,#8476);
#8476 = DEFINITIONAL_REPRESENTATION('',(#8477),#8480);
#8477 = B_SPLINE_CURVE_WITH_KNOTS('',1,(#8478,#8479),.UNSPECIFIED.,.F.,
  .F.,(2,2),(-8.999999974826,0.999999991328),.PIECEWISE_BEZIER_KNOTS.);
#8478 = CARTESIAN_POINT('',(9.999999966154,-4.));
#8479 = CARTESIAN_POINT('',(-8.881784197001E-16,-4.));
#8480 = ( GEOMETRIC_REPRESENTATION_CONTEXT(2) 
PARAMETRIC_REPRESENTATION_CONTEXT() REPRESENTATION_CONTEXT('2D SPACE',''
  ) );
#8481 = PCURVE('',#8482,#8487);
#8482 = PLANE('',#8483);
#8483 = AXIS2_PLACEMENT_3D('',#8484,#8485,#8486);
#8484 = CARTESIAN_POINT('',(1.184822053043E-08,-1.734391121648E-08,3.));
#8485 = DIRECTION('',(0.,0.,1.));
#8486 = DIRECTION('',(1.,0.,0.));
#8487 = DEFINITIONAL_REPRESENTATION('',(#8488),#8491);
#8488 = B_SPLINE_CURVE_WITH_KNOTS('',1,(#8489,#8490),.UNSPECIFIED.,.F.,
  .F.,(2,2),(-8.999999974826,0.999999991328),.PIECEWISE_BEZIER_KNOTS.);
#8489 = CARTESIAN_POINT('',(-12.50000001184,7.999999983498));
#8490 = CARTESIAN_POINT('',(-12.50000001184,-1.999999982656));
#8491 = ( GEOMETRIC_REPRESENTATION_CONTEXT(2) 
PARAMETRIC_REPRESENTATION_CONTEXT() REPRESENTATION_CONTEXT('2D SPACE',''
  ) );
#8492 = ORIENTED_EDGE('',*,*,#8493,.F.);
#8493 = EDGE_CURVE('',#2040,#8468,#8494,.T.);
#8494 = SURFACE_CURVE('',#8495,(#8499,#8506),.PCURVE_S1.);
#8495 = LINE('',#8496,#8497);
#8496 = CARTESIAN_POINT('',(-12.5,7.999999966154,-1.));
#8497 = VECTOR('',#8498,1.);
#8498 = DIRECTION('',(0.,0.,1.));
#8499 = PCURVE('',#2056,#8500);
#8500 = DEFINITIONAL_REPRESENTATION('',(#8501),#8505);
#8501 = LINE('',#8502,#8503);
#8502 = CARTESIAN_POINT('',(9.999999966154,0.));
#8503 = VECTOR('',#8504,1.);
#8504 = DIRECTION('',(0.,-1.));
#8505 = ( GEOMETRIC_REPRESENTATION_CONTEXT(2) 
PARAMETRIC_REPRESENTATION_CONTEXT() REPRESENTATION_CONTEXT('2D SPACE',''
  ) );
#8506 = PCURVE('',#2088,#8507);
#8507 = DEFINITIONAL_REPRESENTATION('',(#8508),#8512);
#8508 = LINE('',#8509,#8510);
#8509 = CARTESIAN_POINT('',(0.,0.));
#8510 = VECTOR('',#8511,1.);
#8511 = DIRECTION('',(0.,-1.));
#8512 = ( GEOMETRIC_REPRESENTATION_CONTEXT(2) 
PARAMETRIC_REPRESENTATION_CONTEXT() REPRESENTATION_CONTEXT('2D SPACE',''
  ) );
#8513 = ADVANCED_FACE('',(#8514),#2088,.F.);
#8514 = FACE_BOUND('',#8515,.F.);
#8515 = EDGE_LOOP('',(#8516,#8517,#8518,#8546));
#8516 = ORIENTED_EDGE('',*,*,#2067,.F.);
#8517 = ORIENTED_EDGE('',*,*,#8493,.T.);
#8518 = ORIENTED_EDGE('',*,*,#8519,.T.);
#8519 = EDGE_CURVE('',#8468,#8520,#8522,.T.);
#8520 = VERTEX_POINT('',#8521);
#8521 = CARTESIAN_POINT('',(-9.5,10.999999983077,3.));
#8522 = SURFACE_CURVE('',#8523,(#8528,#8535),.PCURVE_S1.);
#8523 = CIRCLE('',#8524,3.);
#8524 = AXIS2_PLACEMENT_3D('',#8525,#8526,#8527);
#8525 = CARTESIAN_POINT('',(-9.5,7.999999966154,3.));
#8526 = DIRECTION('',(0.,0.,-1.));
#8527 = DIRECTION('',(-1.,0.,0.));
#8528 = PCURVE('',#2088,#8529);
#8529 = DEFINITIONAL_REPRESENTATION('',(#8530),#8534);
#8530 = LINE('',#8531,#8532);
#8531 = CARTESIAN_POINT('',(0.,-4.));
#8532 = VECTOR('',#8533,1.);
#8533 = DIRECTION('',(1.,0.));
#8534 = ( GEOMETRIC_REPRESENTATION_CONTEXT(2) 
PARAMETRIC_REPRESENTATION_CONTEXT() REPRESENTATION_CONTEXT('2D SPACE',''
  ) );
#8535 = PCURVE('',#8482,#8536);
#8536 = DEFINITIONAL_REPRESENTATION('',(#8537),#8545);
#8537 = ( BOUNDED_CURVE() B_SPLINE_CURVE(2,(#8538,#8539,#8540,#8541,
#8542,#8543,#8544),.UNSPECIFIED.,.T.,.F.) B_SPLINE_CURVE_WITH_KNOTS((1,2
    ,2,2,2,1),(-2.094395102393,0.,2.094395102393,4.188790204786,
6.28318530718,8.377580409573),.UNSPECIFIED.) CURVE() 
GEOMETRIC_REPRESENTATION_ITEM() RATIONAL_B_SPLINE_CURVE((1.,0.5,1.,0.5,
1.,0.5,1.)) REPRESENTATION_ITEM('') );
#8538 = CARTESIAN_POINT('',(-12.50000001184,7.999999983498));
#8539 = CARTESIAN_POINT('',(-12.50000001184,13.196152406204));
#8540 = CARTESIAN_POINT('',(-8.000000011848,10.598076194851));
#8541 = CARTESIAN_POINT('',(-3.500000011848,7.999999983498));
#8542 = CARTESIAN_POINT('',(-8.000000011848,5.401923772144));
#8543 = CARTESIAN_POINT('',(-12.50000001184,2.803847560791));
#8544 = CARTESIAN_POINT('',(-12.50000001184,7.999999983498));
#8545 = ( GEOMETRIC_REPRESENTATION_CONTEXT(2) 
PARAMETRIC_REPRESENTATION_CONTEXT() REPRESENTATION_CONTEXT('2D SPACE',''
  ) );
#8546 = ORIENTED_EDGE('',*,*,#8547,.F.);
#8547 = EDGE_CURVE('',#2068,#8520,#8548,.T.);
#8548 = SURFACE_CURVE('',#8549,(#8553,#8560),.PCURVE_S1.);
#8549 = LINE('',#8550,#8551);
#8550 = CARTESIAN_POINT('',(-9.5,10.999999983077,-1.));
#8551 = VECTOR('',#8552,1.);
#8552 = DIRECTION('',(0.,0.,1.));
#8553 = PCURVE('',#2088,#8554);
#8554 = DEFINITIONAL_REPRESENTATION('',(#8555),#8559);
#8555 = LINE('',#8556,#8557);
#8556 = CARTESIAN_POINT('',(1.570796326795,0.));
#8557 = VECTOR('',#8558,1.);
#8558 = DIRECTION('',(0.,-1.));
#8559 = ( GEOMETRIC_REPRESENTATION_CONTEXT(2) 
PARAMETRIC_REPRESENTATION_CONTEXT() REPRESENTATION_CONTEXT('2D SPACE',''
  ) );
#8560 = PCURVE('',#2115,#8561);
#8561 = DEFINITIONAL_REPRESENTATION('',(#8562),#8566);
#8562 = LINE('',#8563,#8564);
#8563 = CARTESIAN_POINT('',(0.,0.));
#8564 = VECTOR('',#8565,1.);
#8565 = DIRECTION('',(0.,-1.));
#8566 = ( GEOMETRIC_REPRESENTATION_CONTEXT(2) 
PARAMETRIC_REPRESENTATION_CONTEXT() REPRESENTATION_CONTEXT('2D SPACE',''
  ) );
#8567 = ADVANCED_FACE('',(#8568),#2263,.F.);
#8568 = FACE_BOUND('',#8569,.F.);
#8569 = EDGE_LOOP('',(#8570,#8571,#8594,#8620));
#8570 = ORIENTED_EDGE('',*,*,#2244,.F.);
#8571 = ORIENTED_EDGE('',*,*,#8572,.T.);
#8572 = EDGE_CURVE('',#2219,#8573,#8575,.T.);
#8573 = VERTEX_POINT('',#8574);
#8574 = CARTESIAN_POINT('',(-9.5,-5.,3.));
#8575 = SURFACE_CURVE('',#8576,(#8580,#8587),.PCURVE_S1.);
#8576 = LINE('',#8577,#8578);
#8577 = CARTESIAN_POINT('',(-9.5,-5.,-1.));
#8578 = VECTOR('',#8579,1.);
#8579 = DIRECTION('',(0.,0.,1.));
#8580 = PCURVE('',#2263,#8581);
#8581 = DEFINITIONAL_REPRESENTATION('',(#8582),#8586);
#8582 = LINE('',#8583,#8584);
#8583 = CARTESIAN_POINT('',(4.712388980385,0.));
#8584 = VECTOR('',#8585,1.);
#8585 = DIRECTION('',(0.,-1.));
#8586 = ( GEOMETRIC_REPRESENTATION_CONTEXT(2) 
PARAMETRIC_REPRESENTATION_CONTEXT() REPRESENTATION_CONTEXT('2D SPACE',''
  ) );
#8587 = PCURVE('',#2233,#8588);
#8588 = DEFINITIONAL_REPRESENTATION('',(#8589),#8593);
#8589 = LINE('',#8590,#8591);
#8590 = CARTESIAN_POINT('',(0.,0.));
#8591 = VECTOR('',#8592,1.);
#8592 = DIRECTION('',(0.,-1.));
#8593 = ( GEOMETRIC_REPRESENTATION_CONTEXT(2) 
PARAMETRIC_REPRESENTATION_CONTEXT() REPRESENTATION_CONTEXT('2D SPACE',''
  ) );
#8594 = ORIENTED_EDGE('',*,*,#8595,.T.);
#8595 = EDGE_CURVE('',#8573,#8445,#8596,.T.);
#8596 = SURFACE_CURVE('',#8597,(#8602,#8609),.PCURVE_S1.);
#8597 = CIRCLE('',#8598,3.);
#8598 = AXIS2_PLACEMENT_3D('',#8599,#8600,#8601);
#8599 = CARTESIAN_POINT('',(-9.5,-2.,3.));
#8600 = DIRECTION('',(0.,0.,-1.));
#8601 = DIRECTION('',(-1.,0.,0.));
#8602 = PCURVE('',#2263,#8603);
#8603 = DEFINITIONAL_REPRESENTATION('',(#8604),#8608);
#8604 = LINE('',#8605,#8606);
#8605 = CARTESIAN_POINT('',(0.,-4.));
#8606 = VECTOR('',#8607,1.);
#8607 = DIRECTION('',(1.,0.));
#8608 = ( GEOMETRIC_REPRESENTATION_CONTEXT(2) 
PARAMETRIC_REPRESENTATION_CONTEXT() REPRESENTATION_CONTEXT('2D SPACE',''
  ) );
#8609 = PCURVE('',#8482,#8610);
#8610 = DEFINITIONAL_REPRESENTATION('',(#8611),#8619);
#8611 = ( BOUNDED_CURVE() B_SPLINE_CURVE(2,(#8612,#8613,#8614,#8615,
#8616,#8617,#8618),.UNSPECIFIED.,.T.,.F.) B_SPLINE_CURVE_WITH_KNOTS((1,2
    ,2,2,2,1),(-2.094395102393,0.,2.094395102393,4.188790204786,
6.28318530718,8.377580409573),.UNSPECIFIED.) CURVE() 
GEOMETRIC_REPRESENTATION_ITEM() RATIONAL_B_SPLINE_CURVE((1.,0.5,1.,0.5,
1.,0.5,1.)) REPRESENTATION_ITEM('') );
#8612 = CARTESIAN_POINT('',(-12.50000001184,-1.999999982656));
#8613 = CARTESIAN_POINT('',(-12.50000001184,3.196152440051));
#8614 = CARTESIAN_POINT('',(-8.000000011848,0.598076228697));
#8615 = CARTESIAN_POINT('',(-3.500000011848,-1.999999982656));
#8616 = CARTESIAN_POINT('',(-8.000000011848,-4.598076194009));
#8617 = CARTESIAN_POINT('',(-12.50000001184,-7.196152405363));
#8618 = CARTESIAN_POINT('',(-12.50000001184,-1.999999982656));
#8619 = ( GEOMETRIC_REPRESENTATION_CONTEXT(2) 
PARAMETRIC_REPRESENTATION_CONTEXT() REPRESENTATION_CONTEXT('2D SPACE',''
  ) );
#8620 = ORIENTED_EDGE('',*,*,#8444,.F.);
#8621 = ADVANCED_FACE('',(#8622),#2115,.F.);
#8622 = FACE_BOUND('',#8623,.F.);
#8623 = EDGE_LOOP('',(#8624,#8625,#8626,#8647));
#8624 = ORIENTED_EDGE('',*,*,#2100,.T.);
#8625 = ORIENTED_EDGE('',*,*,#8547,.T.);
#8626 = ORIENTED_EDGE('',*,*,#8627,.F.);
#8627 = EDGE_CURVE('',#8628,#8520,#8630,.T.);
#8628 = VERTEX_POINT('',#8629);
#8629 = CARTESIAN_POINT('',(9.5,10.999999983077,3.));
#8630 = SURFACE_CURVE('',#8631,(#8635,#8641),.PCURVE_S1.);
#8631 = LINE('',#8632,#8633);
#8632 = CARTESIAN_POINT('',(-4.749999994076,11.,3.));
#8633 = VECTOR('',#8634,1.);
#8634 = DIRECTION('',(-1.,0.,0.));
#8635 = PCURVE('',#2115,#8636);
#8636 = DEFINITIONAL_REPRESENTATION('',(#8637),#8640);
#8637 = B_SPLINE_CURVE_WITH_KNOTS('',1,(#8638,#8639),.UNSPECIFIED.,.F.,
  .F.,(2,2),(-14.24999999407,4.750000005924),.PIECEWISE_BEZIER_KNOTS.);
#8638 = CARTESIAN_POINT('',(19.,-4.));
#8639 = CARTESIAN_POINT('',(0.,-4.));
#8640 = ( GEOMETRIC_REPRESENTATION_CONTEXT(2) 
PARAMETRIC_REPRESENTATION_CONTEXT() REPRESENTATION_CONTEXT('2D SPACE',''
  ) );
#8641 = PCURVE('',#8482,#8642);
#8642 = DEFINITIONAL_REPRESENTATION('',(#8643),#8646);
#8643 = B_SPLINE_CURVE_WITH_KNOTS('',1,(#8644,#8645),.UNSPECIFIED.,.F.,
  .F.,(2,2),(-14.24999999407,4.750000005924),.PIECEWISE_BEZIER_KNOTS.);
#8644 = CARTESIAN_POINT('',(9.499999988152,11.000000017344));
#8645 = CARTESIAN_POINT('',(-9.500000011848,11.000000017344));
#8646 = ( GEOMETRIC_REPRESENTATION_CONTEXT(2) 
PARAMETRIC_REPRESENTATION_CONTEXT() REPRESENTATION_CONTEXT('2D SPACE',''
  ) );
#8647 = ORIENTED_EDGE('',*,*,#8648,.F.);
#8648 = EDGE_CURVE('',#2101,#8628,#8649,.T.);
#8649 = SURFACE_CURVE('',#8650,(#8654,#8661),.PCURVE_S1.);
#8650 = LINE('',#8651,#8652);
#8651 = CARTESIAN_POINT('',(9.5,10.999999983077,-1.));
#8652 = VECTOR('',#8653,1.);
#8653 = DIRECTION('',(0.,0.,1.));
#8654 = PCURVE('',#2115,#8655);
#8655 = DEFINITIONAL_REPRESENTATION('',(#8656),#8660);
#8656 = LINE('',#8657,#8658);
#8657 = CARTESIAN_POINT('',(19.,0.));
#8658 = VECTOR('',#8659,1.);
#8659 = DIRECTION('',(0.,-1.));
#8660 = ( GEOMETRIC_REPRESENTATION_CONTEXT(2) 
PARAMETRIC_REPRESENTATION_CONTEXT() REPRESENTATION_CONTEXT('2D SPACE',''
  ) );
#8661 = PCURVE('',#2147,#8662);
#8662 = DEFINITIONAL_REPRESENTATION('',(#8663),#8667);
#8663 = LINE('',#8664,#8665);
#8664 = CARTESIAN_POINT('',(1.570796326795,0.));
#8665 = VECTOR('',#8666,1.);
#8666 = DIRECTION('',(0.,-1.));
#8667 = ( GEOMETRIC_REPRESENTATION_CONTEXT(2) 
PARAMETRIC_REPRESENTATION_CONTEXT() REPRESENTATION_CONTEXT('2D SPACE',''
  ) );
#8668 = ADVANCED_FACE('',(#8669),#2233,.T.);
#8669 = FACE_BOUND('',#8670,.T.);
#8670 = EDGE_LOOP('',(#8671,#8672,#8673,#8694));
#8671 = ORIENTED_EDGE('',*,*,#2218,.T.);
#8672 = ORIENTED_EDGE('',*,*,#8572,.T.);
#8673 = ORIENTED_EDGE('',*,*,#8674,.F.);
#8674 = EDGE_CURVE('',#8675,#8573,#8677,.T.);
#8675 = VERTEX_POINT('',#8676);
#8676 = CARTESIAN_POINT('',(9.5,-5.,3.));
#8677 = SURFACE_CURVE('',#8678,(#8682,#8688),.PCURVE_S1.);
#8678 = LINE('',#8679,#8680);
#8679 = CARTESIAN_POINT('',(-4.749999994076,-5.,3.));
#8680 = VECTOR('',#8681,1.);
#8681 = DIRECTION('',(-1.,0.,0.));
#8682 = PCURVE('',#2233,#8683);
#8683 = DEFINITIONAL_REPRESENTATION('',(#8684),#8687);
#8684 = B_SPLINE_CURVE_WITH_KNOTS('',1,(#8685,#8686),.UNSPECIFIED.,.F.,
  .F.,(2,2),(-14.24999999407,4.750000005924),.PIECEWISE_BEZIER_KNOTS.);
#8685 = CARTESIAN_POINT('',(19.,-4.));
#8686 = CARTESIAN_POINT('',(0.,-4.));
#8687 = ( GEOMETRIC_REPRESENTATION_CONTEXT(2) 
PARAMETRIC_REPRESENTATION_CONTEXT() REPRESENTATION_CONTEXT('2D SPACE',''
  ) );
#8688 = PCURVE('',#8482,#8689);
#8689 = DEFINITIONAL_REPRESENTATION('',(#8690),#8693);
#8690 = B_SPLINE_CURVE_WITH_KNOTS('',1,(#8691,#8692),.UNSPECIFIED.,.F.,
  .F.,(2,2),(-14.24999999407,4.750000005924),.PIECEWISE_BEZIER_KNOTS.);
#8691 = CARTESIAN_POINT('',(9.499999988152,-4.999999982656));
#8692 = CARTESIAN_POINT('',(-9.500000011848,-4.999999982656));
#8693 = ( GEOMETRIC_REPRESENTATION_CONTEXT(2) 
PARAMETRIC_REPRESENTATION_CONTEXT() REPRESENTATION_CONTEXT('2D SPACE',''
  ) );
#8694 = ORIENTED_EDGE('',*,*,#8695,.F.);
#8695 = EDGE_CURVE('',#2186,#8675,#8696,.T.);
#8696 = SURFACE_CURVE('',#8697,(#8701,#8708),.PCURVE_S1.);
#8697 = LINE('',#8698,#8699);
#8698 = CARTESIAN_POINT('',(9.5,-5.,-1.));
#8699 = VECTOR('',#8700,1.);
#8700 = DIRECTION('',(0.,0.,1.));
#8701 = PCURVE('',#2233,#8702);
#8702 = DEFINITIONAL_REPRESENTATION('',(#8703),#8707);
#8703 = LINE('',#8704,#8705);
#8704 = CARTESIAN_POINT('',(19.,0.));
#8705 = VECTOR('',#8706,1.);
#8706 = DIRECTION('',(0.,-1.));
#8707 = ( GEOMETRIC_REPRESENTATION_CONTEXT(2) 
PARAMETRIC_REPRESENTATION_CONTEXT() REPRESENTATION_CONTEXT('2D SPACE',''
  ) );
#8708 = PCURVE('',#2206,#8709);
#8709 = DEFINITIONAL_REPRESENTATION('',(#8710),#8714);
#8710 = LINE('',#8711,#8712);
#8711 = CARTESIAN_POINT('',(4.712388980385,0.));
#8712 = VECTOR('',#8713,1.);
#8713 = DIRECTION('',(0.,-1.));
#8714 = ( GEOMETRIC_REPRESENTATION_CONTEXT(2) 
PARAMETRIC_REPRESENTATION_CONTEXT() REPRESENTATION_CONTEXT('2D SPACE',''
  ) );
#8715 = ADVANCED_FACE('',(#8716),#2147,.F.);
#8716 = FACE_BOUND('',#8717,.F.);
#8717 = EDGE_LOOP('',(#8718,#8719,#8720,#8748));
#8718 = ORIENTED_EDGE('',*,*,#2126,.F.);
#8719 = ORIENTED_EDGE('',*,*,#8648,.T.);
#8720 = ORIENTED_EDGE('',*,*,#8721,.T.);
#8721 = EDGE_CURVE('',#8628,#8722,#8724,.T.);
#8722 = VERTEX_POINT('',#8723);
#8723 = CARTESIAN_POINT('',(12.5,7.999999966154,3.));
#8724 = SURFACE_CURVE('',#8725,(#8730,#8737),.PCURVE_S1.);
#8725 = CIRCLE('',#8726,3.);
#8726 = AXIS2_PLACEMENT_3D('',#8727,#8728,#8729);
#8727 = CARTESIAN_POINT('',(9.5,7.999999966154,3.));
#8728 = DIRECTION('',(0.,0.,-1.));
#8729 = DIRECTION('',(-1.,0.,0.));
#8730 = PCURVE('',#2147,#8731);
#8731 = DEFINITIONAL_REPRESENTATION('',(#8732),#8736);
#8732 = LINE('',#8733,#8734);
#8733 = CARTESIAN_POINT('',(0.,-4.));
#8734 = VECTOR('',#8735,1.);
#8735 = DIRECTION('',(1.,0.));
#8736 = ( GEOMETRIC_REPRESENTATION_CONTEXT(2) 
PARAMETRIC_REPRESENTATION_CONTEXT() REPRESENTATION_CONTEXT('2D SPACE',''
  ) );
#8737 = PCURVE('',#8482,#8738);
#8738 = DEFINITIONAL_REPRESENTATION('',(#8739),#8747);
#8739 = ( BOUNDED_CURVE() B_SPLINE_CURVE(2,(#8740,#8741,#8742,#8743,
#8744,#8745,#8746),.UNSPECIFIED.,.T.,.F.) B_SPLINE_CURVE_WITH_KNOTS((1,2
    ,2,2,2,1),(-2.094395102393,0.,2.094395102393,4.188790204786,
6.28318530718,8.377580409573),.UNSPECIFIED.) CURVE() 
GEOMETRIC_REPRESENTATION_ITEM() RATIONAL_B_SPLINE_CURVE((1.,0.5,1.,0.5,
1.,0.5,1.)) REPRESENTATION_ITEM('') );
#8740 = CARTESIAN_POINT('',(6.499999988152,7.999999983498));
#8741 = CARTESIAN_POINT('',(6.499999988152,13.196152406204));
#8742 = CARTESIAN_POINT('',(10.999999988152,10.598076194851));
#8743 = CARTESIAN_POINT('',(15.499999988152,7.999999983498));
#8744 = CARTESIAN_POINT('',(10.999999988152,5.401923772144));
#8745 = CARTESIAN_POINT('',(6.499999988152,2.803847560791));
#8746 = CARTESIAN_POINT('',(6.499999988152,7.999999983498));
#8747 = ( GEOMETRIC_REPRESENTATION_CONTEXT(2) 
PARAMETRIC_REPRESENTATION_CONTEXT() REPRESENTATION_CONTEXT('2D SPACE',''
  ) );
#8748 = ORIENTED_EDGE('',*,*,#8749,.F.);
#8749 = EDGE_CURVE('',#2127,#8722,#8750,.T.);
#8750 = SURFACE_CURVE('',#8751,(#8755,#8762),.PCURVE_S1.);
#8751 = LINE('',#8752,#8753);
#8752 = CARTESIAN_POINT('',(12.5,7.999999966154,-1.));
#8753 = VECTOR('',#8754,1.);
#8754 = DIRECTION('',(0.,0.,1.));
#8755 = PCURVE('',#2147,#8756);
#8756 = DEFINITIONAL_REPRESENTATION('',(#8757),#8761);
#8757 = LINE('',#8758,#8759);
#8758 = CARTESIAN_POINT('',(3.14159265359,0.));
#8759 = VECTOR('',#8760,1.);
#8760 = DIRECTION('',(0.,-1.));
#8761 = ( GEOMETRIC_REPRESENTATION_CONTEXT(2) 
PARAMETRIC_REPRESENTATION_CONTEXT() REPRESENTATION_CONTEXT('2D SPACE',''
  ) );
#8762 = PCURVE('',#2174,#8763);
#8763 = DEFINITIONAL_REPRESENTATION('',(#8764),#8768);
#8764 = LINE('',#8765,#8766);
#8765 = CARTESIAN_POINT('',(9.999999966154,0.));
#8766 = VECTOR('',#8767,1.);
#8767 = DIRECTION('',(0.,-1.));
#8768 = ( GEOMETRIC_REPRESENTATION_CONTEXT(2) 
PARAMETRIC_REPRESENTATION_CONTEXT() REPRESENTATION_CONTEXT('2D SPACE',''
  ) );
#8769 = ADVANCED_FACE('',(#8770),#2206,.F.);
#8770 = FACE_BOUND('',#8771,.F.);
#8771 = EDGE_LOOP('',(#8772,#8773,#8796,#8822));
#8772 = ORIENTED_EDGE('',*,*,#2185,.F.);
#8773 = ORIENTED_EDGE('',*,*,#8774,.T.);
#8774 = EDGE_CURVE('',#2160,#8775,#8777,.T.);
#8775 = VERTEX_POINT('',#8776);
#8776 = CARTESIAN_POINT('',(12.5,-2.,3.));
#8777 = SURFACE_CURVE('',#8778,(#8782,#8789),.PCURVE_S1.);
#8778 = LINE('',#8779,#8780);
#8779 = CARTESIAN_POINT('',(12.5,-2.,-1.));
#8780 = VECTOR('',#8781,1.);
#8781 = DIRECTION('',(0.,0.,1.));
#8782 = PCURVE('',#2206,#8783);
#8783 = DEFINITIONAL_REPRESENTATION('',(#8784),#8788);
#8784 = LINE('',#8785,#8786);
#8785 = CARTESIAN_POINT('',(3.14159265359,0.));
#8786 = VECTOR('',#8787,1.);
#8787 = DIRECTION('',(0.,-1.));
#8788 = ( GEOMETRIC_REPRESENTATION_CONTEXT(2) 
PARAMETRIC_REPRESENTATION_CONTEXT() REPRESENTATION_CONTEXT('2D SPACE',''
  ) );
#8789 = PCURVE('',#2174,#8790);
#8790 = DEFINITIONAL_REPRESENTATION('',(#8791),#8795);
#8791 = LINE('',#8792,#8793);
#8792 = CARTESIAN_POINT('',(0.,0.));
#8793 = VECTOR('',#8794,1.);
#8794 = DIRECTION('',(0.,-1.));
#8795 = ( GEOMETRIC_REPRESENTATION_CONTEXT(2) 
PARAMETRIC_REPRESENTATION_CONTEXT() REPRESENTATION_CONTEXT('2D SPACE',''
  ) );
#8796 = ORIENTED_EDGE('',*,*,#8797,.T.);
#8797 = EDGE_CURVE('',#8775,#8675,#8798,.T.);
#8798 = SURFACE_CURVE('',#8799,(#8804,#8811),.PCURVE_S1.);
#8799 = CIRCLE('',#8800,3.);
#8800 = AXIS2_PLACEMENT_3D('',#8801,#8802,#8803);
#8801 = CARTESIAN_POINT('',(9.5,-2.,3.));
#8802 = DIRECTION('',(0.,0.,-1.));
#8803 = DIRECTION('',(-1.,0.,0.));
#8804 = PCURVE('',#2206,#8805);
#8805 = DEFINITIONAL_REPRESENTATION('',(#8806),#8810);
#8806 = LINE('',#8807,#8808);
#8807 = CARTESIAN_POINT('',(0.,-4.));
#8808 = VECTOR('',#8809,1.);
#8809 = DIRECTION('',(1.,0.));
#8810 = ( GEOMETRIC_REPRESENTATION_CONTEXT(2) 
PARAMETRIC_REPRESENTATION_CONTEXT() REPRESENTATION_CONTEXT('2D SPACE',''
  ) );
#8811 = PCURVE('',#8482,#8812);
#8812 = DEFINITIONAL_REPRESENTATION('',(#8813),#8821);
#8813 = ( BOUNDED_CURVE() B_SPLINE_CURVE(2,(#8814,#8815,#8816,#8817,
#8818,#8819,#8820),.UNSPECIFIED.,.T.,.F.) B_SPLINE_CURVE_WITH_KNOTS((1,2
    ,2,2,2,1),(-2.094395102393,0.,2.094395102393,4.188790204786,
6.28318530718,8.377580409573),.UNSPECIFIED.) CURVE() 
GEOMETRIC_REPRESENTATION_ITEM() RATIONAL_B_SPLINE_CURVE((1.,0.5,1.,0.5,
1.,0.5,1.)) REPRESENTATION_ITEM('') );
#8814 = CARTESIAN_POINT('',(6.499999988152,-1.999999982656));
#8815 = CARTESIAN_POINT('',(6.499999988152,3.196152440051));
#8816 = CARTESIAN_POINT('',(10.999999988152,0.598076228697));
#8817 = CARTESIAN_POINT('',(15.499999988152,-1.999999982656));
#8818 = CARTESIAN_POINT('',(10.999999988152,-4.598076194009));
#8819 = CARTESIAN_POINT('',(6.499999988152,-7.196152405363));
#8820 = CARTESIAN_POINT('',(6.499999988152,-1.999999982656));
#8821 = ( GEOMETRIC_REPRESENTATION_CONTEXT(2) 
PARAMETRIC_REPRESENTATION_CONTEXT() REPRESENTATION_CONTEXT('2D SPACE',''
  ) );
#8822 = ORIENTED_EDGE('',*,*,#8695,.F.);
#8823 = ADVANCED_FACE('',(#8824),#2174,.T.);
#8824 = FACE_BOUND('',#8825,.T.);
#8825 = EDGE_LOOP('',(#8826,#8827,#8828,#8847));
#8826 = ORIENTED_EDGE('',*,*,#2159,.T.);
#8827 = ORIENTED_EDGE('',*,*,#8774,.T.);
#8828 = ORIENTED_EDGE('',*,*,#8829,.F.);
#8829 = EDGE_CURVE('',#8722,#8775,#8830,.T.);
#8830 = SURFACE_CURVE('',#8831,(#8835,#8841),.PCURVE_S1.);
#8831 = LINE('',#8832,#8833);
#8832 = CARTESIAN_POINT('',(12.5,-1.000000008672,3.));
#8833 = VECTOR('',#8834,1.);
#8834 = DIRECTION('',(0.,-1.,0.));
#8835 = PCURVE('',#2174,#8836);
#8836 = DEFINITIONAL_REPRESENTATION('',(#8837),#8840);
#8837 = B_SPLINE_CURVE_WITH_KNOTS('',1,(#8838,#8839),.UNSPECIFIED.,.F.,
  .F.,(2,2),(-8.999999974826,0.999999991328),.PIECEWISE_BEZIER_KNOTS.);
#8838 = CARTESIAN_POINT('',(9.999999966154,-4.));
#8839 = CARTESIAN_POINT('',(0.,-4.));
#8840 = ( GEOMETRIC_REPRESENTATION_CONTEXT(2) 
PARAMETRIC_REPRESENTATION_CONTEXT() REPRESENTATION_CONTEXT('2D SPACE',''
  ) );
#8841 = PCURVE('',#8482,#8842);
#8842 = DEFINITIONAL_REPRESENTATION('',(#8843),#8846);
#8843 = B_SPLINE_CURVE_WITH_KNOTS('',1,(#8844,#8845),.UNSPECIFIED.,.F.,
  .F.,(2,2),(-8.999999974826,0.999999991328),.PIECEWISE_BEZIER_KNOTS.);
#8844 = CARTESIAN_POINT('',(12.499999988152,7.999999983498));
#8845 = CARTESIAN_POINT('',(12.499999988152,-1.999999982656));
#8846 = ( GEOMETRIC_REPRESENTATION_CONTEXT(2) 
PARAMETRIC_REPRESENTATION_CONTEXT() REPRESENTATION_CONTEXT('2D SPACE',''
  ) );
#8847 = ORIENTED_EDGE('',*,*,#8749,.F.);
#8848 = ADVANCED_FACE('',(#8849),#2294,.F.);
#8849 = FACE_BOUND('',#8850,.F.);
#8850 = EDGE_LOOP('',(#8851,#8852,#8875,#8903));
#8851 = ORIENTED_EDGE('',*,*,#2277,.T.);
#8852 = ORIENTED_EDGE('',*,*,#8853,.T.);
#8853 = EDGE_CURVE('',#2280,#8854,#8856,.T.);
#8854 = VERTEX_POINT('',#8855);
#8855 = CARTESIAN_POINT('',(7.6,-26.11,0.5));
#8856 = SURFACE_CURVE('',#8857,(#8861,#8868),.PCURVE_S1.);
#8857 = LINE('',#8858,#8859);
#8858 = CARTESIAN_POINT('',(7.6,-26.11,-1.));
#8859 = VECTOR('',#8860,1.);
#8860 = DIRECTION('',(0.,0.,1.));
#8861 = PCURVE('',#2294,#8862);
#8862 = DEFINITIONAL_REPRESENTATION('',(#8863),#8867);
#8863 = LINE('',#8864,#8865);
#8864 = CARTESIAN_POINT('',(0.,0.));
#8865 = VECTOR('',#8866,1.);
#8866 = DIRECTION('',(0.,-1.));
#8867 = ( GEOMETRIC_REPRESENTATION_CONTEXT(2) 
PARAMETRIC_REPRESENTATION_CONTEXT() REPRESENTATION_CONTEXT('2D SPACE',''
  ) );
#8868 = PCURVE('',#2501,#8869);
#8869 = DEFINITIONAL_REPRESENTATION('',(#8870),#8874);
#8870 = LINE('',#8871,#8872);
#8871 = CARTESIAN_POINT('',(-3.14159265359,0.));
#8872 = VECTOR('',#8873,1.);
#8873 = DIRECTION('',(-0.,-1.));
#8874 = ( GEOMETRIC_REPRESENTATION_CONTEXT(2) 
PARAMETRIC_REPRESENTATION_CONTEXT() REPRESENTATION_CONTEXT('2D SPACE',''
  ) );
#8875 = ORIENTED_EDGE('',*,*,#8876,.T.);
#8876 = EDGE_CURVE('',#8854,#8877,#8879,.T.);
#8877 = VERTEX_POINT('',#8878);
#8878 = CARTESIAN_POINT('',(7.6,-23.89,0.5));
#8879 = SURFACE_CURVE('',#8880,(#8884,#8891),.PCURVE_S1.);
#8880 = LINE('',#8881,#8882);
#8881 = CARTESIAN_POINT('',(7.600000000096,-25.,0.5));
#8882 = VECTOR('',#8883,1.);
#8883 = DIRECTION('',(0.,1.,0.));
#8884 = PCURVE('',#2294,#8885);
#8885 = DEFINITIONAL_REPRESENTATION('',(#8886),#8890);
#8886 = LINE('',#8887,#8888);
#8887 = CARTESIAN_POINT('',(1.11,-1.5));
#8888 = VECTOR('',#8889,1.);
#8889 = DIRECTION('',(1.,0.));
#8890 = ( GEOMETRIC_REPRESENTATION_CONTEXT(2) 
PARAMETRIC_REPRESENTATION_CONTEXT() REPRESENTATION_CONTEXT('2D SPACE',''
  ) );
#8891 = PCURVE('',#8892,#8897);
#8892 = PLANE('',#8893);
#8893 = AXIS2_PLACEMENT_3D('',#8894,#8895,#8896);
#8894 = CARTESIAN_POINT('',(7.999999999846,-25.,0.5));
#8895 = DIRECTION('',(0.,0.,1.));
#8896 = DIRECTION('',(1.,0.,0.));
#8897 = DEFINITIONAL_REPRESENTATION('',(#8898),#8902);
#8898 = LINE('',#8899,#8900);
#8899 = CARTESIAN_POINT('',(-0.39999999975,5.830541821236E-17));
#8900 = VECTOR('',#8901,1.);
#8901 = DIRECTION('',(0.,1.));
#8902 = ( GEOMETRIC_REPRESENTATION_CONTEXT(2) 
PARAMETRIC_REPRESENTATION_CONTEXT() REPRESENTATION_CONTEXT('2D SPACE',''
  ) );
#8903 = ORIENTED_EDGE('',*,*,#8904,.F.);
#8904 = EDGE_CURVE('',#2278,#8877,#8905,.T.);
#8905 = SURFACE_CURVE('',#8906,(#8910,#8917),.PCURVE_S1.);
#8906 = LINE('',#8907,#8908);
#8907 = CARTESIAN_POINT('',(7.6,-23.89,-1.));
#8908 = VECTOR('',#8909,1.);
#8909 = DIRECTION('',(0.,0.,1.));
#8910 = PCURVE('',#2294,#8911);
#8911 = DEFINITIONAL_REPRESENTATION('',(#8912),#8916);
#8912 = LINE('',#8913,#8914);
#8913 = CARTESIAN_POINT('',(2.22,0.));
#8914 = VECTOR('',#8915,1.);
#8915 = DIRECTION('',(0.,-1.));
#8916 = ( GEOMETRIC_REPRESENTATION_CONTEXT(2) 
PARAMETRIC_REPRESENTATION_CONTEXT() REPRESENTATION_CONTEXT('2D SPACE',''
  ) );
#8917 = PCURVE('',#2326,#8918);
#8918 = DEFINITIONAL_REPRESENTATION('',(#8919),#8923);
#8919 = LINE('',#8920,#8921);
#8920 = CARTESIAN_POINT('',(-3.14159265359,0.));
#8921 = VECTOR('',#8922,1.);
#8922 = DIRECTION('',(-0.,-1.));
#8923 = ( GEOMETRIC_REPRESENTATION_CONTEXT(2) 
PARAMETRIC_REPRESENTATION_CONTEXT() REPRESENTATION_CONTEXT('2D SPACE',''
  ) );
#8924 = ADVANCED_FACE('',(#8925),#2326,.F.);
#8925 = FACE_BOUND('',#8926,.T.);
#8926 = EDGE_LOOP('',(#8927,#8928,#8951,#8973));
#8927 = ORIENTED_EDGE('',*,*,#2305,.T.);
#8928 = ORIENTED_EDGE('',*,*,#8929,.T.);
#8929 = EDGE_CURVE('',#2306,#8930,#8932,.T.);
#8930 = VERTEX_POINT('',#8931);
#8931 = CARTESIAN_POINT('',(7.989999999904,-23.5,0.5));
#8932 = SURFACE_CURVE('',#8933,(#8937,#8944),.PCURVE_S1.);
#8933 = LINE('',#8934,#8935);
#8934 = CARTESIAN_POINT('',(7.989999999904,-23.5,-1.));
#8935 = VECTOR('',#8936,1.);
#8936 = DIRECTION('',(0.,0.,1.));
#8937 = PCURVE('',#2326,#8938);
#8938 = DEFINITIONAL_REPRESENTATION('',(#8939),#8943);
#8939 = LINE('',#8940,#8941);
#8940 = CARTESIAN_POINT('',(-1.570796326795,0.));
#8941 = VECTOR('',#8942,1.);
#8942 = DIRECTION('',(-0.,-1.));
#8943 = ( GEOMETRIC_REPRESENTATION_CONTEXT(2) 
PARAMETRIC_REPRESENTATION_CONTEXT() REPRESENTATION_CONTEXT('2D SPACE',''
  ) );
#8944 = PCURVE('',#2353,#8945);
#8945 = DEFINITIONAL_REPRESENTATION('',(#8946),#8950);
#8946 = LINE('',#8947,#8948);
#8947 = CARTESIAN_POINT('',(6.938893903907E-18,0.));
#8948 = VECTOR('',#8949,1.);
#8949 = DIRECTION('',(0.,-1.));
#8950 = ( GEOMETRIC_REPRESENTATION_CONTEXT(2) 
PARAMETRIC_REPRESENTATION_CONTEXT() REPRESENTATION_CONTEXT('2D SPACE',''
  ) );
#8951 = ORIENTED_EDGE('',*,*,#8952,.T.);
#8952 = EDGE_CURVE('',#8930,#8877,#8953,.T.);
#8953 = SURFACE_CURVE('',#8954,(#8959,#8966),.PCURVE_S1.);
#8954 = CIRCLE('',#8955,0.39);
#8955 = AXIS2_PLACEMENT_3D('',#8956,#8957,#8958);
#8956 = CARTESIAN_POINT('',(7.989999999904,-23.89,0.5));
#8957 = DIRECTION('',(0.,0.,1.));
#8958 = DIRECTION('',(1.,0.,0.));
#8959 = PCURVE('',#2326,#8960);
#8960 = DEFINITIONAL_REPRESENTATION('',(#8961),#8965);
#8961 = LINE('',#8962,#8963);
#8962 = CARTESIAN_POINT('',(-0.,-1.5));
#8963 = VECTOR('',#8964,1.);
#8964 = DIRECTION('',(-1.,0.));
#8965 = ( GEOMETRIC_REPRESENTATION_CONTEXT(2) 
PARAMETRIC_REPRESENTATION_CONTEXT() REPRESENTATION_CONTEXT('2D SPACE',''
  ) );
#8966 = PCURVE('',#8892,#8967);
#8967 = DEFINITIONAL_REPRESENTATION('',(#8968),#8972);
#8968 = CIRCLE('',#8969,0.39);
#8969 = AXIS2_PLACEMENT_2D('',#8970,#8971);
#8970 = CARTESIAN_POINT('',(-9.999999942065E-03,1.11));
#8971 = DIRECTION('',(1.,0.));
#8972 = ( GEOMETRIC_REPRESENTATION_CONTEXT(2) 
PARAMETRIC_REPRESENTATION_CONTEXT() REPRESENTATION_CONTEXT('2D SPACE',''
  ) );
#8973 = ORIENTED_EDGE('',*,*,#8904,.F.);
#8974 = ADVANCED_FACE('',(#8975),#2501,.F.);
#8975 = FACE_BOUND('',#8976,.T.);
#8976 = EDGE_LOOP('',(#8977,#8978,#8979,#9003));
#8977 = ORIENTED_EDGE('',*,*,#2482,.T.);
#8978 = ORIENTED_EDGE('',*,*,#8853,.T.);
#8979 = ORIENTED_EDGE('',*,*,#8980,.T.);
#8980 = EDGE_CURVE('',#8854,#8981,#8983,.T.);
#8981 = VERTEX_POINT('',#8982);
#8982 = CARTESIAN_POINT('',(7.989999999904,-26.5,0.5));
#8983 = SURFACE_CURVE('',#8984,(#8989,#8996),.PCURVE_S1.);
#8984 = CIRCLE('',#8985,0.39);
#8985 = AXIS2_PLACEMENT_3D('',#8986,#8987,#8988);
#8986 = CARTESIAN_POINT('',(7.989999999904,-26.11,0.5));
#8987 = DIRECTION('',(0.,0.,1.));
#8988 = DIRECTION('',(1.,0.,0.));
#8989 = PCURVE('',#2501,#8990);
#8990 = DEFINITIONAL_REPRESENTATION('',(#8991),#8995);
#8991 = LINE('',#8992,#8993);
#8992 = CARTESIAN_POINT('',(-0.,-1.5));
#8993 = VECTOR('',#8994,1.);
#8994 = DIRECTION('',(-1.,0.));
#8995 = ( GEOMETRIC_REPRESENTATION_CONTEXT(2) 
PARAMETRIC_REPRESENTATION_CONTEXT() REPRESENTATION_CONTEXT('2D SPACE',''
  ) );
#8996 = PCURVE('',#8892,#8997);
#8997 = DEFINITIONAL_REPRESENTATION('',(#8998),#9002);
#8998 = CIRCLE('',#8999,0.39);
#8999 = AXIS2_PLACEMENT_2D('',#9000,#9001);
#9000 = CARTESIAN_POINT('',(-9.999999942065E-03,-1.11));
#9001 = DIRECTION('',(1.,0.));
#9002 = ( GEOMETRIC_REPRESENTATION_CONTEXT(2) 
PARAMETRIC_REPRESENTATION_CONTEXT() REPRESENTATION_CONTEXT('2D SPACE',''
  ) );
#9003 = ORIENTED_EDGE('',*,*,#9004,.F.);
#9004 = EDGE_CURVE('',#2457,#8981,#9005,.T.);
#9005 = SURFACE_CURVE('',#9006,(#9010,#9017),.PCURVE_S1.);
#9006 = LINE('',#9007,#9008);
#9007 = CARTESIAN_POINT('',(7.989999999904,-26.5,-1.));
#9008 = VECTOR('',#9009,1.);
#9009 = DIRECTION('',(0.,0.,1.));
#9010 = PCURVE('',#2501,#9011);
#9011 = DEFINITIONAL_REPRESENTATION('',(#9012),#9016);
#9012 = LINE('',#9013,#9014);
#9013 = CARTESIAN_POINT('',(-4.712388980385,0.));
#9014 = VECTOR('',#9015,1.);
#9015 = DIRECTION('',(-0.,-1.));
#9016 = ( GEOMETRIC_REPRESENTATION_CONTEXT(2) 
PARAMETRIC_REPRESENTATION_CONTEXT() REPRESENTATION_CONTEXT('2D SPACE',''
  ) );
#9017 = PCURVE('',#2471,#9018);
#9018 = DEFINITIONAL_REPRESENTATION('',(#9019),#9023);
#9019 = LINE('',#9020,#9021);
#9020 = CARTESIAN_POINT('',(-4.857225732735E-17,0.));
#9021 = VECTOR('',#9022,1.);
#9022 = DIRECTION('',(0.,-1.));
#9023 = ( GEOMETRIC_REPRESENTATION_CONTEXT(2) 
PARAMETRIC_REPRESENTATION_CONTEXT() REPRESENTATION_CONTEXT('2D SPACE',''
  ) );
#9024 = ADVANCED_FACE('',(#9025),#2353,.F.);
#9025 = FACE_BOUND('',#9026,.F.);
#9026 = EDGE_LOOP('',(#9027,#9028,#9029,#9052));
#9027 = ORIENTED_EDGE('',*,*,#2338,.T.);
#9028 = ORIENTED_EDGE('',*,*,#8929,.T.);
#9029 = ORIENTED_EDGE('',*,*,#9030,.T.);
#9030 = EDGE_CURVE('',#8930,#9031,#9033,.T.);
#9031 = VERTEX_POINT('',#9032);
#9032 = CARTESIAN_POINT('',(8.009999998886,-23.5,0.5));
#9033 = SURFACE_CURVE('',#9034,(#9038,#9045),.PCURVE_S1.);
#9034 = LINE('',#9035,#9036);
#9035 = CARTESIAN_POINT('',(8.000000000096,-23.5,0.5));
#9036 = VECTOR('',#9037,1.);
#9037 = DIRECTION('',(1.,0.,0.));
#9038 = PCURVE('',#2353,#9039);
#9039 = DEFINITIONAL_REPRESENTATION('',(#9040),#9044);
#9040 = LINE('',#9041,#9042);
#9041 = CARTESIAN_POINT('',(1.000000019228E-02,-1.5));
#9042 = VECTOR('',#9043,1.);
#9043 = DIRECTION('',(1.,0.));
#9044 = ( GEOMETRIC_REPRESENTATION_CONTEXT(2) 
PARAMETRIC_REPRESENTATION_CONTEXT() REPRESENTATION_CONTEXT('2D SPACE',''
  ) );
#9045 = PCURVE('',#8892,#9046);
#9046 = DEFINITIONAL_REPRESENTATION('',(#9047),#9051);
#9047 = LINE('',#9048,#9049);
#9048 = CARTESIAN_POINT('',(2.502190905304E-10,1.5));
#9049 = VECTOR('',#9050,1.);
#9050 = DIRECTION('',(1.,0.));
#9051 = ( GEOMETRIC_REPRESENTATION_CONTEXT(2) 
PARAMETRIC_REPRESENTATION_CONTEXT() REPRESENTATION_CONTEXT('2D SPACE',''
  ) );
#9052 = ORIENTED_EDGE('',*,*,#9053,.F.);
#9053 = EDGE_CURVE('',#2339,#9031,#9054,.T.);
#9054 = SURFACE_CURVE('',#9055,(#9059,#9066),.PCURVE_S1.);
#9055 = LINE('',#9056,#9057);
#9056 = CARTESIAN_POINT('',(8.009999998886,-23.5,-1.));
#9057 = VECTOR('',#9058,1.);
#9058 = DIRECTION('',(0.,0.,1.));
#9059 = PCURVE('',#2353,#9060);
#9060 = DEFINITIONAL_REPRESENTATION('',(#9061),#9065);
#9061 = LINE('',#9062,#9063);
#9062 = CARTESIAN_POINT('',(1.999999898183E-02,0.));
#9063 = VECTOR('',#9064,1.);
#9064 = DIRECTION('',(0.,-1.));
#9065 = ( GEOMETRIC_REPRESENTATION_CONTEXT(2) 
PARAMETRIC_REPRESENTATION_CONTEXT() REPRESENTATION_CONTEXT('2D SPACE',''
  ) );
#9066 = PCURVE('',#2385,#9067);
#9067 = DEFINITIONAL_REPRESENTATION('',(#9068),#9072);
#9068 = LINE('',#9069,#9070);
#9069 = CARTESIAN_POINT('',(-1.570796326795,0.));
#9070 = VECTOR('',#9071,1.);
#9071 = DIRECTION('',(-0.,-1.));
#9072 = ( GEOMETRIC_REPRESENTATION_CONTEXT(2) 
PARAMETRIC_REPRESENTATION_CONTEXT() REPRESENTATION_CONTEXT('2D SPACE',''
  ) );
#9073 = ADVANCED_FACE('',(#9074),#2471,.T.);
#9074 = FACE_BOUND('',#9075,.T.);
#9075 = EDGE_LOOP('',(#9076,#9077,#9078,#9101));
#9076 = ORIENTED_EDGE('',*,*,#2456,.T.);
#9077 = ORIENTED_EDGE('',*,*,#9004,.T.);
#9078 = ORIENTED_EDGE('',*,*,#9079,.T.);
#9079 = EDGE_CURVE('',#8981,#9080,#9082,.T.);
#9080 = VERTEX_POINT('',#9081);
#9081 = CARTESIAN_POINT('',(8.009999998886,-26.5,0.5));
#9082 = SURFACE_CURVE('',#9083,(#9087,#9094),.PCURVE_S1.);
#9083 = LINE('',#9084,#9085);
#9084 = CARTESIAN_POINT('',(8.000000000096,-26.5,0.5));
#9085 = VECTOR('',#9086,1.);
#9086 = DIRECTION('',(1.,0.,0.));
#9087 = PCURVE('',#2471,#9088);
#9088 = DEFINITIONAL_REPRESENTATION('',(#9089),#9093);
#9089 = LINE('',#9090,#9091);
#9090 = CARTESIAN_POINT('',(1.000000019228E-02,-1.5));
#9091 = VECTOR('',#9092,1.);
#9092 = DIRECTION('',(1.,0.));
#9093 = ( GEOMETRIC_REPRESENTATION_CONTEXT(2) 
PARAMETRIC_REPRESENTATION_CONTEXT() REPRESENTATION_CONTEXT('2D SPACE',''
  ) );
#9094 = PCURVE('',#8892,#9095);
#9095 = DEFINITIONAL_REPRESENTATION('',(#9096),#9100);
#9096 = LINE('',#9097,#9098);
#9097 = CARTESIAN_POINT('',(2.502190905304E-10,-1.5));
#9098 = VECTOR('',#9099,1.);
#9099 = DIRECTION('',(1.,0.));
#9100 = ( GEOMETRIC_REPRESENTATION_CONTEXT(2) 
PARAMETRIC_REPRESENTATION_CONTEXT() REPRESENTATION_CONTEXT('2D SPACE',''
  ) );
#9101 = ORIENTED_EDGE('',*,*,#9102,.F.);
#9102 = EDGE_CURVE('',#2424,#9080,#9103,.T.);
#9103 = SURFACE_CURVE('',#9104,(#9108,#9115),.PCURVE_S1.);
#9104 = LINE('',#9105,#9106);
#9105 = CARTESIAN_POINT('',(8.009999998886,-26.5,-1.));
#9106 = VECTOR('',#9107,1.);
#9107 = DIRECTION('',(0.,0.,1.));
#9108 = PCURVE('',#2471,#9109);
#9109 = DEFINITIONAL_REPRESENTATION('',(#9110),#9114);
#9110 = LINE('',#9111,#9112);
#9111 = CARTESIAN_POINT('',(1.999999898183E-02,0.));
#9112 = VECTOR('',#9113,1.);
#9113 = DIRECTION('',(0.,-1.));
#9114 = ( GEOMETRIC_REPRESENTATION_CONTEXT(2) 
PARAMETRIC_REPRESENTATION_CONTEXT() REPRESENTATION_CONTEXT('2D SPACE',''
  ) );
#9115 = PCURVE('',#2444,#9116);
#9116 = DEFINITIONAL_REPRESENTATION('',(#9117),#9121);
#9117 = LINE('',#9118,#9119);
#9118 = CARTESIAN_POINT('',(-4.712388980385,0.));
#9119 = VECTOR('',#9120,1.);
#9120 = DIRECTION('',(-0.,-1.));
#9121 = ( GEOMETRIC_REPRESENTATION_CONTEXT(2) 
PARAMETRIC_REPRESENTATION_CONTEXT() REPRESENTATION_CONTEXT('2D SPACE',''
  ) );
#9122 = ADVANCED_FACE('',(#9123),#2385,.F.);
#9123 = FACE_BOUND('',#9124,.T.);
#9124 = EDGE_LOOP('',(#9125,#9126,#9149,#9171));
#9125 = ORIENTED_EDGE('',*,*,#2364,.T.);
#9126 = ORIENTED_EDGE('',*,*,#9127,.T.);
#9127 = EDGE_CURVE('',#2365,#9128,#9130,.T.);
#9128 = VERTEX_POINT('',#9129);
#9129 = CARTESIAN_POINT('',(8.399999999491,-23.89,0.5));
#9130 = SURFACE_CURVE('',#9131,(#9135,#9142),.PCURVE_S1.);
#9131 = LINE('',#9132,#9133);
#9132 = CARTESIAN_POINT('',(8.399999999491,-23.89,-1.));
#9133 = VECTOR('',#9134,1.);
#9134 = DIRECTION('',(0.,0.,1.));
#9135 = PCURVE('',#2385,#9136);
#9136 = DEFINITIONAL_REPRESENTATION('',(#9137),#9141);
#9137 = LINE('',#9138,#9139);
#9138 = CARTESIAN_POINT('',(-0.,0.));
#9139 = VECTOR('',#9140,1.);
#9140 = DIRECTION('',(-0.,-1.));
#9141 = ( GEOMETRIC_REPRESENTATION_CONTEXT(2) 
PARAMETRIC_REPRESENTATION_CONTEXT() REPRESENTATION_CONTEXT('2D SPACE',''
  ) );
#9142 = PCURVE('',#2412,#9143);
#9143 = DEFINITIONAL_REPRESENTATION('',(#9144),#9148);
#9144 = LINE('',#9145,#9146);
#9145 = CARTESIAN_POINT('',(2.22,0.));
#9146 = VECTOR('',#9147,1.);
#9147 = DIRECTION('',(0.,-1.));
#9148 = ( GEOMETRIC_REPRESENTATION_CONTEXT(2) 
PARAMETRIC_REPRESENTATION_CONTEXT() REPRESENTATION_CONTEXT('2D SPACE',''
  ) );
#9149 = ORIENTED_EDGE('',*,*,#9150,.T.);
#9150 = EDGE_CURVE('',#9128,#9031,#9151,.T.);
#9151 = SURFACE_CURVE('',#9152,(#9157,#9164),.PCURVE_S1.);
#9152 = CIRCLE('',#9153,0.39);
#9153 = AXIS2_PLACEMENT_3D('',#9154,#9155,#9156);
#9154 = CARTESIAN_POINT('',(8.009999998886,-23.89,0.5));
#9155 = DIRECTION('',(0.,0.,1.));
#9156 = DIRECTION('',(1.,0.,0.));
#9157 = PCURVE('',#2385,#9158);
#9158 = DEFINITIONAL_REPRESENTATION('',(#9159),#9163);
#9159 = LINE('',#9160,#9161);
#9160 = CARTESIAN_POINT('',(-0.,-1.5));
#9161 = VECTOR('',#9162,1.);
#9162 = DIRECTION('',(-1.,0.));
#9163 = ( GEOMETRIC_REPRESENTATION_CONTEXT(2) 
PARAMETRIC_REPRESENTATION_CONTEXT() REPRESENTATION_CONTEXT('2D SPACE',''
  ) );
#9164 = PCURVE('',#8892,#9165);
#9165 = DEFINITIONAL_REPRESENTATION('',(#9166),#9170);
#9166 = CIRCLE('',#9167,0.39);
#9167 = AXIS2_PLACEMENT_2D('',#9168,#9169);
#9168 = CARTESIAN_POINT('',(9.999999039769E-03,1.11));
#9169 = DIRECTION('',(1.,0.));
#9170 = ( GEOMETRIC_REPRESENTATION_CONTEXT(2) 
PARAMETRIC_REPRESENTATION_CONTEXT() REPRESENTATION_CONTEXT('2D SPACE',''
  ) );
#9171 = ORIENTED_EDGE('',*,*,#9053,.F.);
#9172 = ADVANCED_FACE('',(#9173),#2444,.F.);
#9173 = FACE_BOUND('',#9174,.T.);
#9174 = EDGE_LOOP('',(#9175,#9176,#9177,#9201));
#9175 = ORIENTED_EDGE('',*,*,#2423,.T.);
#9176 = ORIENTED_EDGE('',*,*,#9102,.T.);
#9177 = ORIENTED_EDGE('',*,*,#9178,.T.);
#9178 = EDGE_CURVE('',#9080,#9179,#9181,.T.);
#9179 = VERTEX_POINT('',#9180);
#9180 = CARTESIAN_POINT('',(8.399999999491,-26.11,0.5));
#9181 = SURFACE_CURVE('',#9182,(#9187,#9194),.PCURVE_S1.);
#9182 = CIRCLE('',#9183,0.39);
#9183 = AXIS2_PLACEMENT_3D('',#9184,#9185,#9186);
#9184 = CARTESIAN_POINT('',(8.009999998886,-26.11,0.5));
#9185 = DIRECTION('',(0.,0.,1.));
#9186 = DIRECTION('',(1.,0.,0.));
#9187 = PCURVE('',#2444,#9188);
#9188 = DEFINITIONAL_REPRESENTATION('',(#9189),#9193);
#9189 = LINE('',#9190,#9191);
#9190 = CARTESIAN_POINT('',(-0.,-1.5));
#9191 = VECTOR('',#9192,1.);
#9192 = DIRECTION('',(-1.,0.));
#9193 = ( GEOMETRIC_REPRESENTATION_CONTEXT(2) 
PARAMETRIC_REPRESENTATION_CONTEXT() REPRESENTATION_CONTEXT('2D SPACE',''
  ) );
#9194 = PCURVE('',#8892,#9195);
#9195 = DEFINITIONAL_REPRESENTATION('',(#9196),#9200);
#9196 = CIRCLE('',#9197,0.39);
#9197 = AXIS2_PLACEMENT_2D('',#9198,#9199);
#9198 = CARTESIAN_POINT('',(9.999999039769E-03,-1.11));
#9199 = DIRECTION('',(1.,0.));
#9200 = ( GEOMETRIC_REPRESENTATION_CONTEXT(2) 
PARAMETRIC_REPRESENTATION_CONTEXT() REPRESENTATION_CONTEXT('2D SPACE',''
  ) );
#9201 = ORIENTED_EDGE('',*,*,#9202,.F.);
#9202 = EDGE_CURVE('',#2398,#9179,#9203,.T.);
#9203 = SURFACE_CURVE('',#9204,(#9208,#9215),.PCURVE_S1.);
#9204 = LINE('',#9205,#9206);
#9205 = CARTESIAN_POINT('',(8.399999999491,-26.11,-1.));
#9206 = VECTOR('',#9207,1.);
#9207 = DIRECTION('',(0.,0.,1.));
#9208 = PCURVE('',#2444,#9209);
#9209 = DEFINITIONAL_REPRESENTATION('',(#9210),#9214);
#9210 = LINE('',#9211,#9212);
#9211 = CARTESIAN_POINT('',(-6.28318530718,0.));
#9212 = VECTOR('',#9213,1.);
#9213 = DIRECTION('',(-0.,-1.));
#9214 = ( GEOMETRIC_REPRESENTATION_CONTEXT(2) 
PARAMETRIC_REPRESENTATION_CONTEXT() REPRESENTATION_CONTEXT('2D SPACE',''
  ) );
#9215 = PCURVE('',#2412,#9216);
#9216 = DEFINITIONAL_REPRESENTATION('',(#9217),#9221);
#9217 = LINE('',#9218,#9219);
#9218 = CARTESIAN_POINT('',(0.,0.));
#9219 = VECTOR('',#9220,1.);
#9220 = DIRECTION('',(0.,-1.));
#9221 = ( GEOMETRIC_REPRESENTATION_CONTEXT(2) 
PARAMETRIC_REPRESENTATION_CONTEXT() REPRESENTATION_CONTEXT('2D SPACE',''
  ) );
#9222 = ADVANCED_FACE('',(#9223),#2412,.T.);
#9223 = FACE_BOUND('',#9224,.T.);
#9224 = EDGE_LOOP('',(#9225,#9226,#9227,#9248));
#9225 = ORIENTED_EDGE('',*,*,#2397,.T.);
#9226 = ORIENTED_EDGE('',*,*,#9202,.T.);
#9227 = ORIENTED_EDGE('',*,*,#9228,.T.);
#9228 = EDGE_CURVE('',#9179,#9128,#9229,.T.);
#9229 = SURFACE_CURVE('',#9230,(#9234,#9241),.PCURVE_S1.);
#9230 = LINE('',#9231,#9232);
#9231 = CARTESIAN_POINT('',(8.400000000096,-25.,0.5));
#9232 = VECTOR('',#9233,1.);
#9233 = DIRECTION('',(0.,1.,0.));
#9234 = PCURVE('',#2412,#9235);
#9235 = DEFINITIONAL_REPRESENTATION('',(#9236),#9240);
#9236 = LINE('',#9237,#9238);
#9237 = CARTESIAN_POINT('',(1.11,-1.5));
#9238 = VECTOR('',#9239,1.);
#9239 = DIRECTION('',(1.,0.));
#9240 = ( GEOMETRIC_REPRESENTATION_CONTEXT(2) 
PARAMETRIC_REPRESENTATION_CONTEXT() REPRESENTATION_CONTEXT('2D SPACE',''
  ) );
#9241 = PCURVE('',#8892,#9242);
#9242 = DEFINITIONAL_REPRESENTATION('',(#9243),#9247);
#9243 = LINE('',#9244,#9245);
#9244 = CARTESIAN_POINT('',(0.40000000025,5.830541821236E-17));
#9245 = VECTOR('',#9246,1.);
#9246 = DIRECTION('',(0.,1.));
#9247 = ( GEOMETRIC_REPRESENTATION_CONTEXT(2) 
PARAMETRIC_REPRESENTATION_CONTEXT() REPRESENTATION_CONTEXT('2D SPACE',''
  ) );
#9248 = ORIENTED_EDGE('',*,*,#9127,.F.);
#9249 = ADVANCED_FACE('',(#9250),#2532,.F.);
#9250 = FACE_BOUND('',#9251,.F.);
#9251 = EDGE_LOOP('',(#9252,#9253,#9276,#9304));
#9252 = ORIENTED_EDGE('',*,*,#2515,.T.);
#9253 = ORIENTED_EDGE('',*,*,#9254,.T.);
#9254 = EDGE_CURVE('',#2518,#9255,#9257,.T.);
#9255 = VERTEX_POINT('',#9256);
#9256 = CARTESIAN_POINT('',(11.6,-26.11,0.5));
#9257 = SURFACE_CURVE('',#9258,(#9262,#9269),.PCURVE_S1.);
#9258 = LINE('',#9259,#9260);
#9259 = CARTESIAN_POINT('',(11.6,-26.11,-1.));
#9260 = VECTOR('',#9261,1.);
#9261 = DIRECTION('',(0.,0.,1.));
#9262 = PCURVE('',#2532,#9263);
#9263 = DEFINITIONAL_REPRESENTATION('',(#9264),#9268);
#9264 = LINE('',#9265,#9266);
#9265 = CARTESIAN_POINT('',(0.,0.));
#9266 = VECTOR('',#9267,1.);
#9267 = DIRECTION('',(0.,-1.));
#9268 = ( GEOMETRIC_REPRESENTATION_CONTEXT(2) 
PARAMETRIC_REPRESENTATION_CONTEXT() REPRESENTATION_CONTEXT('2D SPACE',''
  ) );
#9269 = PCURVE('',#2739,#9270);
#9270 = DEFINITIONAL_REPRESENTATION('',(#9271),#9275);
#9271 = LINE('',#9272,#9273);
#9272 = CARTESIAN_POINT('',(-3.14159265359,0.));
#9273 = VECTOR('',#9274,1.);
#9274 = DIRECTION('',(-0.,-1.));
#9275 = ( GEOMETRIC_REPRESENTATION_CONTEXT(2) 
PARAMETRIC_REPRESENTATION_CONTEXT() REPRESENTATION_CONTEXT('2D SPACE',''
  ) );
#9276 = ORIENTED_EDGE('',*,*,#9277,.T.);
#9277 = EDGE_CURVE('',#9255,#9278,#9280,.T.);
#9278 = VERTEX_POINT('',#9279);
#9279 = CARTESIAN_POINT('',(11.6,-23.89,0.5));
#9280 = SURFACE_CURVE('',#9281,(#9285,#9292),.PCURVE_S1.);
#9281 = LINE('',#9282,#9283);
#9282 = CARTESIAN_POINT('',(11.600000000096,-25.,0.5));
#9283 = VECTOR('',#9284,1.);
#9284 = DIRECTION('',(0.,1.,0.));
#9285 = PCURVE('',#2532,#9286);
#9286 = DEFINITIONAL_REPRESENTATION('',(#9287),#9291);
#9287 = LINE('',#9288,#9289);
#9288 = CARTESIAN_POINT('',(1.11,-1.5));
#9289 = VECTOR('',#9290,1.);
#9290 = DIRECTION('',(1.,0.));
#9291 = ( GEOMETRIC_REPRESENTATION_CONTEXT(2) 
PARAMETRIC_REPRESENTATION_CONTEXT() REPRESENTATION_CONTEXT('2D SPACE',''
  ) );
#9292 = PCURVE('',#9293,#9298);
#9293 = PLANE('',#9294);
#9294 = AXIS2_PLACEMENT_3D('',#9295,#9296,#9297);
#9295 = CARTESIAN_POINT('',(11.999999999846,-25.,0.5));
#9296 = DIRECTION('',(0.,0.,1.));
#9297 = DIRECTION('',(1.,0.,0.));
#9298 = DEFINITIONAL_REPRESENTATION('',(#9299),#9303);
#9299 = LINE('',#9300,#9301);
#9300 = CARTESIAN_POINT('',(-0.39999999975,5.830541821236E-17));
#9301 = VECTOR('',#9302,1.);
#9302 = DIRECTION('',(0.,1.));
#9303 = ( GEOMETRIC_REPRESENTATION_CONTEXT(2) 
PARAMETRIC_REPRESENTATION_CONTEXT() REPRESENTATION_CONTEXT('2D SPACE',''
  ) );
#9304 = ORIENTED_EDGE('',*,*,#9305,.F.);
#9305 = EDGE_CURVE('',#2516,#9278,#9306,.T.);
#9306 = SURFACE_CURVE('',#9307,(#9311,#9318),.PCURVE_S1.);
#9307 = LINE('',#9308,#9309);
#9308 = CARTESIAN_POINT('',(11.6,-23.89,-1.));
#9309 = VECTOR('',#9310,1.);
#9310 = DIRECTION('',(0.,0.,1.));
#9311 = PCURVE('',#2532,#9312);
#9312 = DEFINITIONAL_REPRESENTATION('',(#9313),#9317);
#9313 = LINE('',#9314,#9315);
#9314 = CARTESIAN_POINT('',(2.22,0.));
#9315 = VECTOR('',#9316,1.);
#9316 = DIRECTION('',(0.,-1.));
#9317 = ( GEOMETRIC_REPRESENTATION_CONTEXT(2) 
PARAMETRIC_REPRESENTATION_CONTEXT() REPRESENTATION_CONTEXT('2D SPACE',''
  ) );
#9318 = PCURVE('',#2564,#9319);
#9319 = DEFINITIONAL_REPRESENTATION('',(#9320),#9324);
#9320 = LINE('',#9321,#9322);
#9321 = CARTESIAN_POINT('',(-3.14159265359,0.));
#9322 = VECTOR('',#9323,1.);
#9323 = DIRECTION('',(-0.,-1.));
#9324 = ( GEOMETRIC_REPRESENTATION_CONTEXT(2) 
PARAMETRIC_REPRESENTATION_CONTEXT() REPRESENTATION_CONTEXT('2D SPACE',''
  ) );
#9325 = ADVANCED_FACE('',(#9326),#2739,.F.);
#9326 = FACE_BOUND('',#9327,.T.);
#9327 = EDGE_LOOP('',(#9328,#9329,#9330,#9354));
#9328 = ORIENTED_EDGE('',*,*,#2720,.T.);
#9329 = ORIENTED_EDGE('',*,*,#9254,.T.);
#9330 = ORIENTED_EDGE('',*,*,#9331,.T.);
#9331 = EDGE_CURVE('',#9255,#9332,#9334,.T.);
#9332 = VERTEX_POINT('',#9333);
#9333 = CARTESIAN_POINT('',(11.989999999904,-26.5,0.5));
#9334 = SURFACE_CURVE('',#9335,(#9340,#9347),.PCURVE_S1.);
#9335 = CIRCLE('',#9336,0.39);
#9336 = AXIS2_PLACEMENT_3D('',#9337,#9338,#9339);
#9337 = CARTESIAN_POINT('',(11.989999999904,-26.11,0.5));
#9338 = DIRECTION('',(0.,0.,1.));
#9339 = DIRECTION('',(1.,0.,0.));
#9340 = PCURVE('',#2739,#9341);
#9341 = DEFINITIONAL_REPRESENTATION('',(#9342),#9346);
#9342 = LINE('',#9343,#9344);
#9343 = CARTESIAN_POINT('',(-0.,-1.5));
#9344 = VECTOR('',#9345,1.);
#9345 = DIRECTION('',(-1.,0.));
#9346 = ( GEOMETRIC_REPRESENTATION_CONTEXT(2) 
PARAMETRIC_REPRESENTATION_CONTEXT() REPRESENTATION_CONTEXT('2D SPACE',''
  ) );
#9347 = PCURVE('',#9293,#9348);
#9348 = DEFINITIONAL_REPRESENTATION('',(#9349),#9353);
#9349 = CIRCLE('',#9350,0.39);
#9350 = AXIS2_PLACEMENT_2D('',#9351,#9352);
#9351 = CARTESIAN_POINT('',(-9.999999942065E-03,-1.11));
#9352 = DIRECTION('',(1.,0.));
#9353 = ( GEOMETRIC_REPRESENTATION_CONTEXT(2) 
PARAMETRIC_REPRESENTATION_CONTEXT() REPRESENTATION_CONTEXT('2D SPACE',''
  ) );
#9354 = ORIENTED_EDGE('',*,*,#9355,.F.);
#9355 = EDGE_CURVE('',#2695,#9332,#9356,.T.);
#9356 = SURFACE_CURVE('',#9357,(#9361,#9368),.PCURVE_S1.);
#9357 = LINE('',#9358,#9359);
#9358 = CARTESIAN_POINT('',(11.989999999904,-26.5,-1.));
#9359 = VECTOR('',#9360,1.);
#9360 = DIRECTION('',(0.,0.,1.));
#9361 = PCURVE('',#2739,#9362);
#9362 = DEFINITIONAL_REPRESENTATION('',(#9363),#9367);
#9363 = LINE('',#9364,#9365);
#9364 = CARTESIAN_POINT('',(-4.712388980385,0.));
#9365 = VECTOR('',#9366,1.);
#9366 = DIRECTION('',(-0.,-1.));
#9367 = ( GEOMETRIC_REPRESENTATION_CONTEXT(2) 
PARAMETRIC_REPRESENTATION_CONTEXT() REPRESENTATION_CONTEXT('2D SPACE',''
  ) );
#9368 = PCURVE('',#2709,#9369);
#9369 = DEFINITIONAL_REPRESENTATION('',(#9370),#9374);
#9370 = LINE('',#9371,#9372);
#9371 = CARTESIAN_POINT('',(6.938893903907E-18,0.));
#9372 = VECTOR('',#9373,1.);
#9373 = DIRECTION('',(0.,-1.));
#9374 = ( GEOMETRIC_REPRESENTATION_CONTEXT(2) 
PARAMETRIC_REPRESENTATION_CONTEXT() REPRESENTATION_CONTEXT('2D SPACE',''
  ) );
#9375 = ADVANCED_FACE('',(#9376),#2709,.T.);
#9376 = FACE_BOUND('',#9377,.T.);
#9377 = EDGE_LOOP('',(#9378,#9379,#9380,#9403));
#9378 = ORIENTED_EDGE('',*,*,#2694,.T.);
#9379 = ORIENTED_EDGE('',*,*,#9355,.T.);
#9380 = ORIENTED_EDGE('',*,*,#9381,.T.);
#9381 = EDGE_CURVE('',#9332,#9382,#9384,.T.);
#9382 = VERTEX_POINT('',#9383);
#9383 = CARTESIAN_POINT('',(12.009999998886,-26.5,0.5));
#9384 = SURFACE_CURVE('',#9385,(#9389,#9396),.PCURVE_S1.);
#9385 = LINE('',#9386,#9387);
#9386 = CARTESIAN_POINT('',(12.000000000096,-26.5,0.5));
#9387 = VECTOR('',#9388,1.);
#9388 = DIRECTION('',(1.,0.,0.));
#9389 = PCURVE('',#2709,#9390);
#9390 = DEFINITIONAL_REPRESENTATION('',(#9391),#9395);
#9391 = LINE('',#9392,#9393);
#9392 = CARTESIAN_POINT('',(1.000000019228E-02,-1.5));
#9393 = VECTOR('',#9394,1.);
#9394 = DIRECTION('',(1.,0.));
#9395 = ( GEOMETRIC_REPRESENTATION_CONTEXT(2) 
PARAMETRIC_REPRESENTATION_CONTEXT() REPRESENTATION_CONTEXT('2D SPACE',''
  ) );
#9396 = PCURVE('',#9293,#9397);
#9397 = DEFINITIONAL_REPRESENTATION('',(#9398),#9402);
#9398 = LINE('',#9399,#9400);
#9399 = CARTESIAN_POINT('',(2.502190905304E-10,-1.5));
#9400 = VECTOR('',#9401,1.);
#9401 = DIRECTION('',(1.,0.));
#9402 = ( GEOMETRIC_REPRESENTATION_CONTEXT(2) 
PARAMETRIC_REPRESENTATION_CONTEXT() REPRESENTATION_CONTEXT('2D SPACE',''
  ) );
#9403 = ORIENTED_EDGE('',*,*,#9404,.F.);
#9404 = EDGE_CURVE('',#2662,#9382,#9405,.T.);
#9405 = SURFACE_CURVE('',#9406,(#9410,#9417),.PCURVE_S1.);
#9406 = LINE('',#9407,#9408);
#9407 = CARTESIAN_POINT('',(12.009999998886,-26.5,-1.));
#9408 = VECTOR('',#9409,1.);
#9409 = DIRECTION('',(0.,0.,1.));
#9410 = PCURVE('',#2709,#9411);
#9411 = DEFINITIONAL_REPRESENTATION('',(#9412),#9416);
#9412 = LINE('',#9413,#9414);
#9413 = CARTESIAN_POINT('',(1.999999898183E-02,0.));
#9414 = VECTOR('',#9415,1.);
#9415 = DIRECTION('',(0.,-1.));
#9416 = ( GEOMETRIC_REPRESENTATION_CONTEXT(2) 
PARAMETRIC_REPRESENTATION_CONTEXT() REPRESENTATION_CONTEXT('2D SPACE',''
  ) );
#9417 = PCURVE('',#2682,#9418);
#9418 = DEFINITIONAL_REPRESENTATION('',(#9419),#9423);
#9419 = LINE('',#9420,#9421);
#9420 = CARTESIAN_POINT('',(-4.712388980385,0.));
#9421 = VECTOR('',#9422,1.);
#9422 = DIRECTION('',(-0.,-1.));
#9423 = ( GEOMETRIC_REPRESENTATION_CONTEXT(2) 
PARAMETRIC_REPRESENTATION_CONTEXT() REPRESENTATION_CONTEXT('2D SPACE',''
  ) );
#9424 = ADVANCED_FACE('',(#9425),#2682,.F.);
#9425 = FACE_BOUND('',#9426,.T.);
#9426 = EDGE_LOOP('',(#9427,#9428,#9429,#9453));
#9427 = ORIENTED_EDGE('',*,*,#2661,.T.);
#9428 = ORIENTED_EDGE('',*,*,#9404,.T.);
#9429 = ORIENTED_EDGE('',*,*,#9430,.T.);
#9430 = EDGE_CURVE('',#9382,#9431,#9433,.T.);
#9431 = VERTEX_POINT('',#9432);
#9432 = CARTESIAN_POINT('',(12.399999999491,-26.11,0.5));
#9433 = SURFACE_CURVE('',#9434,(#9439,#9446),.PCURVE_S1.);
#9434 = CIRCLE('',#9435,0.39);
#9435 = AXIS2_PLACEMENT_3D('',#9436,#9437,#9438);
#9436 = CARTESIAN_POINT('',(12.009999998886,-26.11,0.5));
#9437 = DIRECTION('',(0.,0.,1.));
#9438 = DIRECTION('',(1.,0.,0.));
#9439 = PCURVE('',#2682,#9440);
#9440 = DEFINITIONAL_REPRESENTATION('',(#9441),#9445);
#9441 = LINE('',#9442,#9443);
#9442 = CARTESIAN_POINT('',(-0.,-1.5));
#9443 = VECTOR('',#9444,1.);
#9444 = DIRECTION('',(-1.,0.));
#9445 = ( GEOMETRIC_REPRESENTATION_CONTEXT(2) 
PARAMETRIC_REPRESENTATION_CONTEXT() REPRESENTATION_CONTEXT('2D SPACE',''
  ) );
#9446 = PCURVE('',#9293,#9447);
#9447 = DEFINITIONAL_REPRESENTATION('',(#9448),#9452);
#9448 = CIRCLE('',#9449,0.39);
#9449 = AXIS2_PLACEMENT_2D('',#9450,#9451);
#9450 = CARTESIAN_POINT('',(9.999999039769E-03,-1.11));
#9451 = DIRECTION('',(1.,0.));
#9452 = ( GEOMETRIC_REPRESENTATION_CONTEXT(2) 
PARAMETRIC_REPRESENTATION_CONTEXT() REPRESENTATION_CONTEXT('2D SPACE',''
  ) );
#9453 = ORIENTED_EDGE('',*,*,#9454,.F.);
#9454 = EDGE_CURVE('',#2636,#9431,#9455,.T.);
#9455 = SURFACE_CURVE('',#9456,(#9460,#9467),.PCURVE_S1.);
#9456 = LINE('',#9457,#9458);
#9457 = CARTESIAN_POINT('',(12.399999999491,-26.11,-1.));
#9458 = VECTOR('',#9459,1.);
#9459 = DIRECTION('',(0.,0.,1.));
#9460 = PCURVE('',#2682,#9461);
#9461 = DEFINITIONAL_REPRESENTATION('',(#9462),#9466);
#9462 = LINE('',#9463,#9464);
#9463 = CARTESIAN_POINT('',(-6.28318530718,0.));
#9464 = VECTOR('',#9465,1.);
#9465 = DIRECTION('',(-0.,-1.));
#9466 = ( GEOMETRIC_REPRESENTATION_CONTEXT(2) 
PARAMETRIC_REPRESENTATION_CONTEXT() REPRESENTATION_CONTEXT('2D SPACE',''
  ) );
#9467 = PCURVE('',#2650,#9468);
#9468 = DEFINITIONAL_REPRESENTATION('',(#9469),#9473);
#9469 = LINE('',#9470,#9471);
#9470 = CARTESIAN_POINT('',(0.,0.));
#9471 = VECTOR('',#9472,1.);
#9472 = DIRECTION('',(0.,-1.));
#9473 = ( GEOMETRIC_REPRESENTATION_CONTEXT(2) 
PARAMETRIC_REPRESENTATION_CONTEXT() REPRESENTATION_CONTEXT('2D SPACE',''
  ) );
#9474 = ADVANCED_FACE('',(#9475),#2650,.T.);
#9475 = FACE_BOUND('',#9476,.T.);
#9476 = EDGE_LOOP('',(#9477,#9478,#9479,#9502));
#9477 = ORIENTED_EDGE('',*,*,#2635,.T.);
#9478 = ORIENTED_EDGE('',*,*,#9454,.T.);
#9479 = ORIENTED_EDGE('',*,*,#9480,.T.);
#9480 = EDGE_CURVE('',#9431,#9481,#9483,.T.);
#9481 = VERTEX_POINT('',#9482);
#9482 = CARTESIAN_POINT('',(12.399999999491,-23.89,0.5));
#9483 = SURFACE_CURVE('',#9484,(#9488,#9495),.PCURVE_S1.);
#9484 = LINE('',#9485,#9486);
#9485 = CARTESIAN_POINT('',(12.400000000096,-25.,0.5));
#9486 = VECTOR('',#9487,1.);
#9487 = DIRECTION('',(0.,1.,0.));
#9488 = PCURVE('',#2650,#9489);
#9489 = DEFINITIONAL_REPRESENTATION('',(#9490),#9494);
#9490 = LINE('',#9491,#9492);
#9491 = CARTESIAN_POINT('',(1.11,-1.5));
#9492 = VECTOR('',#9493,1.);
#9493 = DIRECTION('',(1.,0.));
#9494 = ( GEOMETRIC_REPRESENTATION_CONTEXT(2) 
PARAMETRIC_REPRESENTATION_CONTEXT() REPRESENTATION_CONTEXT('2D SPACE',''
  ) );
#9495 = PCURVE('',#9293,#9496);
#9496 = DEFINITIONAL_REPRESENTATION('',(#9497),#9501);
#9497 = LINE('',#9498,#9499);
#9498 = CARTESIAN_POINT('',(0.40000000025,5.830541821236E-17));
#9499 = VECTOR('',#9500,1.);
#9500 = DIRECTION('',(0.,1.));
#9501 = ( GEOMETRIC_REPRESENTATION_CONTEXT(2) 
PARAMETRIC_REPRESENTATION_CONTEXT() REPRESENTATION_CONTEXT('2D SPACE',''
  ) );
#9502 = ORIENTED_EDGE('',*,*,#9503,.F.);
#9503 = EDGE_CURVE('',#2603,#9481,#9504,.T.);
#9504 = SURFACE_CURVE('',#9505,(#9509,#9516),.PCURVE_S1.);
#9505 = LINE('',#9506,#9507);
#9506 = CARTESIAN_POINT('',(12.399999999491,-23.89,-1.));
#9507 = VECTOR('',#9508,1.);
#9508 = DIRECTION('',(0.,0.,1.));
#9509 = PCURVE('',#2650,#9510);
#9510 = DEFINITIONAL_REPRESENTATION('',(#9511),#9515);
#9511 = LINE('',#9512,#9513);
#9512 = CARTESIAN_POINT('',(2.22,0.));
#9513 = VECTOR('',#9514,1.);
#9514 = DIRECTION('',(0.,-1.));
#9515 = ( GEOMETRIC_REPRESENTATION_CONTEXT(2) 
PARAMETRIC_REPRESENTATION_CONTEXT() REPRESENTATION_CONTEXT('2D SPACE',''
  ) );
#9516 = PCURVE('',#2623,#9517);
#9517 = DEFINITIONAL_REPRESENTATION('',(#9518),#9522);
#9518 = LINE('',#9519,#9520);
#9519 = CARTESIAN_POINT('',(-0.,0.));
#9520 = VECTOR('',#9521,1.);
#9521 = DIRECTION('',(-0.,-1.));
#9522 = ( GEOMETRIC_REPRESENTATION_CONTEXT(2) 
PARAMETRIC_REPRESENTATION_CONTEXT() REPRESENTATION_CONTEXT('2D SPACE',''
  ) );
#9523 = ADVANCED_FACE('',(#9524),#2623,.F.);
#9524 = FACE_BOUND('',#9525,.T.);
#9525 = EDGE_LOOP('',(#9526,#9527,#9528,#9552));
#9526 = ORIENTED_EDGE('',*,*,#2602,.T.);
#9527 = ORIENTED_EDGE('',*,*,#9503,.T.);
#9528 = ORIENTED_EDGE('',*,*,#9529,.T.);
#9529 = EDGE_CURVE('',#9481,#9530,#9532,.T.);
#9530 = VERTEX_POINT('',#9531);
#9531 = CARTESIAN_POINT('',(12.009999998886,-23.5,0.5));
#9532 = SURFACE_CURVE('',#9533,(#9538,#9545),.PCURVE_S1.);
#9533 = CIRCLE('',#9534,0.39);
#9534 = AXIS2_PLACEMENT_3D('',#9535,#9536,#9537);
#9535 = CARTESIAN_POINT('',(12.009999998886,-23.89,0.5));
#9536 = DIRECTION('',(0.,0.,1.));
#9537 = DIRECTION('',(1.,0.,0.));
#9538 = PCURVE('',#2623,#9539);
#9539 = DEFINITIONAL_REPRESENTATION('',(#9540),#9544);
#9540 = LINE('',#9541,#9542);
#9541 = CARTESIAN_POINT('',(-0.,-1.5));
#9542 = VECTOR('',#9543,1.);
#9543 = DIRECTION('',(-1.,0.));
#9544 = ( GEOMETRIC_REPRESENTATION_CONTEXT(2) 
PARAMETRIC_REPRESENTATION_CONTEXT() REPRESENTATION_CONTEXT('2D SPACE',''
  ) );
#9545 = PCURVE('',#9293,#9546);
#9546 = DEFINITIONAL_REPRESENTATION('',(#9547),#9551);
#9547 = CIRCLE('',#9548,0.39);
#9548 = AXIS2_PLACEMENT_2D('',#9549,#9550);
#9549 = CARTESIAN_POINT('',(9.999999039769E-03,1.11));
#9550 = DIRECTION('',(1.,0.));
#9551 = ( GEOMETRIC_REPRESENTATION_CONTEXT(2) 
PARAMETRIC_REPRESENTATION_CONTEXT() REPRESENTATION_CONTEXT('2D SPACE',''
  ) );
#9552 = ORIENTED_EDGE('',*,*,#9553,.F.);
#9553 = EDGE_CURVE('',#2577,#9530,#9554,.T.);
#9554 = SURFACE_CURVE('',#9555,(#9559,#9566),.PCURVE_S1.);
#9555 = LINE('',#9556,#9557);
#9556 = CARTESIAN_POINT('',(12.009999998886,-23.5,-1.));
#9557 = VECTOR('',#9558,1.);
#9558 = DIRECTION('',(0.,0.,1.));
#9559 = PCURVE('',#2623,#9560);
#9560 = DEFINITIONAL_REPRESENTATION('',(#9561),#9565);
#9561 = LINE('',#9562,#9563);
#9562 = CARTESIAN_POINT('',(-1.570796326795,0.));
#9563 = VECTOR('',#9564,1.);
#9564 = DIRECTION('',(-0.,-1.));
#9565 = ( GEOMETRIC_REPRESENTATION_CONTEXT(2) 
PARAMETRIC_REPRESENTATION_CONTEXT() REPRESENTATION_CONTEXT('2D SPACE',''
  ) );
#9566 = PCURVE('',#2591,#9567);
#9567 = DEFINITIONAL_REPRESENTATION('',(#9568),#9572);
#9568 = LINE('',#9569,#9570);
#9569 = CARTESIAN_POINT('',(1.999999898183E-02,0.));
#9570 = VECTOR('',#9571,1.);
#9571 = DIRECTION('',(0.,-1.));
#9572 = ( GEOMETRIC_REPRESENTATION_CONTEXT(2) 
PARAMETRIC_REPRESENTATION_CONTEXT() REPRESENTATION_CONTEXT('2D SPACE',''
  ) );
#9573 = ADVANCED_FACE('',(#9574),#2591,.F.);
#9574 = FACE_BOUND('',#9575,.F.);
#9575 = EDGE_LOOP('',(#9576,#9577,#9600,#9621));
#9576 = ORIENTED_EDGE('',*,*,#2576,.T.);
#9577 = ORIENTED_EDGE('',*,*,#9578,.T.);
#9578 = EDGE_CURVE('',#2544,#9579,#9581,.T.);
#9579 = VERTEX_POINT('',#9580);
#9580 = CARTESIAN_POINT('',(11.989999999904,-23.5,0.5));
#9581 = SURFACE_CURVE('',#9582,(#9586,#9593),.PCURVE_S1.);
#9582 = LINE('',#9583,#9584);
#9583 = CARTESIAN_POINT('',(11.989999999904,-23.5,-1.));
#9584 = VECTOR('',#9585,1.);
#9585 = DIRECTION('',(0.,0.,1.));
#9586 = PCURVE('',#2591,#9587);
#9587 = DEFINITIONAL_REPRESENTATION('',(#9588),#9592);
#9588 = LINE('',#9589,#9590);
#9589 = CARTESIAN_POINT('',(6.938893903907E-18,0.));
#9590 = VECTOR('',#9591,1.);
#9591 = DIRECTION('',(0.,-1.));
#9592 = ( GEOMETRIC_REPRESENTATION_CONTEXT(2) 
PARAMETRIC_REPRESENTATION_CONTEXT() REPRESENTATION_CONTEXT('2D SPACE',''
  ) );
#9593 = PCURVE('',#2564,#9594);
#9594 = DEFINITIONAL_REPRESENTATION('',(#9595),#9599);
#9595 = LINE('',#9596,#9597);
#9596 = CARTESIAN_POINT('',(-1.570796326795,0.));
#9597 = VECTOR('',#9598,1.);
#9598 = DIRECTION('',(-0.,-1.));
#9599 = ( GEOMETRIC_REPRESENTATION_CONTEXT(2) 
PARAMETRIC_REPRESENTATION_CONTEXT() REPRESENTATION_CONTEXT('2D SPACE',''
  ) );
#9600 = ORIENTED_EDGE('',*,*,#9601,.T.);
#9601 = EDGE_CURVE('',#9579,#9530,#9602,.T.);
#9602 = SURFACE_CURVE('',#9603,(#9607,#9614),.PCURVE_S1.);
#9603 = LINE('',#9604,#9605);
#9604 = CARTESIAN_POINT('',(12.000000000096,-23.5,0.5));
#9605 = VECTOR('',#9606,1.);
#9606 = DIRECTION('',(1.,0.,0.));
#9607 = PCURVE('',#2591,#9608);
#9608 = DEFINITIONAL_REPRESENTATION('',(#9609),#9613);
#9609 = LINE('',#9610,#9611);
#9610 = CARTESIAN_POINT('',(1.000000019228E-02,-1.5));
#9611 = VECTOR('',#9612,1.);
#9612 = DIRECTION('',(1.,0.));
#9613 = ( GEOMETRIC_REPRESENTATION_CONTEXT(2) 
PARAMETRIC_REPRESENTATION_CONTEXT() REPRESENTATION_CONTEXT('2D SPACE',''
  ) );
#9614 = PCURVE('',#9293,#9615);
#9615 = DEFINITIONAL_REPRESENTATION('',(#9616),#9620);
#9616 = LINE('',#9617,#9618);
#9617 = CARTESIAN_POINT('',(2.502190905304E-10,1.5));
#9618 = VECTOR('',#9619,1.);
#9619 = DIRECTION('',(1.,0.));
#9620 = ( GEOMETRIC_REPRESENTATION_CONTEXT(2) 
PARAMETRIC_REPRESENTATION_CONTEXT() REPRESENTATION_CONTEXT('2D SPACE',''
  ) );
#9621 = ORIENTED_EDGE('',*,*,#9553,.F.);
#9622 = ADVANCED_FACE('',(#9623),#2564,.F.);
#9623 = FACE_BOUND('',#9624,.T.);
#9624 = EDGE_LOOP('',(#9625,#9626,#9627,#9649));
#9625 = ORIENTED_EDGE('',*,*,#2543,.T.);
#9626 = ORIENTED_EDGE('',*,*,#9578,.T.);
#9627 = ORIENTED_EDGE('',*,*,#9628,.T.);
#9628 = EDGE_CURVE('',#9579,#9278,#9629,.T.);
#9629 = SURFACE_CURVE('',#9630,(#9635,#9642),.PCURVE_S1.);
#9630 = CIRCLE('',#9631,0.39);
#9631 = AXIS2_PLACEMENT_3D('',#9632,#9633,#9634);
#9632 = CARTESIAN_POINT('',(11.989999999904,-23.89,0.5));
#9633 = DIRECTION('',(0.,0.,1.));
#9634 = DIRECTION('',(1.,0.,0.));
#9635 = PCURVE('',#2564,#9636);
#9636 = DEFINITIONAL_REPRESENTATION('',(#9637),#9641);
#9637 = LINE('',#9638,#9639);
#9638 = CARTESIAN_POINT('',(-0.,-1.5));
#9639 = VECTOR('',#9640,1.);
#9640 = DIRECTION('',(-1.,0.));
#9641 = ( GEOMETRIC_REPRESENTATION_CONTEXT(2) 
PARAMETRIC_REPRESENTATION_CONTEXT() REPRESENTATION_CONTEXT('2D SPACE',''
  ) );
#9642 = PCURVE('',#9293,#9643);
#9643 = DEFINITIONAL_REPRESENTATION('',(#9644),#9648);
#9644 = CIRCLE('',#9645,0.39);
#9645 = AXIS2_PLACEMENT_2D('',#9646,#9647);
#9646 = CARTESIAN_POINT('',(-9.999999942065E-03,1.11));
#9647 = DIRECTION('',(1.,0.));
#9648 = ( GEOMETRIC_REPRESENTATION_CONTEXT(2) 
PARAMETRIC_REPRESENTATION_CONTEXT() REPRESENTATION_CONTEXT('2D SPACE',''
  ) );
#9649 = ORIENTED_EDGE('',*,*,#9305,.F.);
#9650 = ADVANCED_FACE('',(#9651),#2770,.F.);
#9651 = FACE_BOUND('',#9652,.F.);
#9652 = EDGE_LOOP('',(#9653,#9654,#9677,#9705));
#9653 = ORIENTED_EDGE('',*,*,#2753,.T.);
#9654 = ORIENTED_EDGE('',*,*,#9655,.T.);
#9655 = EDGE_CURVE('',#2756,#9656,#9658,.T.);
#9656 = VERTEX_POINT('',#9657);
#9657 = CARTESIAN_POINT('',(-16.40176277959,23.020300263669,0.6));
#9658 = SURFACE_CURVE('',#9659,(#9663,#9670),.PCURVE_S1.);
#9659 = LINE('',#9660,#9661);
#9660 = CARTESIAN_POINT('',(-16.40176277959,23.020300263669,-1.));
#9661 = VECTOR('',#9662,1.);
#9662 = DIRECTION('',(0.,0.,1.));
#9663 = PCURVE('',#2770,#9664);
#9664 = DEFINITIONAL_REPRESENTATION('',(#9665),#9669);
#9665 = LINE('',#9666,#9667);
#9666 = CARTESIAN_POINT('',(0.,0.));
#9667 = VECTOR('',#9668,1.);
#9668 = DIRECTION('',(0.,-1.));
#9669 = ( GEOMETRIC_REPRESENTATION_CONTEXT(2) 
PARAMETRIC_REPRESENTATION_CONTEXT() REPRESENTATION_CONTEXT('2D SPACE',''
  ) );
#9670 = PCURVE('',#2977,#9671);
#9671 = DEFINITIONAL_REPRESENTATION('',(#9672),#9676);
#9672 = LINE('',#9673,#9674);
#9673 = CARTESIAN_POINT('',(-3.14159265359,0.));
#9674 = VECTOR('',#9675,1.);
#9675 = DIRECTION('',(-0.,-1.));
#9676 = ( GEOMETRIC_REPRESENTATION_CONTEXT(2) 
PARAMETRIC_REPRESENTATION_CONTEXT() REPRESENTATION_CONTEXT('2D SPACE',''
  ) );
#9677 = ORIENTED_EDGE('',*,*,#9678,.T.);
#9678 = EDGE_CURVE('',#9656,#9679,#9681,.T.);
#9679 = VERTEX_POINT('',#9680);
#9680 = CARTESIAN_POINT('',(-14.48897522407,32.01925819042,0.6));
#9681 = SURFACE_CURVE('',#9682,(#9686,#9693),.PCURVE_S1.);
#9682 = LINE('',#9683,#9684);
#9683 = CARTESIAN_POINT('',(-15.44536900087,27.519779226841,0.6));
#9684 = VECTOR('',#9685,1.);
#9685 = DIRECTION('',(0.207911690818,0.978147600734,0.));
#9686 = PCURVE('',#2770,#9687);
#9687 = DEFINITIONAL_REPRESENTATION('',(#9688),#9692);
#9688 = LINE('',#9689,#9690);
#9689 = CARTESIAN_POINT('',(4.6,-1.6));
#9690 = VECTOR('',#9691,1.);
#9691 = DIRECTION('',(1.,0.));
#9692 = ( GEOMETRIC_REPRESENTATION_CONTEXT(2) 
PARAMETRIC_REPRESENTATION_CONTEXT() REPRESENTATION_CONTEXT('2D SPACE',''
  ) );
#9693 = PCURVE('',#9694,#9699);
#9694 = PLANE('',#9695);
#9695 = AXIS2_PLACEMENT_3D('',#9696,#9697,#9698);
#9696 = CARTESIAN_POINT('',(-13.00000000485,27.000000001032,0.6));
#9697 = DIRECTION('',(0.,0.,1.));
#9698 = DIRECTION('',(0.978147600734,-0.207911690818,0.));
#9699 = DEFINITIONAL_REPRESENTATION('',(#9700),#9704);
#9700 = LINE('',#9701,#9702);
#9701 = CARTESIAN_POINT('',(-2.499999994059,2.634920573633E-17));
#9702 = VECTOR('',#9703,1.);
#9703 = DIRECTION('',(0.,1.));
#9704 = ( GEOMETRIC_REPRESENTATION_CONTEXT(2) 
PARAMETRIC_REPRESENTATION_CONTEXT() REPRESENTATION_CONTEXT('2D SPACE',''
  ) );
#9705 = ORIENTED_EDGE('',*,*,#9706,.F.);
#9706 = EDGE_CURVE('',#2754,#9679,#9707,.T.);
#9707 = SURFACE_CURVE('',#9708,(#9712,#9719),.PCURVE_S1.);
#9708 = LINE('',#9709,#9710);
#9709 = CARTESIAN_POINT('',(-14.48897522407,32.01925819042,-1.));
#9710 = VECTOR('',#9711,1.);
#9711 = DIRECTION('',(0.,0.,1.));
#9712 = PCURVE('',#2770,#9713);
#9713 = DEFINITIONAL_REPRESENTATION('',(#9714),#9718);
#9714 = LINE('',#9715,#9716);
#9715 = CARTESIAN_POINT('',(9.2,0.));
#9716 = VECTOR('',#9717,1.);
#9717 = DIRECTION('',(0.,-1.));
#9718 = ( GEOMETRIC_REPRESENTATION_CONTEXT(2) 
PARAMETRIC_REPRESENTATION_CONTEXT() REPRESENTATION_CONTEXT('2D SPACE',''
  ) );
#9719 = PCURVE('',#2802,#9720);
#9720 = DEFINITIONAL_REPRESENTATION('',(#9721),#9725);
#9721 = LINE('',#9722,#9723);
#9722 = CARTESIAN_POINT('',(-3.14159265359,0.));
#9723 = VECTOR('',#9724,1.);
#9724 = DIRECTION('',(-0.,-1.));
#9725 = ( GEOMETRIC_REPRESENTATION_CONTEXT(2) 
PARAMETRIC_REPRESENTATION_CONTEXT() REPRESENTATION_CONTEXT('2D SPACE',''
  ) );
#9726 = ADVANCED_FACE('',(#9727),#2802,.F.);
#9727 = FACE_BOUND('',#9728,.T.);
#9728 = EDGE_LOOP('',(#9729,#9730,#9753,#9775));
#9729 = ORIENTED_EDGE('',*,*,#2781,.T.);
#9730 = ORIENTED_EDGE('',*,*,#9731,.T.);
#9731 = EDGE_CURVE('',#2782,#9732,#9734,.T.);
#9732 = VERTEX_POINT('',#9733);
#9733 = CARTESIAN_POINT('',(-11.6424329253,33.867824374421,0.6));
#9734 = SURFACE_CURVE('',#9735,(#9739,#9746),.PCURVE_S1.);
#9735 = LINE('',#9736,#9737);
#9736 = CARTESIAN_POINT('',(-11.6424329253,33.867824374421,-1.));
#9737 = VECTOR('',#9738,1.);
#9738 = DIRECTION('',(0.,0.,1.));
#9739 = PCURVE('',#2802,#9740);
#9740 = DEFINITIONAL_REPRESENTATION('',(#9741),#9745);
#9741 = LINE('',#9742,#9743);
#9742 = CARTESIAN_POINT('',(-1.570796326795,0.));
#9743 = VECTOR('',#9744,1.);
#9744 = DIRECTION('',(-0.,-1.));
#9745 = ( GEOMETRIC_REPRESENTATION_CONTEXT(2) 
PARAMETRIC_REPRESENTATION_CONTEXT() REPRESENTATION_CONTEXT('2D SPACE',''
  ) );
#9746 = PCURVE('',#2829,#9747);
#9747 = DEFINITIONAL_REPRESENTATION('',(#9748),#9752);
#9748 = LINE('',#9749,#9750);
#9749 = CARTESIAN_POINT('',(1.387778780781E-16,0.));
#9750 = VECTOR('',#9751,1.);
#9751 = DIRECTION('',(0.,-1.));
#9752 = ( GEOMETRIC_REPRESENTATION_CONTEXT(2) 
PARAMETRIC_REPRESENTATION_CONTEXT() REPRESENTATION_CONTEXT('2D SPACE',''
  ) );
#9753 = ORIENTED_EDGE('',*,*,#9754,.T.);
#9754 = EDGE_CURVE('',#9732,#9679,#9755,.T.);
#9755 = SURFACE_CURVE('',#9756,(#9761,#9768),.PCURVE_S1.);
#9756 = CIRCLE('',#9757,2.4);
#9757 = AXIS2_PLACEMENT_3D('',#9758,#9759,#9760);
#9758 = CARTESIAN_POINT('',(-12.14142098326,31.52027013266,0.6));
#9759 = DIRECTION('',(-0.,0.,1.));
#9760 = DIRECTION('',(0.978147600734,-0.207911690818,0.));
#9761 = PCURVE('',#2802,#9762);
#9762 = DEFINITIONAL_REPRESENTATION('',(#9763),#9767);
#9763 = LINE('',#9764,#9765);
#9764 = CARTESIAN_POINT('',(-0.,-1.6));
#9765 = VECTOR('',#9766,1.);
#9766 = DIRECTION('',(-1.,0.));
#9767 = ( GEOMETRIC_REPRESENTATION_CONTEXT(2) 
PARAMETRIC_REPRESENTATION_CONTEXT() REPRESENTATION_CONTEXT('2D SPACE',''
  ) );
#9768 = PCURVE('',#9694,#9769);
#9769 = DEFINITIONAL_REPRESENTATION('',(#9770),#9774);
#9770 = CIRCLE('',#9771,2.4);
#9771 = AXIS2_PLACEMENT_2D('',#9772,#9773);
#9772 = CARTESIAN_POINT('',(-9.999999601162E-02,4.6));
#9773 = DIRECTION('',(1.,0.));
#9774 = ( GEOMETRIC_REPRESENTATION_CONTEXT(2) 
PARAMETRIC_REPRESENTATION_CONTEXT() REPRESENTATION_CONTEXT('2D SPACE',''
  ) );
#9775 = ORIENTED_EDGE('',*,*,#9706,.F.);
#9776 = ADVANCED_FACE('',(#9777),#2977,.F.);
#9777 = FACE_BOUND('',#9778,.T.);
#9778 = EDGE_LOOP('',(#9779,#9780,#9781,#9805));
#9779 = ORIENTED_EDGE('',*,*,#2958,.T.);
#9780 = ORIENTED_EDGE('',*,*,#9655,.T.);
#9781 = ORIENTED_EDGE('',*,*,#9782,.T.);
#9782 = EDGE_CURVE('',#9656,#9783,#9785,.T.);
#9783 = VERTEX_POINT('',#9784);
#9784 = CARTESIAN_POINT('',(-14.55319659675,20.173757964148,0.6));
#9785 = SURFACE_CURVE('',#9786,(#9791,#9798),.PCURVE_S1.);
#9786 = CIRCLE('',#9787,2.4);
#9787 = AXIS2_PLACEMENT_3D('',#9788,#9789,#9790);
#9788 = CARTESIAN_POINT('',(-14.05420853879,22.521312205909,0.6));
#9789 = DIRECTION('',(-0.,0.,1.));
#9790 = DIRECTION('',(0.978147600734,-0.207911690818,0.));
#9791 = PCURVE('',#2977,#9792);
#9792 = DEFINITIONAL_REPRESENTATION('',(#9793),#9797);
#9793 = LINE('',#9794,#9795);
#9794 = CARTESIAN_POINT('',(-0.,-1.6));
#9795 = VECTOR('',#9796,1.);
#9796 = DIRECTION('',(-1.,0.));
#9797 = ( GEOMETRIC_REPRESENTATION_CONTEXT(2) 
PARAMETRIC_REPRESENTATION_CONTEXT() REPRESENTATION_CONTEXT('2D SPACE',''
  ) );
#9798 = PCURVE('',#9694,#9799);
#9799 = DEFINITIONAL_REPRESENTATION('',(#9800),#9804);
#9800 = CIRCLE('',#9801,2.4);
#9801 = AXIS2_PLACEMENT_2D('',#9802,#9803);
#9802 = CARTESIAN_POINT('',(-9.999999601162E-02,-4.6));
#9803 = DIRECTION('',(1.,0.));
#9804 = ( GEOMETRIC_REPRESENTATION_CONTEXT(2) 
PARAMETRIC_REPRESENTATION_CONTEXT() REPRESENTATION_CONTEXT('2D SPACE',''
  ) );
#9805 = ORIENTED_EDGE('',*,*,#9806,.F.);
#9806 = EDGE_CURVE('',#2933,#9783,#9807,.T.);
#9807 = SURFACE_CURVE('',#9808,(#9812,#9819),.PCURVE_S1.);
#9808 = LINE('',#9809,#9810);
#9809 = CARTESIAN_POINT('',(-14.55319659675,20.173757964148,-1.));
#9810 = VECTOR('',#9811,1.);
#9811 = DIRECTION('',(0.,0.,1.));
#9812 = PCURVE('',#2977,#9813);
#9813 = DEFINITIONAL_REPRESENTATION('',(#9814),#9818);
#9814 = LINE('',#9815,#9816);
#9815 = CARTESIAN_POINT('',(-4.712388980385,0.));
#9816 = VECTOR('',#9817,1.);
#9817 = DIRECTION('',(-0.,-1.));
#9818 = ( GEOMETRIC_REPRESENTATION_CONTEXT(2) 
PARAMETRIC_REPRESENTATION_CONTEXT() REPRESENTATION_CONTEXT('2D SPACE',''
  ) );
#9819 = PCURVE('',#2947,#9820);
#9820 = DEFINITIONAL_REPRESENTATION('',(#9821),#9825);
#9821 = LINE('',#9822,#9823);
#9822 = CARTESIAN_POINT('',(-3.053113317719E-16,0.));
#9823 = VECTOR('',#9824,1.);
#9824 = DIRECTION('',(0.,-1.));
#9825 = ( GEOMETRIC_REPRESENTATION_CONTEXT(2) 
PARAMETRIC_REPRESENTATION_CONTEXT() REPRESENTATION_CONTEXT('2D SPACE',''
  ) );
#9826 = ADVANCED_FACE('',(#9827),#2829,.F.);
#9827 = FACE_BOUND('',#9828,.F.);
#9828 = EDGE_LOOP('',(#9829,#9830,#9831,#9854));
#9829 = ORIENTED_EDGE('',*,*,#2814,.T.);
#9830 = ORIENTED_EDGE('',*,*,#9731,.T.);
#9831 = ORIENTED_EDGE('',*,*,#9832,.T.);
#9832 = EDGE_CURVE('',#9732,#9833,#9835,.T.);
#9833 = VERTEX_POINT('',#9834);
#9834 = CARTESIAN_POINT('',(-11.44680342693,33.826242040886,0.6));
#9835 = SURFACE_CURVE('',#9836,(#9840,#9847),.PCURVE_S1.);
#9836 = LINE('',#9837,#9838);
#9837 = CARTESIAN_POINT('',(-11.54461816332,33.847033204934,0.6));
#9838 = VECTOR('',#9839,1.);
#9839 = DIRECTION('',(0.978147600734,-0.207911690818,0.));
#9840 = PCURVE('',#2829,#9841);
#9841 = DEFINITIONAL_REPRESENTATION('',(#9842),#9846);
#9842 = LINE('',#9843,#9844);
#9843 = CARTESIAN_POINT('',(0.100000001953,-1.6));
#9844 = VECTOR('',#9845,1.);
#9845 = DIRECTION('',(1.,0.));
#9846 = ( GEOMETRIC_REPRESENTATION_CONTEXT(2) 
PARAMETRIC_REPRESENTATION_CONTEXT() REPRESENTATION_CONTEXT('2D SPACE',''
  ) );
#9847 = PCURVE('',#9694,#9848);
#9848 = DEFINITIONAL_REPRESENTATION('',(#9849),#9853);
#9849 = LINE('',#9850,#9851);
#9850 = CARTESIAN_POINT('',(5.941350095535E-09,7.));
#9851 = VECTOR('',#9852,1.);
#9852 = DIRECTION('',(1.,0.));
#9853 = ( GEOMETRIC_REPRESENTATION_CONTEXT(2) 
PARAMETRIC_REPRESENTATION_CONTEXT() REPRESENTATION_CONTEXT('2D SPACE',''
  ) );
#9854 = ORIENTED_EDGE('',*,*,#9855,.F.);
#9855 = EDGE_CURVE('',#2815,#9833,#9856,.T.);
#9856 = SURFACE_CURVE('',#9857,(#9861,#9868),.PCURVE_S1.);
#9857 = LINE('',#9858,#9859);
#9858 = CARTESIAN_POINT('',(-11.44680342693,33.826242040886,-1.));
#9859 = VECTOR('',#9860,1.);
#9860 = DIRECTION('',(0.,0.,1.));
#9861 = PCURVE('',#2829,#9862);
#9862 = DEFINITIONAL_REPRESENTATION('',(#9863),#9867);
#9863 = LINE('',#9864,#9865);
#9864 = CARTESIAN_POINT('',(0.19999997774,0.));
#9865 = VECTOR('',#9866,1.);
#9866 = DIRECTION('',(0.,-1.));
#9867 = ( GEOMETRIC_REPRESENTATION_CONTEXT(2) 
PARAMETRIC_REPRESENTATION_CONTEXT() REPRESENTATION_CONTEXT('2D SPACE',''
  ) );
#9868 = PCURVE('',#2861,#9869);
#9869 = DEFINITIONAL_REPRESENTATION('',(#9870),#9874);
#9870 = LINE('',#9871,#9872);
#9871 = CARTESIAN_POINT('',(-1.570796326795,0.));
#9872 = VECTOR('',#9873,1.);
#9873 = DIRECTION('',(-0.,-1.));
#9874 = ( GEOMETRIC_REPRESENTATION_CONTEXT(2) 
PARAMETRIC_REPRESENTATION_CONTEXT() REPRESENTATION_CONTEXT('2D SPACE',''
  ) );
#9875 = ADVANCED_FACE('',(#9876),#2947,.T.);
#9876 = FACE_BOUND('',#9877,.T.);
#9877 = EDGE_LOOP('',(#9878,#9879,#9880,#9903));
#9878 = ORIENTED_EDGE('',*,*,#2932,.T.);
#9879 = ORIENTED_EDGE('',*,*,#9806,.T.);
#9880 = ORIENTED_EDGE('',*,*,#9881,.T.);
#9881 = EDGE_CURVE('',#9783,#9882,#9884,.T.);
#9882 = VERTEX_POINT('',#9883);
#9883 = CARTESIAN_POINT('',(-14.35756709837,20.132175630613,0.6));
#9884 = SURFACE_CURVE('',#9885,(#9889,#9896),.PCURVE_S1.);
#9885 = LINE('',#9886,#9887);
#9886 = CARTESIAN_POINT('',(-14.45538183476,20.15296679466,0.6));
#9887 = VECTOR('',#9888,1.);
#9888 = DIRECTION('',(0.978147600734,-0.207911690818,0.));
#9889 = PCURVE('',#2947,#9890);
#9890 = DEFINITIONAL_REPRESENTATION('',(#9891),#9895);
#9891 = LINE('',#9892,#9893);
#9892 = CARTESIAN_POINT('',(0.100000001953,-1.6));
#9893 = VECTOR('',#9894,1.);
#9894 = DIRECTION('',(1.,0.));
#9895 = ( GEOMETRIC_REPRESENTATION_CONTEXT(2) 
PARAMETRIC_REPRESENTATION_CONTEXT() REPRESENTATION_CONTEXT('2D SPACE',''
  ) );
#9896 = PCURVE('',#9694,#9897);
#9897 = DEFINITIONAL_REPRESENTATION('',(#9898),#9902);
#9898 = LINE('',#9899,#9900);
#9899 = CARTESIAN_POINT('',(5.941350095535E-09,-7.));
#9900 = VECTOR('',#9901,1.);
#9901 = DIRECTION('',(1.,0.));
#9902 = ( GEOMETRIC_REPRESENTATION_CONTEXT(2) 
PARAMETRIC_REPRESENTATION_CONTEXT() REPRESENTATION_CONTEXT('2D SPACE',''
  ) );
#9903 = ORIENTED_EDGE('',*,*,#9904,.F.);
#9904 = EDGE_CURVE('',#2900,#9882,#9905,.T.);
#9905 = SURFACE_CURVE('',#9906,(#9910,#9917),.PCURVE_S1.);
#9906 = LINE('',#9907,#9908);
#9907 = CARTESIAN_POINT('',(-14.35756709837,20.132175630613,-1.));
#9908 = VECTOR('',#9909,1.);
#9909 = DIRECTION('',(0.,0.,1.));
#9910 = PCURVE('',#2947,#9911);
#9911 = DEFINITIONAL_REPRESENTATION('',(#9912),#9916);
#9912 = LINE('',#9913,#9914);
#9913 = CARTESIAN_POINT('',(0.19999997774,0.));
#9914 = VECTOR('',#9915,1.);
#9915 = DIRECTION('',(0.,-1.));
#9916 = ( GEOMETRIC_REPRESENTATION_CONTEXT(2) 
PARAMETRIC_REPRESENTATION_CONTEXT() REPRESENTATION_CONTEXT('2D SPACE',''
  ) );
#9917 = PCURVE('',#2920,#9918);
#9918 = DEFINITIONAL_REPRESENTATION('',(#9919),#9923);
#9919 = LINE('',#9920,#9921);
#9920 = CARTESIAN_POINT('',(-4.712388980385,0.));
#9921 = VECTOR('',#9922,1.);
#9922 = DIRECTION('',(-0.,-1.));
#9923 = ( GEOMETRIC_REPRESENTATION_CONTEXT(2) 
PARAMETRIC_REPRESENTATION_CONTEXT() REPRESENTATION_CONTEXT('2D SPACE',''
  ) );
#9924 = ADVANCED_FACE('',(#9925),#2861,.F.);
#9925 = FACE_BOUND('',#9926,.T.);
#9926 = EDGE_LOOP('',(#9927,#9928,#9951,#9973));
#9927 = ORIENTED_EDGE('',*,*,#2840,.T.);
#9928 = ORIENTED_EDGE('',*,*,#9929,.T.);
#9929 = EDGE_CURVE('',#2841,#9930,#9932,.T.);
#9930 = VERTEX_POINT('',#9931);
#9931 = CARTESIAN_POINT('',(-9.59823723129,30.979699738645,0.6));
#9932 = SURFACE_CURVE('',#9933,(#9937,#9944),.PCURVE_S1.);
#9933 = LINE('',#9934,#9935);
#9934 = CARTESIAN_POINT('',(-9.59823723129,30.979699738645,-1.));
#9935 = VECTOR('',#9936,1.);
#9936 = DIRECTION('',(0.,0.,1.));
#9937 = PCURVE('',#2861,#9938);
#9938 = DEFINITIONAL_REPRESENTATION('',(#9939),#9943);
#9939 = LINE('',#9940,#9941);
#9940 = CARTESIAN_POINT('',(-0.,0.));
#9941 = VECTOR('',#9942,1.);
#9942 = DIRECTION('',(-0.,-1.));
#9943 = ( GEOMETRIC_REPRESENTATION_CONTEXT(2) 
PARAMETRIC_REPRESENTATION_CONTEXT() REPRESENTATION_CONTEXT('2D SPACE',''
  ) );
#9944 = PCURVE('',#2888,#9945);
#9945 = DEFINITIONAL_REPRESENTATION('',(#9946),#9950);
#9946 = LINE('',#9947,#9948);
#9947 = CARTESIAN_POINT('',(9.2,0.));
#9948 = VECTOR('',#9949,1.);
#9949 = DIRECTION('',(0.,-1.));
#9950 = ( GEOMETRIC_REPRESENTATION_CONTEXT(2) 
PARAMETRIC_REPRESENTATION_CONTEXT() REPRESENTATION_CONTEXT('2D SPACE',''
  ) );
#9951 = ORIENTED_EDGE('',*,*,#9952,.T.);
#9952 = EDGE_CURVE('',#9930,#9833,#9953,.T.);
#9953 = SURFACE_CURVE('',#9954,(#9959,#9966),.PCURVE_S1.);
#9954 = CIRCLE('',#9955,2.4);
#9955 = AXIS2_PLACEMENT_3D('',#9956,#9957,#9958);
#9956 = CARTESIAN_POINT('',(-11.94579148489,31.478687799125,0.6));
#9957 = DIRECTION('',(-0.,0.,1.));
#9958 = DIRECTION('',(0.978147600734,-0.207911690818,0.));
#9959 = PCURVE('',#2861,#9960);
#9960 = DEFINITIONAL_REPRESENTATION('',(#9961),#9965);
#9961 = LINE('',#9962,#9963);
#9962 = CARTESIAN_POINT('',(-0.,-1.6));
#9963 = VECTOR('',#9964,1.);
#9964 = DIRECTION('',(-1.,0.));
#9965 = ( GEOMETRIC_REPRESENTATION_CONTEXT(2) 
PARAMETRIC_REPRESENTATION_CONTEXT() REPRESENTATION_CONTEXT('2D SPACE',''
  ) );
#9966 = PCURVE('',#9694,#9967);
#9967 = DEFINITIONAL_REPRESENTATION('',(#9968),#9972);
#9968 = CIRCLE('',#9969,2.4);
#9969 = AXIS2_PLACEMENT_2D('',#9970,#9971);
#9970 = CARTESIAN_POINT('',(9.999998172876E-02,4.6));
#9971 = DIRECTION('',(1.,0.));
#9972 = ( GEOMETRIC_REPRESENTATION_CONTEXT(2) 
PARAMETRIC_REPRESENTATION_CONTEXT() REPRESENTATION_CONTEXT('2D SPACE',''
  ) );
#9973 = ORIENTED_EDGE('',*,*,#9855,.F.);
#9974 = ADVANCED_FACE('',(#9975),#2920,.F.);
#9975 = FACE_BOUND('',#9976,.T.);
#9976 = EDGE_LOOP('',(#9977,#9978,#9979,#10003));
#9977 = ORIENTED_EDGE('',*,*,#2899,.T.);
#9978 = ORIENTED_EDGE('',*,*,#9904,.T.);
#9979 = ORIENTED_EDGE('',*,*,#9980,.T.);
#9980 = EDGE_CURVE('',#9882,#9981,#9983,.T.);
#9981 = VERTEX_POINT('',#9982);
#9982 = CARTESIAN_POINT('',(-11.51102478681,21.980741811894,0.6));
#9983 = SURFACE_CURVE('',#9984,(#9989,#9996),.PCURVE_S1.);
#9984 = CIRCLE('',#9985,2.4);
#9985 = AXIS2_PLACEMENT_3D('',#9986,#9987,#9988);
#9986 = CARTESIAN_POINT('',(-13.85857904041,22.479729872374,0.6));
#9987 = DIRECTION('',(-0.,0.,1.));
#9988 = DIRECTION('',(0.978147600734,-0.207911690818,0.));
#9989 = PCURVE('',#2920,#9990);
#9990 = DEFINITIONAL_REPRESENTATION('',(#9991),#9995);
#9991 = LINE('',#9992,#9993);
#9992 = CARTESIAN_POINT('',(-0.,-1.6));
#9993 = VECTOR('',#9994,1.);
#9994 = DIRECTION('',(-1.,0.));
#9995 = ( GEOMETRIC_REPRESENTATION_CONTEXT(2) 
PARAMETRIC_REPRESENTATION_CONTEXT() REPRESENTATION_CONTEXT('2D SPACE',''
  ) );
#9996 = PCURVE('',#9694,#9997);
#9997 = DEFINITIONAL_REPRESENTATION('',(#9998),#10002);
#9998 = CIRCLE('',#9999,2.4);
#9999 = AXIS2_PLACEMENT_2D('',#10000,#10001);
#10000 = CARTESIAN_POINT('',(9.999998172876E-02,-4.6));
#10001 = DIRECTION('',(1.,0.));
#10002 = ( GEOMETRIC_REPRESENTATION_CONTEXT(2) 
PARAMETRIC_REPRESENTATION_CONTEXT() REPRESENTATION_CONTEXT('2D SPACE',''
  ) );
#10003 = ORIENTED_EDGE('',*,*,#10004,.F.);
#10004 = EDGE_CURVE('',#2874,#9981,#10005,.T.);
#10005 = SURFACE_CURVE('',#10006,(#10010,#10017),.PCURVE_S1.);
#10006 = LINE('',#10007,#10008);
#10007 = CARTESIAN_POINT('',(-11.51102478681,21.980741811894,-1.));
#10008 = VECTOR('',#10009,1.);
#10009 = DIRECTION('',(0.,0.,1.));
#10010 = PCURVE('',#2920,#10011);
#10011 = DEFINITIONAL_REPRESENTATION('',(#10012),#10016);
#10012 = LINE('',#10013,#10014);
#10013 = CARTESIAN_POINT('',(-6.28318530718,0.));
#10014 = VECTOR('',#10015,1.);
#10015 = DIRECTION('',(-0.,-1.));
#10016 = ( GEOMETRIC_REPRESENTATION_CONTEXT(2) 
PARAMETRIC_REPRESENTATION_CONTEXT() REPRESENTATION_CONTEXT('2D SPACE',''
  ) );
#10017 = PCURVE('',#2888,#10018);
#10018 = DEFINITIONAL_REPRESENTATION('',(#10019),#10023);
#10019 = LINE('',#10020,#10021);
#10020 = CARTESIAN_POINT('',(0.,0.));
#10021 = VECTOR('',#10022,1.);
#10022 = DIRECTION('',(0.,-1.));
#10023 = ( GEOMETRIC_REPRESENTATION_CONTEXT(2) 
PARAMETRIC_REPRESENTATION_CONTEXT() REPRESENTATION_CONTEXT('2D SPACE',''
  ) );
#10024 = ADVANCED_FACE('',(#10025),#2888,.T.);
#10025 = FACE_BOUND('',#10026,.T.);
#10026 = EDGE_LOOP('',(#10027,#10028,#10029,#10050));
#10027 = ORIENTED_EDGE('',*,*,#2873,.T.);
#10028 = ORIENTED_EDGE('',*,*,#10004,.T.);
#10029 = ORIENTED_EDGE('',*,*,#10030,.T.);
#10030 = EDGE_CURVE('',#9981,#9930,#10031,.T.);
#10031 = SURFACE_CURVE('',#10032,(#10036,#10043),.PCURVE_S1.);
#10032 = LINE('',#10033,#10034);
#10033 = CARTESIAN_POINT('',(-10.55463099721,26.480220772753,0.6));
#10034 = VECTOR('',#10035,1.);
#10035 = DIRECTION('',(0.207911690818,0.978147600734,0.));
#10036 = PCURVE('',#2888,#10037);
#10037 = DEFINITIONAL_REPRESENTATION('',(#10038),#10042);
#10038 = LINE('',#10039,#10040);
#10039 = CARTESIAN_POINT('',(4.6,-1.6));
#10040 = VECTOR('',#10041,1.);
#10041 = DIRECTION('',(1.,0.));
#10042 = ( GEOMETRIC_REPRESENTATION_CONTEXT(2) 
PARAMETRIC_REPRESENTATION_CONTEXT() REPRESENTATION_CONTEXT('2D SPACE',''
  ) );
#10043 = PCURVE('',#9694,#10044);
#10044 = DEFINITIONAL_REPRESENTATION('',(#10045),#10049);
#10045 = LINE('',#10046,#10047);
#10046 = CARTESIAN_POINT('',(2.500000005941,2.634920573633E-17));
#10047 = VECTOR('',#10048,1.);
#10048 = DIRECTION('',(0.,1.));
#10049 = ( GEOMETRIC_REPRESENTATION_CONTEXT(2) 
PARAMETRIC_REPRESENTATION_CONTEXT() REPRESENTATION_CONTEXT('2D SPACE',''
  ) );
#10050 = ORIENTED_EDGE('',*,*,#9929,.F.);
#10051 = ADVANCED_FACE('',(#10052),#3008,.F.);
#10052 = FACE_BOUND('',#10053,.F.);
#10053 = EDGE_LOOP('',(#10054,#10055,#10078,#10106));
#10054 = ORIENTED_EDGE('',*,*,#2991,.T.);
#10055 = ORIENTED_EDGE('',*,*,#10056,.T.);
#10056 = EDGE_CURVE('',#2994,#10057,#10059,.T.);
#10057 = VERTEX_POINT('',#10058);
#10058 = CARTESIAN_POINT('',(12.607419037997,21.830323331506,0.6));
#10059 = SURFACE_CURVE('',#10060,(#10064,#10071),.PCURVE_S1.);
#10060 = LINE('',#10061,#10062);
#10061 = CARTESIAN_POINT('',(12.607419037997,21.830323331506,-1.));
#10062 = VECTOR('',#10063,1.);
#10063 = DIRECTION('',(0.,0.,1.));
#10064 = PCURVE('',#3008,#10065);
#10065 = DEFINITIONAL_REPRESENTATION('',(#10066),#10070);
#10066 = LINE('',#10067,#10068);
#10067 = CARTESIAN_POINT('',(4.440892098501E-16,0.));
#10068 = VECTOR('',#10069,1.);
#10069 = DIRECTION('',(0.,-1.));
#10070 = ( GEOMETRIC_REPRESENTATION_CONTEXT(2) 
PARAMETRIC_REPRESENTATION_CONTEXT() REPRESENTATION_CONTEXT('2D SPACE',''
  ) );
#10071 = PCURVE('',#3215,#10072);
#10072 = DEFINITIONAL_REPRESENTATION('',(#10073),#10077);
#10073 = LINE('',#10074,#10075);
#10074 = CARTESIAN_POINT('',(-3.14159265359,0.));
#10075 = VECTOR('',#10076,1.);
#10076 = DIRECTION('',(-0.,-1.));
#10077 = ( GEOMETRIC_REPRESENTATION_CONTEXT(2) 
PARAMETRIC_REPRESENTATION_CONTEXT() REPRESENTATION_CONTEXT('2D SPACE',''
  ) );
#10078 = ORIENTED_EDGE('',*,*,#10079,.T.);
#10079 = EDGE_CURVE('',#10057,#10080,#10082,.T.);
#10080 = VERTEX_POINT('',#10081);
#10081 = CARTESIAN_POINT('',(8.477668696269,27.728218050387,0.6));
#10082 = SURFACE_CURVE('',#10083,(#10087,#10094),.PCURVE_S1.);
#10083 = LINE('',#10084,#10085);
#10084 = CARTESIAN_POINT('',(10.542543867927,24.779270691503,0.6));
#10085 = VECTOR('',#10086,1.);
#10086 = DIRECTION('',(-0.573576436351,0.819152044289,0.));
#10087 = PCURVE('',#3008,#10088);
#10088 = DEFINITIONAL_REPRESENTATION('',(#10089),#10093);
#10089 = LINE('',#10090,#10091);
#10090 = CARTESIAN_POINT('',(3.6,-1.6));
#10091 = VECTOR('',#10092,1.);
#10092 = DIRECTION('',(1.,0.));
#10093 = ( GEOMETRIC_REPRESENTATION_CONTEXT(2) 
PARAMETRIC_REPRESENTATION_CONTEXT() REPRESENTATION_CONTEXT('2D SPACE',''
  ) );
#10094 = PCURVE('',#10095,#10100);
#10095 = PLANE('',#10096);
#10096 = AXIS2_PLACEMENT_3D('',#10097,#10098,#10099);
#10097 = CARTESIAN_POINT('',(12.999999994784,26.499999996348,0.6));
#10098 = DIRECTION('',(0.,0.,1.));
#10099 = DIRECTION('',(0.819152044289,0.573576436351,0.));
#10100 = DEFINITIONAL_REPRESENTATION('',(#10101),#10105);
#10101 = LINE('',#10102,#10103);
#10102 = CARTESIAN_POINT('',(-2.999999992663,5.684115735E-16));
#10103 = VECTOR('',#10104,1.);
#10104 = DIRECTION('',(0.,1.));
#10105 = ( GEOMETRIC_REPRESENTATION_CONTEXT(2) 
PARAMETRIC_REPRESENTATION_CONTEXT() REPRESENTATION_CONTEXT('2D SPACE',''
  ) );
#10106 = ORIENTED_EDGE('',*,*,#10107,.F.);
#10107 = EDGE_CURVE('',#2992,#10080,#10108,.T.);
#10108 = SURFACE_CURVE('',#10109,(#10113,#10120),.PCURVE_S1.);
#10109 = LINE('',#10110,#10111);
#10110 = CARTESIAN_POINT('',(8.477668696269,27.728218050387,-1.));
#10111 = VECTOR('',#10112,1.);
#10112 = DIRECTION('',(0.,0.,1.));
#10113 = PCURVE('',#3008,#10114);
#10114 = DEFINITIONAL_REPRESENTATION('',(#10115),#10119);
#10115 = LINE('',#10116,#10117);
#10116 = CARTESIAN_POINT('',(7.2,0.));
#10117 = VECTOR('',#10118,1.);
#10118 = DIRECTION('',(0.,-1.));
#10119 = ( GEOMETRIC_REPRESENTATION_CONTEXT(2) 
PARAMETRIC_REPRESENTATION_CONTEXT() REPRESENTATION_CONTEXT('2D SPACE',''
  ) );
#10120 = PCURVE('',#3040,#10121);
#10121 = DEFINITIONAL_REPRESENTATION('',(#10122),#10126);
#10122 = LINE('',#10123,#10124);
#10123 = CARTESIAN_POINT('',(-3.14159265359,0.));
#10124 = VECTOR('',#10125,1.);
#10125 = DIRECTION('',(-0.,-1.));
#10126 = ( GEOMETRIC_REPRESENTATION_CONTEXT(2) 
PARAMETRIC_REPRESENTATION_CONTEXT() REPRESENTATION_CONTEXT('2D SPACE',''
  ) );
#10127 = ADVANCED_FACE('',(#10128),#3040,.F.);
#10128 = FACE_BOUND('',#10129,.T.);
#10129 = EDGE_LOOP('',(#10130,#10131,#10154,#10176));
#10130 = ORIENTED_EDGE('',*,*,#3019,.T.);
#10131 = ORIENTED_EDGE('',*,*,#10132,.T.);
#10132 = EDGE_CURVE('',#3020,#10133,#10135,.T.);
#10133 = VERTEX_POINT('',#10134);
#10134 = CARTESIAN_POINT('',(9.189837958495,31.767130643687,0.6));
#10135 = SURFACE_CURVE('',#10136,(#10140,#10147),.PCURVE_S1.);
#10136 = LINE('',#10137,#10138);
#10137 = CARTESIAN_POINT('',(9.189837958495,31.767130643687,-1.));
#10138 = VECTOR('',#10139,1.);
#10139 = DIRECTION('',(0.,0.,1.));
#10140 = PCURVE('',#3040,#10141);
#10141 = DEFINITIONAL_REPRESENTATION('',(#10142),#10146);
#10142 = LINE('',#10143,#10144);
#10143 = CARTESIAN_POINT('',(-1.570796326795,0.));
#10144 = VECTOR('',#10145,1.);
#10145 = DIRECTION('',(-0.,-1.));
#10146 = ( GEOMETRIC_REPRESENTATION_CONTEXT(2) 
PARAMETRIC_REPRESENTATION_CONTEXT() REPRESENTATION_CONTEXT('2D SPACE',''
  ) );
#10147 = PCURVE('',#3067,#10148);
#10148 = DEFINITIONAL_REPRESENTATION('',(#10149),#10153);
#10149 = LINE('',#10150,#10151);
#10150 = CARTESIAN_POINT('',(4.163336342344E-17,0.));
#10151 = VECTOR('',#10152,1.);
#10152 = DIRECTION('',(0.,-1.));
#10153 = ( GEOMETRIC_REPRESENTATION_CONTEXT(2) 
PARAMETRIC_REPRESENTATION_CONTEXT() REPRESENTATION_CONTEXT('2D SPACE',''
  ) );
#10154 = ORIENTED_EDGE('',*,*,#10155,.T.);
#10155 = EDGE_CURVE('',#10133,#10080,#10156,.T.);
#10156 = SURFACE_CURVE('',#10157,(#10162,#10169),.PCURVE_S1.);
#10157 = CIRCLE('',#10158,2.9);
#10158 = AXIS2_PLACEMENT_3D('',#10159,#10160,#10161);
#10159 = CARTESIAN_POINT('',(10.853209623913,29.391589715249,0.6));
#10160 = DIRECTION('',(0.,-0.,1.));
#10161 = DIRECTION('',(0.819152044289,0.573576436351,0.));
#10162 = PCURVE('',#3040,#10163);
#10163 = DEFINITIONAL_REPRESENTATION('',(#10164),#10168);
#10164 = LINE('',#10165,#10166);
#10165 = CARTESIAN_POINT('',(-0.,-1.6));
#10166 = VECTOR('',#10167,1.);
#10167 = DIRECTION('',(-1.,0.));
#10168 = ( GEOMETRIC_REPRESENTATION_CONTEXT(2) 
PARAMETRIC_REPRESENTATION_CONTEXT() REPRESENTATION_CONTEXT('2D SPACE',''
  ) );
#10169 = PCURVE('',#10095,#10170);
#10170 = DEFINITIONAL_REPRESENTATION('',(#10171),#10175);
#10171 = CIRCLE('',#10172,2.9);
#10172 = AXIS2_PLACEMENT_2D('',#10173,#10174);
#10173 = CARTESIAN_POINT('',(-9.999999460216E-02,3.6));
#10174 = DIRECTION('',(1.,0.));
#10175 = ( GEOMETRIC_REPRESENTATION_CONTEXT(2) 
PARAMETRIC_REPRESENTATION_CONTEXT() REPRESENTATION_CONTEXT('2D SPACE',''
  ) );
#10176 = ORIENTED_EDGE('',*,*,#10107,.F.);
#10177 = ADVANCED_FACE('',(#10178),#3215,.F.);
#10178 = FACE_BOUND('',#10179,.T.);
#10179 = EDGE_LOOP('',(#10180,#10181,#10182,#10206));
#10180 = ORIENTED_EDGE('',*,*,#3196,.T.);
#10181 = ORIENTED_EDGE('',*,*,#10056,.T.);
#10182 = ORIENTED_EDGE('',*,*,#10183,.T.);
#10183 = EDGE_CURVE('',#10057,#10184,#10186,.T.);
#10184 = VERTEX_POINT('',#10185);
#10185 = CARTESIAN_POINT('',(16.646331631059,21.11815406793,0.6));
#10186 = SURFACE_CURVE('',#10187,(#10192,#10199),.PCURVE_S1.);
#10187 = CIRCLE('',#10188,2.9);
#10188 = AXIS2_PLACEMENT_3D('',#10189,#10190,#10191);
#10189 = CARTESIAN_POINT('',(14.982959965641,23.493694996368,0.6));
#10190 = DIRECTION('',(0.,-0.,1.));
#10191 = DIRECTION('',(0.819152044289,0.573576436351,0.));
#10192 = PCURVE('',#3215,#10193);
#10193 = DEFINITIONAL_REPRESENTATION('',(#10194),#10198);
#10194 = LINE('',#10195,#10196);
#10195 = CARTESIAN_POINT('',(-0.,-1.6));
#10196 = VECTOR('',#10197,1.);
#10197 = DIRECTION('',(-1.,0.));
#10198 = ( GEOMETRIC_REPRESENTATION_CONTEXT(2) 
PARAMETRIC_REPRESENTATION_CONTEXT() REPRESENTATION_CONTEXT('2D SPACE',''
  ) );
#10199 = PCURVE('',#10095,#10200);
#10200 = DEFINITIONAL_REPRESENTATION('',(#10201),#10205);
#10201 = CIRCLE('',#10202,2.9);
#10202 = AXIS2_PLACEMENT_2D('',#10203,#10204);
#10203 = CARTESIAN_POINT('',(-9.999999460216E-02,-3.6));
#10204 = DIRECTION('',(1.,0.));
#10205 = ( GEOMETRIC_REPRESENTATION_CONTEXT(2) 
PARAMETRIC_REPRESENTATION_CONTEXT() REPRESENTATION_CONTEXT('2D SPACE',''
  ) );
#10206 = ORIENTED_EDGE('',*,*,#10207,.F.);
#10207 = EDGE_CURVE('',#3171,#10184,#10208,.T.);
#10208 = SURFACE_CURVE('',#10209,(#10213,#10220),.PCURVE_S1.);
#10209 = LINE('',#10210,#10211);
#10210 = CARTESIAN_POINT('',(16.646331631059,21.11815406793,-1.));
#10211 = VECTOR('',#10212,1.);
#10212 = DIRECTION('',(0.,0.,1.));
#10213 = PCURVE('',#3215,#10214);
#10214 = DEFINITIONAL_REPRESENTATION('',(#10215),#10219);
#10215 = LINE('',#10216,#10217);
#10216 = CARTESIAN_POINT('',(-4.712388980385,0.));
#10217 = VECTOR('',#10218,1.);
#10218 = DIRECTION('',(-0.,-1.));
#10219 = ( GEOMETRIC_REPRESENTATION_CONTEXT(2) 
PARAMETRIC_REPRESENTATION_CONTEXT() REPRESENTATION_CONTEXT('2D SPACE',''
  ) );
#10220 = PCURVE('',#3185,#10221);
#10221 = DEFINITIONAL_REPRESENTATION('',(#10222),#10226);
#10222 = LINE('',#10223,#10224);
#10223 = CARTESIAN_POINT('',(4.163336342344E-17,0.));
#10224 = VECTOR('',#10225,1.);
#10225 = DIRECTION('',(0.,-1.));
#10226 = ( GEOMETRIC_REPRESENTATION_CONTEXT(2) 
PARAMETRIC_REPRESENTATION_CONTEXT() REPRESENTATION_CONTEXT('2D SPACE',''
  ) );
#10227 = ADVANCED_FACE('',(#10228),#3067,.F.);
#10228 = FACE_BOUND('',#10229,.F.);
#10229 = EDGE_LOOP('',(#10230,#10231,#10232,#10255));
#10230 = ORIENTED_EDGE('',*,*,#3052,.T.);
#10231 = ORIENTED_EDGE('',*,*,#10132,.T.);
#10232 = ORIENTED_EDGE('',*,*,#10233,.T.);
#10233 = EDGE_CURVE('',#10133,#10234,#10236,.T.);
#10234 = VERTEX_POINT('',#10235);
#10235 = CARTESIAN_POINT('',(9.353668349109,31.881845918183,0.6));
#10236 = SURFACE_CURVE('',#10237,(#10241,#10248),.PCURVE_S1.);
#10237 = LINE('',#10238,#10239);
#10238 = CARTESIAN_POINT('',(9.271753164513,31.824488288435,0.6));
#10239 = VECTOR('',#10240,1.);
#10240 = DIRECTION('',(0.819152044289,0.573576436351,0.));
#10241 = PCURVE('',#3067,#10242);
#10242 = DEFINITIONAL_REPRESENTATION('',(#10243),#10247);
#10243 = LINE('',#10244,#10245);
#10244 = CARTESIAN_POINT('',(0.100000001939,-1.6));
#10245 = VECTOR('',#10246,1.);
#10246 = DIRECTION('',(1.,0.));
#10247 = ( GEOMETRIC_REPRESENTATION_CONTEXT(2) 
PARAMETRIC_REPRESENTATION_CONTEXT() REPRESENTATION_CONTEXT('2D SPACE',''
  ) );
#10248 = PCURVE('',#10095,#10249);
#10249 = DEFINITIONAL_REPRESENTATION('',(#10250),#10254);
#10250 = LINE('',#10251,#10252);
#10251 = CARTESIAN_POINT('',(7.33730620462E-09,6.5));
#10252 = VECTOR('',#10253,1.);
#10253 = DIRECTION('',(1.,0.));
#10254 = ( GEOMETRIC_REPRESENTATION_CONTEXT(2) 
PARAMETRIC_REPRESENTATION_CONTEXT() REPRESENTATION_CONTEXT('2D SPACE',''
  ) );
#10255 = ORIENTED_EDGE('',*,*,#10256,.F.);
#10256 = EDGE_CURVE('',#3053,#10234,#10257,.T.);
#10257 = SURFACE_CURVE('',#10258,(#10262,#10269),.PCURVE_S1.);
#10258 = LINE('',#10259,#10260);
#10259 = CARTESIAN_POINT('',(9.353668349109,31.881845918183,-1.));
#10260 = VECTOR('',#10261,1.);
#10261 = DIRECTION('',(0.,0.,1.));
#10262 = PCURVE('',#3067,#10263);
#10263 = DEFINITIONAL_REPRESENTATION('',(#10264),#10268);
#10264 = LINE('',#10265,#10266);
#10265 = CARTESIAN_POINT('',(0.199999977728,0.));
#10266 = VECTOR('',#10267,1.);
#10267 = DIRECTION('',(0.,-1.));
#10268 = ( GEOMETRIC_REPRESENTATION_CONTEXT(2) 
PARAMETRIC_REPRESENTATION_CONTEXT() REPRESENTATION_CONTEXT('2D SPACE',''
  ) );
#10269 = PCURVE('',#3099,#10270);
#10270 = DEFINITIONAL_REPRESENTATION('',(#10271),#10275);
#10271 = LINE('',#10272,#10273);
#10272 = CARTESIAN_POINT('',(-1.570796326795,0.));
#10273 = VECTOR('',#10274,1.);
#10274 = DIRECTION('',(-0.,-1.));
#10275 = ( GEOMETRIC_REPRESENTATION_CONTEXT(2) 
PARAMETRIC_REPRESENTATION_CONTEXT() REPRESENTATION_CONTEXT('2D SPACE',''
  ) );
#10276 = ADVANCED_FACE('',(#10277),#3185,.T.);
#10277 = FACE_BOUND('',#10278,.T.);
#10278 = EDGE_LOOP('',(#10279,#10280,#10281,#10304));
#10279 = ORIENTED_EDGE('',*,*,#3170,.T.);
#10280 = ORIENTED_EDGE('',*,*,#10207,.T.);
#10281 = ORIENTED_EDGE('',*,*,#10282,.T.);
#10282 = EDGE_CURVE('',#10184,#10283,#10285,.T.);
#10283 = VERTEX_POINT('',#10284);
#10284 = CARTESIAN_POINT('',(16.810162021673,21.232869342426,0.6));
#10285 = SURFACE_CURVE('',#10286,(#10290,#10297),.PCURVE_S1.);
#10286 = LINE('',#10287,#10288);
#10287 = CARTESIAN_POINT('',(16.728246837076,21.175511712678,0.6));
#10288 = VECTOR('',#10289,1.);
#10289 = DIRECTION('',(0.819152044289,0.573576436351,0.));
#10290 = PCURVE('',#3185,#10291);
#10291 = DEFINITIONAL_REPRESENTATION('',(#10292),#10296);
#10292 = LINE('',#10293,#10294);
#10293 = CARTESIAN_POINT('',(0.100000001939,-1.6));
#10294 = VECTOR('',#10295,1.);
#10295 = DIRECTION('',(1.,0.));
#10296 = ( GEOMETRIC_REPRESENTATION_CONTEXT(2) 
PARAMETRIC_REPRESENTATION_CONTEXT() REPRESENTATION_CONTEXT('2D SPACE',''
  ) );
#10297 = PCURVE('',#10095,#10298);
#10298 = DEFINITIONAL_REPRESENTATION('',(#10299),#10303);
#10299 = LINE('',#10300,#10301);
#10300 = CARTESIAN_POINT('',(7.33730620462E-09,-6.5));
#10301 = VECTOR('',#10302,1.);
#10302 = DIRECTION('',(1.,0.));
#10303 = ( GEOMETRIC_REPRESENTATION_CONTEXT(2) 
PARAMETRIC_REPRESENTATION_CONTEXT() REPRESENTATION_CONTEXT('2D SPACE',''
  ) );
#10304 = ORIENTED_EDGE('',*,*,#10305,.F.);
#10305 = EDGE_CURVE('',#3138,#10283,#10306,.T.);
#10306 = SURFACE_CURVE('',#10307,(#10311,#10318),.PCURVE_S1.);
#10307 = LINE('',#10308,#10309);
#10308 = CARTESIAN_POINT('',(16.810162021673,21.232869342426,-1.));
#10309 = VECTOR('',#10310,1.);
#10310 = DIRECTION('',(0.,0.,1.));
#10311 = PCURVE('',#3185,#10312);
#10312 = DEFINITIONAL_REPRESENTATION('',(#10313),#10317);
#10313 = LINE('',#10314,#10315);
#10314 = CARTESIAN_POINT('',(0.199999977728,0.));
#10315 = VECTOR('',#10316,1.);
#10316 = DIRECTION('',(0.,-1.));
#10317 = ( GEOMETRIC_REPRESENTATION_CONTEXT(2) 
PARAMETRIC_REPRESENTATION_CONTEXT() REPRESENTATION_CONTEXT('2D SPACE',''
  ) );
#10318 = PCURVE('',#3158,#10319);
#10319 = DEFINITIONAL_REPRESENTATION('',(#10320),#10324);
#10320 = LINE('',#10321,#10322);
#10321 = CARTESIAN_POINT('',(-4.712388980385,0.));
#10322 = VECTOR('',#10323,1.);
#10323 = DIRECTION('',(-0.,-1.));
#10324 = ( GEOMETRIC_REPRESENTATION_CONTEXT(2) 
PARAMETRIC_REPRESENTATION_CONTEXT() REPRESENTATION_CONTEXT('2D SPACE',''
  ) );
#10325 = ADVANCED_FACE('',(#10326),#3099,.F.);
#10326 = FACE_BOUND('',#10327,.T.);
#10327 = EDGE_LOOP('',(#10328,#10329,#10352,#10374));
#10328 = ORIENTED_EDGE('',*,*,#3078,.T.);
#10329 = ORIENTED_EDGE('',*,*,#10330,.T.);
#10330 = EDGE_CURVE('',#3079,#10331,#10333,.T.);
#10331 = VERTEX_POINT('',#10332);
#10332 = CARTESIAN_POINT('',(13.392580952881,31.169676662106,0.6));
#10333 = SURFACE_CURVE('',#10334,(#10338,#10345),.PCURVE_S1.);
#10334 = LINE('',#10335,#10336);
#10335 = CARTESIAN_POINT('',(13.392580952881,31.169676662106,-1.));
#10336 = VECTOR('',#10337,1.);
#10337 = DIRECTION('',(0.,0.,1.));
#10338 = PCURVE('',#3099,#10339);
#10339 = DEFINITIONAL_REPRESENTATION('',(#10340),#10344);
#10340 = LINE('',#10341,#10342);
#10341 = CARTESIAN_POINT('',(-0.,0.));
#10342 = VECTOR('',#10343,1.);
#10343 = DIRECTION('',(-0.,-1.));
#10344 = ( GEOMETRIC_REPRESENTATION_CONTEXT(2) 
PARAMETRIC_REPRESENTATION_CONTEXT() REPRESENTATION_CONTEXT('2D SPACE',''
  ) );
#10345 = PCURVE('',#3126,#10346);
#10346 = DEFINITIONAL_REPRESENTATION('',(#10347),#10351);
#10347 = LINE('',#10348,#10349);
#10348 = CARTESIAN_POINT('',(7.2,0.));
#10349 = VECTOR('',#10350,1.);
#10350 = DIRECTION('',(0.,-1.));
#10351 = ( GEOMETRIC_REPRESENTATION_CONTEXT(2) 
PARAMETRIC_REPRESENTATION_CONTEXT() REPRESENTATION_CONTEXT('2D SPACE',''
  ) );
#10352 = ORIENTED_EDGE('',*,*,#10353,.T.);
#10353 = EDGE_CURVE('',#10331,#10234,#10354,.T.);
#10354 = SURFACE_CURVE('',#10355,(#10360,#10367),.PCURVE_S1.);
#10355 = CIRCLE('',#10356,2.9);
#10356 = AXIS2_PLACEMENT_3D('',#10357,#10358,#10359);
#10357 = CARTESIAN_POINT('',(11.017040014527,29.506304989745,0.6));
#10358 = DIRECTION('',(0.,-0.,1.));
#10359 = DIRECTION('',(0.819152044289,0.573576436351,0.));
#10360 = PCURVE('',#3099,#10361);
#10361 = DEFINITIONAL_REPRESENTATION('',(#10362),#10366);
#10362 = LINE('',#10363,#10364);
#10363 = CARTESIAN_POINT('',(-0.,-1.6));
#10364 = VECTOR('',#10365,1.);
#10365 = DIRECTION('',(-1.,0.));
#10366 = ( GEOMETRIC_REPRESENTATION_CONTEXT(2) 
PARAMETRIC_REPRESENTATION_CONTEXT() REPRESENTATION_CONTEXT('2D SPACE',''
  ) );
#10367 = PCURVE('',#10095,#10368);
#10368 = DEFINITIONAL_REPRESENTATION('',(#10369),#10373);
#10369 = CIRCLE('',#10370,2.9);
#10370 = AXIS2_PLACEMENT_2D('',#10371,#10372);
#10371 = CARTESIAN_POINT('',(9.999998312629E-02,3.6));
#10372 = DIRECTION('',(1.,0.));
#10373 = ( GEOMETRIC_REPRESENTATION_CONTEXT(2) 
PARAMETRIC_REPRESENTATION_CONTEXT() REPRESENTATION_CONTEXT('2D SPACE',''
  ) );
#10374 = ORIENTED_EDGE('',*,*,#10256,.F.);
#10375 = ADVANCED_FACE('',(#10376),#3158,.F.);
#10376 = FACE_BOUND('',#10377,.T.);
#10377 = EDGE_LOOP('',(#10378,#10379,#10380,#10404));
#10378 = ORIENTED_EDGE('',*,*,#3137,.T.);
#10379 = ORIENTED_EDGE('',*,*,#10305,.T.);
#10380 = ORIENTED_EDGE('',*,*,#10381,.T.);
#10381 = EDGE_CURVE('',#10283,#10382,#10384,.T.);
#10382 = VERTEX_POINT('',#10383);
#10383 = CARTESIAN_POINT('',(17.522331294609,25.271781943226,0.6));
#10384 = SURFACE_CURVE('',#10385,(#10390,#10397),.PCURVE_S1.);
#10385 = CIRCLE('',#10386,2.9);
#10386 = AXIS2_PLACEMENT_3D('',#10387,#10388,#10389);
#10387 = CARTESIAN_POINT('',(15.146790356255,23.608410270864,0.6));
#10388 = DIRECTION('',(0.,-0.,1.));
#10389 = DIRECTION('',(0.819152044289,0.573576436351,0.));
#10390 = PCURVE('',#3158,#10391);
#10391 = DEFINITIONAL_REPRESENTATION('',(#10392),#10396);
#10392 = LINE('',#10393,#10394);
#10393 = CARTESIAN_POINT('',(-0.,-1.6));
#10394 = VECTOR('',#10395,1.);
#10395 = DIRECTION('',(-1.,0.));
#10396 = ( GEOMETRIC_REPRESENTATION_CONTEXT(2) 
PARAMETRIC_REPRESENTATION_CONTEXT() REPRESENTATION_CONTEXT('2D SPACE',''
  ) );
#10397 = PCURVE('',#10095,#10398);
#10398 = DEFINITIONAL_REPRESENTATION('',(#10399),#10403);
#10399 = CIRCLE('',#10400,2.9);
#10400 = AXIS2_PLACEMENT_2D('',#10401,#10402);
#10401 = CARTESIAN_POINT('',(9.999998312629E-02,-3.6));
#10402 = DIRECTION('',(1.,0.));
#10403 = ( GEOMETRIC_REPRESENTATION_CONTEXT(2) 
PARAMETRIC_REPRESENTATION_CONTEXT() REPRESENTATION_CONTEXT('2D SPACE',''
  ) );
#10404 = ORIENTED_EDGE('',*,*,#10405,.F.);
#10405 = EDGE_CURVE('',#3112,#10382,#10406,.T.);
#10406 = SURFACE_CURVE('',#10407,(#10411,#10418),.PCURVE_S1.);
#10407 = LINE('',#10408,#10409);
#10408 = CARTESIAN_POINT('',(17.522331294609,25.271781943226,-1.));
#10409 = VECTOR('',#10410,1.);
#10410 = DIRECTION('',(0.,0.,1.));
#10411 = PCURVE('',#3158,#10412);
#10412 = DEFINITIONAL_REPRESENTATION('',(#10413),#10417);
#10413 = LINE('',#10414,#10415);
#10414 = CARTESIAN_POINT('',(-6.28318530718,0.));
#10415 = VECTOR('',#10416,1.);
#10416 = DIRECTION('',(-0.,-1.));
#10417 = ( GEOMETRIC_REPRESENTATION_CONTEXT(2) 
PARAMETRIC_REPRESENTATION_CONTEXT() REPRESENTATION_CONTEXT('2D SPACE',''
  ) );
#10418 = PCURVE('',#3126,#10419);
#10419 = DEFINITIONAL_REPRESENTATION('',(#10420),#10424);
#10420 = LINE('',#10421,#10422);
#10421 = CARTESIAN_POINT('',(-4.440892098501E-16,0.));
#10422 = VECTOR('',#10423,1.);
#10423 = DIRECTION('',(0.,-1.));
#10424 = ( GEOMETRIC_REPRESENTATION_CONTEXT(2) 
PARAMETRIC_REPRESENTATION_CONTEXT() REPRESENTATION_CONTEXT('2D SPACE',''
  ) );
#10425 = ADVANCED_FACE('',(#10426),#3126,.T.);
#10426 = FACE_BOUND('',#10427,.T.);
#10427 = EDGE_LOOP('',(#10428,#10429,#10430,#10451));
#10428 = ORIENTED_EDGE('',*,*,#3111,.T.);
#10429 = ORIENTED_EDGE('',*,*,#10405,.T.);
#10430 = ORIENTED_EDGE('',*,*,#10431,.T.);
#10431 = EDGE_CURVE('',#10382,#10331,#10432,.T.);
#10432 = SURFACE_CURVE('',#10433,(#10437,#10444),.PCURVE_S1.);
#10433 = LINE('',#10434,#10435);
#10434 = CARTESIAN_POINT('',(15.457456133661,28.220729309609,0.6));
#10435 = VECTOR('',#10436,1.);
#10436 = DIRECTION('',(-0.573576436351,0.819152044289,0.));
#10437 = PCURVE('',#3126,#10438);
#10438 = DEFINITIONAL_REPRESENTATION('',(#10439),#10443);
#10439 = LINE('',#10440,#10441);
#10440 = CARTESIAN_POINT('',(3.6,-1.6));
#10441 = VECTOR('',#10442,1.);
#10442 = DIRECTION('',(1.,0.));
#10443 = ( GEOMETRIC_REPRESENTATION_CONTEXT(2) 
PARAMETRIC_REPRESENTATION_CONTEXT() REPRESENTATION_CONTEXT('2D SPACE',''
  ) );
#10444 = PCURVE('',#10095,#10445);
#10445 = DEFINITIONAL_REPRESENTATION('',(#10446),#10450);
#10446 = LINE('',#10447,#10448);
#10447 = CARTESIAN_POINT('',(3.000000007337,5.684115735E-16));
#10448 = VECTOR('',#10449,1.);
#10449 = DIRECTION('',(0.,1.));
#10450 = ( GEOMETRIC_REPRESENTATION_CONTEXT(2) 
PARAMETRIC_REPRESENTATION_CONTEXT() REPRESENTATION_CONTEXT('2D SPACE',''
  ) );
#10451 = ORIENTED_EDGE('',*,*,#10330,.F.);
#10452 = ADVANCED_FACE('',(#10453),#3289,.T.);
#10453 = FACE_BOUND('',#10454,.T.);
#10454 = EDGE_LOOP('',(#10455,#10478,#10506,#10527));
#10455 = ORIENTED_EDGE('',*,*,#10456,.T.);
#10456 = EDGE_CURVE('',#3231,#10457,#10459,.T.);
#10457 = VERTEX_POINT('',#10458);
#10458 = CARTESIAN_POINT('',(-27.23770700589,-5.557698725828,12.));
#10459 = SURFACE_CURVE('',#10460,(#10464,#10471),.PCURVE_S1.);
#10460 = LINE('',#10461,#10462);
#10461 = CARTESIAN_POINT('',(-27.23770700589,-5.557698725828,0.));
#10462 = VECTOR('',#10463,1.);
#10463 = DIRECTION('',(0.,0.,1.));
#10464 = PCURVE('',#3289,#10465);
#10465 = DEFINITIONAL_REPRESENTATION('',(#10466),#10470);
#10466 = LINE('',#10467,#10468);
#10467 = CARTESIAN_POINT('',(0.,0.));
#10468 = VECTOR('',#10469,1.);
#10469 = DIRECTION('',(0.,-1.));
#10470 = ( GEOMETRIC_REPRESENTATION_CONTEXT(2) 
PARAMETRIC_REPRESENTATION_CONTEXT() REPRESENTATION_CONTEXT('2D SPACE',''
  ) );
#10471 = PCURVE('',#3341,#10472);
#10472 = DEFINITIONAL_REPRESENTATION('',(#10473),#10477);
#10473 = LINE('',#10474,#10475);
#10474 = CARTESIAN_POINT('',(6.28318530718,0.));
#10475 = VECTOR('',#10476,1.);
#10476 = DIRECTION('',(0.,-1.));
#10477 = ( GEOMETRIC_REPRESENTATION_CONTEXT(2) 
PARAMETRIC_REPRESENTATION_CONTEXT() REPRESENTATION_CONTEXT('2D SPACE',''
  ) );
#10478 = ORIENTED_EDGE('',*,*,#10479,.T.);
#10479 = EDGE_CURVE('',#10457,#10480,#10482,.T.);
#10480 = VERTEX_POINT('',#10481);
#10481 = CARTESIAN_POINT('',(-25.32180164076,0.338851675202,12.));
#10482 = SURFACE_CURVE('',#10483,(#10487,#10494),.PCURVE_S1.);
#10483 = LINE('',#10484,#10485);
#10484 = CARTESIAN_POINT('',(-26.27975432241,-2.609423525609,12.));
#10485 = VECTOR('',#10486,1.);
#10486 = DIRECTION('',(0.309016994375,0.951056516295,0.));
#10487 = PCURVE('',#3289,#10488);
#10488 = DEFINITIONAL_REPRESENTATION('',(#10489),#10493);
#10489 = LINE('',#10490,#10491);
#10490 = CARTESIAN_POINT('',(3.1,-12.));
#10491 = VECTOR('',#10492,1.);
#10492 = DIRECTION('',(1.,0.));
#10493 = ( GEOMETRIC_REPRESENTATION_CONTEXT(2) 
PARAMETRIC_REPRESENTATION_CONTEXT() REPRESENTATION_CONTEXT('2D SPACE',''
  ) );
#10494 = PCURVE('',#10495,#10500);
#10495 = PLANE('',#10496);
#10496 = AXIS2_PLACEMENT_3D('',#10497,#10498,#10499);
#10497 = CARTESIAN_POINT('',(-22.00000000767,-3.999999997507,12.));
#10498 = DIRECTION('',(0.,0.,1.));
#10499 = DIRECTION('',(0.951056516295,-0.309016994375,0.));
#10500 = DEFINITIONAL_REPRESENTATION('',(#10501),#10505);
#10501 = LINE('',#10502,#10503);
#10502 = CARTESIAN_POINT('',(-4.499999990973,5.311636251621E-16));
#10503 = VECTOR('',#10504,1.);
#10504 = DIRECTION('',(0.,1.));
#10505 = ( GEOMETRIC_REPRESENTATION_CONTEXT(2) 
PARAMETRIC_REPRESENTATION_CONTEXT() REPRESENTATION_CONTEXT('2D SPACE',''
  ) );
#10506 = ORIENTED_EDGE('',*,*,#10507,.F.);
#10507 = EDGE_CURVE('',#3254,#10480,#10508,.T.);
#10508 = SURFACE_CURVE('',#10509,(#10513,#10520),.PCURVE_S1.);
#10509 = LINE('',#10510,#10511);
#10510 = CARTESIAN_POINT('',(-25.32180164076,0.338851675202,0.));
#10511 = VECTOR('',#10512,1.);
#10512 = DIRECTION('',(0.,0.,1.));
#10513 = PCURVE('',#3289,#10514);
#10514 = DEFINITIONAL_REPRESENTATION('',(#10515),#10519);
#10515 = LINE('',#10516,#10517);
#10516 = CARTESIAN_POINT('',(6.2,0.));
#10517 = VECTOR('',#10518,1.);
#10518 = DIRECTION('',(0.,-1.));
#10519 = ( GEOMETRIC_REPRESENTATION_CONTEXT(2) 
PARAMETRIC_REPRESENTATION_CONTEXT() REPRESENTATION_CONTEXT('2D SPACE',''
  ) );
#10520 = PCURVE('',#3376,#10521);
#10521 = DEFINITIONAL_REPRESENTATION('',(#10522),#10526);
#10522 = LINE('',#10523,#10524);
#10523 = CARTESIAN_POINT('',(0.,0.));
#10524 = VECTOR('',#10525,1.);
#10525 = DIRECTION('',(0.,-1.));
#10526 = ( GEOMETRIC_REPRESENTATION_CONTEXT(2) 
PARAMETRIC_REPRESENTATION_CONTEXT() REPRESENTATION_CONTEXT('2D SPACE',''
  ) );
#10527 = ORIENTED_EDGE('',*,*,#3275,.F.);
#10528 = ADVANCED_FACE('',(#10529),#3341,.T.);
#10529 = FACE_BOUND('',#10530,.T.);
#10530 = EDGE_LOOP('',(#10531,#10554,#10580,#10581));
#10531 = ORIENTED_EDGE('',*,*,#10532,.T.);
#10532 = EDGE_CURVE('',#3305,#10533,#10535,.T.);
#10533 = VERTEX_POINT('',#10534);
#10534 = CARTESIAN_POINT('',(-24.41273311035,-11.10202217248,12.));
#10535 = SURFACE_CURVE('',#10536,(#10540,#10547),.PCURVE_S1.);
#10536 = LINE('',#10537,#10538);
#10537 = CARTESIAN_POINT('',(-24.41273311035,-11.10202217248,0.));
#10538 = VECTOR('',#10539,1.);
#10539 = DIRECTION('',(0.,0.,1.));
#10540 = PCURVE('',#3341,#10541);
#10541 = DEFINITIONAL_REPRESENTATION('',(#10542),#10546);
#10542 = LINE('',#10543,#10544);
#10543 = CARTESIAN_POINT('',(4.712388980385,0.));
#10544 = VECTOR('',#10545,1.);
#10545 = DIRECTION('',(0.,-1.));
#10546 = ( GEOMETRIC_REPRESENTATION_CONTEXT(2) 
PARAMETRIC_REPRESENTATION_CONTEXT() REPRESENTATION_CONTEXT('2D SPACE',''
  ) );
#10547 = PCURVE('',#3493,#10548);
#10548 = DEFINITIONAL_REPRESENTATION('',(#10549),#10553);
#10549 = LINE('',#10550,#10551);
#10550 = CARTESIAN_POINT('',(9.159339953158E-16,0.));
#10551 = VECTOR('',#10552,1.);
#10552 = DIRECTION('',(0.,-1.));
#10553 = ( GEOMETRIC_REPRESENTATION_CONTEXT(2) 
PARAMETRIC_REPRESENTATION_CONTEXT() REPRESENTATION_CONTEXT('2D SPACE',''
  ) );
#10554 = ORIENTED_EDGE('',*,*,#10555,.T.);
#10555 = EDGE_CURVE('',#10533,#10457,#10556,.T.);
#10556 = SURFACE_CURVE('',#10557,(#10562,#10569),.PCURVE_S1.);
#10557 = CIRCLE('',#10558,4.4);
#10558 = AXIS2_PLACEMENT_3D('',#10559,#10560,#10561);
#10559 = CARTESIAN_POINT('',(-23.0530583351,-6.917373500781,12.));
#10560 = DIRECTION('',(0.,0.,-1.));
#10561 = DIRECTION('',(-0.951056516295,0.309016994375,0.));
#10562 = PCURVE('',#3341,#10563);
#10563 = DEFINITIONAL_REPRESENTATION('',(#10564),#10568);
#10564 = LINE('',#10565,#10566);
#10565 = CARTESIAN_POINT('',(0.,-12.));
#10566 = VECTOR('',#10567,1.);
#10567 = DIRECTION('',(1.,0.));
#10568 = ( GEOMETRIC_REPRESENTATION_CONTEXT(2) 
PARAMETRIC_REPRESENTATION_CONTEXT() REPRESENTATION_CONTEXT('2D SPACE',''
  ) );
#10569 = PCURVE('',#10495,#10570);
#10570 = DEFINITIONAL_REPRESENTATION('',(#10571),#10579);
#10571 = ( BOUNDED_CURVE() B_SPLINE_CURVE(2,(#10572,#10573,#10574,#10575
    ,#10576,#10577,#10578),.UNSPECIFIED.,.T.,.F.) 
B_SPLINE_CURVE_WITH_KNOTS((1,2,2,2,2,1),(-2.094395102393,0.,
    2.094395102393,4.188790204786,6.28318530718,8.377580409573),
.UNSPECIFIED.) CURVE() GEOMETRIC_REPRESENTATION_ITEM() 
RATIONAL_B_SPLINE_CURVE((1.,0.5,1.,0.5,1.,0.5,1.)) REPRESENTATION_ITEM(
  '') );
#10572 = CARTESIAN_POINT('',(-4.499999992891,-3.1));
#10573 = CARTESIAN_POINT('',(-4.499999992891,4.521023553303));
#10574 = CARTESIAN_POINT('',(2.100000007109,0.710511776652));
#10575 = CARTESIAN_POINT('',(8.700000007109,-3.1));
#10576 = CARTESIAN_POINT('',(2.100000007109,-6.910511776652));
#10577 = CARTESIAN_POINT('',(-4.499999992891,-10.7210235533));
#10578 = CARTESIAN_POINT('',(-4.499999992891,-3.1));
#10579 = ( GEOMETRIC_REPRESENTATION_CONTEXT(2) 
PARAMETRIC_REPRESENTATION_CONTEXT() REPRESENTATION_CONTEXT('2D SPACE',''
  ) );
#10580 = ORIENTED_EDGE('',*,*,#10456,.F.);
#10581 = ORIENTED_EDGE('',*,*,#3326,.F.);
#10582 = ADVANCED_FACE('',(#10583),#3376,.T.);
#10583 = FACE_BOUND('',#10584,.T.);
#10584 = EDGE_LOOP('',(#10585,#10586,#10587,#10615,#10634));
#10585 = ORIENTED_EDGE('',*,*,#3359,.F.);
#10586 = ORIENTED_EDGE('',*,*,#10507,.T.);
#10587 = ORIENTED_EDGE('',*,*,#10588,.T.);
#10588 = EDGE_CURVE('',#10480,#10589,#10591,.T.);
#10589 = VERTEX_POINT('',#10590);
#10590 = CARTESIAN_POINT('',(-24.,2.320450142996,12.));
#10591 = SURFACE_CURVE('',#10592,(#10597,#10604),.PCURVE_S1.);
#10592 = CIRCLE('',#10593,4.4);
#10593 = AXIS2_PLACEMENT_3D('',#10594,#10595,#10596);
#10594 = CARTESIAN_POINT('',(-21.13715296997,-1.020823099751,12.));
#10595 = DIRECTION('',(0.,0.,-1.));
#10596 = DIRECTION('',(-0.951056516295,0.309016994375,0.));
#10597 = PCURVE('',#3376,#10598);
#10598 = DEFINITIONAL_REPRESENTATION('',(#10599),#10603);
#10599 = LINE('',#10600,#10601);
#10600 = CARTESIAN_POINT('',(0.,-12.));
#10601 = VECTOR('',#10602,1.);
#10602 = DIRECTION('',(1.,0.));
#10603 = ( GEOMETRIC_REPRESENTATION_CONTEXT(2) 
PARAMETRIC_REPRESENTATION_CONTEXT() REPRESENTATION_CONTEXT('2D SPACE',''
  ) );
#10604 = PCURVE('',#10495,#10605);
#10605 = DEFINITIONAL_REPRESENTATION('',(#10606),#10614);
#10606 = ( BOUNDED_CURVE() B_SPLINE_CURVE(2,(#10607,#10608,#10609,#10610
    ,#10611,#10612,#10613),.UNSPECIFIED.,.T.,.F.) 
B_SPLINE_CURVE_WITH_KNOTS((1,2,2,2,2,1),(-2.094395102393,0.,
    2.094395102393,4.188790204786,6.28318530718,8.377580409573),
.UNSPECIFIED.) CURVE() GEOMETRIC_REPRESENTATION_ITEM() 
RATIONAL_B_SPLINE_CURVE((1.,0.5,1.,0.5,1.,0.5,1.)) REPRESENTATION_ITEM(
  '') );
#10607 = CARTESIAN_POINT('',(-4.499999992891,3.1));
#10608 = CARTESIAN_POINT('',(-4.499999992891,10.721023553303));
#10609 = CARTESIAN_POINT('',(2.100000007109,6.910511776652));
#10610 = CARTESIAN_POINT('',(8.700000007109,3.1));
#10611 = CARTESIAN_POINT('',(2.100000007109,-0.710511776652));
#10612 = CARTESIAN_POINT('',(-4.499999992891,-4.521023553303));
#10613 = CARTESIAN_POINT('',(-4.499999992891,3.1));
#10614 = ( GEOMETRIC_REPRESENTATION_CONTEXT(2) 
PARAMETRIC_REPRESENTATION_CONTEXT() REPRESENTATION_CONTEXT('2D SPACE',''
  ) );
#10615 = ORIENTED_EDGE('',*,*,#10616,.T.);
#10616 = EDGE_CURVE('',#10589,#3509,#10617,.T.);
#10617 = SURFACE_CURVE('',#10618,(#10622,#10628),.PCURVE_S1.);
#10618 = LINE('',#10619,#10620);
#10619 = CARTESIAN_POINT('',(-24.,2.320450142996,0.));
#10620 = VECTOR('',#10621,1.);
#10621 = DIRECTION('',(0.,0.,-1.));
#10622 = PCURVE('',#3376,#10623);
#10623 = DEFINITIONAL_REPRESENTATION('',(#10624),#10627);
#10624 = B_SPLINE_CURVE_WITH_KNOTS('',1,(#10625,#10626),.UNSPECIFIED.,
  .F.,.F.,(2,2),(-12.0000024,-0.9999976),.PIECEWISE_BEZIER_KNOTS.);
#10625 = CARTESIAN_POINT('',(0.548200856044,-12.0000024));
#10626 = CARTESIAN_POINT('',(0.548200856044,-0.9999976));
#10627 = ( GEOMETRIC_REPRESENTATION_CONTEXT(2) 
PARAMETRIC_REPRESENTATION_CONTEXT() REPRESENTATION_CONTEXT('2D SPACE',''
  ) );
#10628 = PCURVE('',#3526,#10629);
#10629 = DEFINITIONAL_REPRESENTATION('',(#10630),#10633);
#10630 = B_SPLINE_CURVE_WITH_KNOTS('',1,(#10631,#10632),.UNSPECIFIED.,
  .F.,.F.,(2,2),(-12.0000024,-0.9999976),.PIECEWISE_BEZIER_KNOTS.);
#10631 = CARTESIAN_POINT('',(8.320450142996,-12.0000024));
#10632 = CARTESIAN_POINT('',(8.320450142996,-0.9999976));
#10633 = ( GEOMETRIC_REPRESENTATION_CONTEXT(2) 
PARAMETRIC_REPRESENTATION_CONTEXT() REPRESENTATION_CONTEXT('2D SPACE',''
  ) );
#10634 = ORIENTED_EDGE('',*,*,#3538,.T.);
#10635 = ADVANCED_FACE('',(#10636),#3493,.F.);
#10636 = FACE_BOUND('',#10637,.F.);
#10637 = EDGE_LOOP('',(#10638,#10639,#10662,#10683));
#10638 = ORIENTED_EDGE('',*,*,#10532,.T.);
#10639 = ORIENTED_EDGE('',*,*,#10640,.T.);
#10640 = EDGE_CURVE('',#10533,#10641,#10643,.T.);
#10641 = VERTEX_POINT('',#10642);
#10642 = CARTESIAN_POINT('',(-24.22252182829,-11.16382556446,12.));
#10643 = SURFACE_CURVE('',#10644,(#10648,#10655),.PCURVE_S1.);
#10644 = LINE('',#10645,#10646);
#10645 = CARTESIAN_POINT('',(-24.3176274569,-11.13292387251,12.));
#10646 = VECTOR('',#10647,1.);
#10647 = DIRECTION('',(0.951056516295,-0.309016994375,0.));
#10648 = PCURVE('',#3493,#10649);
#10649 = DEFINITIONAL_REPRESENTATION('',(#10650),#10654);
#10650 = LINE('',#10651,#10652);
#10651 = CARTESIAN_POINT('',(0.100000001917,-12.));
#10652 = VECTOR('',#10653,1.);
#10653 = DIRECTION('',(1.,0.));
#10654 = ( GEOMETRIC_REPRESENTATION_CONTEXT(2) 
PARAMETRIC_REPRESENTATION_CONTEXT() REPRESENTATION_CONTEXT('2D SPACE',''
  ) );
#10655 = PCURVE('',#10495,#10656);
#10656 = DEFINITIONAL_REPRESENTATION('',(#10657),#10661);
#10657 = LINE('',#10658,#10659);
#10658 = CARTESIAN_POINT('',(9.026646197579E-09,-7.5));
#10659 = VECTOR('',#10660,1.);
#10660 = DIRECTION('',(1.,0.));
#10661 = ( GEOMETRIC_REPRESENTATION_CONTEXT(2) 
PARAMETRIC_REPRESENTATION_CONTEXT() REPRESENTATION_CONTEXT('2D SPACE',''
  ) );
#10662 = ORIENTED_EDGE('',*,*,#10663,.F.);
#10663 = EDGE_CURVE('',#3456,#10641,#10664,.T.);
#10664 = SURFACE_CURVE('',#10665,(#10669,#10676),.PCURVE_S1.);
#10665 = LINE('',#10666,#10667);
#10666 = CARTESIAN_POINT('',(-24.22252182829,-11.16382556446,0.));
#10667 = VECTOR('',#10668,1.);
#10668 = DIRECTION('',(0.,0.,1.));
#10669 = PCURVE('',#3493,#10670);
#10670 = DEFINITIONAL_REPRESENTATION('',(#10671),#10675);
#10671 = LINE('',#10672,#10673);
#10672 = CARTESIAN_POINT('',(0.199999977709,0.));
#10673 = VECTOR('',#10674,1.);
#10674 = DIRECTION('',(0.,-1.));
#10675 = ( GEOMETRIC_REPRESENTATION_CONTEXT(2) 
PARAMETRIC_REPRESENTATION_CONTEXT() REPRESENTATION_CONTEXT('2D SPACE',''
  ) );
#10676 = PCURVE('',#3691,#10677);
#10677 = DEFINITIONAL_REPRESENTATION('',(#10678),#10682);
#10678 = LINE('',#10679,#10680);
#10679 = CARTESIAN_POINT('',(4.712388980385,0.));
#10680 = VECTOR('',#10681,1.);
#10681 = DIRECTION('',(0.,-1.));
#10682 = ( GEOMETRIC_REPRESENTATION_CONTEXT(2) 
PARAMETRIC_REPRESENTATION_CONTEXT() REPRESENTATION_CONTEXT('2D SPACE',''
  ) );
#10683 = ORIENTED_EDGE('',*,*,#3479,.T.);
#10684 = ADVANCED_FACE('',(#10685),#3526,.T.);
#10685 = FACE_BOUND('',#10686,.T.);
#10686 = EDGE_LOOP('',(#10687,#10708,#10731,#10759,#10780,#10781));
#10687 = ORIENTED_EDGE('',*,*,#10688,.F.);
#10688 = EDGE_CURVE('',#10689,#10589,#10691,.T.);
#10689 = VERTEX_POINT('',#10690);
#10690 = CARTESIAN_POINT('',(-24.,-6.,12.));
#10691 = SURFACE_CURVE('',#10692,(#10696,#10702),.PCURVE_S1.);
#10692 = LINE('',#10693,#10694);
#10693 = CARTESIAN_POINT('',(-24.,-4.999999998753,12.));
#10694 = VECTOR('',#10695,1.);
#10695 = DIRECTION('',(0.,1.,-0.));
#10696 = PCURVE('',#3526,#10697);
#10697 = DEFINITIONAL_REPRESENTATION('',(#10698),#10701);
#10698 = B_SPLINE_CURVE_WITH_KNOTS('',1,(#10699,#10700),.UNSPECIFIED.,
  .F.,.F.,(2,2),(-1.000000001247,9.406938826254),
  .PIECEWISE_BEZIER_KNOTS.);
#10699 = CARTESIAN_POINT('',(0.,-12.));
#10700 = CARTESIAN_POINT('',(10.406938827501,-12.));
#10701 = ( GEOMETRIC_REPRESENTATION_CONTEXT(2) 
PARAMETRIC_REPRESENTATION_CONTEXT() REPRESENTATION_CONTEXT('2D SPACE',''
  ) );
#10702 = PCURVE('',#10495,#10703);
#10703 = DEFINITIONAL_REPRESENTATION('',(#10704),#10707);
#10704 = B_SPLINE_CURVE_WITH_KNOTS('',1,(#10705,#10706),.UNSPECIFIED.,
  .F.,.F.,(2,2),(-1.000000001247,9.406938826254),
  .PIECEWISE_BEZIER_KNOTS.);
#10705 = CARTESIAN_POINT('',(-1.284079035772,-2.52014702134));
#10706 = CARTESIAN_POINT('',(-4.499999992891,7.37743996524));
#10707 = ( GEOMETRIC_REPRESENTATION_CONTEXT(2) 
PARAMETRIC_REPRESENTATION_CONTEXT() REPRESENTATION_CONTEXT('2D SPACE',''
  ) );
#10708 = ORIENTED_EDGE('',*,*,#10709,.T.);
#10709 = EDGE_CURVE('',#10689,#10710,#10712,.T.);
#10710 = VERTEX_POINT('',#10711);
#10711 = CARTESIAN_POINT('',(-24.,-6.,32.));
#10712 = SURFACE_CURVE('',#10713,(#10717,#10724),.PCURVE_S1.);
#10713 = LINE('',#10714,#10715);
#10714 = CARTESIAN_POINT('',(-24.,-6.,0.));
#10715 = VECTOR('',#10716,1.);
#10716 = DIRECTION('',(0.,0.,1.));
#10717 = PCURVE('',#3526,#10718);
#10718 = DEFINITIONAL_REPRESENTATION('',(#10719),#10723);
#10719 = LINE('',#10720,#10721);
#10720 = CARTESIAN_POINT('',(2.6645352591E-15,0.));
#10721 = VECTOR('',#10722,1.);
#10722 = DIRECTION('',(0.,-1.));
#10723 = ( GEOMETRIC_REPRESENTATION_CONTEXT(2) 
PARAMETRIC_REPRESENTATION_CONTEXT() REPRESENTATION_CONTEXT('2D SPACE',''
  ) );
#10724 = PCURVE('',#4057,#10725);
#10725 = DEFINITIONAL_REPRESENTATION('',(#10726),#10730);
#10726 = LINE('',#10727,#10728);
#10727 = CARTESIAN_POINT('',(-3.14159265359,0.));
#10728 = VECTOR('',#10729,1.);
#10729 = DIRECTION('',(-0.,-1.));
#10730 = ( GEOMETRIC_REPRESENTATION_CONTEXT(2) 
PARAMETRIC_REPRESENTATION_CONTEXT() REPRESENTATION_CONTEXT('2D SPACE',''
  ) );
#10731 = ORIENTED_EDGE('',*,*,#10732,.T.);
#10732 = EDGE_CURVE('',#10710,#10733,#10735,.T.);
#10733 = VERTEX_POINT('',#10734);
#10734 = CARTESIAN_POINT('',(-24.,5.99999999642,32.));
#10735 = SURFACE_CURVE('',#10736,(#10740,#10747),.PCURVE_S1.);
#10736 = LINE('',#10737,#10738);
#10737 = CARTESIAN_POINT('',(-24.,1.7763568394E-15,32.));
#10738 = VECTOR('',#10739,1.);
#10739 = DIRECTION('',(0.,1.,0.));
#10740 = PCURVE('',#3526,#10741);
#10741 = DEFINITIONAL_REPRESENTATION('',(#10742),#10746);
#10742 = LINE('',#10743,#10744);
#10743 = CARTESIAN_POINT('',(6.,-32.));
#10744 = VECTOR('',#10745,1.);
#10745 = DIRECTION('',(1.,0.));
#10746 = ( GEOMETRIC_REPRESENTATION_CONTEXT(2) 
PARAMETRIC_REPRESENTATION_CONTEXT() REPRESENTATION_CONTEXT('2D SPACE',''
  ) );
#10747 = PCURVE('',#10748,#10753);
#10748 = PLANE('',#10749);
#10749 = AXIS2_PLACEMENT_3D('',#10750,#10751,#10752);
#10750 = CARTESIAN_POINT('',(-4.401982376383E-10,-1.168974250944E-09,32.
    ));
#10751 = DIRECTION('',(0.,0.,1.));
#10752 = DIRECTION('',(1.,0.,0.));
#10753 = DEFINITIONAL_REPRESENTATION('',(#10754),#10758);
#10754 = LINE('',#10755,#10756);
#10755 = CARTESIAN_POINT('',(-23.99999999956,1.168976027301E-09));
#10756 = VECTOR('',#10757,1.);
#10757 = DIRECTION('',(0.,1.));
#10758 = ( GEOMETRIC_REPRESENTATION_CONTEXT(2) 
PARAMETRIC_REPRESENTATION_CONTEXT() REPRESENTATION_CONTEXT('2D SPACE',''
  ) );
#10759 = ORIENTED_EDGE('',*,*,#10760,.F.);
#10760 = EDGE_CURVE('',#3511,#10733,#10761,.T.);
#10761 = SURFACE_CURVE('',#10762,(#10766,#10773),.PCURVE_S1.);
#10762 = LINE('',#10763,#10764);
#10763 = CARTESIAN_POINT('',(-24.,5.99999999642,0.));
#10764 = VECTOR('',#10765,1.);
#10765 = DIRECTION('',(0.,0.,1.));
#10766 = PCURVE('',#3526,#10767);
#10767 = DEFINITIONAL_REPRESENTATION('',(#10768),#10772);
#10768 = LINE('',#10769,#10770);
#10769 = CARTESIAN_POINT('',(11.99999999642,0.));
#10770 = VECTOR('',#10771,1.);
#10771 = DIRECTION('',(0.,-1.));
#10772 = ( GEOMETRIC_REPRESENTATION_CONTEXT(2) 
PARAMETRIC_REPRESENTATION_CONTEXT() REPRESENTATION_CONTEXT('2D SPACE',''
  ) );
#10773 = PCURVE('',#3807,#10774);
#10774 = DEFINITIONAL_REPRESENTATION('',(#10775),#10779);
#10775 = LINE('',#10776,#10777);
#10776 = CARTESIAN_POINT('',(-3.14159265359,0.));
#10777 = VECTOR('',#10778,1.);
#10778 = DIRECTION('',(-0.,-1.));
#10779 = ( GEOMETRIC_REPRESENTATION_CONTEXT(2) 
PARAMETRIC_REPRESENTATION_CONTEXT() REPRESENTATION_CONTEXT('2D SPACE',''
  ) );
#10780 = ORIENTED_EDGE('',*,*,#3508,.F.);
#10781 = ORIENTED_EDGE('',*,*,#10616,.F.);
#10782 = ADVANCED_FACE('',(#10783),#3691,.T.);
#10783 = FACE_BOUND('',#10784,.T.);
#10784 = EDGE_LOOP('',(#10785,#10786,#10787,#10808,#10834));
#10785 = ORIENTED_EDGE('',*,*,#3676,.F.);
#10786 = ORIENTED_EDGE('',*,*,#4069,.F.);
#10787 = ORIENTED_EDGE('',*,*,#10788,.F.);
#10788 = EDGE_CURVE('',#10789,#4041,#10791,.T.);
#10789 = VERTEX_POINT('',#10790);
#10790 = CARTESIAN_POINT('',(-23.12920346654,-11.37110747748,12.));
#10791 = SURFACE_CURVE('',#10792,(#10796,#10802),.PCURVE_S1.);
#10792 = LINE('',#10793,#10794);
#10793 = CARTESIAN_POINT('',(-23.12920346654,-11.37110747748,0.));
#10794 = VECTOR('',#10795,1.);
#10795 = DIRECTION('',(0.,0.,-1.));
#10796 = PCURVE('',#3691,#10797);
#10797 = DEFINITIONAL_REPRESENTATION('',(#10798),#10801);
#10798 = B_SPLINE_CURVE_WITH_KNOTS('',1,(#10799,#10800),.UNSPECIFIED.,
  .F.,.F.,(2,2),(-12.0000024,-1.4999976),.PIECEWISE_BEZIER_KNOTS.);
#10799 = CARTESIAN_POINT('',(4.458802297269,-12.0000024));
#10800 = CARTESIAN_POINT('',(4.458802297269,-1.4999976));
#10801 = ( GEOMETRIC_REPRESENTATION_CONTEXT(2) 
PARAMETRIC_REPRESENTATION_CONTEXT() REPRESENTATION_CONTEXT('2D SPACE',''
  ) );
#10802 = PCURVE('',#4057,#10803);
#10803 = DEFINITIONAL_REPRESENTATION('',(#10804),#10807);
#10804 = B_SPLINE_CURVE_WITH_KNOTS('',1,(#10805,#10806),.UNSPECIFIED.,
  .F.,.F.,(2,2),(-12.0000024,-1.4999976),.PIECEWISE_BEZIER_KNOTS.);
#10805 = CARTESIAN_POINT('',(-3.46304779481,-12.0000024));
#10806 = CARTESIAN_POINT('',(-3.46304779481,-1.4999976));
#10807 = ( GEOMETRIC_REPRESENTATION_CONTEXT(2) 
PARAMETRIC_REPRESENTATION_CONTEXT() REPRESENTATION_CONTEXT('2D SPACE',''
  ) );
#10808 = ORIENTED_EDGE('',*,*,#10809,.T.);
#10809 = EDGE_CURVE('',#10789,#10641,#10810,.T.);
#10810 = SURFACE_CURVE('',#10811,(#10816,#10823),.PCURVE_S1.);
#10811 = CIRCLE('',#10812,4.4);
#10812 = AXIS2_PLACEMENT_3D('',#10813,#10814,#10815);
#10813 = CARTESIAN_POINT('',(-22.86284705304,-6.979176892768,12.));
#10814 = DIRECTION('',(0.,0.,-1.));
#10815 = DIRECTION('',(-0.951056516295,0.309016994375,0.));
#10816 = PCURVE('',#3691,#10817);
#10817 = DEFINITIONAL_REPRESENTATION('',(#10818),#10822);
#10818 = LINE('',#10819,#10820);
#10819 = CARTESIAN_POINT('',(0.,-12.));
#10820 = VECTOR('',#10821,1.);
#10821 = DIRECTION('',(1.,0.));
#10822 = ( GEOMETRIC_REPRESENTATION_CONTEXT(2) 
PARAMETRIC_REPRESENTATION_CONTEXT() REPRESENTATION_CONTEXT('2D SPACE',''
  ) );
#10823 = PCURVE('',#10495,#10824);
#10824 = DEFINITIONAL_REPRESENTATION('',(#10825),#10833);
#10825 = ( BOUNDED_CURVE() B_SPLINE_CURVE(2,(#10826,#10827,#10828,#10829
    ,#10830,#10831,#10832),.UNSPECIFIED.,.T.,.F.) 
B_SPLINE_CURVE_WITH_KNOTS((1,2,2,2,2,1),(-2.094395102393,0.,
    2.094395102393,4.188790204786,6.28318530718,8.377580409573),
.UNSPECIFIED.) CURVE() GEOMETRIC_REPRESENTATION_ITEM() 
RATIONAL_B_SPLINE_CURVE((1.,0.5,1.,0.5,1.,0.5,1.)) REPRESENTATION_ITEM(
  '') );
#10826 = CARTESIAN_POINT('',(-4.300000015182,-3.1));
#10827 = CARTESIAN_POINT('',(-4.300000015182,4.521023553303));
#10828 = CARTESIAN_POINT('',(2.299999984818,0.710511776652));
#10829 = CARTESIAN_POINT('',(8.899999984818,-3.1));
#10830 = CARTESIAN_POINT('',(2.299999984818,-6.910511776652));
#10831 = CARTESIAN_POINT('',(-4.300000015182,-10.7210235533));
#10832 = CARTESIAN_POINT('',(-4.300000015182,-3.1));
#10833 = ( GEOMETRIC_REPRESENTATION_CONTEXT(2) 
PARAMETRIC_REPRESENTATION_CONTEXT() REPRESENTATION_CONTEXT('2D SPACE',''
  ) );
#10834 = ORIENTED_EDGE('',*,*,#10663,.F.);
#10835 = ADVANCED_FACE('',(#10836),#3887,.T.);
#10836 = FACE_BOUND('',#10837,.F.);
#10837 = EDGE_LOOP('',(#10838,#10839,#10862,#10891,#10910));
#10838 = ORIENTED_EDGE('',*,*,#4299,.T.);
#10839 = ORIENTED_EDGE('',*,*,#10840,.T.);
#10840 = EDGE_CURVE('',#4300,#10841,#10843,.T.);
#10841 = VERTEX_POINT('',#10842);
#10842 = CARTESIAN_POINT('',(-18.46201382647,21.947049844938,9.));
#10843 = SURFACE_CURVE('',#10844,(#10848,#10855),.PCURVE_S1.);
#10844 = LINE('',#10845,#10846);
#10845 = CARTESIAN_POINT('',(-18.46201382647,21.947049844938,0.));
#10846 = VECTOR('',#10847,1.);
#10847 = DIRECTION('',(0.,0.,1.));
#10848 = PCURVE('',#3887,#10849);
#10849 = DEFINITIONAL_REPRESENTATION('',(#10850),#10854);
#10850 = LINE('',#10851,#10852);
#10851 = CARTESIAN_POINT('',(-3.14159265359,0.));
#10852 = VECTOR('',#10853,1.);
#10853 = DIRECTION('',(-0.,-1.));
#10854 = ( GEOMETRIC_REPRESENTATION_CONTEXT(2) 
PARAMETRIC_REPRESENTATION_CONTEXT() REPRESENTATION_CONTEXT('2D SPACE',''
  ) );
#10855 = PCURVE('',#4410,#10856);
#10856 = DEFINITIONAL_REPRESENTATION('',(#10857),#10861);
#10857 = LINE('',#10858,#10859);
#10858 = CARTESIAN_POINT('',(0.,0.));
#10859 = VECTOR('',#10860,1.);
#10860 = DIRECTION('',(0.,-1.));
#10861 = ( GEOMETRIC_REPRESENTATION_CONTEXT(2) 
PARAMETRIC_REPRESENTATION_CONTEXT() REPRESENTATION_CONTEXT('2D SPACE',''
  ) );
#10862 = ORIENTED_EDGE('',*,*,#10863,.T.);
#10863 = EDGE_CURVE('',#10841,#10864,#10866,.T.);
#10864 = VERTEX_POINT('',#10865);
#10865 = CARTESIAN_POINT('',(-18.02774722056,18.937882019352,9.));
#10866 = SURFACE_CURVE('',#10867,(#10872,#10879),.PCURVE_S1.);
#10867 = CIRCLE('',#10868,4.4);
#10868 = AXIS2_PLACEMENT_3D('',#10869,#10870,#10871);
#10869 = CARTESIAN_POINT('',(-14.15816438418,21.032238405539,9.));
#10870 = DIRECTION('',(-0.,0.,1.));
#10871 = DIRECTION('',(0.978147600734,-0.207911690818,0.));
#10872 = PCURVE('',#3887,#10873);
#10873 = DEFINITIONAL_REPRESENTATION('',(#10874),#10878);
#10874 = LINE('',#10875,#10876);
#10875 = CARTESIAN_POINT('',(-0.,-9.));
#10876 = VECTOR('',#10877,1.);
#10877 = DIRECTION('',(-1.,0.));
#10878 = ( GEOMETRIC_REPRESENTATION_CONTEXT(2) 
PARAMETRIC_REPRESENTATION_CONTEXT() REPRESENTATION_CONTEXT('2D SPACE',''
  ) );
#10879 = PCURVE('',#10880,#10885);
#10880 = PLANE('',#10881);
#10881 = AXIS2_PLACEMENT_3D('',#10882,#10883,#10884);
#10882 = CARTESIAN_POINT('',(-13.00000000642,26.000000001365,9.));
#10883 = DIRECTION('',(0.,0.,1.));
#10884 = DIRECTION('',(0.978147600734,-0.207911690818,0.));
#10885 = DEFINITIONAL_REPRESENTATION('',(#10886),#10890);
#10886 = CIRCLE('',#10887,4.4);
#10887 = AXIS2_PLACEMENT_2D('',#10888,#10889);
#10888 = CARTESIAN_POINT('',(-9.999999439105E-02,-5.1));
#10889 = DIRECTION('',(1.,0.));
#10890 = ( GEOMETRIC_REPRESENTATION_CONTEXT(2) 
PARAMETRIC_REPRESENTATION_CONTEXT() REPRESENTATION_CONTEXT('2D SPACE',''
  ) );
#10891 = ORIENTED_EDGE('',*,*,#10892,.T.);
#10892 = EDGE_CURVE('',#10864,#3791,#10893,.T.);
#10893 = SURFACE_CURVE('',#10894,(#10898,#10904),.PCURVE_S1.);
#10894 = LINE('',#10895,#10896);
#10895 = CARTESIAN_POINT('',(-18.02774722056,18.937882019352,0.));
#10896 = VECTOR('',#10897,1.);
#10897 = DIRECTION('',(0.,0.,-1.));
#10898 = PCURVE('',#3887,#10899);
#10899 = DEFINITIONAL_REPRESENTATION('',(#10900),#10903);
#10900 = B_SPLINE_CURVE_WITH_KNOTS('',1,(#10901,#10902),.UNSPECIFIED.,
  .F.,.F.,(2,2),(-9.0000024,-1.4999976),.PIECEWISE_BEZIER_KNOTS.);
#10901 = CARTESIAN_POINT('',(-3.847121655543,-9.0000024));
#10902 = CARTESIAN_POINT('',(-3.847121655543,-1.4999976));
#10903 = ( GEOMETRIC_REPRESENTATION_CONTEXT(2) 
PARAMETRIC_REPRESENTATION_CONTEXT() REPRESENTATION_CONTEXT('2D SPACE',''
  ) );
#10904 = PCURVE('',#3807,#10905);
#10905 = DEFINITIONAL_REPRESENTATION('',(#10906),#10909);
#10906 = B_SPLINE_CURVE_WITH_KNOTS('',1,(#10907,#10908),.UNSPECIFIED.,
  .F.,.F.,(2,2),(-9.0000024,-1.4999976),.PIECEWISE_BEZIER_KNOTS.);
#10907 = CARTESIAN_POINT('',(-2.276659529237,-9.0000024));
#10908 = CARTESIAN_POINT('',(-2.276659529237,-1.4999976));
#10909 = ( GEOMETRIC_REPRESENTATION_CONTEXT(2) 
PARAMETRIC_REPRESENTATION_CONTEXT() REPRESENTATION_CONTEXT('2D SPACE',''
  ) );
#10910 = ORIENTED_EDGE('',*,*,#3819,.T.);
#10911 = ADVANCED_FACE('',(#10912),#3807,.T.);
#10912 = FACE_BOUND('',#10913,.F.);
#10913 = EDGE_LOOP('',(#10914,#10915,#10938,#10960,#10961,#10962,#10963,
    #10991));
#10914 = ORIENTED_EDGE('',*,*,#5068,.T.);
#10915 = ORIENTED_EDGE('',*,*,#10916,.T.);
#10916 = EDGE_CURVE('',#5069,#10917,#10919,.T.);
#10917 = VERTEX_POINT('',#10918);
#10918 = CARTESIAN_POINT('',(-7.,22.99999999821,32.));
#10919 = SURFACE_CURVE('',#10920,(#10924,#10931),.PCURVE_S1.);
#10920 = LINE('',#10921,#10922);
#10921 = CARTESIAN_POINT('',(-7.,22.99999999821,0.));
#10922 = VECTOR('',#10923,1.);
#10923 = DIRECTION('',(0.,0.,1.));
#10924 = PCURVE('',#3807,#10925);
#10925 = DEFINITIONAL_REPRESENTATION('',(#10926),#10930);
#10926 = LINE('',#10927,#10928);
#10927 = CARTESIAN_POINT('',(-1.570796326795,0.));
#10928 = VECTOR('',#10929,1.);
#10929 = DIRECTION('',(-0.,-1.));
#10930 = ( GEOMETRIC_REPRESENTATION_CONTEXT(2) 
PARAMETRIC_REPRESENTATION_CONTEXT() REPRESENTATION_CONTEXT('2D SPACE',''
  ) );
#10931 = PCURVE('',#5208,#10932);
#10932 = DEFINITIONAL_REPRESENTATION('',(#10933),#10937);
#10933 = LINE('',#10934,#10935);
#10934 = CARTESIAN_POINT('',(0.,0.));
#10935 = VECTOR('',#10936,1.);
#10936 = DIRECTION('',(0.,-1.));
#10937 = ( GEOMETRIC_REPRESENTATION_CONTEXT(2) 
PARAMETRIC_REPRESENTATION_CONTEXT() REPRESENTATION_CONTEXT('2D SPACE',''
  ) );
#10938 = ORIENTED_EDGE('',*,*,#10939,.T.);
#10939 = EDGE_CURVE('',#10917,#10733,#10940,.T.);
#10940 = SURFACE_CURVE('',#10941,(#10946,#10953),.PCURVE_S1.);
#10941 = CIRCLE('',#10942,17.);
#10942 = AXIS2_PLACEMENT_3D('',#10943,#10944,#10945);
#10943 = CARTESIAN_POINT('',(-7.,5.99999999642,32.));
#10944 = DIRECTION('',(0.,0.,1.));
#10945 = DIRECTION('',(1.,0.,0.));
#10946 = PCURVE('',#3807,#10947);
#10947 = DEFINITIONAL_REPRESENTATION('',(#10948),#10952);
#10948 = LINE('',#10949,#10950);
#10949 = CARTESIAN_POINT('',(-0.,-32.));
#10950 = VECTOR('',#10951,1.);
#10951 = DIRECTION('',(-1.,0.));
#10952 = ( GEOMETRIC_REPRESENTATION_CONTEXT(2) 
PARAMETRIC_REPRESENTATION_CONTEXT() REPRESENTATION_CONTEXT('2D SPACE',''
  ) );
#10953 = PCURVE('',#10748,#10954);
#10954 = DEFINITIONAL_REPRESENTATION('',(#10955),#10959);
#10955 = CIRCLE('',#10956,17.);
#10956 = AXIS2_PLACEMENT_2D('',#10957,#10958);
#10957 = CARTESIAN_POINT('',(-6.99999999956,5.999999997589));
#10958 = DIRECTION('',(1.,0.));
#10959 = ( GEOMETRIC_REPRESENTATION_CONTEXT(2) 
PARAMETRIC_REPRESENTATION_CONTEXT() REPRESENTATION_CONTEXT('2D SPACE',''
  ) );
#10960 = ORIENTED_EDGE('',*,*,#10760,.F.);
#10961 = ORIENTED_EDGE('',*,*,#3790,.T.);
#10962 = ORIENTED_EDGE('',*,*,#10892,.F.);
#10963 = ORIENTED_EDGE('',*,*,#10964,.T.);
#10964 = EDGE_CURVE('',#10864,#10965,#10967,.T.);
#10965 = VERTEX_POINT('',#10966);
#10966 = CARTESIAN_POINT('',(-9.06386506379,22.874254379902,9.));
#10967 = SURFACE_CURVE('',#10968,(#10973,#10980),.PCURVE_S1.);
#10968 = CIRCLE('',#10969,17.);
#10969 = AXIS2_PLACEMENT_3D('',#10970,#10971,#10972);
#10970 = CARTESIAN_POINT('',(-7.,5.99999999642,9.));
#10971 = DIRECTION('',(0.,0.,-1.));
#10972 = DIRECTION('',(1.,0.,0.));
#10973 = PCURVE('',#3807,#10974);
#10974 = DEFINITIONAL_REPRESENTATION('',(#10975),#10979);
#10975 = LINE('',#10976,#10977);
#10976 = CARTESIAN_POINT('',(-6.28318530718,-9.));
#10977 = VECTOR('',#10978,1.);
#10978 = DIRECTION('',(1.,-0.));
#10979 = ( GEOMETRIC_REPRESENTATION_CONTEXT(2) 
PARAMETRIC_REPRESENTATION_CONTEXT() REPRESENTATION_CONTEXT('2D SPACE',''
  ) );
#10980 = PCURVE('',#10880,#10981);
#10981 = DEFINITIONAL_REPRESENTATION('',(#10982),#10990);
#10982 = ( BOUNDED_CURVE() B_SPLINE_CURVE(2,(#10983,#10984,#10985,#10986
    ,#10987,#10988,#10989),.UNSPECIFIED.,.T.,.F.) 
B_SPLINE_CURVE_WITH_KNOTS((1,2,2,2,2,1),(-2.094395102393,0.,
    2.094395102393,4.188790204786,6.28318530718,8.377580409573),
.UNSPECIFIED.) CURVE() GEOMETRIC_REPRESENTATION_ITEM() 
RATIONAL_B_SPLINE_CURVE((1.,0.5,1.,0.5,1.,0.5,1.)) REPRESENTATION_ITEM(
  '') );
#10983 = CARTESIAN_POINT('',(26.655628640545,-14.78098312937));
#10984 = CARTESIAN_POINT('',(32.777560044271,-43.5824059395));
#10985 = CARTESIAN_POINT('',(4.773830523696,-34.48344265028));
#10986 = CARTESIAN_POINT('',(-23.22989899687,-25.38447936107));
#10987 = CARTESIAN_POINT('',(-1.348100880031,-5.682019840156));
#10988 = CARTESIAN_POINT('',(20.533697236818,14.020439680764));
#10989 = CARTESIAN_POINT('',(26.655628640545,-14.78098312937));
#10990 = ( GEOMETRIC_REPRESENTATION_CONTEXT(2) 
PARAMETRIC_REPRESENTATION_CONTEXT() REPRESENTATION_CONTEXT('2D SPACE',''
  ) );
#10991 = ORIENTED_EDGE('',*,*,#10992,.T.);
#10992 = EDGE_CURVE('',#10965,#4974,#10993,.T.);
#10993 = SURFACE_CURVE('',#10994,(#10998,#11004),.PCURVE_S1.);
#10994 = LINE('',#10995,#10996);
#10995 = CARTESIAN_POINT('',(-9.06386506379,22.874254379902,0.));
#10996 = VECTOR('',#10997,1.);
#10997 = DIRECTION('',(0.,0.,-1.));
#10998 = PCURVE('',#3807,#10999);
#10999 = DEFINITIONAL_REPRESENTATION('',(#11000),#11003);
#11000 = B_SPLINE_CURVE_WITH_KNOTS('',1,(#11001,#11002),.UNSPECIFIED.,
  .F.,.F.,(2,2),(-9.8,-1.4999976),.PIECEWISE_BEZIER_KNOTS.);
#11001 = CARTESIAN_POINT('',(-1.692500375853,-9.8));
#11002 = CARTESIAN_POINT('',(-1.692500375853,-1.4999976));
#11003 = ( GEOMETRIC_REPRESENTATION_CONTEXT(2) 
PARAMETRIC_REPRESENTATION_CONTEXT() REPRESENTATION_CONTEXT('2D SPACE',''
  ) );
#11004 = PCURVE('',#4812,#11005);
#11005 = DEFINITIONAL_REPRESENTATION('',(#11006),#11009);
#11006 = B_SPLINE_CURVE_WITH_KNOTS('',1,(#11007,#11008),.UNSPECIFIED.,
  .F.,.F.,(2,2),(-9.8,-1.4999976),.PIECEWISE_BEZIER_KNOTS.);
#11007 = CARTESIAN_POINT('',(2.860927891071,-9.8));
#11008 = CARTESIAN_POINT('',(2.860927891071,-1.4999976));
#11009 = ( GEOMETRIC_REPRESENTATION_CONTEXT(2) 
PARAMETRIC_REPRESENTATION_CONTEXT() REPRESENTATION_CONTEXT('2D SPACE',''
  ) );
#11010 = ADVANCED_FACE('',(#11011),#4001,.T.);
#11011 = FACE_BOUND('',#11012,.F.);
#11012 = EDGE_LOOP('',(#11013,#11014,#11015,#11036,#11065));
#11013 = ORIENTED_EDGE('',*,*,#4447,.T.);
#11014 = ORIENTED_EDGE('',*,*,#3929,.F.);
#11015 = ORIENTED_EDGE('',*,*,#11016,.F.);
#11016 = EDGE_CURVE('',#11017,#3930,#11019,.T.);
#11017 = VERTEX_POINT('',#11018);
#11018 = CARTESIAN_POINT('',(-15.26581552787,-20.85517733516,24.));
#11019 = SURFACE_CURVE('',#11020,(#11024,#11030),.PCURVE_S1.);
#11020 = LINE('',#11021,#11022);
#11021 = CARTESIAN_POINT('',(-15.26581552787,-20.85517733516,0.));
#11022 = VECTOR('',#11023,1.);
#11023 = DIRECTION('',(0.,0.,-1.));
#11024 = PCURVE('',#4001,#11025);
#11025 = DEFINITIONAL_REPRESENTATION('',(#11026),#11029);
#11026 = B_SPLINE_CURVE_WITH_KNOTS('',1,(#11027,#11028),.UNSPECIFIED.,
  .F.,.F.,(2,2),(-24.0000024,-1.4999976),.PIECEWISE_BEZIER_KNOTS.);
#11027 = CARTESIAN_POINT('',(-2.48198546194,-24.0000024));
#11028 = CARTESIAN_POINT('',(-2.48198546194,-1.4999976));
#11029 = ( GEOMETRIC_REPRESENTATION_CONTEXT(2) 
PARAMETRIC_REPRESENTATION_CONTEXT() REPRESENTATION_CONTEXT('2D SPACE',''
  ) );
#11030 = PCURVE('',#4057,#11031);
#11031 = DEFINITIONAL_REPRESENTATION('',(#11032),#11035);
#11032 = B_SPLINE_CURVE_WITH_KNOTS('',1,(#11033,#11034),.UNSPECIFIED.,
  .F.,.F.,(2,2),(-24.0000024,-1.4999976),.PIECEWISE_BEZIER_KNOTS.);
#11033 = CARTESIAN_POINT('',(-4.204625127559,-24.0000024));
#11034 = CARTESIAN_POINT('',(-4.204625127559,-1.4999976));
#11035 = ( GEOMETRIC_REPRESENTATION_CONTEXT(2) 
PARAMETRIC_REPRESENTATION_CONTEXT() REPRESENTATION_CONTEXT('2D SPACE',''
  ) );
#11036 = ORIENTED_EDGE('',*,*,#11037,.T.);
#11037 = EDGE_CURVE('',#11017,#11038,#11040,.T.);
#11038 = VERTEX_POINT('',#11039);
#11039 = CARTESIAN_POINT('',(-16.,-23.00000004713,24.));
#11040 = SURFACE_CURVE('',#11041,(#11046,#11053),.PCURVE_S1.);
#11041 = CIRCLE('',#11042,3.5);
#11042 = AXIS2_PLACEMENT_3D('',#11043,#11044,#11045);
#11043 = CARTESIAN_POINT('',(-12.5,-23.00000004713,24.));
#11044 = DIRECTION('',(0.,0.,1.));
#11045 = DIRECTION('',(1.,0.,0.));
#11046 = PCURVE('',#4001,#11047);
#11047 = DEFINITIONAL_REPRESENTATION('',(#11048),#11052);
#11048 = LINE('',#11049,#11050);
#11049 = CARTESIAN_POINT('',(-0.,-24.));
#11050 = VECTOR('',#11051,1.);
#11051 = DIRECTION('',(-1.,0.));
#11052 = ( GEOMETRIC_REPRESENTATION_CONTEXT(2) 
PARAMETRIC_REPRESENTATION_CONTEXT() REPRESENTATION_CONTEXT('2D SPACE',''
  ) );
#11053 = PCURVE('',#11054,#11059);
#11054 = PLANE('',#11055);
#11055 = AXIS2_PLACEMENT_3D('',#11056,#11057,#11058);
#11056 = CARTESIAN_POINT('',(-10.00000001597,-24.00000000683,24.));
#11057 = DIRECTION('',(0.,0.,1.));
#11058 = DIRECTION('',(1.,0.,0.));
#11059 = DEFINITIONAL_REPRESENTATION('',(#11060),#11064);
#11060 = CIRCLE('',#11061,3.5);
#11061 = AXIS2_PLACEMENT_2D('',#11062,#11063);
#11062 = CARTESIAN_POINT('',(-2.499999984026,0.9999999597));
#11063 = DIRECTION('',(1.,0.));
#11064 = ( GEOMETRIC_REPRESENTATION_CONTEXT(2) 
PARAMETRIC_REPRESENTATION_CONTEXT() REPRESENTATION_CONTEXT('2D SPACE',''
  ) );
#11065 = ORIENTED_EDGE('',*,*,#11066,.F.);
#11066 = EDGE_CURVE('',#4426,#11038,#11067,.T.);
#11067 = SURFACE_CURVE('',#11068,(#11072,#11079),.PCURVE_S1.);
#11068 = LINE('',#11069,#11070);
#11069 = CARTESIAN_POINT('',(-16.,-23.00000004713,0.));
#11070 = VECTOR('',#11071,1.);
#11071 = DIRECTION('',(0.,0.,1.));
#11072 = PCURVE('',#4001,#11073);
#11073 = DEFINITIONAL_REPRESENTATION('',(#11074),#11078);
#11074 = LINE('',#11075,#11076);
#11075 = CARTESIAN_POINT('',(-3.14159265359,0.));
#11076 = VECTOR('',#11077,1.);
#11077 = DIRECTION('',(-0.,-1.));
#11078 = ( GEOMETRIC_REPRESENTATION_CONTEXT(2) 
PARAMETRIC_REPRESENTATION_CONTEXT() REPRESENTATION_CONTEXT('2D SPACE',''
  ) );
#11079 = PCURVE('',#4567,#11080);
#11080 = DEFINITIONAL_REPRESENTATION('',(#11081),#11085);
#11081 = LINE('',#11082,#11083);
#11082 = CARTESIAN_POINT('',(1.999999964923,0.));
#11083 = VECTOR('',#11084,1.);
#11084 = DIRECTION('',(0.,-1.));
#11085 = ( GEOMETRIC_REPRESENTATION_CONTEXT(2) 
PARAMETRIC_REPRESENTATION_CONTEXT() REPRESENTATION_CONTEXT('2D SPACE',''
  ) );
#11086 = ADVANCED_FACE('',(#11087),#4057,.T.);
#11087 = FACE_BOUND('',#11088,.F.);
#11088 = EDGE_LOOP('',(#11089,#11090,#11116,#11117,#11141,#11167,#11200,
    #11221,#11245,#11268,#11294,#11295));
#11089 = ORIENTED_EDGE('',*,*,#10788,.F.);
#11090 = ORIENTED_EDGE('',*,*,#11091,.T.);
#11091 = EDGE_CURVE('',#10789,#10689,#11092,.T.);
#11092 = SURFACE_CURVE('',#11093,(#11098,#11105),.PCURVE_S1.);
#11093 = CIRCLE('',#11094,17.);
#11094 = AXIS2_PLACEMENT_3D('',#11095,#11096,#11097);
#11095 = CARTESIAN_POINT('',(-7.,-6.,12.));
#11096 = DIRECTION('',(0.,0.,-1.));
#11097 = DIRECTION('',(1.,0.,0.));
#11098 = PCURVE('',#4057,#11099);
#11099 = DEFINITIONAL_REPRESENTATION('',(#11100),#11104);
#11100 = LINE('',#11101,#11102);
#11101 = CARTESIAN_POINT('',(-6.28318530718,-12.));
#11102 = VECTOR('',#11103,1.);
#11103 = DIRECTION('',(1.,-0.));
#11104 = ( GEOMETRIC_REPRESENTATION_CONTEXT(2) 
PARAMETRIC_REPRESENTATION_CONTEXT() REPRESENTATION_CONTEXT('2D SPACE',''
  ) );
#11105 = PCURVE('',#10495,#11106);
#11106 = DEFINITIONAL_REPRESENTATION('',(#11107),#11115);
#11107 = ( BOUNDED_CURVE() B_SPLINE_CURVE(2,(#11108,#11109,#11110,#11111
    ,#11112,#11113,#11114),.UNSPECIFIED.,.T.,.F.) 
B_SPLINE_CURVE_WITH_KNOTS((1,2,2,2,2,1),(-2.094395102393,0.,
    2.094395102393,4.188790204786,6.28318530718,8.377580409573),
.UNSPECIFIED.) CURVE() GEOMETRIC_REPRESENTATION_ITEM() 
RATIONAL_B_SPLINE_CURVE((1.,0.5,1.,0.5,1.,0.5,1.)) REPRESENTATION_ITEM(
  '') );
#11108 = CARTESIAN_POINT('',(31.051842518263,7.986430787408));
#11109 = CARTESIAN_POINT('',(40.150805807477,-20.01729873316));
#11110 = CARTESIAN_POINT('',(11.349382997343,-13.89536732944));
#11111 = CARTESIAN_POINT('',(-17.45203981279,-7.773435925714));
#11112 = CARTESIAN_POINT('',(2.250419708129,14.108362191134));
#11113 = CARTESIAN_POINT('',(21.952879229049,35.990160307983));
#11114 = CARTESIAN_POINT('',(31.051842518263,7.986430787408));
#11115 = ( GEOMETRIC_REPRESENTATION_CONTEXT(2) 
PARAMETRIC_REPRESENTATION_CONTEXT() REPRESENTATION_CONTEXT('2D SPACE',''
  ) );
#11116 = ORIENTED_EDGE('',*,*,#10709,.T.);
#11117 = ORIENTED_EDGE('',*,*,#11118,.T.);
#11118 = EDGE_CURVE('',#10710,#11119,#11121,.T.);
#11119 = VERTEX_POINT('',#11120);
#11120 = CARTESIAN_POINT('',(-21.29377436192,-15.2026091132,32.));
#11121 = SURFACE_CURVE('',#11122,(#11127,#11134),.PCURVE_S1.);
#11122 = CIRCLE('',#11123,17.);
#11123 = AXIS2_PLACEMENT_3D('',#11124,#11125,#11126);
#11124 = CARTESIAN_POINT('',(-7.,-6.,32.));
#11125 = DIRECTION('',(0.,0.,1.));
#11126 = DIRECTION('',(1.,0.,0.));
#11127 = PCURVE('',#4057,#11128);
#11128 = DEFINITIONAL_REPRESENTATION('',(#11129),#11133);
#11129 = LINE('',#11130,#11131);
#11130 = CARTESIAN_POINT('',(-0.,-32.));
#11131 = VECTOR('',#11132,1.);
#11132 = DIRECTION('',(-1.,0.));
#11133 = ( GEOMETRIC_REPRESENTATION_CONTEXT(2) 
PARAMETRIC_REPRESENTATION_CONTEXT() REPRESENTATION_CONTEXT('2D SPACE',''
  ) );
#11134 = PCURVE('',#10748,#11135);
#11135 = DEFINITIONAL_REPRESENTATION('',(#11136),#11140);
#11136 = CIRCLE('',#11137,17.);
#11137 = AXIS2_PLACEMENT_2D('',#11138,#11139);
#11138 = CARTESIAN_POINT('',(-6.99999999956,-5.999999998831));
#11139 = DIRECTION('',(1.,0.));
#11140 = ( GEOMETRIC_REPRESENTATION_CONTEXT(2) 
PARAMETRIC_REPRESENTATION_CONTEXT() REPRESENTATION_CONTEXT('2D SPACE',''
  ) );
#11141 = ORIENTED_EDGE('',*,*,#11142,.T.);
#11142 = EDGE_CURVE('',#11119,#11143,#11145,.T.);
#11143 = VERTEX_POINT('',#11144);
#11144 = CARTESIAN_POINT('',(-21.29377436192,-15.2026091132,3.));
#11145 = SURFACE_CURVE('',#11146,(#11150,#11156),.PCURVE_S1.);
#11146 = LINE('',#11147,#11148);
#11147 = CARTESIAN_POINT('',(-21.29377436192,-15.2026091132,0.));
#11148 = VECTOR('',#11149,1.);
#11149 = DIRECTION('',(0.,0.,-1.));
#11150 = PCURVE('',#4057,#11151);
#11151 = DEFINITIONAL_REPRESENTATION('',(#11152),#11155);
#11152 = B_SPLINE_CURVE_WITH_KNOTS('',1,(#11153,#11154),.UNSPECIFIED.,
  .F.,.F.,(2,2),(-32.0000024,-2.9999976),.PIECEWISE_BEZIER_KNOTS.);
#11153 = CARTESIAN_POINT('',(-3.71361070457,-32.0000024));
#11154 = CARTESIAN_POINT('',(-3.71361070457,-2.9999976));
#11155 = ( GEOMETRIC_REPRESENTATION_CONTEXT(2) 
PARAMETRIC_REPRESENTATION_CONTEXT() REPRESENTATION_CONTEXT('2D SPACE',''
  ) );
#11156 = PCURVE('',#11157,#11162);
#11157 = CYLINDRICAL_SURFACE('',#11158,3.3);
#11158 = AXIS2_PLACEMENT_3D('',#11159,#11160,#11161);
#11159 = CARTESIAN_POINT('',(-18.,-15.,3.));
#11160 = DIRECTION('',(0.,0.,1.));
#11161 = DIRECTION('',(1.,0.,-0.));
#11162 = DEFINITIONAL_REPRESENTATION('',(#11163),#11166);
#11163 = B_SPLINE_CURVE_WITH_KNOTS('',1,(#11164,#11165),.UNSPECIFIED.,
  .F.,.F.,(2,2),(-32.0000024,-2.9999976),.PIECEWISE_BEZIER_KNOTS.);
#11164 = CARTESIAN_POINT('',(3.20302799318,29.0000024));
#11165 = CARTESIAN_POINT('',(3.20302799318,-2.400000000069E-06));
#11166 = ( GEOMETRIC_REPRESENTATION_CONTEXT(2) 
PARAMETRIC_REPRESENTATION_CONTEXT() REPRESENTATION_CONTEXT('2D SPACE',''
  ) );
#11167 = ORIENTED_EDGE('',*,*,#11168,.F.);
#11168 = EDGE_CURVE('',#11169,#11143,#11171,.T.);
#11169 = VERTEX_POINT('',#11170);
#11170 = CARTESIAN_POINT('',(-18.85082959847,-18.18843049075,3.));
#11171 = SURFACE_CURVE('',#11172,(#11177,#11184),.PCURVE_S1.);
#11172 = CIRCLE('',#11173,17.);
#11173 = AXIS2_PLACEMENT_3D('',#11174,#11175,#11176);
#11174 = CARTESIAN_POINT('',(-7.,-6.,3.));
#11175 = DIRECTION('',(0.,0.,-1.));
#11176 = DIRECTION('',(1.,0.,0.));
#11177 = PCURVE('',#4057,#11178);
#11178 = DEFINITIONAL_REPRESENTATION('',(#11179),#11183);
#11179 = LINE('',#11180,#11181);
#11180 = CARTESIAN_POINT('',(-6.28318530718,-3.));
#11181 = VECTOR('',#11182,1.);
#11182 = DIRECTION('',(1.,-0.));
#11183 = ( GEOMETRIC_REPRESENTATION_CONTEXT(2) 
PARAMETRIC_REPRESENTATION_CONTEXT() REPRESENTATION_CONTEXT('2D SPACE',''
  ) );
#11184 = PCURVE('',#11185,#11190);
#11185 = PLANE('',#11186);
#11186 = AXIS2_PLACEMENT_3D('',#11187,#11188,#11189);
#11187 = CARTESIAN_POINT('',(-18.,-15.,3.));
#11188 = DIRECTION('',(0.,0.,1.));
#11189 = DIRECTION('',(1.,0.,-0.));
#11190 = DEFINITIONAL_REPRESENTATION('',(#11191),#11199);
#11191 = ( BOUNDED_CURVE() B_SPLINE_CURVE(2,(#11192,#11193,#11194,#11195
    ,#11196,#11197,#11198),.UNSPECIFIED.,.T.,.F.) 
B_SPLINE_CURVE_WITH_KNOTS((1,2,2,2,2,1),(-2.094395102393,0.,
    2.094395102393,4.188790204786,6.28318530718,8.377580409573),
.UNSPECIFIED.) CURVE() GEOMETRIC_REPRESENTATION_ITEM() 
RATIONAL_B_SPLINE_CURVE((1.,0.5,1.,0.5,1.,0.5,1.)) REPRESENTATION_ITEM(
  '') );
#11192 = CARTESIAN_POINT('',(28.,9.));
#11193 = CARTESIAN_POINT('',(28.,-20.44486372867));
#11194 = CARTESIAN_POINT('',(2.5,-5.722431864335));
#11195 = CARTESIAN_POINT('',(-23.,9.));
#11196 = CARTESIAN_POINT('',(2.5,23.722431864335));
#11197 = CARTESIAN_POINT('',(28.,38.444863728671));
#11198 = CARTESIAN_POINT('',(28.,9.));
#11199 = ( GEOMETRIC_REPRESENTATION_CONTEXT(2) 
PARAMETRIC_REPRESENTATION_CONTEXT() REPRESENTATION_CONTEXT('2D SPACE',''
  ) );
#11200 = ORIENTED_EDGE('',*,*,#11201,.F.);
#11201 = EDGE_CURVE('',#11202,#11169,#11204,.T.);
#11202 = VERTEX_POINT('',#11203);
#11203 = CARTESIAN_POINT('',(-18.85082959847,-18.18843049075,32.));
#11204 = SURFACE_CURVE('',#11205,(#11209,#11215),.PCURVE_S1.);
#11205 = LINE('',#11206,#11207);
#11206 = CARTESIAN_POINT('',(-18.85082959847,-18.18843049075,0.));
#11207 = VECTOR('',#11208,1.);
#11208 = DIRECTION('',(0.,0.,-1.));
#11209 = PCURVE('',#4057,#11210);
#11210 = DEFINITIONAL_REPRESENTATION('',(#11211),#11214);
#11211 = B_SPLINE_CURVE_WITH_KNOTS('',1,(#11212,#11213),.UNSPECIFIED.,
  .F.,.F.,(2,2),(-32.0000024,-2.9999976),.PIECEWISE_BEZIER_KNOTS.);
#11212 = CARTESIAN_POINT('',(-3.941033624422,-32.0000024));
#11213 = CARTESIAN_POINT('',(-3.941033624422,-2.9999976));
#11214 = ( GEOMETRIC_REPRESENTATION_CONTEXT(2) 
PARAMETRIC_REPRESENTATION_CONTEXT() REPRESENTATION_CONTEXT('2D SPACE',''
  ) );
#11215 = PCURVE('',#11157,#11216);
#11216 = DEFINITIONAL_REPRESENTATION('',(#11217),#11220);
#11217 = B_SPLINE_CURVE_WITH_KNOTS('',1,(#11218,#11219),.UNSPECIFIED.,
  .F.,.F.,(2,2),(-32.0000024,-2.9999976),.PIECEWISE_BEZIER_KNOTS.);
#11218 = CARTESIAN_POINT('',(4.451616335812,29.0000024));
#11219 = CARTESIAN_POINT('',(4.451616335812,-2.400000000069E-06));
#11220 = ( GEOMETRIC_REPRESENTATION_CONTEXT(2) 
PARAMETRIC_REPRESENTATION_CONTEXT() REPRESENTATION_CONTEXT('2D SPACE',''
  ) );
#11221 = ORIENTED_EDGE('',*,*,#11222,.T.);
#11222 = EDGE_CURVE('',#11202,#11223,#11225,.T.);
#11223 = VERTEX_POINT('',#11224);
#11224 = CARTESIAN_POINT('',(-7.,-23.,32.));
#11225 = SURFACE_CURVE('',#11226,(#11231,#11238),.PCURVE_S1.);
#11226 = CIRCLE('',#11227,17.);
#11227 = AXIS2_PLACEMENT_3D('',#11228,#11229,#11230);
#11228 = CARTESIAN_POINT('',(-7.,-6.,32.));
#11229 = DIRECTION('',(0.,0.,1.));
#11230 = DIRECTION('',(1.,0.,0.));
#11231 = PCURVE('',#4057,#11232);
#11232 = DEFINITIONAL_REPRESENTATION('',(#11233),#11237);
#11233 = LINE('',#11234,#11235);
#11234 = CARTESIAN_POINT('',(-0.,-32.));
#11235 = VECTOR('',#11236,1.);
#11236 = DIRECTION('',(-1.,0.));
#11237 = ( GEOMETRIC_REPRESENTATION_CONTEXT(2) 
PARAMETRIC_REPRESENTATION_CONTEXT() REPRESENTATION_CONTEXT('2D SPACE',''
  ) );
#11238 = PCURVE('',#10748,#11239);
#11239 = DEFINITIONAL_REPRESENTATION('',(#11240),#11244);
#11240 = CIRCLE('',#11241,17.);
#11241 = AXIS2_PLACEMENT_2D('',#11242,#11243);
#11242 = CARTESIAN_POINT('',(-6.99999999956,-5.999999998831));
#11243 = DIRECTION('',(1.,0.));
#11244 = ( GEOMETRIC_REPRESENTATION_CONTEXT(2) 
PARAMETRIC_REPRESENTATION_CONTEXT() REPRESENTATION_CONTEXT('2D SPACE',''
  ) );
#11245 = ORIENTED_EDGE('',*,*,#11246,.F.);
#11246 = EDGE_CURVE('',#11247,#11223,#11249,.T.);
#11247 = VERTEX_POINT('',#11248);
#11248 = CARTESIAN_POINT('',(-7.,-23.,24.));
#11249 = SURFACE_CURVE('',#11250,(#11254,#11261),.PCURVE_S1.);
#11250 = LINE('',#11251,#11252);
#11251 = CARTESIAN_POINT('',(-7.,-23.,0.));
#11252 = VECTOR('',#11253,1.);
#11253 = DIRECTION('',(0.,0.,1.));
#11254 = PCURVE('',#4057,#11255);
#11255 = DEFINITIONAL_REPRESENTATION('',(#11256),#11260);
#11256 = LINE('',#11257,#11258);
#11257 = CARTESIAN_POINT('',(-4.712388980385,0.));
#11258 = VECTOR('',#11259,1.);
#11259 = DIRECTION('',(-0.,-1.));
#11260 = ( GEOMETRIC_REPRESENTATION_CONTEXT(2) 
PARAMETRIC_REPRESENTATION_CONTEXT() REPRESENTATION_CONTEXT('2D SPACE',''
  ) );
#11261 = PCURVE('',#5634,#11262);
#11262 = DEFINITIONAL_REPRESENTATION('',(#11263),#11267);
#11263 = LINE('',#11264,#11265);
#11264 = CARTESIAN_POINT('',(0.,0.));
#11265 = VECTOR('',#11266,1.);
#11266 = DIRECTION('',(0.,-1.));
#11267 = ( GEOMETRIC_REPRESENTATION_CONTEXT(2) 
PARAMETRIC_REPRESENTATION_CONTEXT() REPRESENTATION_CONTEXT('2D SPACE',''
  ) );
#11268 = ORIENTED_EDGE('',*,*,#11269,.T.);
#11269 = EDGE_CURVE('',#11247,#11017,#11270,.T.);
#11270 = SURFACE_CURVE('',#11271,(#11276,#11283),.PCURVE_S1.);
#11271 = CIRCLE('',#11272,17.);
#11272 = AXIS2_PLACEMENT_3D('',#11273,#11274,#11275);
#11273 = CARTESIAN_POINT('',(-7.,-6.,24.));
#11274 = DIRECTION('',(0.,0.,-1.));
#11275 = DIRECTION('',(1.,0.,0.));
#11276 = PCURVE('',#4057,#11277);
#11277 = DEFINITIONAL_REPRESENTATION('',(#11278),#11282);
#11278 = LINE('',#11279,#11280);
#11279 = CARTESIAN_POINT('',(-6.28318530718,-24.));
#11280 = VECTOR('',#11281,1.);
#11281 = DIRECTION('',(1.,-0.));
#11282 = ( GEOMETRIC_REPRESENTATION_CONTEXT(2) 
PARAMETRIC_REPRESENTATION_CONTEXT() REPRESENTATION_CONTEXT('2D SPACE',''
  ) );
#11283 = PCURVE('',#11054,#11284);
#11284 = DEFINITIONAL_REPRESENTATION('',(#11285),#11293);
#11285 = ( BOUNDED_CURVE() B_SPLINE_CURVE(2,(#11286,#11287,#11288,#11289
    ,#11290,#11291,#11292),.UNSPECIFIED.,.T.,.F.) 
B_SPLINE_CURVE_WITH_KNOTS((1,2,2,2,2,1),(-2.094395102393,0.,
    2.094395102393,4.188790204786,6.28318530718,8.377580409573),
.UNSPECIFIED.) CURVE() GEOMETRIC_REPRESENTATION_ITEM() 
RATIONAL_B_SPLINE_CURVE((1.,0.5,1.,0.5,1.,0.5,1.)) REPRESENTATION_ITEM(
  '') );
#11286 = CARTESIAN_POINT('',(20.000000015974,18.000000006837));
#11287 = CARTESIAN_POINT('',(20.000000015974,-11.44486372183));
#11288 = CARTESIAN_POINT('',(-5.499999984026,3.277568142502));
#11289 = CARTESIAN_POINT('',(-30.99999998402,18.000000006837));
#11290 = CARTESIAN_POINT('',(-5.499999984026,32.722431871173));
#11291 = CARTESIAN_POINT('',(20.000000015974,47.444863735508));
#11292 = CARTESIAN_POINT('',(20.000000015974,18.000000006837));
#11293 = ( GEOMETRIC_REPRESENTATION_CONTEXT(2) 
PARAMETRIC_REPRESENTATION_CONTEXT() REPRESENTATION_CONTEXT('2D SPACE',''
  ) );
#11294 = ORIENTED_EDGE('',*,*,#11016,.T.);
#11295 = ORIENTED_EDGE('',*,*,#4040,.T.);
#11296 = ADVANCED_FACE('',(#11297),#4410,.T.);
#11297 = FACE_BOUND('',#11298,.T.);
#11298 = EDGE_LOOP('',(#11299,#11300,#11323,#11344));
#11299 = ORIENTED_EDGE('',*,*,#10840,.T.);
#11300 = ORIENTED_EDGE('',*,*,#11301,.T.);
#11301 = EDGE_CURVE('',#10841,#11302,#11304,.T.);
#11302 = VERTEX_POINT('',#11303);
#11303 = CARTESIAN_POINT('',(-16.34131458013,31.924155372422,9.));
#11304 = SURFACE_CURVE('',#11305,(#11309,#11316),.PCURVE_S1.);
#11305 = LINE('',#11306,#11307);
#11306 = CARTESIAN_POINT('',(-17.40166420236,26.935602608481,9.));
#11307 = VECTOR('',#11308,1.);
#11308 = DIRECTION('',(0.207911690818,0.978147600734,0.));
#11309 = PCURVE('',#4410,#11310);
#11310 = DEFINITIONAL_REPRESENTATION('',(#11311),#11315);
#11311 = LINE('',#11312,#11313);
#11312 = CARTESIAN_POINT('',(5.1,-9.));
#11313 = VECTOR('',#11314,1.);
#11314 = DIRECTION('',(1.,0.));
#11315 = ( GEOMETRIC_REPRESENTATION_CONTEXT(2) 
PARAMETRIC_REPRESENTATION_CONTEXT() REPRESENTATION_CONTEXT('2D SPACE',''
  ) );
#11316 = PCURVE('',#10880,#11317);
#11317 = DEFINITIONAL_REPRESENTATION('',(#11318),#11322);
#11318 = LINE('',#11319,#11320);
#11319 = CARTESIAN_POINT('',(-4.499999992474,3.875181068358E-16));
#11320 = VECTOR('',#11321,1.);
#11321 = DIRECTION('',(0.,1.));
#11322 = ( GEOMETRIC_REPRESENTATION_CONTEXT(2) 
PARAMETRIC_REPRESENTATION_CONTEXT() REPRESENTATION_CONTEXT('2D SPACE',''
  ) );
#11323 = ORIENTED_EDGE('',*,*,#11324,.F.);
#11324 = EDGE_CURVE('',#4375,#11302,#11325,.T.);
#11325 = SURFACE_CURVE('',#11326,(#11330,#11337),.PCURVE_S1.);
#11326 = LINE('',#11327,#11328);
#11327 = CARTESIAN_POINT('',(-16.34131458013,31.924155372422,0.));
#11328 = VECTOR('',#11329,1.);
#11329 = DIRECTION('',(0.,0.,1.));
#11330 = PCURVE('',#4410,#11331);
#11331 = DEFINITIONAL_REPRESENTATION('',(#11332),#11336);
#11332 = LINE('',#11333,#11334);
#11333 = CARTESIAN_POINT('',(10.2,0.));
#11334 = VECTOR('',#11335,1.);
#11335 = DIRECTION('',(0.,-1.));
#11336 = ( GEOMETRIC_REPRESENTATION_CONTEXT(2) 
PARAMETRIC_REPRESENTATION_CONTEXT() REPRESENTATION_CONTEXT('2D SPACE',''
  ) );
#11337 = PCURVE('',#4493,#11338);
#11338 = DEFINITIONAL_REPRESENTATION('',(#11339),#11343);
#11339 = LINE('',#11340,#11341);
#11340 = CARTESIAN_POINT('',(-3.14159265359,0.));
#11341 = VECTOR('',#11342,1.);
#11342 = DIRECTION('',(-0.,-1.));
#11343 = ( GEOMETRIC_REPRESENTATION_CONTEXT(2) 
PARAMETRIC_REPRESENTATION_CONTEXT() REPRESENTATION_CONTEXT('2D SPACE',''
  ) );
#11344 = ORIENTED_EDGE('',*,*,#4396,.F.);
#11345 = ADVANCED_FACE('',(#11346),#4493,.T.);
#11346 = FACE_BOUND('',#11347,.F.);
#11347 = EDGE_LOOP('',(#11348,#11371,#11393,#11394));
#11348 = ORIENTED_EDGE('',*,*,#11349,.T.);
#11349 = EDGE_CURVE('',#4477,#11350,#11352,.T.);
#11350 = VERTEX_POINT('',#11351);
#11351 = CARTESIAN_POINT('',(-11.12265369824,35.313193376252,9.));
#11352 = SURFACE_CURVE('',#11353,(#11357,#11364),.PCURVE_S1.);
#11353 = LINE('',#11354,#11355);
#11354 = CARTESIAN_POINT('',(-11.12265369824,35.313193376252,0.));
#11355 = VECTOR('',#11356,1.);
#11356 = DIRECTION('',(0.,0.,1.));
#11357 = PCURVE('',#4493,#11358);
#11358 = DEFINITIONAL_REPRESENTATION('',(#11359),#11363);
#11359 = LINE('',#11360,#11361);
#11360 = CARTESIAN_POINT('',(-1.570796326795,0.));
#11361 = VECTOR('',#11362,1.);
#11362 = DIRECTION('',(-0.,-1.));
#11363 = ( GEOMETRIC_REPRESENTATION_CONTEXT(2) 
PARAMETRIC_REPRESENTATION_CONTEXT() REPRESENTATION_CONTEXT('2D SPACE',''
  ) );
#11364 = PCURVE('',#4620,#11365);
#11365 = DEFINITIONAL_REPRESENTATION('',(#11366),#11370);
#11366 = LINE('',#11367,#11368);
#11367 = CARTESIAN_POINT('',(2.775557561563E-17,0.));
#11368 = VECTOR('',#11369,1.);
#11369 = DIRECTION('',(0.,-1.));
#11370 = ( GEOMETRIC_REPRESENTATION_CONTEXT(2) 
PARAMETRIC_REPRESENTATION_CONTEXT() REPRESENTATION_CONTEXT('2D SPACE',''
  ) );
#11371 = ORIENTED_EDGE('',*,*,#11372,.T.);
#11372 = EDGE_CURVE('',#11350,#11302,#11373,.T.);
#11373 = SURFACE_CURVE('',#11374,(#11379,#11386),.PCURVE_S1.);
#11374 = CIRCLE('',#11375,4.4);
#11375 = AXIS2_PLACEMENT_3D('',#11376,#11377,#11378);
#11376 = CARTESIAN_POINT('',(-12.03746513784,31.009343933024,9.));
#11377 = DIRECTION('',(-0.,0.,1.));
#11378 = DIRECTION('',(0.978147600734,-0.207911690818,0.));
#11379 = PCURVE('',#4493,#11380);
#11380 = DEFINITIONAL_REPRESENTATION('',(#11381),#11385);
#11381 = LINE('',#11382,#11383);
#11382 = CARTESIAN_POINT('',(-0.,-9.));
#11383 = VECTOR('',#11384,1.);
#11384 = DIRECTION('',(-1.,0.));
#11385 = ( GEOMETRIC_REPRESENTATION_CONTEXT(2) 
PARAMETRIC_REPRESENTATION_CONTEXT() REPRESENTATION_CONTEXT('2D SPACE',''
  ) );
#11386 = PCURVE('',#10880,#11387);
#11387 = DEFINITIONAL_REPRESENTATION('',(#11388),#11392);
#11388 = CIRCLE('',#11389,4.4);
#11389 = AXIS2_PLACEMENT_2D('',#11390,#11391);
#11390 = CARTESIAN_POINT('',(-9.999999439105E-02,5.1));
#11391 = DIRECTION('',(1.,0.));
#11392 = ( GEOMETRIC_REPRESENTATION_CONTEXT(2) 
PARAMETRIC_REPRESENTATION_CONTEXT() REPRESENTATION_CONTEXT('2D SPACE',''
  ) );
#11393 = ORIENTED_EDGE('',*,*,#11324,.F.);
#11394 = ORIENTED_EDGE('',*,*,#4476,.T.);
#11395 = ADVANCED_FACE('',(#11396),#4567,.T.);
#11396 = FACE_BOUND('',#11397,.T.);
#11397 = EDGE_LOOP('',(#11398,#11421,#11442,#11443));
#11398 = ORIENTED_EDGE('',*,*,#11399,.T.);
#11399 = EDGE_CURVE('',#4530,#11400,#11402,.T.);
#11400 = VERTEX_POINT('',#11401);
#11401 = CARTESIAN_POINT('',(-16.,-25.00000001205,24.));
#11402 = SURFACE_CURVE('',#11403,(#11407,#11414),.PCURVE_S1.);
#11403 = LINE('',#11404,#11405);
#11404 = CARTESIAN_POINT('',(-16.,-25.00000001205,0.));
#11405 = VECTOR('',#11406,1.);
#11406 = DIRECTION('',(0.,0.,1.));
#11407 = PCURVE('',#4567,#11408);
#11408 = DEFINITIONAL_REPRESENTATION('',(#11409),#11413);
#11409 = LINE('',#11410,#11411);
#11410 = CARTESIAN_POINT('',(4.440892098501E-16,0.));
#11411 = VECTOR('',#11412,1.);
#11412 = DIRECTION('',(0.,-1.));
#11413 = ( GEOMETRIC_REPRESENTATION_CONTEXT(2) 
PARAMETRIC_REPRESENTATION_CONTEXT() REPRESENTATION_CONTEXT('2D SPACE',''
  ) );
#11414 = PCURVE('',#4672,#11415);
#11415 = DEFINITIONAL_REPRESENTATION('',(#11416),#11420);
#11416 = LINE('',#11417,#11418);
#11417 = CARTESIAN_POINT('',(-3.14159265359,0.));
#11418 = VECTOR('',#11419,1.);
#11419 = DIRECTION('',(-0.,-1.));
#11420 = ( GEOMETRIC_REPRESENTATION_CONTEXT(2) 
PARAMETRIC_REPRESENTATION_CONTEXT() REPRESENTATION_CONTEXT('2D SPACE',''
  ) );
#11421 = ORIENTED_EDGE('',*,*,#11422,.T.);
#11422 = EDGE_CURVE('',#11400,#11038,#11423,.T.);
#11423 = SURFACE_CURVE('',#11424,(#11428,#11435),.PCURVE_S1.);
#11424 = LINE('',#11425,#11426);
#11425 = CARTESIAN_POINT('',(-16.,-23.99999998794,24.));
#11426 = VECTOR('',#11427,1.);
#11427 = DIRECTION('',(0.,1.,0.));
#11428 = PCURVE('',#4567,#11429);
#11429 = DEFINITIONAL_REPRESENTATION('',(#11430),#11434);
#11430 = LINE('',#11431,#11432);
#11431 = CARTESIAN_POINT('',(1.000000024118,-24.));
#11432 = VECTOR('',#11433,1.);
#11433 = DIRECTION('',(1.,0.));
#11434 = ( GEOMETRIC_REPRESENTATION_CONTEXT(2) 
PARAMETRIC_REPRESENTATION_CONTEXT() REPRESENTATION_CONTEXT('2D SPACE',''
  ) );
#11435 = PCURVE('',#11054,#11436);
#11436 = DEFINITIONAL_REPRESENTATION('',(#11437),#11441);
#11437 = LINE('',#11438,#11439);
#11438 = CARTESIAN_POINT('',(-5.999999984026,1.889627092238E-08));
#11439 = VECTOR('',#11440,1.);
#11440 = DIRECTION('',(0.,1.));
#11441 = ( GEOMETRIC_REPRESENTATION_CONTEXT(2) 
PARAMETRIC_REPRESENTATION_CONTEXT() REPRESENTATION_CONTEXT('2D SPACE',''
  ) );
#11442 = ORIENTED_EDGE('',*,*,#11066,.F.);
#11443 = ORIENTED_EDGE('',*,*,#4553,.F.);
#11444 = ADVANCED_FACE('',(#11445),#4620,.T.);
#11445 = FACE_BOUND('',#11446,.T.);
#11446 = EDGE_LOOP('',(#11447,#11448,#11471,#11492));
#11447 = ORIENTED_EDGE('',*,*,#11349,.T.);
#11448 = ORIENTED_EDGE('',*,*,#11449,.T.);
#11449 = EDGE_CURVE('',#11350,#11450,#11452,.T.);
#11450 = VERTEX_POINT('',#11451);
#11451 = CARTESIAN_POINT('',(-10.9270241999,35.271611042723,9.));
#11452 = SURFACE_CURVE('',#11453,(#11457,#11464),.PCURVE_S1.);
#11453 = LINE('',#11454,#11455);
#11454 = CARTESIAN_POINT('',(-11.02483893629,35.292402206772,9.));
#11455 = VECTOR('',#11456,1.);
#11456 = DIRECTION('',(0.978147600734,-0.207911690818,0.));
#11457 = PCURVE('',#4620,#11458);
#11458 = DEFINITIONAL_REPRESENTATION('',(#11459),#11463);
#11459 = LINE('',#11460,#11461);
#11460 = CARTESIAN_POINT('',(0.100000001917,-9.));
#11461 = VECTOR('',#11462,1.);
#11462 = DIRECTION('',(1.,0.));
#11463 = ( GEOMETRIC_REPRESENTATION_CONTEXT(2) 
PARAMETRIC_REPRESENTATION_CONTEXT() REPRESENTATION_CONTEXT('2D SPACE',''
  ) );
#11464 = PCURVE('',#10880,#11465);
#11465 = DEFINITIONAL_REPRESENTATION('',(#11466),#11470);
#11466 = LINE('',#11467,#11468);
#11467 = CARTESIAN_POINT('',(7.52630922436E-09,9.5));
#11468 = VECTOR('',#11469,1.);
#11469 = DIRECTION('',(1.,0.));
#11470 = ( GEOMETRIC_REPRESENTATION_CONTEXT(2) 
PARAMETRIC_REPRESENTATION_CONTEXT() REPRESENTATION_CONTEXT('2D SPACE',''
  ) );
#11471 = ORIENTED_EDGE('',*,*,#11472,.F.);
#11472 = EDGE_CURVE('',#4585,#11450,#11473,.T.);
#11473 = SURFACE_CURVE('',#11474,(#11478,#11485),.PCURVE_S1.);
#11474 = LINE('',#11475,#11476);
#11475 = CARTESIAN_POINT('',(-10.9270241999,35.271611042723,0.));
#11476 = VECTOR('',#11477,1.);
#11477 = DIRECTION('',(0.,0.,1.));
#11478 = PCURVE('',#4620,#11479);
#11479 = DEFINITIONAL_REPRESENTATION('',(#11480),#11484);
#11480 = LINE('',#11481,#11482);
#11481 = CARTESIAN_POINT('',(0.199999977709,0.));
#11482 = VECTOR('',#11483,1.);
#11483 = DIRECTION('',(0.,-1.));
#11484 = ( GEOMETRIC_REPRESENTATION_CONTEXT(2) 
PARAMETRIC_REPRESENTATION_CONTEXT() REPRESENTATION_CONTEXT('2D SPACE',''
  ) );
#11485 = PCURVE('',#4707,#11486);
#11486 = DEFINITIONAL_REPRESENTATION('',(#11487),#11491);
#11487 = LINE('',#11488,#11489);
#11488 = CARTESIAN_POINT('',(-1.570796326795,0.));
#11489 = VECTOR('',#11490,1.);
#11490 = DIRECTION('',(-0.,-1.));
#11491 = ( GEOMETRIC_REPRESENTATION_CONTEXT(2) 
PARAMETRIC_REPRESENTATION_CONTEXT() REPRESENTATION_CONTEXT('2D SPACE',''
  ) );
#11492 = ORIENTED_EDGE('',*,*,#4606,.F.);
#11493 = ADVANCED_FACE('',(#11494),#4672,.T.);
#11494 = FACE_BOUND('',#11495,.F.);
#11495 = EDGE_LOOP('',(#11496,#11497,#11521,#11542));
#11496 = ORIENTED_EDGE('',*,*,#11399,.T.);
#11497 = ORIENTED_EDGE('',*,*,#11498,.T.);
#11498 = EDGE_CURVE('',#11400,#11499,#11501,.T.);
#11499 = VERTEX_POINT('',#11500);
#11500 = CARTESIAN_POINT('',(-12.5,-28.5,24.));
#11501 = SURFACE_CURVE('',#11502,(#11507,#11514),.PCURVE_S1.);
#11502 = CIRCLE('',#11503,3.5);
#11503 = AXIS2_PLACEMENT_3D('',#11504,#11505,#11506);
#11504 = CARTESIAN_POINT('',(-12.5,-25.00000001205,24.));
#11505 = DIRECTION('',(0.,0.,1.));
#11506 = DIRECTION('',(1.,0.,0.));
#11507 = PCURVE('',#4672,#11508);
#11508 = DEFINITIONAL_REPRESENTATION('',(#11509),#11513);
#11509 = LINE('',#11510,#11511);
#11510 = CARTESIAN_POINT('',(-0.,-24.));
#11511 = VECTOR('',#11512,1.);
#11512 = DIRECTION('',(-1.,0.));
#11513 = ( GEOMETRIC_REPRESENTATION_CONTEXT(2) 
PARAMETRIC_REPRESENTATION_CONTEXT() REPRESENTATION_CONTEXT('2D SPACE',''
  ) );
#11514 = PCURVE('',#11054,#11515);
#11515 = DEFINITIONAL_REPRESENTATION('',(#11516),#11520);
#11516 = CIRCLE('',#11517,3.5);
#11517 = AXIS2_PLACEMENT_2D('',#11518,#11519);
#11518 = CARTESIAN_POINT('',(-2.499999984026,-1.000000005222));
#11519 = DIRECTION('',(1.,0.));
#11520 = ( GEOMETRIC_REPRESENTATION_CONTEXT(2) 
PARAMETRIC_REPRESENTATION_CONTEXT() REPRESENTATION_CONTEXT('2D SPACE',''
  ) );
#11521 = ORIENTED_EDGE('',*,*,#11522,.F.);
#11522 = EDGE_CURVE('',#4636,#11499,#11523,.T.);
#11523 = SURFACE_CURVE('',#11524,(#11528,#11535),.PCURVE_S1.);
#11524 = LINE('',#11525,#11526);
#11525 = CARTESIAN_POINT('',(-12.5,-28.5,0.));
#11526 = VECTOR('',#11527,1.);
#11527 = DIRECTION('',(0.,0.,1.));
#11528 = PCURVE('',#4672,#11529);
#11529 = DEFINITIONAL_REPRESENTATION('',(#11530),#11534);
#11530 = LINE('',#11531,#11532);
#11531 = CARTESIAN_POINT('',(-4.712388980385,0.));
#11532 = VECTOR('',#11533,1.);
#11533 = DIRECTION('',(-0.,-1.));
#11534 = ( GEOMETRIC_REPRESENTATION_CONTEXT(2) 
PARAMETRIC_REPRESENTATION_CONTEXT() REPRESENTATION_CONTEXT('2D SPACE',''
  ) );
#11535 = PCURVE('',#4781,#11536);
#11536 = DEFINITIONAL_REPRESENTATION('',(#11537),#11541);
#11537 = LINE('',#11538,#11539);
#11538 = CARTESIAN_POINT('',(0.,0.));
#11539 = VECTOR('',#11540,1.);
#11540 = DIRECTION('',(0.,-1.));
#11541 = ( GEOMETRIC_REPRESENTATION_CONTEXT(2) 
PARAMETRIC_REPRESENTATION_CONTEXT() REPRESENTATION_CONTEXT('2D SPACE',''
  ) );
#11542 = ORIENTED_EDGE('',*,*,#4657,.T.);
#11543 = ADVANCED_FACE('',(#11544),#4707,.T.);
#11544 = FACE_BOUND('',#11545,.F.);
#11545 = EDGE_LOOP('',(#11546,#11569,#11591,#11592));
#11546 = ORIENTED_EDGE('',*,*,#11547,.T.);
#11547 = EDGE_CURVE('',#4691,#11548,#11550,.T.);
#11548 = VERTEX_POINT('',#11549);
#11549 = CARTESIAN_POINT('',(-7.537986184429,30.05295015738,9.));
#11550 = SURFACE_CURVE('',#11551,(#11555,#11562),.PCURVE_S1.);
#11551 = LINE('',#11552,#11553);
#11552 = CARTESIAN_POINT('',(-7.537986184429,30.05295015738,0.));
#11553 = VECTOR('',#11554,1.);
#11554 = DIRECTION('',(0.,0.,1.));
#11555 = PCURVE('',#4707,#11556);
#11556 = DEFINITIONAL_REPRESENTATION('',(#11557),#11561);
#11557 = LINE('',#11558,#11559);
#11558 = CARTESIAN_POINT('',(-0.,0.));
#11559 = VECTOR('',#11560,1.);
#11560 = DIRECTION('',(-0.,-1.));
#11561 = ( GEOMETRIC_REPRESENTATION_CONTEXT(2) 
PARAMETRIC_REPRESENTATION_CONTEXT() REPRESENTATION_CONTEXT('2D SPACE',''
  ) );
#11562 = PCURVE('',#4812,#11563);
#11563 = DEFINITIONAL_REPRESENTATION('',(#11564),#11568);
#11564 = LINE('',#11565,#11566);
#11565 = CARTESIAN_POINT('',(10.2,0.));
#11566 = VECTOR('',#11567,1.);
#11567 = DIRECTION('',(0.,-1.));
#11568 = ( GEOMETRIC_REPRESENTATION_CONTEXT(2) 
PARAMETRIC_REPRESENTATION_CONTEXT() REPRESENTATION_CONTEXT('2D SPACE',''
  ) );
#11569 = ORIENTED_EDGE('',*,*,#11570,.T.);
#11570 = EDGE_CURVE('',#11548,#11450,#11571,.T.);
#11571 = SURFACE_CURVE('',#11572,(#11577,#11584),.PCURVE_S1.);
#11572 = CIRCLE('',#11573,4.4);
#11573 = AXIS2_PLACEMENT_3D('',#11574,#11575,#11576);
#11574 = CARTESIAN_POINT('',(-11.84183563949,30.967761599495,9.));
#11575 = DIRECTION('',(-0.,0.,1.));
#11576 = DIRECTION('',(0.978147600734,-0.207911690818,0.));
#11577 = PCURVE('',#4707,#11578);
#11578 = DEFINITIONAL_REPRESENTATION('',(#11579),#11583);
#11579 = LINE('',#11580,#11581);
#11580 = CARTESIAN_POINT('',(-0.,-9.));
#11581 = VECTOR('',#11582,1.);
#11582 = DIRECTION('',(-1.,0.));
#11583 = ( GEOMETRIC_REPRESENTATION_CONTEXT(2) 
PARAMETRIC_REPRESENTATION_CONTEXT() REPRESENTATION_CONTEXT('2D SPACE',''
  ) );
#11584 = PCURVE('',#10880,#11585);
#11585 = DEFINITIONAL_REPRESENTATION('',(#11586),#11590);
#11586 = CIRCLE('',#11587,4.4);
#11587 = AXIS2_PLACEMENT_2D('',#11588,#11589);
#11588 = CARTESIAN_POINT('',(9.999998331788E-02,5.1));
#11589 = DIRECTION('',(1.,0.));
#11590 = ( GEOMETRIC_REPRESENTATION_CONTEXT(2) 
PARAMETRIC_REPRESENTATION_CONTEXT() REPRESENTATION_CONTEXT('2D SPACE',''
  ) );
#11591 = ORIENTED_EDGE('',*,*,#11472,.F.);
#11592 = ORIENTED_EDGE('',*,*,#4690,.T.);
#11593 = ADVANCED_FACE('',(#11594),#4781,.F.);
#11594 = FACE_BOUND('',#11595,.F.);
#11595 = EDGE_LOOP('',(#11596,#11597,#11620,#11641));
#11596 = ORIENTED_EDGE('',*,*,#11522,.T.);
#11597 = ORIENTED_EDGE('',*,*,#11598,.T.);
#11598 = EDGE_CURVE('',#11499,#11599,#11601,.T.);
#11599 = VERTEX_POINT('',#11600);
#11600 = CARTESIAN_POINT('',(-7.500000053714,-28.49999998794,24.));
#11601 = SURFACE_CURVE('',#11602,(#11606,#11613),.PCURVE_S1.);
#11602 = LINE('',#11603,#11604);
#11603 = CARTESIAN_POINT('',(-10.,-28.49999998794,24.));
#11604 = VECTOR('',#11605,1.);
#11605 = DIRECTION('',(1.,0.,0.));
#11606 = PCURVE('',#4781,#11607);
#11607 = DEFINITIONAL_REPRESENTATION('',(#11608),#11612);
#11608 = LINE('',#11609,#11610);
#11609 = CARTESIAN_POINT('',(2.5,-24.));
#11610 = VECTOR('',#11611,1.);
#11611 = DIRECTION('',(1.,0.));
#11612 = ( GEOMETRIC_REPRESENTATION_CONTEXT(2) 
PARAMETRIC_REPRESENTATION_CONTEXT() REPRESENTATION_CONTEXT('2D SPACE',''
  ) );
#11613 = PCURVE('',#11054,#11614);
#11614 = DEFINITIONAL_REPRESENTATION('',(#11615),#11619);
#11615 = LINE('',#11616,#11617);
#11616 = CARTESIAN_POINT('',(1.597444293277E-08,-4.499999981104));
#11617 = VECTOR('',#11618,1.);
#11618 = DIRECTION('',(1.,0.));
#11619 = ( GEOMETRIC_REPRESENTATION_CONTEXT(2) 
PARAMETRIC_REPRESENTATION_CONTEXT() REPRESENTATION_CONTEXT('2D SPACE',''
  ) );
#11620 = ORIENTED_EDGE('',*,*,#11621,.F.);
#11621 = EDGE_CURVE('',#4744,#11599,#11622,.T.);
#11622 = SURFACE_CURVE('',#11623,(#11627,#11634),.PCURVE_S1.);
#11623 = LINE('',#11624,#11625);
#11624 = CARTESIAN_POINT('',(-7.500000053714,-28.49999998794,0.));
#11625 = VECTOR('',#11626,1.);
#11626 = DIRECTION('',(0.,0.,1.));
#11627 = PCURVE('',#4781,#11628);
#11628 = DEFINITIONAL_REPRESENTATION('',(#11629),#11633);
#11629 = LINE('',#11630,#11631);
#11630 = CARTESIAN_POINT('',(4.999999946286,0.));
#11631 = VECTOR('',#11632,1.);
#11632 = DIRECTION('',(0.,-1.));
#11633 = ( GEOMETRIC_REPRESENTATION_CONTEXT(2) 
PARAMETRIC_REPRESENTATION_CONTEXT() REPRESENTATION_CONTEXT('2D SPACE',''
  ) );
#11634 = PCURVE('',#4956,#11635);
#11635 = DEFINITIONAL_REPRESENTATION('',(#11636),#11640);
#11636 = LINE('',#11637,#11638);
#11637 = CARTESIAN_POINT('',(-4.712388980385,0.));
#11638 = VECTOR('',#11639,1.);
#11639 = DIRECTION('',(-0.,-1.));
#11640 = ( GEOMETRIC_REPRESENTATION_CONTEXT(2) 
PARAMETRIC_REPRESENTATION_CONTEXT() REPRESENTATION_CONTEXT('2D SPACE',''
  ) );
#11641 = ORIENTED_EDGE('',*,*,#4767,.T.);
#11642 = ADVANCED_FACE('',(#11643),#4812,.F.);
#11643 = FACE_BOUND('',#11644,.F.);
#11644 = EDGE_LOOP('',(#11645,#11646,#11647,#11648,#11669));
#11645 = ORIENTED_EDGE('',*,*,#4796,.T.);
#11646 = ORIENTED_EDGE('',*,*,#4973,.F.);
#11647 = ORIENTED_EDGE('',*,*,#10992,.F.);
#11648 = ORIENTED_EDGE('',*,*,#11649,.T.);
#11649 = EDGE_CURVE('',#10965,#11548,#11650,.T.);
#11650 = SURFACE_CURVE('',#11651,(#11655,#11662),.PCURVE_S1.);
#11651 = LINE('',#11652,#11653);
#11652 = CARTESIAN_POINT('',(-8.59833579576,25.064397391121,9.));
#11653 = VECTOR('',#11654,1.);
#11654 = DIRECTION('',(0.207911690818,0.978147600734,0.));
#11655 = PCURVE('',#4812,#11656);
#11656 = DEFINITIONAL_REPRESENTATION('',(#11657),#11661);
#11657 = LINE('',#11658,#11659);
#11658 = CARTESIAN_POINT('',(5.1,-9.));
#11659 = VECTOR('',#11660,1.);
#11660 = DIRECTION('',(1.,0.));
#11661 = ( GEOMETRIC_REPRESENTATION_CONTEXT(2) 
PARAMETRIC_REPRESENTATION_CONTEXT() REPRESENTATION_CONTEXT('2D SPACE',''
  ) );
#11662 = PCURVE('',#10880,#11663);
#11663 = DEFINITIONAL_REPRESENTATION('',(#11664),#11668);
#11664 = LINE('',#11665,#11666);
#11665 = CARTESIAN_POINT('',(4.500000007526,3.875181068358E-16));
#11666 = VECTOR('',#11667,1.);
#11667 = DIRECTION('',(0.,1.));
#11668 = ( GEOMETRIC_REPRESENTATION_CONTEXT(2) 
PARAMETRIC_REPRESENTATION_CONTEXT() REPRESENTATION_CONTEXT('2D SPACE',''
  ) );
#11669 = ORIENTED_EDGE('',*,*,#11547,.F.);
#11670 = ADVANCED_FACE('',(#11671),#4956,.T.);
#11671 = FACE_BOUND('',#11672,.F.);
#11672 = EDGE_LOOP('',(#11673,#11674,#11698,#11719));
#11673 = ORIENTED_EDGE('',*,*,#11621,.T.);
#11674 = ORIENTED_EDGE('',*,*,#11675,.T.);
#11675 = EDGE_CURVE('',#11599,#11676,#11678,.T.);
#11676 = VERTEX_POINT('',#11677);
#11677 = CARTESIAN_POINT('',(-4.000000026857,-24.99999998794,24.));
#11678 = SURFACE_CURVE('',#11679,(#11684,#11691),.PCURVE_S1.);
#11679 = CIRCLE('',#11680,3.5);
#11680 = AXIS2_PLACEMENT_3D('',#11681,#11682,#11683);
#11681 = CARTESIAN_POINT('',(-7.500000053714,-24.99999998794,24.));
#11682 = DIRECTION('',(0.,0.,1.));
#11683 = DIRECTION('',(1.,0.,0.));
#11684 = PCURVE('',#4956,#11685);
#11685 = DEFINITIONAL_REPRESENTATION('',(#11686),#11690);
#11686 = LINE('',#11687,#11688);
#11687 = CARTESIAN_POINT('',(-0.,-24.));
#11688 = VECTOR('',#11689,1.);
#11689 = DIRECTION('',(-1.,0.));
#11690 = ( GEOMETRIC_REPRESENTATION_CONTEXT(2) 
PARAMETRIC_REPRESENTATION_CONTEXT() REPRESENTATION_CONTEXT('2D SPACE',''
  ) );
#11691 = PCURVE('',#11054,#11692);
#11692 = DEFINITIONAL_REPRESENTATION('',(#11693),#11697);
#11693 = CIRCLE('',#11694,3.5);
#11694 = AXIS2_PLACEMENT_2D('',#11695,#11696);
#11695 = CARTESIAN_POINT('',(2.499999962261,-0.999999981104));
#11696 = DIRECTION('',(1.,0.));
#11697 = ( GEOMETRIC_REPRESENTATION_CONTEXT(2) 
PARAMETRIC_REPRESENTATION_CONTEXT() REPRESENTATION_CONTEXT('2D SPACE',''
  ) );
#11698 = ORIENTED_EDGE('',*,*,#11699,.F.);
#11699 = EDGE_CURVE('',#4920,#11676,#11700,.T.);
#11700 = SURFACE_CURVE('',#11701,(#11705,#11712),.PCURVE_S1.);
#11701 = LINE('',#11702,#11703);
#11702 = CARTESIAN_POINT('',(-4.000000026857,-24.99999998794,0.));
#11703 = VECTOR('',#11704,1.);
#11704 = DIRECTION('',(0.,0.,1.));
#11705 = PCURVE('',#4956,#11706);
#11706 = DEFINITIONAL_REPRESENTATION('',(#11707),#11711);
#11707 = LINE('',#11708,#11709);
#11708 = CARTESIAN_POINT('',(-6.28318530718,0.));
#11709 = VECTOR('',#11710,1.);
#11710 = DIRECTION('',(-0.,-1.));
#11711 = ( GEOMETRIC_REPRESENTATION_CONTEXT(2) 
PARAMETRIC_REPRESENTATION_CONTEXT() REPRESENTATION_CONTEXT('2D SPACE',''
  ) );
#11712 = PCURVE('',#5155,#11713);
#11713 = DEFINITIONAL_REPRESENTATION('',(#11714),#11718);
#11714 = LINE('',#11715,#11716);
#11715 = CARTESIAN_POINT('',(0.,0.));
#11716 = VECTOR('',#11717,1.);
#11717 = DIRECTION('',(0.,-1.));
#11718 = ( GEOMETRIC_REPRESENTATION_CONTEXT(2) 
PARAMETRIC_REPRESENTATION_CONTEXT() REPRESENTATION_CONTEXT('2D SPACE',''
  ) );
#11719 = ORIENTED_EDGE('',*,*,#4941,.T.);
#11720 = ADVANCED_FACE('',(#11721),#5155,.F.);
#11721 = FACE_BOUND('',#11722,.F.);
#11722 = EDGE_LOOP('',(#11723,#11724,#11747,#11768,#11789));
#11723 = ORIENTED_EDGE('',*,*,#11699,.T.);
#11724 = ORIENTED_EDGE('',*,*,#11725,.T.);
#11725 = EDGE_CURVE('',#11676,#11726,#11728,.T.);
#11726 = VERTEX_POINT('',#11727);
#11727 = CARTESIAN_POINT('',(-4.,-23.00000004713,24.));
#11728 = SURFACE_CURVE('',#11729,(#11733,#11740),.PCURVE_S1.);
#11729 = LINE('',#11730,#11731);
#11730 = CARTESIAN_POINT('',(-4.,-23.99999998794,24.));
#11731 = VECTOR('',#11732,1.);
#11732 = DIRECTION('',(0.,1.,0.));
#11733 = PCURVE('',#5155,#11734);
#11734 = DEFINITIONAL_REPRESENTATION('',(#11735),#11739);
#11735 = LINE('',#11736,#11737);
#11736 = CARTESIAN_POINT('',(1.,-24.));
#11737 = VECTOR('',#11738,1.);
#11738 = DIRECTION('',(1.,0.));
#11739 = ( GEOMETRIC_REPRESENTATION_CONTEXT(2) 
PARAMETRIC_REPRESENTATION_CONTEXT() REPRESENTATION_CONTEXT('2D SPACE',''
  ) );
#11740 = PCURVE('',#11054,#11741);
#11741 = DEFINITIONAL_REPRESENTATION('',(#11742),#11746);
#11742 = LINE('',#11743,#11744);
#11743 = CARTESIAN_POINT('',(6.000000015974,1.889627092238E-08));
#11744 = VECTOR('',#11745,1.);
#11745 = DIRECTION('',(0.,1.));
#11746 = ( GEOMETRIC_REPRESENTATION_CONTEXT(2) 
PARAMETRIC_REPRESENTATION_CONTEXT() REPRESENTATION_CONTEXT('2D SPACE',''
  ) );
#11747 = ORIENTED_EDGE('',*,*,#11748,.F.);
#11748 = EDGE_CURVE('',#5619,#11726,#11749,.T.);
#11749 = SURFACE_CURVE('',#11750,(#11754,#11761),.PCURVE_S1.);
#11750 = LINE('',#11751,#11752);
#11751 = CARTESIAN_POINT('',(-4.,-23.00000004713,0.));
#11752 = VECTOR('',#11753,1.);
#11753 = DIRECTION('',(0.,0.,1.));
#11754 = PCURVE('',#5155,#11755);
#11755 = DEFINITIONAL_REPRESENTATION('',(#11756),#11760);
#11756 = LINE('',#11757,#11758);
#11757 = CARTESIAN_POINT('',(1.999999940804,0.));
#11758 = VECTOR('',#11759,1.);
#11759 = DIRECTION('',(0.,-1.));
#11760 = ( GEOMETRIC_REPRESENTATION_CONTEXT(2) 
PARAMETRIC_REPRESENTATION_CONTEXT() REPRESENTATION_CONTEXT('2D SPACE',''
  ) );
#11761 = PCURVE('',#5634,#11762);
#11762 = DEFINITIONAL_REPRESENTATION('',(#11763),#11767);
#11763 = LINE('',#11764,#11765);
#11764 = CARTESIAN_POINT('',(3.,0.));
#11765 = VECTOR('',#11766,1.);
#11766 = DIRECTION('',(0.,-1.));
#11767 = ( GEOMETRIC_REPRESENTATION_CONTEXT(2) 
PARAMETRIC_REPRESENTATION_CONTEXT() REPRESENTATION_CONTEXT('2D SPACE',''
  ) );
#11768 = ORIENTED_EDGE('',*,*,#11769,.F.);
#11769 = EDGE_CURVE('',#5118,#5619,#11770,.T.);
#11770 = SURFACE_CURVE('',#11771,(#11775,#11782),.PCURVE_S1.);
#11771 = LINE('',#11772,#11773);
#11772 = CARTESIAN_POINT('',(-4.,-23.00000004713,0.));
#11773 = VECTOR('',#11774,1.);
#11774 = DIRECTION('',(0.,0.,1.));
#11775 = PCURVE('',#5155,#11776);
#11776 = DEFINITIONAL_REPRESENTATION('',(#11777),#11781);
#11777 = LINE('',#11778,#11779);
#11778 = CARTESIAN_POINT('',(1.999999940804,0.));
#11779 = VECTOR('',#11780,1.);
#11780 = DIRECTION('',(0.,-1.));
#11781 = ( GEOMETRIC_REPRESENTATION_CONTEXT(2) 
PARAMETRIC_REPRESENTATION_CONTEXT() REPRESENTATION_CONTEXT('2D SPACE',''
  ) );
#11782 = PCURVE('',#5318,#11783);
#11783 = DEFINITIONAL_REPRESENTATION('',(#11784),#11788);
#11784 = LINE('',#11785,#11786);
#11785 = CARTESIAN_POINT('',(-0.,0.));
#11786 = VECTOR('',#11787,1.);
#11787 = DIRECTION('',(-0.,-1.));
#11788 = ( GEOMETRIC_REPRESENTATION_CONTEXT(2) 
PARAMETRIC_REPRESENTATION_CONTEXT() REPRESENTATION_CONTEXT('2D SPACE',''
  ) );
#11789 = ORIENTED_EDGE('',*,*,#5141,.T.);
#11790 = ADVANCED_FACE('',(#11791),#5208,.T.);
#11791 = FACE_BOUND('',#11792,.T.);
#11792 = EDGE_LOOP('',(#11793,#11794,#11817,#11838));
#11793 = ORIENTED_EDGE('',*,*,#10916,.T.);
#11794 = ORIENTED_EDGE('',*,*,#11795,.T.);
#11795 = EDGE_CURVE('',#10917,#11796,#11798,.T.);
#11796 = VERTEX_POINT('',#11797);
#11797 = CARTESIAN_POINT('',(7.,22.99999999821,32.));
#11798 = SURFACE_CURVE('',#11799,(#11803,#11810),.PCURVE_S1.);
#11799 = LINE('',#11800,#11801);
#11800 = CARTESIAN_POINT('',(0.,23.,32.));
#11801 = VECTOR('',#11802,1.);
#11802 = DIRECTION('',(1.,0.,0.));
#11803 = PCURVE('',#5208,#11804);
#11804 = DEFINITIONAL_REPRESENTATION('',(#11805),#11809);
#11805 = LINE('',#11806,#11807);
#11806 = CARTESIAN_POINT('',(7.,-32.));
#11807 = VECTOR('',#11808,1.);
#11808 = DIRECTION('',(1.,0.));
#11809 = ( GEOMETRIC_REPRESENTATION_CONTEXT(2) 
PARAMETRIC_REPRESENTATION_CONTEXT() REPRESENTATION_CONTEXT('2D SPACE',''
  ) );
#11810 = PCURVE('',#10748,#11811);
#11811 = DEFINITIONAL_REPRESENTATION('',(#11812),#11816);
#11812 = LINE('',#11813,#11814);
#11813 = CARTESIAN_POINT('',(4.401982376383E-10,23.000000001169));
#11814 = VECTOR('',#11815,1.);
#11815 = DIRECTION('',(1.,0.));
#11816 = ( GEOMETRIC_REPRESENTATION_CONTEXT(2) 
PARAMETRIC_REPRESENTATION_CONTEXT() REPRESENTATION_CONTEXT('2D SPACE',''
  ) );
#11817 = ORIENTED_EDGE('',*,*,#11818,.F.);
#11818 = EDGE_CURVE('',#5173,#11796,#11819,.T.);
#11819 = SURFACE_CURVE('',#11820,(#11824,#11831),.PCURVE_S1.);
#11820 = LINE('',#11821,#11822);
#11821 = CARTESIAN_POINT('',(7.,22.99999999821,0.));
#11822 = VECTOR('',#11823,1.);
#11823 = DIRECTION('',(0.,0.,1.));
#11824 = PCURVE('',#5208,#11825);
#11825 = DEFINITIONAL_REPRESENTATION('',(#11826),#11830);
#11826 = LINE('',#11827,#11828);
#11827 = CARTESIAN_POINT('',(14.,0.));
#11828 = VECTOR('',#11829,1.);
#11829 = DIRECTION('',(0.,-1.));
#11830 = ( GEOMETRIC_REPRESENTATION_CONTEXT(2) 
PARAMETRIC_REPRESENTATION_CONTEXT() REPRESENTATION_CONTEXT('2D SPACE',''
  ) );
#11831 = PCURVE('',#5354,#11832);
#11832 = DEFINITIONAL_REPRESENTATION('',(#11833),#11837);
#11833 = LINE('',#11834,#11835);
#11834 = CARTESIAN_POINT('',(-1.570796326795,0.));
#11835 = VECTOR('',#11836,1.);
#11836 = DIRECTION('',(-0.,-1.));
#11837 = ( GEOMETRIC_REPRESENTATION_CONTEXT(2) 
PARAMETRIC_REPRESENTATION_CONTEXT() REPRESENTATION_CONTEXT('2D SPACE',''
  ) );
#11838 = ORIENTED_EDGE('',*,*,#5194,.F.);
#11839 = ADVANCED_FACE('',(#11840),#5318,.T.);
#11840 = FACE_BOUND('',#11841,.F.);
#11841 = EDGE_LOOP('',(#11842,#11843,#11844));
#11842 = ORIENTED_EDGE('',*,*,#5303,.T.);
#11843 = ORIENTED_EDGE('',*,*,#11769,.T.);
#11844 = ORIENTED_EDGE('',*,*,#5763,.T.);
#11845 = ADVANCED_FACE('',(#11846),#5460,.T.);
#11846 = FACE_BOUND('',#11847,.T.);
#11847 = EDGE_LOOP('',(#11848,#11849,#11850,#11871,#11899));
#11848 = ORIENTED_EDGE('',*,*,#5796,.F.);
#11849 = ORIENTED_EDGE('',*,*,#5366,.F.);
#11850 = ORIENTED_EDGE('',*,*,#11851,.F.);
#11851 = EDGE_CURVE('',#11852,#5338,#11854,.T.);
#11852 = VERTEX_POINT('',#11853);
#11853 = CARTESIAN_POINT('',(8.706792032557,22.914102424796,9.));
#11854 = SURFACE_CURVE('',#11855,(#11859,#11865),.PCURVE_S1.);
#11855 = LINE('',#11856,#11857);
#11856 = CARTESIAN_POINT('',(8.706792032557,22.914102424796,0.));
#11857 = VECTOR('',#11858,1.);
#11858 = DIRECTION('',(0.,0.,-1.));
#11859 = PCURVE('',#5460,#11860);
#11860 = DEFINITIONAL_REPRESENTATION('',(#11861),#11864);
#11861 = B_SPLINE_CURVE_WITH_KNOTS('',1,(#11862,#11863),.UNSPECIFIED.,
  .F.,.F.,(2,2),(-9.8,-1.4999976),.PIECEWISE_BEZIER_KNOTS.);
#11862 = CARTESIAN_POINT('',(4.44423964143,-9.8));
#11863 = CARTESIAN_POINT('',(4.44423964143,-1.4999976));
#11864 = ( GEOMETRIC_REPRESENTATION_CONTEXT(2) 
PARAMETRIC_REPRESENTATION_CONTEXT() REPRESENTATION_CONTEXT('2D SPACE',''
  ) );
#11865 = PCURVE('',#5354,#11866);
#11866 = DEFINITIONAL_REPRESENTATION('',(#11867),#11870);
#11867 = B_SPLINE_CURVE_WITH_KNOTS('',1,(#11868,#11869),.UNSPECIFIED.,
  .F.,.F.,(2,2),(-9.8,-1.4999976),.PIECEWISE_BEZIER_KNOTS.);
#11868 = CARTESIAN_POINT('',(-1.470227353428,-9.8));
#11869 = CARTESIAN_POINT('',(-1.470227353428,-1.4999976));
#11870 = ( GEOMETRIC_REPRESENTATION_CONTEXT(2) 
PARAMETRIC_REPRESENTATION_CONTEXT() REPRESENTATION_CONTEXT('2D SPACE',''
  ) );
#11871 = ORIENTED_EDGE('',*,*,#11872,.T.);
#11872 = EDGE_CURVE('',#11852,#11873,#11875,.T.);
#11873 = VERTEX_POINT('',#11874);
#11874 = CARTESIAN_POINT('',(6.552576389516,25.99064119983,9.));
#11875 = SURFACE_CURVE('',#11876,(#11880,#11887),.PCURVE_S1.);
#11876 = LINE('',#11877,#11878);
#11877 = CARTESIAN_POINT('',(8.904239779339,22.632117818793,9.));
#11878 = VECTOR('',#11879,1.);
#11879 = DIRECTION('',(-0.573576436351,0.819152044289,0.));
#11880 = PCURVE('',#5460,#11881);
#11881 = DEFINITIONAL_REPRESENTATION('',(#11882),#11886);
#11882 = LINE('',#11883,#11884);
#11883 = CARTESIAN_POINT('',(4.1,-9.));
#11884 = VECTOR('',#11885,1.);
#11885 = DIRECTION('',(1.,0.));
#11886 = ( GEOMETRIC_REPRESENTATION_CONTEXT(2) 
PARAMETRIC_REPRESENTATION_CONTEXT() REPRESENTATION_CONTEXT('2D SPACE',''
  ) );
#11887 = PCURVE('',#11888,#11893);
#11888 = PLANE('',#11889);
#11889 = AXIS2_PLACEMENT_3D('',#11890,#11891,#11892);
#11890 = CARTESIAN_POINT('',(12.999999993799,25.499999995658,9.));
#11891 = DIRECTION('',(0.,0.,1.));
#11892 = DIRECTION('',(0.819152044289,0.573576436351,0.));
#11893 = DEFINITIONAL_REPRESENTATION('',(#11894),#11898);
#11894 = LINE('',#11895,#11896);
#11895 = CARTESIAN_POINT('',(-4.999999991474,1.880255244399E-16));
#11896 = VECTOR('',#11897,1.);
#11897 = DIRECTION('',(0.,1.));
#11898 = ( GEOMETRIC_REPRESENTATION_CONTEXT(2) 
PARAMETRIC_REPRESENTATION_CONTEXT() REPRESENTATION_CONTEXT('2D SPACE',''
  ) );
#11899 = ORIENTED_EDGE('',*,*,#11900,.F.);
#11900 = EDGE_CURVE('',#5797,#11873,#11901,.T.);
#11901 = SURFACE_CURVE('',#11902,(#11906,#11913),.PCURVE_S1.);
#11902 = LINE('',#11903,#11904);
#11903 = CARTESIAN_POINT('',(6.552576389516,25.99064119983,0.));
#11904 = VECTOR('',#11905,1.);
#11905 = DIRECTION('',(0.,0.,1.));
#11906 = PCURVE('',#5460,#11907);
#11907 = DEFINITIONAL_REPRESENTATION('',(#11908),#11912);
#11908 = LINE('',#11909,#11910);
#11909 = CARTESIAN_POINT('',(8.2,0.));
#11910 = VECTOR('',#11911,1.);
#11911 = DIRECTION('',(0.,-1.));
#11912 = ( GEOMETRIC_REPRESENTATION_CONTEXT(2) 
PARAMETRIC_REPRESENTATION_CONTEXT() REPRESENTATION_CONTEXT('2D SPACE',''
  ) );
#11913 = PCURVE('',#5911,#11914);
#11914 = DEFINITIONAL_REPRESENTATION('',(#11915),#11919);
#11915 = LINE('',#11916,#11917);
#11916 = CARTESIAN_POINT('',(-3.14159265359,0.));
#11917 = VECTOR('',#11918,1.);
#11918 = DIRECTION('',(-0.,-1.));
#11919 = ( GEOMETRIC_REPRESENTATION_CONTEXT(2) 
PARAMETRIC_REPRESENTATION_CONTEXT() REPRESENTATION_CONTEXT('2D SPACE',''
  ) );
#11920 = ADVANCED_FACE('',(#11921),#5354,.T.);
#11921 = FACE_BOUND('',#11922,.F.);
#11922 = EDGE_LOOP('',(#11923,#11924,#11947,#11969,#11970,#11971,#11972,
    #12000));
#11923 = ORIENTED_EDGE('',*,*,#6891,.T.);
#11924 = ORIENTED_EDGE('',*,*,#11925,.T.);
#11925 = EDGE_CURVE('',#6892,#11926,#11928,.T.);
#11926 = VERTEX_POINT('',#11927);
#11927 = CARTESIAN_POINT('',(24.,5.99999999642,32.));
#11928 = SURFACE_CURVE('',#11929,(#11933,#11940),.PCURVE_S1.);
#11929 = LINE('',#11930,#11931);
#11930 = CARTESIAN_POINT('',(24.,5.99999999642,0.));
#11931 = VECTOR('',#11932,1.);
#11932 = DIRECTION('',(0.,0.,1.));
#11933 = PCURVE('',#5354,#11934);
#11934 = DEFINITIONAL_REPRESENTATION('',(#11935),#11939);
#11935 = LINE('',#11936,#11937);
#11936 = CARTESIAN_POINT('',(-0.,0.));
#11937 = VECTOR('',#11938,1.);
#11938 = DIRECTION('',(-0.,-1.));
#11939 = ( GEOMETRIC_REPRESENTATION_CONTEXT(2) 
PARAMETRIC_REPRESENTATION_CONTEXT() REPRESENTATION_CONTEXT('2D SPACE',''
  ) );
#11940 = PCURVE('',#7284,#11941);
#11941 = DEFINITIONAL_REPRESENTATION('',(#11942),#11946);
#11942 = LINE('',#11943,#11944);
#11943 = CARTESIAN_POINT('',(11.99999999642,0.));
#11944 = VECTOR('',#11945,1.);
#11945 = DIRECTION('',(0.,-1.));
#11946 = ( GEOMETRIC_REPRESENTATION_CONTEXT(2) 
PARAMETRIC_REPRESENTATION_CONTEXT() REPRESENTATION_CONTEXT('2D SPACE',''
  ) );
#11947 = ORIENTED_EDGE('',*,*,#11948,.T.);
#11948 = EDGE_CURVE('',#11926,#11796,#11949,.T.);
#11949 = SURFACE_CURVE('',#11950,(#11955,#11962),.PCURVE_S1.);
#11950 = CIRCLE('',#11951,17.);
#11951 = AXIS2_PLACEMENT_3D('',#11952,#11953,#11954);
#11952 = CARTESIAN_POINT('',(7.,5.99999999642,32.));
#11953 = DIRECTION('',(0.,0.,1.));
#11954 = DIRECTION('',(1.,0.,0.));
#11955 = PCURVE('',#5354,#11956);
#11956 = DEFINITIONAL_REPRESENTATION('',(#11957),#11961);
#11957 = LINE('',#11958,#11959);
#11958 = CARTESIAN_POINT('',(-0.,-32.));
#11959 = VECTOR('',#11960,1.);
#11960 = DIRECTION('',(-1.,0.));
#11961 = ( GEOMETRIC_REPRESENTATION_CONTEXT(2) 
PARAMETRIC_REPRESENTATION_CONTEXT() REPRESENTATION_CONTEXT('2D SPACE',''
  ) );
#11962 = PCURVE('',#10748,#11963);
#11963 = DEFINITIONAL_REPRESENTATION('',(#11964),#11968);
#11964 = CIRCLE('',#11965,17.);
#11965 = AXIS2_PLACEMENT_2D('',#11966,#11967);
#11966 = CARTESIAN_POINT('',(7.00000000044,5.999999997589));
#11967 = DIRECTION('',(1.,0.));
#11968 = ( GEOMETRIC_REPRESENTATION_CONTEXT(2) 
PARAMETRIC_REPRESENTATION_CONTEXT() REPRESENTATION_CONTEXT('2D SPACE',''
  ) );
#11969 = ORIENTED_EDGE('',*,*,#11818,.F.);
#11970 = ORIENTED_EDGE('',*,*,#5337,.T.);
#11971 = ORIENTED_EDGE('',*,*,#11851,.F.);
#11972 = ORIENTED_EDGE('',*,*,#11973,.T.);
#11973 = EDGE_CURVE('',#11852,#11974,#11976,.T.);
#11974 = VERTEX_POINT('',#11975);
#11975 = CARTESIAN_POINT('',(18.581993333249,18.444172545391,9.));
#11976 = SURFACE_CURVE('',#11977,(#11982,#11989),.PCURVE_S1.);
#11977 = CIRCLE('',#11978,17.);
#11978 = AXIS2_PLACEMENT_3D('',#11979,#11980,#11981);
#11979 = CARTESIAN_POINT('',(7.,5.99999999642,9.));
#11980 = DIRECTION('',(0.,0.,-1.));
#11981 = DIRECTION('',(1.,0.,0.));
#11982 = PCURVE('',#5354,#11983);
#11983 = DEFINITIONAL_REPRESENTATION('',(#11984),#11988);
#11984 = LINE('',#11985,#11986);
#11985 = CARTESIAN_POINT('',(-6.28318530718,-9.));
#11986 = VECTOR('',#11987,1.);
#11987 = DIRECTION('',(1.,-0.));
#11988 = ( GEOMETRIC_REPRESENTATION_CONTEXT(2) 
PARAMETRIC_REPRESENTATION_CONTEXT() REPRESENTATION_CONTEXT('2D SPACE',''
  ) );
#11989 = PCURVE('',#11888,#11990);
#11990 = DEFINITIONAL_REPRESENTATION('',(#11991),#11999);
#11991 = ( BOUNDED_CURVE() B_SPLINE_CURVE(2,(#11992,#11993,#11994,#11995
    ,#11996,#11997,#11998),.UNSPECIFIED.,.T.,.F.) 
B_SPLINE_CURVE_WITH_KNOTS((1,2,2,2,2,1),(-2.094395102393,0.,
    2.094395102393,4.188790204786,6.28318530718,8.377580409573),
.UNSPECIFIED.) CURVE() GEOMETRIC_REPRESENTATION_ITEM() 
RATIONAL_B_SPLINE_CURVE((1.,0.5,1.,0.5,1.,0.5,1.)) REPRESENTATION_ITEM(
  '') );
#11992 = CARTESIAN_POINT('',(-2.174068016151,-22.28280566643));
#11993 = CARTESIAN_POINT('',(-19.06294802248,-46.40262598358));
#11994 = CARTESIAN_POINT('',(-31.50688514868,-19.71651669805));
#11995 = CARTESIAN_POINT('',(-43.95082227488,6.969592587474));
#11996 = CARTESIAN_POINT('',(-14.61800514235,4.403303619098));
#11997 = CARTESIAN_POINT('',(14.714811990183,1.837014650722));
#11998 = CARTESIAN_POINT('',(-2.174068016151,-22.28280566643));
#11999 = ( GEOMETRIC_REPRESENTATION_CONTEXT(2) 
PARAMETRIC_REPRESENTATION_CONTEXT() REPRESENTATION_CONTEXT('2D SPACE',''
  ) );
#12000 = ORIENTED_EDGE('',*,*,#12001,.T.);
#12001 = EDGE_CURVE('',#11974,#6788,#12002,.T.);
#12002 = SURFACE_CURVE('',#12003,(#12007,#12013),.PCURVE_S1.);
#12003 = LINE('',#12004,#12005);
#12004 = CARTESIAN_POINT('',(18.581993333249,18.444172545391,0.));
#12005 = VECTOR('',#12006,1.);
#12006 = DIRECTION('',(0.,0.,-1.));
#12007 = PCURVE('',#5354,#12008);
#12008 = DEFINITIONAL_REPRESENTATION('',(#12009),#12012);
#12009 = B_SPLINE_CURVE_WITH_KNOTS('',1,(#12010,#12011),.UNSPECIFIED.,
  .F.,.F.,(2,2),(-9.0000024,-1.4999976),.PIECEWISE_BEZIER_KNOTS.);
#12010 = CARTESIAN_POINT('',(-0.82126778237,-9.0000024));
#12011 = CARTESIAN_POINT('',(-0.82126778237,-1.4999976));
#12012 = ( GEOMETRIC_REPRESENTATION_CONTEXT(2) 
PARAMETRIC_REPRESENTATION_CONTEXT() REPRESENTATION_CONTEXT('2D SPACE',''
  ) );
#12013 = PCURVE('',#6339,#12014);
#12014 = DEFINITIONAL_REPRESENTATION('',(#12015),#12018);
#12015 = B_SPLINE_CURVE_WITH_KNOTS('',1,(#12016,#12017),.UNSPECIFIED.,
  .F.,.F.,(2,2),(-9.0000024,-1.4999976),.PIECEWISE_BEZIER_KNOTS.);
#12016 = CARTESIAN_POINT('',(-4.799323934646,-9.0000024));
#12017 = CARTESIAN_POINT('',(-4.799323934646,-1.4999976));
#12018 = ( GEOMETRIC_REPRESENTATION_CONTEXT(2) 
PARAMETRIC_REPRESENTATION_CONTEXT() REPRESENTATION_CONTEXT('2D SPACE',''
  ) );
#12019 = ADVANCED_FACE('',(#12020),#5634,.F.);
#12020 = FACE_BOUND('',#12021,.F.);
#12021 = EDGE_LOOP('',(#12022,#12041,#12042,#12065,#12088,#12114,#12135,
    #12136));
#12022 = ORIENTED_EDGE('',*,*,#12023,.F.);
#12023 = EDGE_CURVE('',#11247,#11726,#12024,.T.);
#12024 = SURFACE_CURVE('',#12025,(#12029,#12035),.PCURVE_S1.);
#12025 = LINE('',#12026,#12027);
#12026 = CARTESIAN_POINT('',(-8.500000007987,-23.,24.));
#12027 = VECTOR('',#12028,1.);
#12028 = DIRECTION('',(1.,0.,0.));
#12029 = PCURVE('',#5634,#12030);
#12030 = DEFINITIONAL_REPRESENTATION('',(#12031),#12034);
#12031 = B_SPLINE_CURVE_WITH_KNOTS('',1,(#12032,#12033),.UNSPECIFIED.,
  .F.,.F.,(2,2),(1.500000007987,4.500000007987),
  .PIECEWISE_BEZIER_KNOTS.);
#12032 = CARTESIAN_POINT('',(0.,-24.));
#12033 = CARTESIAN_POINT('',(3.,-24.));
#12034 = ( GEOMETRIC_REPRESENTATION_CONTEXT(2) 
PARAMETRIC_REPRESENTATION_CONTEXT() REPRESENTATION_CONTEXT('2D SPACE',''
  ) );
#12035 = PCURVE('',#11054,#12036);
#12036 = DEFINITIONAL_REPRESENTATION('',(#12037),#12040);
#12037 = B_SPLINE_CURVE_WITH_KNOTS('',1,(#12038,#12039),.UNSPECIFIED.,
  .F.,.F.,(2,2),(1.500000007987,4.500000007987),
  .PIECEWISE_BEZIER_KNOTS.);
#12038 = CARTESIAN_POINT('',(3.000000015974,1.000000006837));
#12039 = CARTESIAN_POINT('',(6.000000015974,1.000000006837));
#12040 = ( GEOMETRIC_REPRESENTATION_CONTEXT(2) 
PARAMETRIC_REPRESENTATION_CONTEXT() REPRESENTATION_CONTEXT('2D SPACE',''
  ) );
#12041 = ORIENTED_EDGE('',*,*,#11246,.T.);
#12042 = ORIENTED_EDGE('',*,*,#12043,.T.);
#12043 = EDGE_CURVE('',#11223,#12044,#12046,.T.);
#12044 = VERTEX_POINT('',#12045);
#12045 = CARTESIAN_POINT('',(6.999999997923,-23.,32.));
#12046 = SURFACE_CURVE('',#12047,(#12051,#12058),.PCURVE_S1.);
#12047 = LINE('',#12048,#12049);
#12048 = CARTESIAN_POINT('',(0.,-23.,32.));
#12049 = VECTOR('',#12050,1.);
#12050 = DIRECTION('',(1.,0.,0.));
#12051 = PCURVE('',#5634,#12052);
#12052 = DEFINITIONAL_REPRESENTATION('',(#12053),#12057);
#12053 = LINE('',#12054,#12055);
#12054 = CARTESIAN_POINT('',(7.,-32.));
#12055 = VECTOR('',#12056,1.);
#12056 = DIRECTION('',(1.,0.));
#12057 = ( GEOMETRIC_REPRESENTATION_CONTEXT(2) 
PARAMETRIC_REPRESENTATION_CONTEXT() REPRESENTATION_CONTEXT('2D SPACE',''
  ) );
#12058 = PCURVE('',#10748,#12059);
#12059 = DEFINITIONAL_REPRESENTATION('',(#12060),#12064);
#12060 = LINE('',#12061,#12062);
#12061 = CARTESIAN_POINT('',(4.401982376383E-10,-22.99999999883));
#12062 = VECTOR('',#12063,1.);
#12063 = DIRECTION('',(1.,0.));
#12064 = ( GEOMETRIC_REPRESENTATION_CONTEXT(2) 
PARAMETRIC_REPRESENTATION_CONTEXT() REPRESENTATION_CONTEXT('2D SPACE',''
  ) );
#12065 = ORIENTED_EDGE('',*,*,#12066,.F.);
#12066 = EDGE_CURVE('',#12067,#12044,#12069,.T.);
#12067 = VERTEX_POINT('',#12068);
#12068 = CARTESIAN_POINT('',(6.999999997923,-23.,24.));
#12069 = SURFACE_CURVE('',#12070,(#12074,#12081),.PCURVE_S1.);
#12070 = LINE('',#12071,#12072);
#12071 = CARTESIAN_POINT('',(6.999999997923,-23.,0.));
#12072 = VECTOR('',#12073,1.);
#12073 = DIRECTION('',(0.,0.,1.));
#12074 = PCURVE('',#5634,#12075);
#12075 = DEFINITIONAL_REPRESENTATION('',(#12076),#12080);
#12076 = LINE('',#12077,#12078);
#12077 = CARTESIAN_POINT('',(13.999999997923,0.));
#12078 = VECTOR('',#12079,1.);
#12079 = DIRECTION('',(0.,-1.));
#12080 = ( GEOMETRIC_REPRESENTATION_CONTEXT(2) 
PARAMETRIC_REPRESENTATION_CONTEXT() REPRESENTATION_CONTEXT('2D SPACE',''
  ) );
#12081 = PCURVE('',#7070,#12082);
#12082 = DEFINITIONAL_REPRESENTATION('',(#12083),#12087);
#12083 = LINE('',#12084,#12085);
#12084 = CARTESIAN_POINT('',(-4.712388980385,0.));
#12085 = VECTOR('',#12086,1.);
#12086 = DIRECTION('',(-0.,-1.));
#12087 = ( GEOMETRIC_REPRESENTATION_CONTEXT(2) 
PARAMETRIC_REPRESENTATION_CONTEXT() REPRESENTATION_CONTEXT('2D SPACE',''
  ) );
#12088 = ORIENTED_EDGE('',*,*,#12089,.F.);
#12089 = EDGE_CURVE('',#12090,#12067,#12092,.T.);
#12090 = VERTEX_POINT('',#12091);
#12091 = CARTESIAN_POINT('',(4.,-23.00000004713,24.));
#12092 = SURFACE_CURVE('',#12093,(#12097,#12103),.PCURVE_S1.);
#12093 = LINE('',#12094,#12095);
#12094 = CARTESIAN_POINT('',(1.499999992013,-23.,24.));
#12095 = VECTOR('',#12096,1.);
#12096 = DIRECTION('',(1.,0.,0.));
#12097 = PCURVE('',#5634,#12098);
#12098 = DEFINITIONAL_REPRESENTATION('',(#12099),#12102);
#12099 = B_SPLINE_CURVE_WITH_KNOTS('',1,(#12100,#12101),.UNSPECIFIED.,
  .F.,.F.,(2,2),(2.500000007987,5.50000000591),
  .PIECEWISE_BEZIER_KNOTS.);
#12100 = CARTESIAN_POINT('',(11.,-24.));
#12101 = CARTESIAN_POINT('',(13.999999997923,-24.));
#12102 = ( GEOMETRIC_REPRESENTATION_CONTEXT(2) 
PARAMETRIC_REPRESENTATION_CONTEXT() REPRESENTATION_CONTEXT('2D SPACE',''
  ) );
#12103 = PCURVE('',#12104,#12109);
#12104 = PLANE('',#12105);
#12105 = AXIS2_PLACEMENT_3D('',#12106,#12107,#12108);
#12106 = CARTESIAN_POINT('',(9.999999984026,-24.00000000683,24.));
#12107 = DIRECTION('',(0.,0.,1.));
#12108 = DIRECTION('',(1.,0.,0.));
#12109 = DEFINITIONAL_REPRESENTATION('',(#12110),#12113);
#12110 = B_SPLINE_CURVE_WITH_KNOTS('',1,(#12111,#12112),.UNSPECIFIED.,
  .F.,.F.,(2,2),(2.500000007987,5.50000000591),
  .PIECEWISE_BEZIER_KNOTS.);
#12111 = CARTESIAN_POINT('',(-5.999999984026,1.000000006837));
#12112 = CARTESIAN_POINT('',(-2.999999986103,1.000000006837));
#12113 = ( GEOMETRIC_REPRESENTATION_CONTEXT(2) 
PARAMETRIC_REPRESENTATION_CONTEXT() REPRESENTATION_CONTEXT('2D SPACE',''
  ) );
#12114 = ORIENTED_EDGE('',*,*,#12115,.F.);
#12115 = EDGE_CURVE('',#5617,#12090,#12116,.T.);
#12116 = SURFACE_CURVE('',#12117,(#12121,#12128),.PCURVE_S1.);
#12117 = LINE('',#12118,#12119);
#12118 = CARTESIAN_POINT('',(4.,-23.00000004713,0.));
#12119 = VECTOR('',#12120,1.);
#12120 = DIRECTION('',(0.,0.,1.));
#12121 = PCURVE('',#5634,#12122);
#12122 = DEFINITIONAL_REPRESENTATION('',(#12123),#12127);
#12123 = LINE('',#12124,#12125);
#12124 = CARTESIAN_POINT('',(11.,0.));
#12125 = VECTOR('',#12126,1.);
#12126 = DIRECTION('',(0.,-1.));
#12127 = ( GEOMETRIC_REPRESENTATION_CONTEXT(2) 
PARAMETRIC_REPRESENTATION_CONTEXT() REPRESENTATION_CONTEXT('2D SPACE',''
  ) );
#12128 = PCURVE('',#5985,#12129);
#12129 = DEFINITIONAL_REPRESENTATION('',(#12130),#12134);
#12130 = LINE('',#12131,#12132);
#12131 = CARTESIAN_POINT('',(1.999999964923,0.));
#12132 = VECTOR('',#12133,1.);
#12133 = DIRECTION('',(0.,-1.));
#12134 = ( GEOMETRIC_REPRESENTATION_CONTEXT(2) 
PARAMETRIC_REPRESENTATION_CONTEXT() REPRESENTATION_CONTEXT('2D SPACE',''
  ) );
#12135 = ORIENTED_EDGE('',*,*,#5616,.T.);
#12136 = ORIENTED_EDGE('',*,*,#11748,.T.);
#12137 = ADVANCED_FACE('',(#12138),#5668,.T.);
#12138 = FACE_BOUND('',#12139,.F.);
#12139 = EDGE_LOOP('',(#12140,#12141,#12142));
#12140 = ORIENTED_EDGE('',*,*,#5867,.T.);
#12141 = ORIENTED_EDGE('',*,*,#5646,.F.);
#12142 = ORIENTED_EDGE('',*,*,#12143,.F.);
#12143 = EDGE_CURVE('',#5846,#5617,#12144,.T.);
#12144 = SURFACE_CURVE('',#12145,(#12149,#12156),.PCURVE_S1.);
#12145 = LINE('',#12146,#12147);
#12146 = CARTESIAN_POINT('',(4.,-23.00000004713,0.));
#12147 = VECTOR('',#12148,1.);
#12148 = DIRECTION('',(0.,0.,1.));
#12149 = PCURVE('',#5668,#12150);
#12150 = DEFINITIONAL_REPRESENTATION('',(#12151),#12155);
#12151 = LINE('',#12152,#12153);
#12152 = CARTESIAN_POINT('',(-3.14159265359,0.));
#12153 = VECTOR('',#12154,1.);
#12154 = DIRECTION('',(-0.,-1.));
#12155 = ( GEOMETRIC_REPRESENTATION_CONTEXT(2) 
PARAMETRIC_REPRESENTATION_CONTEXT() REPRESENTATION_CONTEXT('2D SPACE',''
  ) );
#12156 = PCURVE('',#5985,#12157);
#12157 = DEFINITIONAL_REPRESENTATION('',(#12158),#12162);
#12158 = LINE('',#12159,#12160);
#12159 = CARTESIAN_POINT('',(1.999999964923,0.));
#12160 = VECTOR('',#12161,1.);
#12161 = DIRECTION('',(0.,-1.));
#12162 = ( GEOMETRIC_REPRESENTATION_CONTEXT(2) 
PARAMETRIC_REPRESENTATION_CONTEXT() REPRESENTATION_CONTEXT('2D SPACE',''
  ) );
#12163 = ADVANCED_FACE('',(#12164),#5911,.T.);
#12164 = FACE_BOUND('',#12165,.F.);
#12165 = EDGE_LOOP('',(#12166,#12189,#12211,#12212));
#12166 = ORIENTED_EDGE('',*,*,#12167,.T.);
#12167 = EDGE_CURVE('',#5895,#12168,#12170,.T.);
#12168 = VERTEX_POINT('',#12169);
#12169 = CARTESIAN_POINT('',(7.755896867628,32.815010754417,9.));
#12170 = SURFACE_CURVE('',#12171,(#12175,#12182),.PCURVE_S1.);
#12171 = LINE('',#12172,#12173);
#12172 = CARTESIAN_POINT('',(7.755896867628,32.815010754417,0.));
#12173 = VECTOR('',#12174,1.);
#12174 = DIRECTION('',(0.,0.,1.));
#12175 = PCURVE('',#5911,#12176);
#12176 = DEFINITIONAL_REPRESENTATION('',(#12177),#12181);
#12177 = LINE('',#12178,#12179);
#12178 = CARTESIAN_POINT('',(-1.570796326795,0.));
#12179 = VECTOR('',#12180,1.);
#12180 = DIRECTION('',(-0.,-1.));
#12181 = ( GEOMETRIC_REPRESENTATION_CONTEXT(2) 
PARAMETRIC_REPRESENTATION_CONTEXT() REPRESENTATION_CONTEXT('2D SPACE',''
  ) );
#12182 = PCURVE('',#6038,#12183);
#12183 = DEFINITIONAL_REPRESENTATION('',(#12184),#12188);
#12184 = LINE('',#12185,#12186);
#12185 = CARTESIAN_POINT('',(-4.163336342344E-16,0.));
#12186 = VECTOR('',#12187,1.);
#12187 = DIRECTION('',(0.,-1.));
#12188 = ( GEOMETRIC_REPRESENTATION_CONTEXT(2) 
PARAMETRIC_REPRESENTATION_CONTEXT() REPRESENTATION_CONTEXT('2D SPACE',''
  ) );
#12189 = ORIENTED_EDGE('',*,*,#12190,.T.);
#12190 = EDGE_CURVE('',#12168,#11873,#12191,.T.);
#12191 = SURFACE_CURVE('',#12192,(#12197,#12204),.PCURVE_S1.);
#12192 = CIRCLE('',#12193,4.9);
#12193 = AXIS2_PLACEMENT_3D('',#12194,#12195,#12196);
#12194 = CARTESIAN_POINT('',(10.566421405748,28.801165737401,9.));
#12195 = DIRECTION('',(0.,-0.,1.));
#12196 = DIRECTION('',(0.819152044289,0.573576436351,0.));
#12197 = PCURVE('',#5911,#12198);
#12198 = DEFINITIONAL_REPRESENTATION('',(#12199),#12203);
#12199 = LINE('',#12200,#12201);
#12200 = CARTESIAN_POINT('',(-0.,-9.));
#12201 = VECTOR('',#12202,1.);
#12202 = DIRECTION('',(-1.,0.));
#12203 = ( GEOMETRIC_REPRESENTATION_CONTEXT(2) 
PARAMETRIC_REPRESENTATION_CONTEXT() REPRESENTATION_CONTEXT('2D SPACE',''
  ) );
#12204 = PCURVE('',#11888,#12205);
#12205 = DEFINITIONAL_REPRESENTATION('',(#12206),#12210);
#12206 = CIRCLE('',#12207,4.9);
#12207 = AXIS2_PLACEMENT_2D('',#12208,#12209);
#12208 = CARTESIAN_POINT('',(-9.999999338693E-02,4.1));
#12209 = DIRECTION('',(1.,0.));
#12210 = ( GEOMETRIC_REPRESENTATION_CONTEXT(2) 
PARAMETRIC_REPRESENTATION_CONTEXT() REPRESENTATION_CONTEXT('2D SPACE',''
  ) );
#12211 = ORIENTED_EDGE('',*,*,#11900,.F.);
#12212 = ORIENTED_EDGE('',*,*,#5894,.T.);
#12213 = ADVANCED_FACE('',(#12214),#5985,.T.);
#12214 = FACE_BOUND('',#12215,.T.);
#12215 = EDGE_LOOP('',(#12216,#12239,#12260,#12261,#12262));
#12216 = ORIENTED_EDGE('',*,*,#12217,.T.);
#12217 = EDGE_CURVE('',#5948,#12218,#12220,.T.);
#12218 = VERTEX_POINT('',#12219);
#12219 = CARTESIAN_POINT('',(4.,-25.00000001205,24.));
#12220 = SURFACE_CURVE('',#12221,(#12225,#12232),.PCURVE_S1.);
#12221 = LINE('',#12222,#12223);
#12222 = CARTESIAN_POINT('',(4.,-25.00000001205,0.));
#12223 = VECTOR('',#12224,1.);
#12224 = DIRECTION('',(0.,0.,1.));
#12225 = PCURVE('',#5985,#12226);
#12226 = DEFINITIONAL_REPRESENTATION('',(#12227),#12231);
#12227 = LINE('',#12228,#12229);
#12228 = CARTESIAN_POINT('',(4.440892098501E-16,0.));
#12229 = VECTOR('',#12230,1.);
#12230 = DIRECTION('',(0.,-1.));
#12231 = ( GEOMETRIC_REPRESENTATION_CONTEXT(2) 
PARAMETRIC_REPRESENTATION_CONTEXT() REPRESENTATION_CONTEXT('2D SPACE',''
  ) );
#12232 = PCURVE('',#6090,#12233);
#12233 = DEFINITIONAL_REPRESENTATION('',(#12234),#12238);
#12234 = LINE('',#12235,#12236);
#12235 = CARTESIAN_POINT('',(-3.14159265359,0.));
#12236 = VECTOR('',#12237,1.);
#12237 = DIRECTION('',(-0.,-1.));
#12238 = ( GEOMETRIC_REPRESENTATION_CONTEXT(2) 
PARAMETRIC_REPRESENTATION_CONTEXT() REPRESENTATION_CONTEXT('2D SPACE',''
  ) );
#12239 = ORIENTED_EDGE('',*,*,#12240,.T.);
#12240 = EDGE_CURVE('',#12218,#12090,#12241,.T.);
#12241 = SURFACE_CURVE('',#12242,(#12246,#12253),.PCURVE_S1.);
#12242 = LINE('',#12243,#12244);
#12243 = CARTESIAN_POINT('',(4.,-23.99999998794,24.));
#12244 = VECTOR('',#12245,1.);
#12245 = DIRECTION('',(0.,1.,0.));
#12246 = PCURVE('',#5985,#12247);
#12247 = DEFINITIONAL_REPRESENTATION('',(#12248),#12252);
#12248 = LINE('',#12249,#12250);
#12249 = CARTESIAN_POINT('',(1.000000024118,-24.));
#12250 = VECTOR('',#12251,1.);
#12251 = DIRECTION('',(1.,0.));
#12252 = ( GEOMETRIC_REPRESENTATION_CONTEXT(2) 
PARAMETRIC_REPRESENTATION_CONTEXT() REPRESENTATION_CONTEXT('2D SPACE',''
  ) );
#12253 = PCURVE('',#12104,#12254);
#12254 = DEFINITIONAL_REPRESENTATION('',(#12255),#12259);
#12255 = LINE('',#12256,#12257);
#12256 = CARTESIAN_POINT('',(-5.999999984026,1.889627092238E-08));
#12257 = VECTOR('',#12258,1.);
#12258 = DIRECTION('',(0.,1.));
#12259 = ( GEOMETRIC_REPRESENTATION_CONTEXT(2) 
PARAMETRIC_REPRESENTATION_CONTEXT() REPRESENTATION_CONTEXT('2D SPACE',''
  ) );
#12260 = ORIENTED_EDGE('',*,*,#12115,.F.);
#12261 = ORIENTED_EDGE('',*,*,#12143,.F.);
#12262 = ORIENTED_EDGE('',*,*,#5971,.F.);
#12263 = ADVANCED_FACE('',(#12264),#6038,.T.);
#12264 = FACE_BOUND('',#12265,.T.);
#12265 = EDGE_LOOP('',(#12266,#12267,#12290,#12311));
#12266 = ORIENTED_EDGE('',*,*,#12167,.T.);
#12267 = ORIENTED_EDGE('',*,*,#12268,.T.);
#12268 = EDGE_CURVE('',#12168,#12269,#12271,.T.);
#12269 = VERTEX_POINT('',#12270);
#12270 = CARTESIAN_POINT('',(7.919727258223,32.9297260289,9.));
#12271 = SURFACE_CURVE('',#12272,(#12276,#12283),.PCURVE_S1.);
#12272 = LINE('',#12273,#12274);
#12273 = CARTESIAN_POINT('',(7.837812073624,32.87236839915,9.));
#12274 = VECTOR('',#12275,1.);
#12275 = DIRECTION('',(0.819152044289,0.573576436351,0.));
#12276 = PCURVE('',#6038,#12277);
#12277 = DEFINITIONAL_REPRESENTATION('',(#12278),#12282);
#12278 = LINE('',#12279,#12280);
#12279 = CARTESIAN_POINT('',(0.100000001913,-9.));
#12280 = VECTOR('',#12281,1.);
#12281 = DIRECTION('',(1.,0.));
#12282 = ( GEOMETRIC_REPRESENTATION_CONTEXT(2) 
PARAMETRIC_REPRESENTATION_CONTEXT() REPRESENTATION_CONTEXT('2D SPACE',''
  ) );
#12283 = PCURVE('',#11888,#12284);
#12284 = DEFINITIONAL_REPRESENTATION('',(#12285),#12289);
#12285 = LINE('',#12286,#12287);
#12286 = CARTESIAN_POINT('',(8.526073249308E-09,9.));
#12287 = VECTOR('',#12288,1.);
#12288 = DIRECTION('',(1.,0.));
#12289 = ( GEOMETRIC_REPRESENTATION_CONTEXT(2) 
PARAMETRIC_REPRESENTATION_CONTEXT() REPRESENTATION_CONTEXT('2D SPACE',''
  ) );
#12290 = ORIENTED_EDGE('',*,*,#12291,.F.);
#12291 = EDGE_CURVE('',#6003,#12269,#12292,.T.);
#12292 = SURFACE_CURVE('',#12293,(#12297,#12304),.PCURVE_S1.);
#12293 = LINE('',#12294,#12295);
#12294 = CARTESIAN_POINT('',(7.919727258223,32.9297260289,0.));
#12295 = VECTOR('',#12296,1.);
#12296 = DIRECTION('',(0.,0.,1.));
#12297 = PCURVE('',#6038,#12298);
#12298 = DEFINITIONAL_REPRESENTATION('',(#12299),#12303);
#12299 = LINE('',#12300,#12301);
#12300 = CARTESIAN_POINT('',(0.199999977705,0.));
#12301 = VECTOR('',#12302,1.);
#12302 = DIRECTION('',(0.,-1.));
#12303 = ( GEOMETRIC_REPRESENTATION_CONTEXT(2) 
PARAMETRIC_REPRESENTATION_CONTEXT() REPRESENTATION_CONTEXT('2D SPACE',''
  ) );
#12304 = PCURVE('',#6125,#12305);
#12305 = DEFINITIONAL_REPRESENTATION('',(#12306),#12310);
#12306 = LINE('',#12307,#12308);
#12307 = CARTESIAN_POINT('',(-1.570796326795,0.));
#12308 = VECTOR('',#12309,1.);
#12309 = DIRECTION('',(-0.,-1.));
#12310 = ( GEOMETRIC_REPRESENTATION_CONTEXT(2) 
PARAMETRIC_REPRESENTATION_CONTEXT() REPRESENTATION_CONTEXT('2D SPACE',''
  ) );
#12311 = ORIENTED_EDGE('',*,*,#6024,.F.);
#12312 = ADVANCED_FACE('',(#12313),#6090,.T.);
#12313 = FACE_BOUND('',#12314,.F.);
#12314 = EDGE_LOOP('',(#12315,#12316,#12340,#12361));
#12315 = ORIENTED_EDGE('',*,*,#12217,.T.);
#12316 = ORIENTED_EDGE('',*,*,#12317,.T.);
#12317 = EDGE_CURVE('',#12218,#12318,#12320,.T.);
#12318 = VERTEX_POINT('',#12319);
#12319 = CARTESIAN_POINT('',(7.5,-28.5,24.));
#12320 = SURFACE_CURVE('',#12321,(#12326,#12333),.PCURVE_S1.);
#12321 = CIRCLE('',#12322,3.5);
#12322 = AXIS2_PLACEMENT_3D('',#12323,#12324,#12325);
#12323 = CARTESIAN_POINT('',(7.5,-25.00000001205,24.));
#12324 = DIRECTION('',(0.,0.,1.));
#12325 = DIRECTION('',(1.,0.,0.));
#12326 = PCURVE('',#6090,#12327);
#12327 = DEFINITIONAL_REPRESENTATION('',(#12328),#12332);
#12328 = LINE('',#12329,#12330);
#12329 = CARTESIAN_POINT('',(-0.,-24.));
#12330 = VECTOR('',#12331,1.);
#12331 = DIRECTION('',(-1.,0.));
#12332 = ( GEOMETRIC_REPRESENTATION_CONTEXT(2) 
PARAMETRIC_REPRESENTATION_CONTEXT() REPRESENTATION_CONTEXT('2D SPACE',''
  ) );
#12333 = PCURVE('',#12104,#12334);
#12334 = DEFINITIONAL_REPRESENTATION('',(#12335),#12339);
#12335 = CIRCLE('',#12336,3.5);
#12336 = AXIS2_PLACEMENT_2D('',#12337,#12338);
#12337 = CARTESIAN_POINT('',(-2.499999984026,-1.000000005222));
#12338 = DIRECTION('',(1.,0.));
#12339 = ( GEOMETRIC_REPRESENTATION_CONTEXT(2) 
PARAMETRIC_REPRESENTATION_CONTEXT() REPRESENTATION_CONTEXT('2D SPACE',''
  ) );
#12340 = ORIENTED_EDGE('',*,*,#12341,.F.);
#12341 = EDGE_CURVE('',#6054,#12318,#12342,.T.);
#12342 = SURFACE_CURVE('',#12343,(#12347,#12354),.PCURVE_S1.);
#12343 = LINE('',#12344,#12345);
#12344 = CARTESIAN_POINT('',(7.5,-28.5,0.));
#12345 = VECTOR('',#12346,1.);
#12346 = DIRECTION('',(0.,0.,1.));
#12347 = PCURVE('',#6090,#12348);
#12348 = DEFINITIONAL_REPRESENTATION('',(#12349),#12353);
#12349 = LINE('',#12350,#12351);
#12350 = CARTESIAN_POINT('',(-4.712388980385,0.));
#12351 = VECTOR('',#12352,1.);
#12352 = DIRECTION('',(-0.,-1.));
#12353 = ( GEOMETRIC_REPRESENTATION_CONTEXT(2) 
PARAMETRIC_REPRESENTATION_CONTEXT() REPRESENTATION_CONTEXT('2D SPACE',''
  ) );
#12354 = PCURVE('',#6199,#12355);
#12355 = DEFINITIONAL_REPRESENTATION('',(#12356),#12360);
#12356 = LINE('',#12357,#12358);
#12357 = CARTESIAN_POINT('',(0.,0.));
#12358 = VECTOR('',#12359,1.);
#12359 = DIRECTION('',(0.,-1.));
#12360 = ( GEOMETRIC_REPRESENTATION_CONTEXT(2) 
PARAMETRIC_REPRESENTATION_CONTEXT() REPRESENTATION_CONTEXT('2D SPACE',''
  ) );
#12361 = ORIENTED_EDGE('',*,*,#6075,.T.);
#12362 = ADVANCED_FACE('',(#12363),#6125,.T.);
#12363 = FACE_BOUND('',#12364,.F.);
#12364 = EDGE_LOOP('',(#12365,#12388,#12410,#12411));
#12365 = ORIENTED_EDGE('',*,*,#12366,.T.);
#12366 = EDGE_CURVE('',#6109,#12367,#12369,.T.);
#12367 = VERTEX_POINT('',#12368);
#12368 = CARTESIAN_POINT('',(14.744096823274,31.726405556946,9.));
#12369 = SURFACE_CURVE('',#12370,(#12374,#12381),.PCURVE_S1.);
#12370 = LINE('',#12371,#12372);
#12371 = CARTESIAN_POINT('',(14.744096823274,31.726405556946,0.));
#12372 = VECTOR('',#12373,1.);
#12373 = DIRECTION('',(0.,0.,1.));
#12374 = PCURVE('',#6125,#12375);
#12375 = DEFINITIONAL_REPRESENTATION('',(#12376),#12380);
#12376 = LINE('',#12377,#12378);
#12377 = CARTESIAN_POINT('',(-0.,0.));
#12378 = VECTOR('',#12379,1.);
#12379 = DIRECTION('',(-0.,-1.));
#12380 = ( GEOMETRIC_REPRESENTATION_CONTEXT(2) 
PARAMETRIC_REPRESENTATION_CONTEXT() REPRESENTATION_CONTEXT('2D SPACE',''
  ) );
#12381 = PCURVE('',#6252,#12382);
#12382 = DEFINITIONAL_REPRESENTATION('',(#12383),#12387);
#12383 = LINE('',#12384,#12385);
#12384 = CARTESIAN_POINT('',(8.2,0.));
#12385 = VECTOR('',#12386,1.);
#12386 = DIRECTION('',(0.,-1.));
#12387 = ( GEOMETRIC_REPRESENTATION_CONTEXT(2) 
PARAMETRIC_REPRESENTATION_CONTEXT() REPRESENTATION_CONTEXT('2D SPACE',''
  ) );
#12388 = ORIENTED_EDGE('',*,*,#12389,.T.);
#12389 = EDGE_CURVE('',#12367,#12269,#12390,.T.);
#12390 = SURFACE_CURVE('',#12391,(#12396,#12403),.PCURVE_S1.);
#12391 = CIRCLE('',#12392,4.9);
#12392 = AXIS2_PLACEMENT_3D('',#12393,#12394,#12395);
#12393 = CARTESIAN_POINT('',(10.730251796343,28.915881011883,9.));
#12394 = DIRECTION('',(0.,-0.,1.));
#12395 = DIRECTION('',(0.819152044289,0.573576436351,0.));
#12396 = PCURVE('',#6125,#12397);
#12397 = DEFINITIONAL_REPRESENTATION('',(#12398),#12402);
#12398 = LINE('',#12399,#12400);
#12399 = CARTESIAN_POINT('',(-0.,-9.));
#12400 = VECTOR('',#12401,1.);
#12401 = DIRECTION('',(-1.,0.));
#12402 = ( GEOMETRIC_REPRESENTATION_CONTEXT(2) 
PARAMETRIC_REPRESENTATION_CONTEXT() REPRESENTATION_CONTEXT('2D SPACE',''
  ) );
#12403 = PCURVE('',#11888,#12404);
#12404 = DEFINITIONAL_REPRESENTATION('',(#12405),#12409);
#12405 = CIRCLE('',#12406,4.9);
#12406 = AXIS2_PLACEMENT_2D('',#12407,#12408);
#12407 = CARTESIAN_POINT('',(9.999998431814E-02,4.1));
#12408 = DIRECTION('',(1.,0.));
#12409 = ( GEOMETRIC_REPRESENTATION_CONTEXT(2) 
PARAMETRIC_REPRESENTATION_CONTEXT() REPRESENTATION_CONTEXT('2D SPACE',''
  ) );
#12410 = ORIENTED_EDGE('',*,*,#12291,.F.);
#12411 = ORIENTED_EDGE('',*,*,#6108,.T.);
#12412 = ADVANCED_FACE('',(#12413),#6199,.F.);
#12413 = FACE_BOUND('',#12414,.F.);
#12414 = EDGE_LOOP('',(#12415,#12416,#12439,#12460));
#12415 = ORIENTED_EDGE('',*,*,#12341,.T.);
#12416 = ORIENTED_EDGE('',*,*,#12417,.T.);
#12417 = EDGE_CURVE('',#12318,#12418,#12420,.T.);
#12418 = VERTEX_POINT('',#12419);
#12419 = CARTESIAN_POINT('',(12.499999946286,-28.49999998794,24.));
#12420 = SURFACE_CURVE('',#12421,(#12425,#12432),.PCURVE_S1.);
#12421 = LINE('',#12422,#12423);
#12422 = CARTESIAN_POINT('',(10.,-28.49999998794,24.));
#12423 = VECTOR('',#12424,1.);
#12424 = DIRECTION('',(1.,0.,0.));
#12425 = PCURVE('',#6199,#12426);
#12426 = DEFINITIONAL_REPRESENTATION('',(#12427),#12431);
#12427 = LINE('',#12428,#12429);
#12428 = CARTESIAN_POINT('',(2.5,-24.));
#12429 = VECTOR('',#12430,1.);
#12430 = DIRECTION('',(1.,0.));
#12431 = ( GEOMETRIC_REPRESENTATION_CONTEXT(2) 
PARAMETRIC_REPRESENTATION_CONTEXT() REPRESENTATION_CONTEXT('2D SPACE',''
  ) );
#12432 = PCURVE('',#12104,#12433);
#12433 = DEFINITIONAL_REPRESENTATION('',(#12434),#12438);
#12434 = LINE('',#12435,#12436);
#12435 = CARTESIAN_POINT('',(1.597444293277E-08,-4.499999981104));
#12436 = VECTOR('',#12437,1.);
#12437 = DIRECTION('',(1.,0.));
#12438 = ( GEOMETRIC_REPRESENTATION_CONTEXT(2) 
PARAMETRIC_REPRESENTATION_CONTEXT() REPRESENTATION_CONTEXT('2D SPACE',''
  ) );
#12439 = ORIENTED_EDGE('',*,*,#12440,.F.);
#12440 = EDGE_CURVE('',#6162,#12418,#12441,.T.);
#12441 = SURFACE_CURVE('',#12442,(#12446,#12453),.PCURVE_S1.);
#12442 = LINE('',#12443,#12444);
#12443 = CARTESIAN_POINT('',(12.499999946286,-28.49999998794,0.));
#12444 = VECTOR('',#12445,1.);
#12445 = DIRECTION('',(0.,0.,1.));
#12446 = PCURVE('',#6199,#12447);
#12447 = DEFINITIONAL_REPRESENTATION('',(#12448),#12452);
#12448 = LINE('',#12449,#12450);
#12449 = CARTESIAN_POINT('',(4.999999946286,0.));
#12450 = VECTOR('',#12451,1.);
#12451 = DIRECTION('',(0.,-1.));
#12452 = ( GEOMETRIC_REPRESENTATION_CONTEXT(2) 
PARAMETRIC_REPRESENTATION_CONTEXT() REPRESENTATION_CONTEXT('2D SPACE',''
  ) );
#12453 = PCURVE('',#6304,#12454);
#12454 = DEFINITIONAL_REPRESENTATION('',(#12455),#12459);
#12455 = LINE('',#12456,#12457);
#12456 = CARTESIAN_POINT('',(-4.712388980385,0.));
#12457 = VECTOR('',#12458,1.);
#12458 = DIRECTION('',(-0.,-1.));
#12459 = ( GEOMETRIC_REPRESENTATION_CONTEXT(2) 
PARAMETRIC_REPRESENTATION_CONTEXT() REPRESENTATION_CONTEXT('2D SPACE',''
  ) );
#12460 = ORIENTED_EDGE('',*,*,#6185,.T.);
#12461 = ADVANCED_FACE('',(#12462),#6252,.F.);
#12462 = FACE_BOUND('',#12463,.F.);
#12463 = EDGE_LOOP('',(#12464,#12487,#12508,#12509));
#12464 = ORIENTED_EDGE('',*,*,#12465,.T.);
#12465 = EDGE_CURVE('',#6217,#12466,#12468,.T.);
#12466 = VERTEX_POINT('',#12467);
#12467 = CARTESIAN_POINT('',(19.447423601353,25.009358793776,9.));
#12468 = SURFACE_CURVE('',#12469,(#12473,#12480),.PCURVE_S1.);
#12469 = LINE('',#12470,#12471);
#12470 = CARTESIAN_POINT('',(19.447423601353,25.009358793776,0.));
#12471 = VECTOR('',#12472,1.);
#12472 = DIRECTION('',(0.,0.,1.));
#12473 = PCURVE('',#6252,#12474);
#12474 = DEFINITIONAL_REPRESENTATION('',(#12475),#12479);
#12475 = LINE('',#12476,#12477);
#12476 = CARTESIAN_POINT('',(0.,0.));
#12477 = VECTOR('',#12478,1.);
#12478 = DIRECTION('',(0.,-1.));
#12479 = ( GEOMETRIC_REPRESENTATION_CONTEXT(2) 
PARAMETRIC_REPRESENTATION_CONTEXT() REPRESENTATION_CONTEXT('2D SPACE',''
  ) );
#12480 = PCURVE('',#6339,#12481);
#12481 = DEFINITIONAL_REPRESENTATION('',(#12482),#12486);
#12482 = LINE('',#12483,#12484);
#12483 = CARTESIAN_POINT('',(-6.28318530718,0.));
#12484 = VECTOR('',#12485,1.);
#12485 = DIRECTION('',(-0.,-1.));
#12486 = ( GEOMETRIC_REPRESENTATION_CONTEXT(2) 
PARAMETRIC_REPRESENTATION_CONTEXT() REPRESENTATION_CONTEXT('2D SPACE',''
  ) );
#12487 = ORIENTED_EDGE('',*,*,#12488,.T.);
#12488 = EDGE_CURVE('',#12466,#12367,#12489,.T.);
#12489 = SURFACE_CURVE('',#12490,(#12494,#12501),.PCURVE_S1.);
#12490 = LINE('',#12491,#12492);
#12491 = CARTESIAN_POINT('',(17.095760222228,28.367882182304,9.));
#12492 = VECTOR('',#12493,1.);
#12493 = DIRECTION('',(-0.573576436351,0.819152044289,0.));
#12494 = PCURVE('',#6252,#12495);
#12495 = DEFINITIONAL_REPRESENTATION('',(#12496),#12500);
#12496 = LINE('',#12497,#12498);
#12497 = CARTESIAN_POINT('',(4.1,-9.));
#12498 = VECTOR('',#12499,1.);
#12499 = DIRECTION('',(1.,0.));
#12500 = ( GEOMETRIC_REPRESENTATION_CONTEXT(2) 
PARAMETRIC_REPRESENTATION_CONTEXT() REPRESENTATION_CONTEXT('2D SPACE',''
  ) );
#12501 = PCURVE('',#11888,#12502);
#12502 = DEFINITIONAL_REPRESENTATION('',(#12503),#12507);
#12503 = LINE('',#12504,#12505);
#12504 = CARTESIAN_POINT('',(5.000000008526,1.880255244399E-16));
#12505 = VECTOR('',#12506,1.);
#12506 = DIRECTION('',(0.,1.));
#12507 = ( GEOMETRIC_REPRESENTATION_CONTEXT(2) 
PARAMETRIC_REPRESENTATION_CONTEXT() REPRESENTATION_CONTEXT('2D SPACE',''
  ) );
#12508 = ORIENTED_EDGE('',*,*,#12366,.F.);
#12509 = ORIENTED_EDGE('',*,*,#6238,.T.);
#12510 = ADVANCED_FACE('',(#12511),#6304,.T.);
#12511 = FACE_BOUND('',#12512,.F.);
#12512 = EDGE_LOOP('',(#12513,#12514,#12538,#12559));
#12513 = ORIENTED_EDGE('',*,*,#12440,.T.);
#12514 = ORIENTED_EDGE('',*,*,#12515,.T.);
#12515 = EDGE_CURVE('',#12418,#12516,#12518,.T.);
#12516 = VERTEX_POINT('',#12517);
#12517 = CARTESIAN_POINT('',(15.999999973143,-24.99999998794,24.));
#12518 = SURFACE_CURVE('',#12519,(#12524,#12531),.PCURVE_S1.);
#12519 = CIRCLE('',#12520,3.5);
#12520 = AXIS2_PLACEMENT_3D('',#12521,#12522,#12523);
#12521 = CARTESIAN_POINT('',(12.499999946286,-24.99999998794,24.));
#12522 = DIRECTION('',(0.,0.,1.));
#12523 = DIRECTION('',(1.,0.,0.));
#12524 = PCURVE('',#6304,#12525);
#12525 = DEFINITIONAL_REPRESENTATION('',(#12526),#12530);
#12526 = LINE('',#12527,#12528);
#12527 = CARTESIAN_POINT('',(-0.,-24.));
#12528 = VECTOR('',#12529,1.);
#12529 = DIRECTION('',(-1.,0.));
#12530 = ( GEOMETRIC_REPRESENTATION_CONTEXT(2) 
PARAMETRIC_REPRESENTATION_CONTEXT() REPRESENTATION_CONTEXT('2D SPACE',''
  ) );
#12531 = PCURVE('',#12104,#12532);
#12532 = DEFINITIONAL_REPRESENTATION('',(#12533),#12537);
#12533 = CIRCLE('',#12534,3.5);
#12534 = AXIS2_PLACEMENT_2D('',#12535,#12536);
#12535 = CARTESIAN_POINT('',(2.499999962261,-0.999999981104));
#12536 = DIRECTION('',(1.,0.));
#12537 = ( GEOMETRIC_REPRESENTATION_CONTEXT(2) 
PARAMETRIC_REPRESENTATION_CONTEXT() REPRESENTATION_CONTEXT('2D SPACE',''
  ) );
#12538 = ORIENTED_EDGE('',*,*,#12539,.F.);
#12539 = EDGE_CURVE('',#6268,#12516,#12540,.T.);
#12540 = SURFACE_CURVE('',#12541,(#12545,#12552),.PCURVE_S1.);
#12541 = LINE('',#12542,#12543);
#12542 = CARTESIAN_POINT('',(15.999999973143,-24.99999998794,0.));
#12543 = VECTOR('',#12544,1.);
#12544 = DIRECTION('',(0.,0.,1.));
#12545 = PCURVE('',#6304,#12546);
#12546 = DEFINITIONAL_REPRESENTATION('',(#12547),#12551);
#12547 = LINE('',#12548,#12549);
#12548 = CARTESIAN_POINT('',(-6.28318530718,0.));
#12549 = VECTOR('',#12550,1.);
#12550 = DIRECTION('',(-0.,-1.));
#12551 = ( GEOMETRIC_REPRESENTATION_CONTEXT(2) 
PARAMETRIC_REPRESENTATION_CONTEXT() REPRESENTATION_CONTEXT('2D SPACE',''
  ) );
#12552 = PCURVE('',#6448,#12553);
#12553 = DEFINITIONAL_REPRESENTATION('',(#12554),#12558);
#12554 = LINE('',#12555,#12556);
#12555 = CARTESIAN_POINT('',(0.,0.));
#12556 = VECTOR('',#12557,1.);
#12557 = DIRECTION('',(0.,-1.));
#12558 = ( GEOMETRIC_REPRESENTATION_CONTEXT(2) 
PARAMETRIC_REPRESENTATION_CONTEXT() REPRESENTATION_CONTEXT('2D SPACE',''
  ) );
#12559 = ORIENTED_EDGE('',*,*,#6289,.T.);
#12560 = ADVANCED_FACE('',(#12561),#6339,.T.);
#12561 = FACE_BOUND('',#12562,.F.);
#12562 = EDGE_LOOP('',(#12563,#12564,#12565,#12566,#12588));
#12563 = ORIENTED_EDGE('',*,*,#6322,.T.);
#12564 = ORIENTED_EDGE('',*,*,#6787,.F.);
#12565 = ORIENTED_EDGE('',*,*,#12001,.F.);
#12566 = ORIENTED_EDGE('',*,*,#12567,.T.);
#12567 = EDGE_CURVE('',#11974,#12466,#12568,.T.);
#12568 = SURFACE_CURVE('',#12569,(#12574,#12581),.PCURVE_S1.);
#12569 = CIRCLE('',#12570,4.9);
#12570 = AXIS2_PLACEMENT_3D('',#12571,#12572,#12573);
#12571 = CARTESIAN_POINT('',(15.433578574422,22.198834248714,9.));
#12572 = DIRECTION('',(0.,-0.,1.));
#12573 = DIRECTION('',(0.819152044289,0.573576436351,0.));
#12574 = PCURVE('',#6339,#12575);
#12575 = DEFINITIONAL_REPRESENTATION('',(#12576),#12580);
#12576 = LINE('',#12577,#12578);
#12577 = CARTESIAN_POINT('',(-0.,-9.));
#12578 = VECTOR('',#12579,1.);
#12579 = DIRECTION('',(-1.,0.));
#12580 = ( GEOMETRIC_REPRESENTATION_CONTEXT(2) 
PARAMETRIC_REPRESENTATION_CONTEXT() REPRESENTATION_CONTEXT('2D SPACE',''
  ) );
#12581 = PCURVE('',#11888,#12582);
#12582 = DEFINITIONAL_REPRESENTATION('',(#12583),#12587);
#12583 = CIRCLE('',#12584,4.9);
#12584 = AXIS2_PLACEMENT_2D('',#12585,#12586);
#12585 = CARTESIAN_POINT('',(9.999998431814E-02,-4.1));
#12586 = DIRECTION('',(1.,0.));
#12587 = ( GEOMETRIC_REPRESENTATION_CONTEXT(2) 
PARAMETRIC_REPRESENTATION_CONTEXT() REPRESENTATION_CONTEXT('2D SPACE',''
  ) );
#12588 = ORIENTED_EDGE('',*,*,#12465,.F.);
#12589 = ADVANCED_FACE('',(#12590),#6448,.F.);
#12590 = FACE_BOUND('',#12591,.F.);
#12591 = EDGE_LOOP('',(#12592,#12593,#12616,#12637));
#12592 = ORIENTED_EDGE('',*,*,#12539,.T.);
#12593 = ORIENTED_EDGE('',*,*,#12594,.T.);
#12594 = EDGE_CURVE('',#12516,#12595,#12597,.T.);
#12595 = VERTEX_POINT('',#12596);
#12596 = CARTESIAN_POINT('',(16.,-23.00000004713,24.));
#12597 = SURFACE_CURVE('',#12598,(#12602,#12609),.PCURVE_S1.);
#12598 = LINE('',#12599,#12600);
#12599 = CARTESIAN_POINT('',(16.,-23.99999998794,24.));
#12600 = VECTOR('',#12601,1.);
#12601 = DIRECTION('',(0.,1.,0.));
#12602 = PCURVE('',#6448,#12603);
#12603 = DEFINITIONAL_REPRESENTATION('',(#12604),#12608);
#12604 = LINE('',#12605,#12606);
#12605 = CARTESIAN_POINT('',(1.,-24.));
#12606 = VECTOR('',#12607,1.);
#12607 = DIRECTION('',(1.,0.));
#12608 = ( GEOMETRIC_REPRESENTATION_CONTEXT(2) 
PARAMETRIC_REPRESENTATION_CONTEXT() REPRESENTATION_CONTEXT('2D SPACE',''
  ) );
#12609 = PCURVE('',#12104,#12610);
#12610 = DEFINITIONAL_REPRESENTATION('',(#12611),#12615);
#12611 = LINE('',#12612,#12613);
#12612 = CARTESIAN_POINT('',(6.000000015974,1.889627092238E-08));
#12613 = VECTOR('',#12614,1.);
#12614 = DIRECTION('',(0.,1.));
#12615 = ( GEOMETRIC_REPRESENTATION_CONTEXT(2) 
PARAMETRIC_REPRESENTATION_CONTEXT() REPRESENTATION_CONTEXT('2D SPACE',''
  ) );
#12616 = ORIENTED_EDGE('',*,*,#12617,.F.);
#12617 = EDGE_CURVE('',#6411,#12595,#12618,.T.);
#12618 = SURFACE_CURVE('',#12619,(#12623,#12630),.PCURVE_S1.);
#12619 = LINE('',#12620,#12621);
#12620 = CARTESIAN_POINT('',(16.,-23.00000004713,0.));
#12621 = VECTOR('',#12622,1.);
#12622 = DIRECTION('',(0.,0.,1.));
#12623 = PCURVE('',#6448,#12624);
#12624 = DEFINITIONAL_REPRESENTATION('',(#12625),#12629);
#12625 = LINE('',#12626,#12627);
#12626 = CARTESIAN_POINT('',(1.999999940804,0.));
#12627 = VECTOR('',#12628,1.);
#12628 = DIRECTION('',(0.,-1.));
#12629 = ( GEOMETRIC_REPRESENTATION_CONTEXT(2) 
PARAMETRIC_REPRESENTATION_CONTEXT() REPRESENTATION_CONTEXT('2D SPACE',''
  ) );
#12630 = PCURVE('',#6662,#12631);
#12631 = DEFINITIONAL_REPRESENTATION('',(#12632),#12636);
#12632 = LINE('',#12633,#12634);
#12633 = CARTESIAN_POINT('',(-0.,0.));
#12634 = VECTOR('',#12635,1.);
#12635 = DIRECTION('',(-0.,-1.));
#12636 = ( GEOMETRIC_REPRESENTATION_CONTEXT(2) 
PARAMETRIC_REPRESENTATION_CONTEXT() REPRESENTATION_CONTEXT('2D SPACE',''
  ) );
#12637 = ORIENTED_EDGE('',*,*,#6434,.T.);
#12638 = ADVANCED_FACE('',(#12639),#6662,.T.);
#12639 = FACE_BOUND('',#12640,.F.);
#12640 = EDGE_LOOP('',(#12641,#12642,#12643,#12667,#12686));
#12641 = ORIENTED_EDGE('',*,*,#6647,.T.);
#12642 = ORIENTED_EDGE('',*,*,#12617,.T.);
#12643 = ORIENTED_EDGE('',*,*,#12644,.T.);
#12644 = EDGE_CURVE('',#12595,#12645,#12647,.T.);
#12645 = VERTEX_POINT('',#12646);
#12646 = CARTESIAN_POINT('',(15.265815527245,-20.85517733435,24.));
#12647 = SURFACE_CURVE('',#12648,(#12653,#12660),.PCURVE_S1.);
#12648 = CIRCLE('',#12649,3.5);
#12649 = AXIS2_PLACEMENT_3D('',#12650,#12651,#12652);
#12650 = CARTESIAN_POINT('',(12.5,-23.00000004713,24.));
#12651 = DIRECTION('',(0.,0.,1.));
#12652 = DIRECTION('',(1.,0.,0.));
#12653 = PCURVE('',#6662,#12654);
#12654 = DEFINITIONAL_REPRESENTATION('',(#12655),#12659);
#12655 = LINE('',#12656,#12657);
#12656 = CARTESIAN_POINT('',(-0.,-24.));
#12657 = VECTOR('',#12658,1.);
#12658 = DIRECTION('',(-1.,0.));
#12659 = ( GEOMETRIC_REPRESENTATION_CONTEXT(2) 
PARAMETRIC_REPRESENTATION_CONTEXT() REPRESENTATION_CONTEXT('2D SPACE',''
  ) );
#12660 = PCURVE('',#12104,#12661);
#12661 = DEFINITIONAL_REPRESENTATION('',(#12662),#12666);
#12662 = CIRCLE('',#12663,3.5);
#12663 = AXIS2_PLACEMENT_2D('',#12664,#12665);
#12664 = CARTESIAN_POINT('',(2.500000015974,0.9999999597));
#12665 = DIRECTION('',(1.,0.));
#12666 = ( GEOMETRIC_REPRESENTATION_CONTEXT(2) 
PARAMETRIC_REPRESENTATION_CONTEXT() REPRESENTATION_CONTEXT('2D SPACE',''
  ) );
#12667 = ORIENTED_EDGE('',*,*,#12668,.T.);
#12668 = EDGE_CURVE('',#12645,#7054,#12669,.T.);
#12669 = SURFACE_CURVE('',#12670,(#12674,#12680),.PCURVE_S1.);
#12670 = LINE('',#12671,#12672);
#12671 = CARTESIAN_POINT('',(15.265815527245,-20.85517733435,0.));
#12672 = VECTOR('',#12673,1.);
#12673 = DIRECTION('',(0.,0.,-1.));
#12674 = PCURVE('',#6662,#12675);
#12675 = DEFINITIONAL_REPRESENTATION('',(#12676),#12679);
#12676 = B_SPLINE_CURVE_WITH_KNOTS('',1,(#12677,#12678),.UNSPECIFIED.,
  .F.,.F.,(2,2),(-24.0000024,-1.4999976),.PIECEWISE_BEZIER_KNOTS.);
#12677 = CARTESIAN_POINT('',(-0.659607191942,-24.0000024));
#12678 = CARTESIAN_POINT('',(-0.659607191942,-1.4999976));
#12679 = ( GEOMETRIC_REPRESENTATION_CONTEXT(2) 
PARAMETRIC_REPRESENTATION_CONTEXT() REPRESENTATION_CONTEXT('2D SPACE',''
  ) );
#12680 = PCURVE('',#7070,#12681);
#12681 = DEFINITIONAL_REPRESENTATION('',(#12682),#12685);
#12682 = B_SPLINE_CURVE_WITH_KNOTS('',1,(#12683,#12684),.UNSPECIFIED.,
  .F.,.F.,(2,2),(-24.0000024,-1.4999976),.PIECEWISE_BEZIER_KNOTS.);
#12683 = CARTESIAN_POINT('',(-5.220152833308,-24.0000024));
#12684 = CARTESIAN_POINT('',(-5.220152833308,-1.4999976));
#12685 = ( GEOMETRIC_REPRESENTATION_CONTEXT(2) 
PARAMETRIC_REPRESENTATION_CONTEXT() REPRESENTATION_CONTEXT('2D SPACE',''
  ) );
#12686 = ORIENTED_EDGE('',*,*,#7082,.T.);
#12687 = ADVANCED_FACE('',(#12688),#7014,.T.);
#12688 = FACE_BOUND('',#12689,.T.);
#12689 = EDGE_LOOP('',(#12690,#12691,#12714,#12747,#12766));
#12690 = ORIENTED_EDGE('',*,*,#7426,.F.);
#12691 = ORIENTED_EDGE('',*,*,#12692,.T.);
#12692 = EDGE_CURVE('',#7405,#12693,#12695,.T.);
#12693 = VERTEX_POINT('',#12694);
#12694 = CARTESIAN_POINT('',(24.222521805271,-11.16382557194,12.));
#12695 = SURFACE_CURVE('',#12696,(#12700,#12707),.PCURVE_S1.);
#12696 = LINE('',#12697,#12698);
#12697 = CARTESIAN_POINT('',(24.222521805271,-11.16382557194,0.));
#12698 = VECTOR('',#12699,1.);
#12699 = DIRECTION('',(0.,0.,1.));
#12700 = PCURVE('',#7014,#12701);
#12701 = DEFINITIONAL_REPRESENTATION('',(#12702),#12706);
#12702 = LINE('',#12703,#12704);
#12703 = CARTESIAN_POINT('',(4.712388980385,0.));
#12704 = VECTOR('',#12705,1.);
#12705 = DIRECTION('',(0.,-1.));
#12706 = ( GEOMETRIC_REPRESENTATION_CONTEXT(2) 
PARAMETRIC_REPRESENTATION_CONTEXT() REPRESENTATION_CONTEXT('2D SPACE',''
  ) );
#12707 = PCURVE('',#7540,#12708);
#12708 = DEFINITIONAL_REPRESENTATION('',(#12709),#12713);
#12709 = LINE('',#12710,#12711);
#12710 = CARTESIAN_POINT('',(9.159339953158E-16,0.));
#12711 = VECTOR('',#12712,1.);
#12712 = DIRECTION('',(0.,-1.));
#12713 = ( GEOMETRIC_REPRESENTATION_CONTEXT(2) 
PARAMETRIC_REPRESENTATION_CONTEXT() REPRESENTATION_CONTEXT('2D SPACE',''
  ) );
#12714 = ORIENTED_EDGE('',*,*,#12715,.T.);
#12715 = EDGE_CURVE('',#12693,#12716,#12718,.T.);
#12716 = VERTEX_POINT('',#12717);
#12717 = CARTESIAN_POINT('',(23.12920346236,-11.37110748382,12.));
#12718 = SURFACE_CURVE('',#12719,(#12724,#12731),.PCURVE_S1.);
#12719 = CIRCLE('',#12720,4.4);
#12720 = AXIS2_PLACEMENT_3D('',#12721,#12722,#12723);
#12721 = CARTESIAN_POINT('',(22.862847030021,-6.979176900249,12.));
#12722 = DIRECTION('',(-0.,0.,-1.));
#12723 = DIRECTION('',(-0.951056516295,-0.309016994375,0.));
#12724 = PCURVE('',#7014,#12725);
#12725 = DEFINITIONAL_REPRESENTATION('',(#12726),#12730);
#12726 = LINE('',#12727,#12728);
#12727 = CARTESIAN_POINT('',(0.,-12.));
#12728 = VECTOR('',#12729,1.);
#12729 = DIRECTION('',(1.,0.));
#12730 = ( GEOMETRIC_REPRESENTATION_CONTEXT(2) 
PARAMETRIC_REPRESENTATION_CONTEXT() REPRESENTATION_CONTEXT('2D SPACE',''
  ) );
#12731 = PCURVE('',#12732,#12737);
#12732 = PLANE('',#12733);
#12733 = AXIS2_PLACEMENT_3D('',#12734,#12735,#12736);
#12734 = CARTESIAN_POINT('',(21.999999992327,-4.000000002493,12.));
#12735 = DIRECTION('',(0.,0.,1.));
#12736 = DIRECTION('',(0.951056516295,0.309016994375,0.));
#12737 = DEFINITIONAL_REPRESENTATION('',(#12738),#12746);
#12738 = ( BOUNDED_CURVE() B_SPLINE_CURVE(2,(#12739,#12740,#12741,#12742
    ,#12743,#12744,#12745),.UNSPECIFIED.,.T.,.F.) 
B_SPLINE_CURVE_WITH_KNOTS((1,2,2,2,2,1),(-2.094395102393,0.,
    2.094395102393,4.188790204786,6.28318530718,8.377580409573),
.UNSPECIFIED.) CURVE() GEOMETRIC_REPRESENTATION_ITEM() 
RATIONAL_B_SPLINE_CURVE((1.,0.5,1.,0.5,1.,0.5,1.)) REPRESENTATION_ITEM(
  '') );
#12739 = CARTESIAN_POINT('',(-4.499999992891,-3.1));
#12740 = CARTESIAN_POINT('',(-4.499999992891,4.521023553303));
#12741 = CARTESIAN_POINT('',(2.100000007109,0.710511776652));
#12742 = CARTESIAN_POINT('',(8.700000007109,-3.1));
#12743 = CARTESIAN_POINT('',(2.100000007109,-6.910511776652));
#12744 = CARTESIAN_POINT('',(-4.499999992891,-10.7210235533));
#12745 = CARTESIAN_POINT('',(-4.499999992891,-3.1));
#12746 = ( GEOMETRIC_REPRESENTATION_CONTEXT(2) 
PARAMETRIC_REPRESENTATION_CONTEXT() REPRESENTATION_CONTEXT('2D SPACE',''
  ) );
#12747 = ORIENTED_EDGE('',*,*,#12748,.T.);
#12748 = EDGE_CURVE('',#12716,#6943,#12749,.T.);
#12749 = SURFACE_CURVE('',#12750,(#12754,#12760),.PCURVE_S1.);
#12750 = LINE('',#12751,#12752);
#12751 = CARTESIAN_POINT('',(23.12920346236,-11.37110748382,0.));
#12752 = VECTOR('',#12753,1.);
#12753 = DIRECTION('',(0.,0.,-1.));
#12754 = PCURVE('',#7014,#12755);
#12755 = DEFINITIONAL_REPRESENTATION('',(#12756),#12759);
#12756 = B_SPLINE_CURVE_WITH_KNOTS('',1,(#12757,#12758),.UNSPECIFIED.,
  .F.,.F.,(2,2),(-12.0000024,-1.4999976),.PIECEWISE_BEZIER_KNOTS.);
#12757 = CARTESIAN_POINT('',(4.965975659211,-12.0000024));
#12758 = CARTESIAN_POINT('',(4.965975659211,-1.4999976));
#12759 = ( GEOMETRIC_REPRESENTATION_CONTEXT(2) 
PARAMETRIC_REPRESENTATION_CONTEXT() REPRESENTATION_CONTEXT('2D SPACE',''
  ) );
#12760 = PCURVE('',#7070,#12761);
#12761 = DEFINITIONAL_REPRESENTATION('',(#12762),#12765);
#12762 = B_SPLINE_CURVE_WITH_KNOTS('',1,(#12763,#12764),.UNSPECIFIED.,
  .F.,.F.,(2,2),(-12.0000024,-1.4999976),.PIECEWISE_BEZIER_KNOTS.);
#12763 = CARTESIAN_POINT('',(-5.961730165567,-12.0000024));
#12764 = CARTESIAN_POINT('',(-5.961730165567,-1.4999976));
#12765 = ( GEOMETRIC_REPRESENTATION_CONTEXT(2) 
PARAMETRIC_REPRESENTATION_CONTEXT() REPRESENTATION_CONTEXT('2D SPACE',''
  ) );
#12766 = ORIENTED_EDGE('',*,*,#6942,.T.);
#12767 = ADVANCED_FACE('',(#12768),#7070,.T.);
#12768 = FACE_BOUND('',#12769,.F.);
#12769 = EDGE_LOOP('',(#12770,#12798,#12799,#12800,#12801,#12827,#12828,
    #12852,#12878,#12911,#12932,#12956));
#12770 = ORIENTED_EDGE('',*,*,#12771,.T.);
#12771 = EDGE_CURVE('',#12772,#12716,#12774,.T.);
#12772 = VERTEX_POINT('',#12773);
#12773 = CARTESIAN_POINT('',(23.999999998961,-6.,12.));
#12774 = SURFACE_CURVE('',#12775,(#12780,#12787),.PCURVE_S1.);
#12775 = CIRCLE('',#12776,17.);
#12776 = AXIS2_PLACEMENT_3D('',#12777,#12778,#12779);
#12777 = CARTESIAN_POINT('',(6.999999997923,-6.,12.));
#12778 = DIRECTION('',(0.,0.,-1.));
#12779 = DIRECTION('',(1.,0.,0.));
#12780 = PCURVE('',#7070,#12781);
#12781 = DEFINITIONAL_REPRESENTATION('',(#12782),#12786);
#12782 = LINE('',#12783,#12784);
#12783 = CARTESIAN_POINT('',(-6.28318530718,-12.));
#12784 = VECTOR('',#12785,1.);
#12785 = DIRECTION('',(1.,-0.));
#12786 = ( GEOMETRIC_REPRESENTATION_CONTEXT(2) 
PARAMETRIC_REPRESENTATION_CONTEXT() REPRESENTATION_CONTEXT('2D SPACE',''
  ) );
#12787 = PCURVE('',#12732,#12788);
#12788 = DEFINITIONAL_REPRESENTATION('',(#12789),#12797);
#12789 = ( BOUNDED_CURVE() B_SPLINE_CURVE(2,(#12790,#12791,#12792,#12793
    ,#12794,#12795,#12796),.UNSPECIFIED.,.T.,.F.) 
B_SPLINE_CURVE_WITH_KNOTS((1,2,2,2,2,1),(-2.094395102393,0.,
    2.094395102393,4.188790204786,6.28318530718,8.377580409573),
.UNSPECIFIED.) CURVE() GEOMETRIC_REPRESENTATION_ITEM() 
RATIONAL_B_SPLINE_CURVE((1.,0.5,1.,0.5,1.,0.5,1.)) REPRESENTATION_ITEM(
  '') );
#12790 = CARTESIAN_POINT('',(1.284079049933,-2.520147020698));
#12791 = CARTESIAN_POINT('',(-7.814884239281,-30.52387654127));
#12792 = CARTESIAN_POINT('',(-27.5173437602,-8.642078424425));
#12793 = CARTESIAN_POINT('',(-47.21980328112,13.239719692424));
#12794 = CARTESIAN_POINT('',(-18.41838047098,19.36165109615));
#12795 = CARTESIAN_POINT('',(10.383042339147,25.483582499877));
#12796 = CARTESIAN_POINT('',(1.284079049933,-2.520147020698));
#12797 = ( GEOMETRIC_REPRESENTATION_CONTEXT(2) 
PARAMETRIC_REPRESENTATION_CONTEXT() REPRESENTATION_CONTEXT('2D SPACE',''
  ) );
#12798 = ORIENTED_EDGE('',*,*,#12748,.T.);
#12799 = ORIENTED_EDGE('',*,*,#7053,.T.);
#12800 = ORIENTED_EDGE('',*,*,#12668,.F.);
#12801 = ORIENTED_EDGE('',*,*,#12802,.T.);
#12802 = EDGE_CURVE('',#12645,#12067,#12803,.T.);
#12803 = SURFACE_CURVE('',#12804,(#12809,#12816),.PCURVE_S1.);
#12804 = CIRCLE('',#12805,17.);
#12805 = AXIS2_PLACEMENT_3D('',#12806,#12807,#12808);
#12806 = CARTESIAN_POINT('',(6.999999997923,-6.,24.));
#12807 = DIRECTION('',(0.,0.,-1.));
#12808 = DIRECTION('',(1.,0.,0.));
#12809 = PCURVE('',#7070,#12810);
#12810 = DEFINITIONAL_REPRESENTATION('',(#12811),#12815);
#12811 = LINE('',#12812,#12813);
#12812 = CARTESIAN_POINT('',(-6.28318530718,-24.));
#12813 = VECTOR('',#12814,1.);
#12814 = DIRECTION('',(1.,-0.));
#12815 = ( GEOMETRIC_REPRESENTATION_CONTEXT(2) 
PARAMETRIC_REPRESENTATION_CONTEXT() REPRESENTATION_CONTEXT('2D SPACE',''
  ) );
#12816 = PCURVE('',#12104,#12817);
#12817 = DEFINITIONAL_REPRESENTATION('',(#12818),#12826);
#12818 = ( BOUNDED_CURVE() B_SPLINE_CURVE(2,(#12819,#12820,#12821,#12822
    ,#12823,#12824,#12825),.UNSPECIFIED.,.T.,.F.) 
B_SPLINE_CURVE_WITH_KNOTS((1,2,2,2,2,1),(-2.094395102393,0.,
    2.094395102393,4.188790204786,6.28318530718,8.377580409573),
.UNSPECIFIED.) CURVE() GEOMETRIC_REPRESENTATION_ITEM() 
RATIONAL_B_SPLINE_CURVE((1.,0.5,1.,0.5,1.,0.5,1.)) REPRESENTATION_ITEM(
  '') );
#12819 = CARTESIAN_POINT('',(14.000000013897,18.000000006837));
#12820 = CARTESIAN_POINT('',(14.000000013897,-11.44486372183));
#12821 = CARTESIAN_POINT('',(-11.4999999861,3.277568142502));
#12822 = CARTESIAN_POINT('',(-36.9999999861,18.000000006837));
#12823 = CARTESIAN_POINT('',(-11.4999999861,32.722431871173));
#12824 = CARTESIAN_POINT('',(14.000000013897,47.444863735508));
#12825 = CARTESIAN_POINT('',(14.000000013897,18.000000006837));
#12826 = ( GEOMETRIC_REPRESENTATION_CONTEXT(2) 
PARAMETRIC_REPRESENTATION_CONTEXT() REPRESENTATION_CONTEXT('2D SPACE',''
  ) );
#12827 = ORIENTED_EDGE('',*,*,#12066,.T.);
#12828 = ORIENTED_EDGE('',*,*,#12829,.T.);
#12829 = EDGE_CURVE('',#12044,#12830,#12832,.T.);
#12830 = VERTEX_POINT('',#12831);
#12831 = CARTESIAN_POINT('',(18.850829595613,-18.18843049151,32.));
#12832 = SURFACE_CURVE('',#12833,(#12838,#12845),.PCURVE_S1.);
#12833 = CIRCLE('',#12834,17.);
#12834 = AXIS2_PLACEMENT_3D('',#12835,#12836,#12837);
#12835 = CARTESIAN_POINT('',(6.999999997923,-6.,32.));
#12836 = DIRECTION('',(0.,0.,1.));
#12837 = DIRECTION('',(1.,0.,0.));
#12838 = PCURVE('',#7070,#12839);
#12839 = DEFINITIONAL_REPRESENTATION('',(#12840),#12844);
#12840 = LINE('',#12841,#12842);
#12841 = CARTESIAN_POINT('',(-0.,-32.));
#12842 = VECTOR('',#12843,1.);
#12843 = DIRECTION('',(-1.,0.));
#12844 = ( GEOMETRIC_REPRESENTATION_CONTEXT(2) 
PARAMETRIC_REPRESENTATION_CONTEXT() REPRESENTATION_CONTEXT('2D SPACE',''
  ) );
#12845 = PCURVE('',#10748,#12846);
#12846 = DEFINITIONAL_REPRESENTATION('',(#12847),#12851);
#12847 = CIRCLE('',#12848,17.);
#12848 = AXIS2_PLACEMENT_2D('',#12849,#12850);
#12849 = CARTESIAN_POINT('',(6.999999998363,-5.999999998831));
#12850 = DIRECTION('',(1.,0.));
#12851 = ( GEOMETRIC_REPRESENTATION_CONTEXT(2) 
PARAMETRIC_REPRESENTATION_CONTEXT() REPRESENTATION_CONTEXT('2D SPACE',''
  ) );
#12852 = ORIENTED_EDGE('',*,*,#12853,.T.);
#12853 = EDGE_CURVE('',#12830,#12854,#12856,.T.);
#12854 = VERTEX_POINT('',#12855);
#12855 = CARTESIAN_POINT('',(18.850829595613,-18.18843049151,3.));
#12856 = SURFACE_CURVE('',#12857,(#12861,#12867),.PCURVE_S1.);
#12857 = LINE('',#12858,#12859);
#12858 = CARTESIAN_POINT('',(18.850829595613,-18.18843049151,0.));
#12859 = VECTOR('',#12860,1.);
#12860 = DIRECTION('',(0.,0.,-1.));
#12861 = PCURVE('',#7070,#12862);
#12862 = DEFINITIONAL_REPRESENTATION('',(#12863),#12866);
#12863 = B_SPLINE_CURVE_WITH_KNOTS('',1,(#12864,#12865),.UNSPECIFIED.,
  .F.,.F.,(2,2),(-32.0000024,-2.9999976),.PIECEWISE_BEZIER_KNOTS.);
#12864 = CARTESIAN_POINT('',(-5.483744336283,-32.0000024));
#12865 = CARTESIAN_POINT('',(-5.483744336283,-2.9999976));
#12866 = ( GEOMETRIC_REPRESENTATION_CONTEXT(2) 
PARAMETRIC_REPRESENTATION_CONTEXT() REPRESENTATION_CONTEXT('2D SPACE',''
  ) );
#12867 = PCURVE('',#12868,#12873);
#12868 = CYLINDRICAL_SURFACE('',#12869,3.3);
#12869 = AXIS2_PLACEMENT_3D('',#12870,#12871,#12872);
#12870 = CARTESIAN_POINT('',(18.,-15.,3.));
#12871 = DIRECTION('',(0.,0.,1.));
#12872 = DIRECTION('',(1.,0.,-0.));
#12873 = DEFINITIONAL_REPRESENTATION('',(#12874),#12877);
#12874 = B_SPLINE_CURVE_WITH_KNOTS('',1,(#12875,#12876),.UNSPECIFIED.,
  .F.,.F.,(2,2),(-32.0000024,-2.9999976),.PIECEWISE_BEZIER_KNOTS.);
#12875 = CARTESIAN_POINT('',(4.973161624059,29.0000024));
#12876 = CARTESIAN_POINT('',(4.973161624059,-2.400000000069E-06));
#12877 = ( GEOMETRIC_REPRESENTATION_CONTEXT(2) 
PARAMETRIC_REPRESENTATION_CONTEXT() REPRESENTATION_CONTEXT('2D SPACE',''
  ) );
#12878 = ORIENTED_EDGE('',*,*,#12879,.F.);
#12879 = EDGE_CURVE('',#12880,#12854,#12882,.T.);
#12880 = VERTEX_POINT('',#12881);
#12881 = CARTESIAN_POINT('',(21.29377436214,-15.20260910964,3.));
#12882 = SURFACE_CURVE('',#12883,(#12888,#12895),.PCURVE_S1.);
#12883 = CIRCLE('',#12884,17.);
#12884 = AXIS2_PLACEMENT_3D('',#12885,#12886,#12887);
#12885 = CARTESIAN_POINT('',(6.999999997923,-6.,3.));
#12886 = DIRECTION('',(0.,0.,-1.));
#12887 = DIRECTION('',(1.,0.,0.));
#12888 = PCURVE('',#7070,#12889);
#12889 = DEFINITIONAL_REPRESENTATION('',(#12890),#12894);
#12890 = LINE('',#12891,#12892);
#12891 = CARTESIAN_POINT('',(-6.28318530718,-3.));
#12892 = VECTOR('',#12893,1.);
#12893 = DIRECTION('',(1.,-0.));
#12894 = ( GEOMETRIC_REPRESENTATION_CONTEXT(2) 
PARAMETRIC_REPRESENTATION_CONTEXT() REPRESENTATION_CONTEXT('2D SPACE',''
  ) );
#12895 = PCURVE('',#12896,#12901);
#12896 = PLANE('',#12897);
#12897 = AXIS2_PLACEMENT_3D('',#12898,#12899,#12900);
#12898 = CARTESIAN_POINT('',(18.,-15.,3.));
#12899 = DIRECTION('',(0.,0.,1.));
#12900 = DIRECTION('',(1.,0.,-0.));
#12901 = DEFINITIONAL_REPRESENTATION('',(#12902),#12910);
#12902 = ( BOUNDED_CURVE() B_SPLINE_CURVE(2,(#12903,#12904,#12905,#12906
    ,#12907,#12908,#12909),.UNSPECIFIED.,.T.,.F.) 
B_SPLINE_CURVE_WITH_KNOTS((1,2,2,2,2,1),(-2.094395102393,0.,
    2.094395102393,4.188790204786,6.28318530718,8.377580409573),
.UNSPECIFIED.) CURVE() GEOMETRIC_REPRESENTATION_ITEM() 
RATIONAL_B_SPLINE_CURVE((1.,0.5,1.,0.5,1.,0.5,1.)) REPRESENTATION_ITEM(
  '') );
#12903 = CARTESIAN_POINT('',(5.999999997923,9.));
#12904 = CARTESIAN_POINT('',(5.999999997923,-20.44486372867));
#12905 = CARTESIAN_POINT('',(-19.50000000207,-5.722431864335));
#12906 = CARTESIAN_POINT('',(-45.00000000207,9.));
#12907 = CARTESIAN_POINT('',(-19.50000000207,23.722431864335));
#12908 = CARTESIAN_POINT('',(5.999999997923,38.444863728671));
#12909 = CARTESIAN_POINT('',(5.999999997923,9.));
#12910 = ( GEOMETRIC_REPRESENTATION_CONTEXT(2) 
PARAMETRIC_REPRESENTATION_CONTEXT() REPRESENTATION_CONTEXT('2D SPACE',''
  ) );
#12911 = ORIENTED_EDGE('',*,*,#12912,.F.);
#12912 = EDGE_CURVE('',#12913,#12880,#12915,.T.);
#12913 = VERTEX_POINT('',#12914);
#12914 = CARTESIAN_POINT('',(21.29377436214,-15.20260910964,32.));
#12915 = SURFACE_CURVE('',#12916,(#12920,#12926),.PCURVE_S1.);
#12916 = LINE('',#12917,#12918);
#12917 = CARTESIAN_POINT('',(21.29377436214,-15.20260910964,0.));
#12918 = VECTOR('',#12919,1.);
#12919 = DIRECTION('',(0.,0.,-1.));
#12920 = PCURVE('',#7070,#12921);
#12921 = DEFINITIONAL_REPRESENTATION('',(#12922),#12925);
#12922 = B_SPLINE_CURVE_WITH_KNOTS('',1,(#12923,#12924),.UNSPECIFIED.,
  .F.,.F.,(2,2),(-32.0000024,-2.9999976),.PIECEWISE_BEZIER_KNOTS.);
#12923 = CARTESIAN_POINT('',(-5.711167256449,-32.0000024));
#12924 = CARTESIAN_POINT('',(-5.711167256449,-2.9999976));
#12925 = ( GEOMETRIC_REPRESENTATION_CONTEXT(2) 
PARAMETRIC_REPRESENTATION_CONTEXT() REPRESENTATION_CONTEXT('2D SPACE',''
  ) );
#12926 = PCURVE('',#12868,#12927);
#12927 = DEFINITIONAL_REPRESENTATION('',(#12928),#12931);
#12928 = B_SPLINE_CURVE_WITH_KNOTS('',1,(#12929,#12930),.UNSPECIFIED.,
  .F.,.F.,(2,2),(-32.0000024,-2.9999976),.PIECEWISE_BEZIER_KNOTS.);
#12929 = CARTESIAN_POINT('',(6.221749968673,29.0000024));
#12930 = CARTESIAN_POINT('',(6.221749968673,-2.400000000069E-06));
#12931 = ( GEOMETRIC_REPRESENTATION_CONTEXT(2) 
PARAMETRIC_REPRESENTATION_CONTEXT() REPRESENTATION_CONTEXT('2D SPACE',''
  ) );
#12932 = ORIENTED_EDGE('',*,*,#12933,.T.);
#12933 = EDGE_CURVE('',#12913,#12934,#12936,.T.);
#12934 = VERTEX_POINT('',#12935);
#12935 = CARTESIAN_POINT('',(23.999999998961,-6.,32.));
#12936 = SURFACE_CURVE('',#12937,(#12942,#12949),.PCURVE_S1.);
#12937 = CIRCLE('',#12938,17.);
#12938 = AXIS2_PLACEMENT_3D('',#12939,#12940,#12941);
#12939 = CARTESIAN_POINT('',(6.999999997923,-6.,32.));
#12940 = DIRECTION('',(0.,0.,1.));
#12941 = DIRECTION('',(1.,0.,0.));
#12942 = PCURVE('',#7070,#12943);
#12943 = DEFINITIONAL_REPRESENTATION('',(#12944),#12948);
#12944 = LINE('',#12945,#12946);
#12945 = CARTESIAN_POINT('',(-0.,-32.));
#12946 = VECTOR('',#12947,1.);
#12947 = DIRECTION('',(-1.,0.));
#12948 = ( GEOMETRIC_REPRESENTATION_CONTEXT(2) 
PARAMETRIC_REPRESENTATION_CONTEXT() REPRESENTATION_CONTEXT('2D SPACE',''
  ) );
#12949 = PCURVE('',#10748,#12950);
#12950 = DEFINITIONAL_REPRESENTATION('',(#12951),#12955);
#12951 = CIRCLE('',#12952,17.);
#12952 = AXIS2_PLACEMENT_2D('',#12953,#12954);
#12953 = CARTESIAN_POINT('',(6.999999998363,-5.999999998831));
#12954 = DIRECTION('',(1.,0.));
#12955 = ( GEOMETRIC_REPRESENTATION_CONTEXT(2) 
PARAMETRIC_REPRESENTATION_CONTEXT() REPRESENTATION_CONTEXT('2D SPACE',''
  ) );
#12956 = ORIENTED_EDGE('',*,*,#12957,.F.);
#12957 = EDGE_CURVE('',#12772,#12934,#12958,.T.);
#12958 = SURFACE_CURVE('',#12959,(#12963,#12970),.PCURVE_S1.);
#12959 = LINE('',#12960,#12961);
#12960 = CARTESIAN_POINT('',(23.999999998961,-6.,0.));
#12961 = VECTOR('',#12962,1.);
#12962 = DIRECTION('',(0.,0.,1.));
#12963 = PCURVE('',#7070,#12964);
#12964 = DEFINITIONAL_REPRESENTATION('',(#12965),#12969);
#12965 = LINE('',#12966,#12967);
#12966 = CARTESIAN_POINT('',(-6.28318530718,0.));
#12967 = VECTOR('',#12968,1.);
#12968 = DIRECTION('',(-0.,-1.));
#12969 = ( GEOMETRIC_REPRESENTATION_CONTEXT(2) 
PARAMETRIC_REPRESENTATION_CONTEXT() REPRESENTATION_CONTEXT('2D SPACE',''
  ) );
#12970 = PCURVE('',#7284,#12971);
#12971 = DEFINITIONAL_REPRESENTATION('',(#12972),#12976);
#12972 = LINE('',#12973,#12974);
#12973 = CARTESIAN_POINT('',(0.,0.));
#12974 = VECTOR('',#12975,1.);
#12975 = DIRECTION('',(0.,-1.));
#12976 = ( GEOMETRIC_REPRESENTATION_CONTEXT(2) 
PARAMETRIC_REPRESENTATION_CONTEXT() REPRESENTATION_CONTEXT('2D SPACE',''
  ) );
#12977 = ADVANCED_FACE('',(#12978),#7284,.F.);
#12978 = FACE_BOUND('',#12979,.F.);
#12979 = EDGE_LOOP('',(#12980,#13001,#13002,#13023,#13024,#13025));
#12980 = ORIENTED_EDGE('',*,*,#12981,.F.);
#12981 = EDGE_CURVE('',#12772,#12982,#12984,.T.);
#12982 = VERTEX_POINT('',#12983);
#12983 = CARTESIAN_POINT('',(24.,2.320450115788,12.));
#12984 = SURFACE_CURVE('',#12985,(#12989,#12995),.PCURVE_S1.);
#12985 = LINE('',#12986,#12987);
#12986 = CARTESIAN_POINT('',(24.,-5.000000001247,12.));
#12987 = VECTOR('',#12988,1.);
#12988 = DIRECTION('',(0.,1.,-0.));
#12989 = PCURVE('',#7284,#12990);
#12990 = DEFINITIONAL_REPRESENTATION('',(#12991),#12994);
#12991 = B_SPLINE_CURVE_WITH_KNOTS('',1,(#12992,#12993),.UNSPECIFIED.,
  .F.,.F.,(2,2),(-0.999999998753,9.406938828747),
  .PIECEWISE_BEZIER_KNOTS.);
#12992 = CARTESIAN_POINT('',(0.,-12.));
#12993 = CARTESIAN_POINT('',(10.406938827501,-12.));
#12994 = ( GEOMETRIC_REPRESENTATION_CONTEXT(2) 
PARAMETRIC_REPRESENTATION_CONTEXT() REPRESENTATION_CONTEXT('2D SPACE',''
  ) );
#12995 = PCURVE('',#12732,#12996);
#12996 = DEFINITIONAL_REPRESENTATION('',(#12997),#13000);
#12997 = B_SPLINE_CURVE_WITH_KNOTS('',1,(#12998,#12999),.UNSPECIFIED.,
  .F.,.F.,(2,2),(-0.999999998753,9.406938828747),
  .PIECEWISE_BEZIER_KNOTS.);
#12998 = CARTESIAN_POINT('',(1.284079051908,-2.52014702134));
#12999 = CARTESIAN_POINT('',(4.500000009027,7.37743996524));
#13000 = ( GEOMETRIC_REPRESENTATION_CONTEXT(2) 
PARAMETRIC_REPRESENTATION_CONTEXT() REPRESENTATION_CONTEXT('2D SPACE',''
  ) );
#13001 = ORIENTED_EDGE('',*,*,#12957,.T.);
#13002 = ORIENTED_EDGE('',*,*,#13003,.T.);
#13003 = EDGE_CURVE('',#12934,#11926,#13004,.T.);
#13004 = SURFACE_CURVE('',#13005,(#13009,#13016),.PCURVE_S1.);
#13005 = LINE('',#13006,#13007);
#13006 = CARTESIAN_POINT('',(24.,1.7763568394E-15,32.));
#13007 = VECTOR('',#13008,1.);
#13008 = DIRECTION('',(0.,1.,0.));
#13009 = PCURVE('',#7284,#13010);
#13010 = DEFINITIONAL_REPRESENTATION('',(#13011),#13015);
#13011 = LINE('',#13012,#13013);
#13012 = CARTESIAN_POINT('',(6.,-32.));
#13013 = VECTOR('',#13014,1.);
#13014 = DIRECTION('',(1.,0.));
#13015 = ( GEOMETRIC_REPRESENTATION_CONTEXT(2) 
PARAMETRIC_REPRESENTATION_CONTEXT() REPRESENTATION_CONTEXT('2D SPACE',''
  ) );
#13016 = PCURVE('',#10748,#13017);
#13017 = DEFINITIONAL_REPRESENTATION('',(#13018),#13022);
#13018 = LINE('',#13019,#13020);
#13019 = CARTESIAN_POINT('',(24.00000000044,1.168976027301E-09));
#13020 = VECTOR('',#13021,1.);
#13021 = DIRECTION('',(0.,1.));
#13022 = ( GEOMETRIC_REPRESENTATION_CONTEXT(2) 
PARAMETRIC_REPRESENTATION_CONTEXT() REPRESENTATION_CONTEXT('2D SPACE',''
  ) );
#13023 = ORIENTED_EDGE('',*,*,#11925,.F.);
#13024 = ORIENTED_EDGE('',*,*,#7268,.T.);
#13025 = ORIENTED_EDGE('',*,*,#13026,.F.);
#13026 = EDGE_CURVE('',#12982,#7269,#13027,.T.);
#13027 = SURFACE_CURVE('',#13028,(#13032,#13038),.PCURVE_S1.);
#13028 = LINE('',#13029,#13030);
#13029 = CARTESIAN_POINT('',(24.,2.320450115788,0.));
#13030 = VECTOR('',#13031,1.);
#13031 = DIRECTION('',(0.,0.,-1.));
#13032 = PCURVE('',#7284,#13033);
#13033 = DEFINITIONAL_REPRESENTATION('',(#13034),#13037);
#13034 = B_SPLINE_CURVE_WITH_KNOTS('',1,(#13035,#13036),.UNSPECIFIED.,
  .F.,.F.,(2,2),(-12.0000024,-0.9999976),.PIECEWISE_BEZIER_KNOTS.);
#13035 = CARTESIAN_POINT('',(8.320450115788,-12.0000024));
#13036 = CARTESIAN_POINT('',(8.320450115788,-0.9999976));
#13037 = ( GEOMETRIC_REPRESENTATION_CONTEXT(2) 
PARAMETRIC_REPRESENTATION_CONTEXT() REPRESENTATION_CONTEXT('2D SPACE',''
  ) );
#13038 = PCURVE('',#7385,#13039);
#13039 = DEFINITIONAL_REPRESENTATION('',(#13040),#13043);
#13040 = B_SPLINE_CURVE_WITH_KNOTS('',1,(#13041,#13042),.UNSPECIFIED.,
  .F.,.F.,(2,2),(-12.0000024,-0.9999976),.PIECEWISE_BEZIER_KNOTS.);
#13041 = CARTESIAN_POINT('',(2.593391804436,-12.0000024));
#13042 = CARTESIAN_POINT('',(2.593391804436,-0.9999976));
#13043 = ( GEOMETRIC_REPRESENTATION_CONTEXT(2) 
PARAMETRIC_REPRESENTATION_CONTEXT() REPRESENTATION_CONTEXT('2D SPACE',''
  ) );
#13044 = ADVANCED_FACE('',(#13045),#7385,.T.);
#13045 = FACE_BOUND('',#13046,.T.);
#13046 = EDGE_LOOP('',(#13047,#13048,#13049,#13050,#13078));
#13047 = ORIENTED_EDGE('',*,*,#7454,.F.);
#13048 = ORIENTED_EDGE('',*,*,#7363,.F.);
#13049 = ORIENTED_EDGE('',*,*,#13026,.F.);
#13050 = ORIENTED_EDGE('',*,*,#13051,.T.);
#13051 = EDGE_CURVE('',#12982,#13052,#13054,.T.);
#13052 = VERTEX_POINT('',#13053);
#13053 = CARTESIAN_POINT('',(25.321801630166,0.338851671758,12.));
#13054 = SURFACE_CURVE('',#13055,(#13060,#13067),.PCURVE_S1.);
#13055 = CIRCLE('',#13056,4.4);
#13056 = AXIS2_PLACEMENT_3D('',#13057,#13058,#13059);
#13057 = CARTESIAN_POINT('',(21.137152946955,-1.020823107232,12.));
#13058 = DIRECTION('',(-0.,0.,-1.));
#13059 = DIRECTION('',(-0.951056516295,-0.309016994375,0.));
#13060 = PCURVE('',#7385,#13061);
#13061 = DEFINITIONAL_REPRESENTATION('',(#13062),#13066);
#13062 = LINE('',#13063,#13064);
#13063 = CARTESIAN_POINT('',(0.,-12.));
#13064 = VECTOR('',#13065,1.);
#13065 = DIRECTION('',(1.,0.));
#13066 = ( GEOMETRIC_REPRESENTATION_CONTEXT(2) 
PARAMETRIC_REPRESENTATION_CONTEXT() REPRESENTATION_CONTEXT('2D SPACE',''
  ) );
#13067 = PCURVE('',#12732,#13068);
#13068 = DEFINITIONAL_REPRESENTATION('',(#13069),#13077);
#13069 = ( BOUNDED_CURVE() B_SPLINE_CURVE(2,(#13070,#13071,#13072,#13073
    ,#13074,#13075,#13076),.UNSPECIFIED.,.T.,.F.) 
B_SPLINE_CURVE_WITH_KNOTS((1,2,2,2,2,1),(-2.094395102393,0.,
    2.094395102393,4.188790204786,6.28318530718,8.377580409573),
.UNSPECIFIED.) CURVE() GEOMETRIC_REPRESENTATION_ITEM() 
RATIONAL_B_SPLINE_CURVE((1.,0.5,1.,0.5,1.,0.5,1.)) REPRESENTATION_ITEM(
  '') );
#13070 = CARTESIAN_POINT('',(-4.300000015182,3.1));
#13071 = CARTESIAN_POINT('',(-4.300000015182,10.721023553303));
#13072 = CARTESIAN_POINT('',(2.299999984818,6.910511776652));
#13073 = CARTESIAN_POINT('',(8.899999984818,3.1));
#13074 = CARTESIAN_POINT('',(2.299999984818,-0.710511776652));
#13075 = CARTESIAN_POINT('',(-4.300000015182,-4.521023553303));
#13076 = CARTESIAN_POINT('',(-4.300000015182,3.1));
#13077 = ( GEOMETRIC_REPRESENTATION_CONTEXT(2) 
PARAMETRIC_REPRESENTATION_CONTEXT() REPRESENTATION_CONTEXT('2D SPACE',''
  ) );
#13078 = ORIENTED_EDGE('',*,*,#13079,.F.);
#13079 = EDGE_CURVE('',#7455,#13052,#13080,.T.);
#13080 = SURFACE_CURVE('',#13081,(#13085,#13092),.PCURVE_S1.);
#13081 = LINE('',#13082,#13083);
#13082 = CARTESIAN_POINT('',(25.321801630166,0.338851671758,0.));
#13083 = VECTOR('',#13084,1.);
#13084 = DIRECTION('',(0.,0.,1.));
#13085 = PCURVE('',#7385,#13086);
#13086 = DEFINITIONAL_REPRESENTATION('',(#13087),#13091);
#13087 = LINE('',#13088,#13089);
#13088 = CARTESIAN_POINT('',(3.14159265359,0.));
#13089 = VECTOR('',#13090,1.);
#13090 = DIRECTION('',(0.,-1.));
#13091 = ( GEOMETRIC_REPRESENTATION_CONTEXT(2) 
PARAMETRIC_REPRESENTATION_CONTEXT() REPRESENTATION_CONTEXT('2D SPACE',''
  ) );
#13092 = PCURVE('',#7593,#13093);
#13093 = DEFINITIONAL_REPRESENTATION('',(#13094),#13098);
#13094 = LINE('',#13095,#13096);
#13095 = CARTESIAN_POINT('',(6.2,0.));
#13096 = VECTOR('',#13097,1.);
#13097 = DIRECTION('',(0.,-1.));
#13098 = ( GEOMETRIC_REPRESENTATION_CONTEXT(2) 
PARAMETRIC_REPRESENTATION_CONTEXT() REPRESENTATION_CONTEXT('2D SPACE',''
  ) );
#13099 = ADVANCED_FACE('',(#13100),#7540,.F.);
#13100 = FACE_BOUND('',#13101,.F.);
#13101 = EDGE_LOOP('',(#13102,#13103,#13126,#13147));
#13102 = ORIENTED_EDGE('',*,*,#12692,.T.);
#13103 = ORIENTED_EDGE('',*,*,#13104,.T.);
#13104 = EDGE_CURVE('',#12693,#13105,#13107,.T.);
#13105 = VERTEX_POINT('',#13106);
#13106 = CARTESIAN_POINT('',(24.41273308733,-11.10202217996,12.));
#13107 = SURFACE_CURVE('',#13108,(#13112,#13119),.PCURVE_S1.);
#13108 = LINE('',#13109,#13110);
#13109 = CARTESIAN_POINT('',(24.317627458724,-11.13292387191,12.));
#13110 = VECTOR('',#13111,1.);
#13111 = DIRECTION('',(0.951056516295,0.309016994375,0.));
#13112 = PCURVE('',#7540,#13113);
#13113 = DEFINITIONAL_REPRESENTATION('',(#13114),#13118);
#13114 = LINE('',#13115,#13116);
#13115 = CARTESIAN_POINT('',(0.100000001917,-12.));
#13116 = VECTOR('',#13117,1.);
#13117 = DIRECTION('',(1.,0.));
#13118 = ( GEOMETRIC_REPRESENTATION_CONTEXT(2) 
PARAMETRIC_REPRESENTATION_CONTEXT() REPRESENTATION_CONTEXT('2D SPACE',''
  ) );
#13119 = PCURVE('',#12732,#13120);
#13120 = DEFINITIONAL_REPRESENTATION('',(#13121),#13125);
#13121 = LINE('',#13122,#13123);
#13122 = CARTESIAN_POINT('',(9.026646197579E-09,-7.5));
#13123 = VECTOR('',#13124,1.);
#13124 = DIRECTION('',(1.,0.));
#13125 = ( GEOMETRIC_REPRESENTATION_CONTEXT(2) 
PARAMETRIC_REPRESENTATION_CONTEXT() REPRESENTATION_CONTEXT('2D SPACE',''
  ) );
#13126 = ORIENTED_EDGE('',*,*,#13127,.F.);
#13127 = EDGE_CURVE('',#7503,#13105,#13128,.T.);
#13128 = SURFACE_CURVE('',#13129,(#13133,#13140),.PCURVE_S1.);
#13129 = LINE('',#13130,#13131);
#13130 = CARTESIAN_POINT('',(24.41273308733,-11.10202217996,0.));
#13131 = VECTOR('',#13132,1.);
#13132 = DIRECTION('',(0.,0.,1.));
#13133 = PCURVE('',#7540,#13134);
#13134 = DEFINITIONAL_REPRESENTATION('',(#13135),#13139);
#13135 = LINE('',#13136,#13137);
#13136 = CARTESIAN_POINT('',(0.199999977709,0.));
#13137 = VECTOR('',#13138,1.);
#13138 = DIRECTION('',(0.,-1.));
#13139 = ( GEOMETRIC_REPRESENTATION_CONTEXT(2) 
PARAMETRIC_REPRESENTATION_CONTEXT() REPRESENTATION_CONTEXT('2D SPACE',''
  ) );
#13140 = PCURVE('',#7624,#13141);
#13141 = DEFINITIONAL_REPRESENTATION('',(#13142),#13146);
#13142 = LINE('',#13143,#13144);
#13143 = CARTESIAN_POINT('',(4.712388980385,0.));
#13144 = VECTOR('',#13145,1.);
#13145 = DIRECTION('',(0.,-1.));
#13146 = ( GEOMETRIC_REPRESENTATION_CONTEXT(2) 
PARAMETRIC_REPRESENTATION_CONTEXT() REPRESENTATION_CONTEXT('2D SPACE',''
  ) );
#13147 = ORIENTED_EDGE('',*,*,#7526,.T.);
#13148 = ADVANCED_FACE('',(#13149),#7593,.F.);
#13149 = FACE_BOUND('',#13150,.F.);
#13150 = EDGE_LOOP('',(#13151,#13174,#13195,#13196));
#13151 = ORIENTED_EDGE('',*,*,#13152,.T.);
#13152 = EDGE_CURVE('',#7558,#13153,#13155,.T.);
#13153 = VERTEX_POINT('',#13154);
#13154 = CARTESIAN_POINT('',(27.23770699529,-5.557698729272,12.));
#13155 = SURFACE_CURVE('',#13156,(#13160,#13167),.PCURVE_S1.);
#13156 = LINE('',#13157,#13158);
#13157 = CARTESIAN_POINT('',(27.23770699529,-5.557698729272,0.));
#13158 = VECTOR('',#13159,1.);
#13159 = DIRECTION('',(0.,0.,1.));
#13160 = PCURVE('',#7593,#13161);
#13161 = DEFINITIONAL_REPRESENTATION('',(#13162),#13166);
#13162 = LINE('',#13163,#13164);
#13163 = CARTESIAN_POINT('',(0.,0.));
#13164 = VECTOR('',#13165,1.);
#13165 = DIRECTION('',(0.,-1.));
#13166 = ( GEOMETRIC_REPRESENTATION_CONTEXT(2) 
PARAMETRIC_REPRESENTATION_CONTEXT() REPRESENTATION_CONTEXT('2D SPACE',''
  ) );
#13167 = PCURVE('',#7624,#13168);
#13168 = DEFINITIONAL_REPRESENTATION('',(#13169),#13173);
#13169 = LINE('',#13170,#13171);
#13170 = CARTESIAN_POINT('',(3.14159265359,0.));
#13171 = VECTOR('',#13172,1.);
#13172 = DIRECTION('',(0.,-1.));
#13173 = ( GEOMETRIC_REPRESENTATION_CONTEXT(2) 
PARAMETRIC_REPRESENTATION_CONTEXT() REPRESENTATION_CONTEXT('2D SPACE',''
  ) );
#13174 = ORIENTED_EDGE('',*,*,#13175,.T.);
#13175 = EDGE_CURVE('',#13153,#13052,#13176,.T.);
#13176 = SURFACE_CURVE('',#13177,(#13181,#13188),.PCURVE_S1.);
#13177 = LINE('',#13178,#13179);
#13178 = CARTESIAN_POINT('',(26.27975432424,-2.609423525016,12.));
#13179 = VECTOR('',#13180,1.);
#13180 = DIRECTION('',(-0.309016994375,0.951056516295,0.));
#13181 = PCURVE('',#7593,#13182);
#13182 = DEFINITIONAL_REPRESENTATION('',(#13183),#13187);
#13183 = LINE('',#13184,#13185);
#13184 = CARTESIAN_POINT('',(3.1,-12.));
#13185 = VECTOR('',#13186,1.);
#13186 = DIRECTION('',(1.,0.));
#13187 = ( GEOMETRIC_REPRESENTATION_CONTEXT(2) 
PARAMETRIC_REPRESENTATION_CONTEXT() REPRESENTATION_CONTEXT('2D SPACE',''
  ) );
#13188 = PCURVE('',#12732,#13189);
#13189 = DEFINITIONAL_REPRESENTATION('',(#13190),#13194);
#13190 = LINE('',#13191,#13192);
#13191 = CARTESIAN_POINT('',(4.500000009027,5.311636251621E-16));
#13192 = VECTOR('',#13193,1.);
#13193 = DIRECTION('',(0.,1.));
#13194 = ( GEOMETRIC_REPRESENTATION_CONTEXT(2) 
PARAMETRIC_REPRESENTATION_CONTEXT() REPRESENTATION_CONTEXT('2D SPACE',''
  ) );
#13195 = ORIENTED_EDGE('',*,*,#13079,.F.);
#13196 = ORIENTED_EDGE('',*,*,#7579,.T.);
#13197 = ADVANCED_FACE('',(#13198),#7624,.T.);
#13198 = FACE_BOUND('',#13199,.T.);
#13199 = EDGE_LOOP('',(#13200,#13201,#13227,#13228));
#13200 = ORIENTED_EDGE('',*,*,#13152,.T.);
#13201 = ORIENTED_EDGE('',*,*,#13202,.T.);
#13202 = EDGE_CURVE('',#13153,#13105,#13203,.T.);
#13203 = SURFACE_CURVE('',#13204,(#13209,#13216),.PCURVE_S1.);
#13204 = CIRCLE('',#13205,4.4);
#13205 = AXIS2_PLACEMENT_3D('',#13206,#13207,#13208);
#13206 = CARTESIAN_POINT('',(23.05305831208,-6.917373508262,12.));
#13207 = DIRECTION('',(-0.,0.,-1.));
#13208 = DIRECTION('',(-0.951056516295,-0.309016994375,0.));
#13209 = PCURVE('',#7624,#13210);
#13210 = DEFINITIONAL_REPRESENTATION('',(#13211),#13215);
#13211 = LINE('',#13212,#13213);
#13212 = CARTESIAN_POINT('',(0.,-12.));
#13213 = VECTOR('',#13214,1.);
#13214 = DIRECTION('',(1.,0.));
#13215 = ( GEOMETRIC_REPRESENTATION_CONTEXT(2) 
PARAMETRIC_REPRESENTATION_CONTEXT() REPRESENTATION_CONTEXT('2D SPACE',''
  ) );
#13216 = PCURVE('',#12732,#13217);
#13217 = DEFINITIONAL_REPRESENTATION('',(#13218),#13226);
#13218 = ( BOUNDED_CURVE() B_SPLINE_CURVE(2,(#13219,#13220,#13221,#13222
    ,#13223,#13224,#13225),.UNSPECIFIED.,.T.,.F.) 
B_SPLINE_CURVE_WITH_KNOTS((1,2,2,2,2,1),(-2.094395102393,0.,
    2.094395102393,4.188790204786,6.28318530718,8.377580409573),
.UNSPECIFIED.) CURVE() GEOMETRIC_REPRESENTATION_ITEM() 
RATIONAL_B_SPLINE_CURVE((1.,0.5,1.,0.5,1.,0.5,1.)) REPRESENTATION_ITEM(
  '') );
#13219 = CARTESIAN_POINT('',(-4.300000015182,-3.1));
#13220 = CARTESIAN_POINT('',(-4.300000015182,4.521023553303));
#13221 = CARTESIAN_POINT('',(2.299999984818,0.710511776652));
#13222 = CARTESIAN_POINT('',(8.899999984818,-3.1));
#13223 = CARTESIAN_POINT('',(2.299999984818,-6.910511776652));
#13224 = CARTESIAN_POINT('',(-4.300000015182,-10.7210235533));
#13225 = CARTESIAN_POINT('',(-4.300000015182,-3.1));
#13226 = ( GEOMETRIC_REPRESENTATION_CONTEXT(2) 
PARAMETRIC_REPRESENTATION_CONTEXT() REPRESENTATION_CONTEXT('2D SPACE',''
  ) );
#13227 = ORIENTED_EDGE('',*,*,#13127,.F.);
#13228 = ORIENTED_EDGE('',*,*,#7609,.F.);
#13229 = ADVANCED_FACE('',(#13230),#7681,.F.);
#13230 = FACE_BOUND('',#13231,.F.);
#13231 = EDGE_LOOP('',(#13232,#13233,#13234,#13235,#13236,#13237,#13238,
    #13239));
#13232 = ORIENTED_EDGE('',*,*,#7665,.F.);
#13233 = ORIENTED_EDGE('',*,*,#7769,.T.);
#13234 = ORIENTED_EDGE('',*,*,#7868,.T.);
#13235 = ORIENTED_EDGE('',*,*,#7967,.T.);
#13236 = ORIENTED_EDGE('',*,*,#8017,.T.);
#13237 = ORIENTED_EDGE('',*,*,#7939,.T.);
#13238 = ORIENTED_EDGE('',*,*,#7819,.F.);
#13239 = ORIENTED_EDGE('',*,*,#7741,.T.);
#13240 = ADVANCED_FACE('',(#13241),#8082,.F.);
#13241 = FACE_BOUND('',#13242,.F.);
#13242 = EDGE_LOOP('',(#13243,#13244,#13245,#13246,#13247,#13248,#13249,
    #13250));
#13243 = ORIENTED_EDGE('',*,*,#8066,.F.);
#13244 = ORIENTED_EDGE('',*,*,#8170,.T.);
#13245 = ORIENTED_EDGE('',*,*,#8269,.T.);
#13246 = ORIENTED_EDGE('',*,*,#8368,.T.);
#13247 = ORIENTED_EDGE('',*,*,#8418,.T.);
#13248 = ORIENTED_EDGE('',*,*,#8340,.T.);
#13249 = ORIENTED_EDGE('',*,*,#8220,.F.);
#13250 = ORIENTED_EDGE('',*,*,#8142,.T.);
#13251 = ADVANCED_FACE('',(#13252,#13626),#8482,.T.);
#13252 = FACE_BOUND('',#13253,.T.);
#13253 = EDGE_LOOP('',(#13254,#13284,#13317,#13350,#13383,#13411,#13444,
    #13473,#13506,#13534,#13567,#13595));
#13254 = ORIENTED_EDGE('',*,*,#13255,.F.);
#13255 = EDGE_CURVE('',#13256,#13258,#13260,.T.);
#13256 = VERTEX_POINT('',#13257);
#13257 = CARTESIAN_POINT('',(-22.,-6.,3.));
#13258 = VERTEX_POINT('',#13259);
#13259 = CARTESIAN_POINT('',(-22.,5.999999911237,3.));
#13260 = SURFACE_CURVE('',#13261,(#13265,#13272),.PCURVE_S1.);
#13261 = LINE('',#13262,#13263);
#13262 = CARTESIAN_POINT('',(-22.,0.,3.));
#13263 = VECTOR('',#13264,1.);
#13264 = DIRECTION('',(0.,1.,0.));
#13265 = PCURVE('',#8482,#13266);
#13266 = DEFINITIONAL_REPRESENTATION('',(#13267),#13271);
#13267 = LINE('',#13268,#13269);
#13268 = CARTESIAN_POINT('',(-22.00000001184,1.734391121648E-08));
#13269 = VECTOR('',#13270,1.);
#13270 = DIRECTION('',(0.,1.));
#13271 = ( GEOMETRIC_REPRESENTATION_CONTEXT(2) 
PARAMETRIC_REPRESENTATION_CONTEXT() REPRESENTATION_CONTEXT('2D SPACE',''
  ) );
#13272 = PCURVE('',#13273,#13278);
#13273 = PLANE('',#13274);
#13274 = AXIS2_PLACEMENT_3D('',#13275,#13276,#13277);
#13275 = CARTESIAN_POINT('',(-22.,-6.,3.));
#13276 = DIRECTION('',(-1.,0.,0.));
#13277 = DIRECTION('',(0.,1.,0.));
#13278 = DEFINITIONAL_REPRESENTATION('',(#13279),#13283);
#13279 = LINE('',#13280,#13281);
#13280 = CARTESIAN_POINT('',(6.,0.));
#13281 = VECTOR('',#13282,1.);
#13282 = DIRECTION('',(1.,0.));
#13283 = ( GEOMETRIC_REPRESENTATION_CONTEXT(2) 
PARAMETRIC_REPRESENTATION_CONTEXT() REPRESENTATION_CONTEXT('2D SPACE',''
  ) );
#13284 = ORIENTED_EDGE('',*,*,#13285,.F.);
#13285 = EDGE_CURVE('',#13286,#13256,#13288,.T.);
#13286 = VERTEX_POINT('',#13287);
#13287 = CARTESIAN_POINT('',(-20.40192520989,-12.73709141013,3.));
#13288 = SURFACE_CURVE('',#13289,(#13294,#13305),.PCURVE_S1.);
#13289 = CIRCLE('',#13290,15.);
#13290 = AXIS2_PLACEMENT_3D('',#13291,#13292,#13293);
#13291 = CARTESIAN_POINT('',(-7.,-6.,3.));
#13292 = DIRECTION('',(0.,0.,-1.));
#13293 = DIRECTION('',(-1.,0.,0.));
#13294 = PCURVE('',#8482,#13295);
#13295 = DEFINITIONAL_REPRESENTATION('',(#13296),#13304);
#13296 = ( BOUNDED_CURVE() B_SPLINE_CURVE(2,(#13297,#13298,#13299,#13300
    ,#13301,#13302,#13303),.UNSPECIFIED.,.T.,.F.) 
B_SPLINE_CURVE_WITH_KNOTS((1,2,2,2,2,1),(-2.094395102393,0.,
    2.094395102393,4.188790204786,6.28318530718,8.377580409573),
.UNSPECIFIED.) CURVE() GEOMETRIC_REPRESENTATION_ITEM() 
RATIONAL_B_SPLINE_CURVE((1.,0.5,1.,0.5,1.,0.5,1.)) REPRESENTATION_ITEM(
  '') );
#13297 = CARTESIAN_POINT('',(-22.00000001184,-5.999999982656));
#13298 = CARTESIAN_POINT('',(-22.00000001184,19.980762130877));
#13299 = CARTESIAN_POINT('',(0.499999988152,6.99038107411));
#13300 = CARTESIAN_POINT('',(22.999999988152,-5.999999982656));
#13301 = CARTESIAN_POINT('',(0.499999988152,-18.99038103942));
#13302 = CARTESIAN_POINT('',(-22.00000001184,-31.98076209618));
#13303 = CARTESIAN_POINT('',(-22.00000001184,-5.999999982656));
#13304 = ( GEOMETRIC_REPRESENTATION_CONTEXT(2) 
PARAMETRIC_REPRESENTATION_CONTEXT() REPRESENTATION_CONTEXT('2D SPACE',''
  ) );
#13305 = PCURVE('',#13306,#13311);
#13306 = CYLINDRICAL_SURFACE('',#13307,15.);
#13307 = AXIS2_PLACEMENT_3D('',#13308,#13309,#13310);
#13308 = CARTESIAN_POINT('',(-7.,-6.,3.));
#13309 = DIRECTION('',(0.,0.,-1.));
#13310 = DIRECTION('',(-1.,0.,0.));
#13311 = DEFINITIONAL_REPRESENTATION('',(#13312),#13316);
#13312 = LINE('',#13313,#13314);
#13313 = CARTESIAN_POINT('',(0.,0.));
#13314 = VECTOR('',#13315,1.);
#13315 = DIRECTION('',(1.,0.));
#13316 = ( GEOMETRIC_REPRESENTATION_CONTEXT(2) 
PARAMETRIC_REPRESENTATION_CONTEXT() REPRESENTATION_CONTEXT('2D SPACE',''
  ) );
#13317 = ORIENTED_EDGE('',*,*,#13318,.T.);
#13318 = EDGE_CURVE('',#13286,#13319,#13321,.T.);
#13319 = VERTEX_POINT('',#13320);
#13320 = CARTESIAN_POINT('',(-16.25753023565,-17.80246304531,3.));
#13321 = SURFACE_CURVE('',#13322,(#13327,#13338),.PCURVE_S1.);
#13322 = CIRCLE('',#13323,3.3);
#13323 = AXIS2_PLACEMENT_3D('',#13324,#13325,#13326);
#13324 = CARTESIAN_POINT('',(-18.,-15.,3.));
#13325 = DIRECTION('',(0.,0.,-1.));
#13326 = DIRECTION('',(-0.727856124209,0.685729875717,0.));
#13327 = PCURVE('',#8482,#13328);
#13328 = DEFINITIONAL_REPRESENTATION('',(#13329),#13337);
#13329 = ( BOUNDED_CURVE() B_SPLINE_CURVE(2,(#13330,#13331,#13332,#13333
    ,#13334,#13335,#13336),.UNSPECIFIED.,.T.,.F.) 
B_SPLINE_CURVE_WITH_KNOTS((1,2,2,2,2,1),(-2.094395102393,0.,
    2.094395102393,4.188790204786,6.28318530718,8.377580409573),
.UNSPECIFIED.) CURVE() GEOMETRIC_REPRESENTATION_ITEM() 
RATIONAL_B_SPLINE_CURVE((1.,0.5,1.,0.5,1.,0.5,1.)) REPRESENTATION_ITEM(
  '') );
#13330 = CARTESIAN_POINT('',(-20.40192522173,-12.73709139279));
#13331 = CARTESIAN_POINT('',(-16.4824525712,-8.576834893278));
#13332 = CARTESIAN_POINT('',(-14.83930108163,-14.05132602783));
#13333 = CARTESIAN_POINT('',(-13.19614959206,-19.52581716238));
#13334 = CARTESIAN_POINT('',(-18.75877373216,-18.21158252734));
#13335 = CARTESIAN_POINT('',(-24.32139787227,-16.8973478923));
#13336 = CARTESIAN_POINT('',(-20.40192522173,-12.73709139279));
#13337 = ( GEOMETRIC_REPRESENTATION_CONTEXT(2) 
PARAMETRIC_REPRESENTATION_CONTEXT() REPRESENTATION_CONTEXT('2D SPACE',''
  ) );
#13338 = PCURVE('',#13339,#13344);
#13339 = CYLINDRICAL_SURFACE('',#13340,3.3);
#13340 = AXIS2_PLACEMENT_3D('',#13341,#13342,#13343);
#13341 = CARTESIAN_POINT('',(-18.,-15.,3.));
#13342 = DIRECTION('',(0.,0.,1.));
#13343 = DIRECTION('',(1.,0.,-0.));
#13344 = DEFINITIONAL_REPRESENTATION('',(#13345),#13349);
#13345 = LINE('',#13346,#13347);
#13346 = CARTESIAN_POINT('',(8.669171960271,0.));
#13347 = VECTOR('',#13348,1.);
#13348 = DIRECTION('',(-1.,-0.));
#13349 = ( GEOMETRIC_REPRESENTATION_CONTEXT(2) 
PARAMETRIC_REPRESENTATION_CONTEXT() REPRESENTATION_CONTEXT('2D SPACE',''
  ) );
#13350 = ORIENTED_EDGE('',*,*,#13351,.F.);
#13351 = EDGE_CURVE('',#13352,#13319,#13354,.T.);
#13352 = VERTEX_POINT('',#13353);
#13353 = CARTESIAN_POINT('',(-7.,-21.,3.));
#13354 = SURFACE_CURVE('',#13355,(#13360,#13371),.PCURVE_S1.);
#13355 = CIRCLE('',#13356,15.);
#13356 = AXIS2_PLACEMENT_3D('',#13357,#13358,#13359);
#13357 = CARTESIAN_POINT('',(-7.,-6.,3.));
#13358 = DIRECTION('',(0.,0.,-1.));
#13359 = DIRECTION('',(-1.,0.,0.));
#13360 = PCURVE('',#8482,#13361);
#13361 = DEFINITIONAL_REPRESENTATION('',(#13362),#13370);
#13362 = ( BOUNDED_CURVE() B_SPLINE_CURVE(2,(#13363,#13364,#13365,#13366
    ,#13367,#13368,#13369),.UNSPECIFIED.,.T.,.F.) 
B_SPLINE_CURVE_WITH_KNOTS((1,2,2,2,2,1),(-2.094395102393,0.,
    2.094395102393,4.188790204786,6.28318530718,8.377580409573),
.UNSPECIFIED.) CURVE() GEOMETRIC_REPRESENTATION_ITEM() 
RATIONAL_B_SPLINE_CURVE((1.,0.5,1.,0.5,1.,0.5,1.)) REPRESENTATION_ITEM(
  '') );
#13363 = CARTESIAN_POINT('',(-22.00000001184,-5.999999982656));
#13364 = CARTESIAN_POINT('',(-22.00000001184,19.980762130877));
#13365 = CARTESIAN_POINT('',(0.499999988152,6.99038107411));
#13366 = CARTESIAN_POINT('',(22.999999988152,-5.999999982656));
#13367 = CARTESIAN_POINT('',(0.499999988152,-18.99038103942));
#13368 = CARTESIAN_POINT('',(-22.00000001184,-31.98076209618));
#13369 = CARTESIAN_POINT('',(-22.00000001184,-5.999999982656));
#13370 = ( GEOMETRIC_REPRESENTATION_CONTEXT(2) 
PARAMETRIC_REPRESENTATION_CONTEXT() REPRESENTATION_CONTEXT('2D SPACE',''
  ) );
#13371 = PCURVE('',#13372,#13377);
#13372 = CYLINDRICAL_SURFACE('',#13373,15.);
#13373 = AXIS2_PLACEMENT_3D('',#13374,#13375,#13376);
#13374 = CARTESIAN_POINT('',(-7.,-6.,3.));
#13375 = DIRECTION('',(0.,0.,-1.));
#13376 = DIRECTION('',(-1.,0.,0.));
#13377 = DEFINITIONAL_REPRESENTATION('',(#13378),#13382);
#13378 = LINE('',#13379,#13380);
#13379 = CARTESIAN_POINT('',(0.,0.));
#13380 = VECTOR('',#13381,1.);
#13381 = DIRECTION('',(1.,0.));
#13382 = ( GEOMETRIC_REPRESENTATION_CONTEXT(2) 
PARAMETRIC_REPRESENTATION_CONTEXT() REPRESENTATION_CONTEXT('2D SPACE',''
  ) );
#13383 = ORIENTED_EDGE('',*,*,#13384,.T.);
#13384 = EDGE_CURVE('',#13352,#13385,#13387,.T.);
#13385 = VERTEX_POINT('',#13386);
#13386 = CARTESIAN_POINT('',(6.999999993606,-21.,3.));
#13387 = SURFACE_CURVE('',#13388,(#13392,#13399),.PCURVE_S1.);
#13388 = LINE('',#13389,#13390);
#13389 = CARTESIAN_POINT('',(0.,-21.,3.));
#13390 = VECTOR('',#13391,1.);
#13391 = DIRECTION('',(1.,0.,0.));
#13392 = PCURVE('',#8482,#13393);
#13393 = DEFINITIONAL_REPRESENTATION('',(#13394),#13398);
#13394 = LINE('',#13395,#13396);
#13395 = CARTESIAN_POINT('',(-1.184822053043E-08,-20.99999998265));
#13396 = VECTOR('',#13397,1.);
#13397 = DIRECTION('',(1.,0.));
#13398 = ( GEOMETRIC_REPRESENTATION_CONTEXT(2) 
PARAMETRIC_REPRESENTATION_CONTEXT() REPRESENTATION_CONTEXT('2D SPACE',''
  ) );
#13399 = PCURVE('',#13400,#13405);
#13400 = PLANE('',#13401);
#13401 = AXIS2_PLACEMENT_3D('',#13402,#13403,#13404);
#13402 = CARTESIAN_POINT('',(-7.,-21.,3.));
#13403 = DIRECTION('',(0.,1.,0.));
#13404 = DIRECTION('',(1.,0.,0.));
#13405 = DEFINITIONAL_REPRESENTATION('',(#13406),#13410);
#13406 = LINE('',#13407,#13408);
#13407 = CARTESIAN_POINT('',(7.,0.));
#13408 = VECTOR('',#13409,1.);
#13409 = DIRECTION('',(1.,0.));
#13410 = ( GEOMETRIC_REPRESENTATION_CONTEXT(2) 
PARAMETRIC_REPRESENTATION_CONTEXT() REPRESENTATION_CONTEXT('2D SPACE',''
  ) );
#13411 = ORIENTED_EDGE('',*,*,#13412,.F.);
#13412 = EDGE_CURVE('',#13413,#13385,#13415,.T.);
#13413 = VERTEX_POINT('',#13414);
#13414 = CARTESIAN_POINT('',(16.257530232087,-17.80246304309,3.));
#13415 = SURFACE_CURVE('',#13416,(#13421,#13432),.PCURVE_S1.);
#13416 = CIRCLE('',#13417,15.);
#13417 = AXIS2_PLACEMENT_3D('',#13418,#13419,#13420);
#13418 = CARTESIAN_POINT('',(6.999999993606,-6.,3.));
#13419 = DIRECTION('',(0.,0.,-1.));
#13420 = DIRECTION('',(-1.,0.,0.));
#13421 = PCURVE('',#8482,#13422);
#13422 = DEFINITIONAL_REPRESENTATION('',(#13423),#13431);
#13423 = ( BOUNDED_CURVE() B_SPLINE_CURVE(2,(#13424,#13425,#13426,#13427
    ,#13428,#13429,#13430),.UNSPECIFIED.,.T.,.F.) 
B_SPLINE_CURVE_WITH_KNOTS((1,2,2,2,2,1),(-2.094395102393,0.,
    2.094395102393,4.188790204786,6.28318530718,8.377580409573),
.UNSPECIFIED.) CURVE() GEOMETRIC_REPRESENTATION_ITEM() 
RATIONAL_B_SPLINE_CURVE((1.,0.5,1.,0.5,1.,0.5,1.)) REPRESENTATION_ITEM(
  '') );
#13424 = CARTESIAN_POINT('',(-8.000000018242,-5.999999982656));
#13425 = CARTESIAN_POINT('',(-8.000000018242,19.980762130877));
#13426 = CARTESIAN_POINT('',(14.499999981758,6.99038107411));
#13427 = CARTESIAN_POINT('',(36.999999981758,-5.999999982656));
#13428 = CARTESIAN_POINT('',(14.499999981758,-18.99038103942));
#13429 = CARTESIAN_POINT('',(-8.000000018242,-31.98076209618));
#13430 = CARTESIAN_POINT('',(-8.000000018242,-5.999999982656));
#13431 = ( GEOMETRIC_REPRESENTATION_CONTEXT(2) 
PARAMETRIC_REPRESENTATION_CONTEXT() REPRESENTATION_CONTEXT('2D SPACE',''
  ) );
#13432 = PCURVE('',#13433,#13438);
#13433 = CYLINDRICAL_SURFACE('',#13434,15.);
#13434 = AXIS2_PLACEMENT_3D('',#13435,#13436,#13437);
#13435 = CARTESIAN_POINT('',(6.999999993606,-6.,3.));
#13436 = DIRECTION('',(0.,0.,-1.));
#13437 = DIRECTION('',(-1.,0.,0.));
#13438 = DEFINITIONAL_REPRESENTATION('',(#13439),#13443);
#13439 = LINE('',#13440,#13441);
#13440 = CARTESIAN_POINT('',(0.,0.));
#13441 = VECTOR('',#13442,1.);
#13442 = DIRECTION('',(1.,0.));
#13443 = ( GEOMETRIC_REPRESENTATION_CONTEXT(2) 
PARAMETRIC_REPRESENTATION_CONTEXT() REPRESENTATION_CONTEXT('2D SPACE',''
  ) );
#13444 = ORIENTED_EDGE('',*,*,#13445,.F.);
#13445 = EDGE_CURVE('',#13446,#13413,#13448,.T.);
#13446 = VERTEX_POINT('',#13447);
#13447 = CARTESIAN_POINT('',(20.401925205722,-12.7370914057,3.));
#13448 = SURFACE_CURVE('',#13449,(#13454,#13461),.PCURVE_S1.);
#13449 = CIRCLE('',#13450,3.3);
#13450 = AXIS2_PLACEMENT_3D('',#13451,#13452,#13453);
#13451 = CARTESIAN_POINT('',(18.,-15.,3.));
#13452 = DIRECTION('',(0.,0.,1.));
#13453 = DIRECTION('',(1.,0.,-0.));
#13454 = PCURVE('',#8482,#13455);
#13455 = DEFINITIONAL_REPRESENTATION('',(#13456),#13460);
#13456 = CIRCLE('',#13457,3.3);
#13457 = AXIS2_PLACEMENT_2D('',#13458,#13459);
#13458 = CARTESIAN_POINT('',(17.999999988152,-14.99999998265));
#13459 = DIRECTION('',(1.,0.));
#13460 = ( GEOMETRIC_REPRESENTATION_CONTEXT(2) 
PARAMETRIC_REPRESENTATION_CONTEXT() REPRESENTATION_CONTEXT('2D SPACE',''
  ) );
#13461 = PCURVE('',#13462,#13467);
#13462 = CYLINDRICAL_SURFACE('',#13463,3.3);
#13463 = AXIS2_PLACEMENT_3D('',#13464,#13465,#13466);
#13464 = CARTESIAN_POINT('',(18.,-15.,3.));
#13465 = DIRECTION('',(0.,0.,1.));
#13466 = DIRECTION('',(1.,0.,-0.));
#13467 = DEFINITIONAL_REPRESENTATION('',(#13468),#13472);
#13468 = LINE('',#13469,#13470);
#13469 = CARTESIAN_POINT('',(0.,0.));
#13470 = VECTOR('',#13471,1.);
#13471 = DIRECTION('',(1.,0.));
#13472 = ( GEOMETRIC_REPRESENTATION_CONTEXT(2) 
PARAMETRIC_REPRESENTATION_CONTEXT() REPRESENTATION_CONTEXT('2D SPACE',''
  ) );
#13473 = ORIENTED_EDGE('',*,*,#13474,.F.);
#13474 = EDGE_CURVE('',#13475,#13446,#13477,.T.);
#13475 = VERTEX_POINT('',#13476);
#13476 = CARTESIAN_POINT('',(21.999999996803,-6.,3.));
#13477 = SURFACE_CURVE('',#13478,(#13483,#13494),.PCURVE_S1.);
#13478 = CIRCLE('',#13479,15.);
#13479 = AXIS2_PLACEMENT_3D('',#13480,#13481,#13482);
#13480 = CARTESIAN_POINT('',(6.999999993606,-6.,3.));
#13481 = DIRECTION('',(0.,0.,-1.));
#13482 = DIRECTION('',(-1.,0.,0.));
#13483 = PCURVE('',#8482,#13484);
#13484 = DEFINITIONAL_REPRESENTATION('',(#13485),#13493);
#13485 = ( BOUNDED_CURVE() B_SPLINE_CURVE(2,(#13486,#13487,#13488,#13489
    ,#13490,#13491,#13492),.UNSPECIFIED.,.T.,.F.) 
B_SPLINE_CURVE_WITH_KNOTS((1,2,2,2,2,1),(-2.094395102393,0.,
    2.094395102393,4.188790204786,6.28318530718,8.377580409573),
.UNSPECIFIED.) CURVE() GEOMETRIC_REPRESENTATION_ITEM() 
RATIONAL_B_SPLINE_CURVE((1.,0.5,1.,0.5,1.,0.5,1.)) REPRESENTATION_ITEM(
  '') );
#13486 = CARTESIAN_POINT('',(-8.000000018242,-5.999999982656));
#13487 = CARTESIAN_POINT('',(-8.000000018242,19.980762130877));
#13488 = CARTESIAN_POINT('',(14.499999981758,6.99038107411));
#13489 = CARTESIAN_POINT('',(36.999999981758,-5.999999982656));
#13490 = CARTESIAN_POINT('',(14.499999981758,-18.99038103942));
#13491 = CARTESIAN_POINT('',(-8.000000018242,-31.98076209618));
#13492 = CARTESIAN_POINT('',(-8.000000018242,-5.999999982656));
#13493 = ( GEOMETRIC_REPRESENTATION_CONTEXT(2) 
PARAMETRIC_REPRESENTATION_CONTEXT() REPRESENTATION_CONTEXT('2D SPACE',''
  ) );
#13494 = PCURVE('',#13495,#13500);
#13495 = CYLINDRICAL_SURFACE('',#13496,15.);
#13496 = AXIS2_PLACEMENT_3D('',#13497,#13498,#13499);
#13497 = CARTESIAN_POINT('',(6.999999993606,-6.,3.));
#13498 = DIRECTION('',(0.,0.,-1.));
#13499 = DIRECTION('',(-1.,0.,0.));
#13500 = DEFINITIONAL_REPRESENTATION('',(#13501),#13505);
#13501 = LINE('',#13502,#13503);
#13502 = CARTESIAN_POINT('',(0.,0.));
#13503 = VECTOR('',#13504,1.);
#13504 = DIRECTION('',(1.,0.));
#13505 = ( GEOMETRIC_REPRESENTATION_CONTEXT(2) 
PARAMETRIC_REPRESENTATION_CONTEXT() REPRESENTATION_CONTEXT('2D SPACE',''
  ) );
#13506 = ORIENTED_EDGE('',*,*,#13507,.T.);
#13507 = EDGE_CURVE('',#13475,#13508,#13510,.T.);
#13508 = VERTEX_POINT('',#13509);
#13509 = CARTESIAN_POINT('',(22.,5.999999998226,3.));
#13510 = SURFACE_CURVE('',#13511,(#13515,#13522),.PCURVE_S1.);
#13511 = LINE('',#13512,#13513);
#13512 = CARTESIAN_POINT('',(22.,0.,3.));
#13513 = VECTOR('',#13514,1.);
#13514 = DIRECTION('',(0.,1.,0.));
#13515 = PCURVE('',#8482,#13516);
#13516 = DEFINITIONAL_REPRESENTATION('',(#13517),#13521);
#13517 = LINE('',#13518,#13519);
#13518 = CARTESIAN_POINT('',(21.999999988152,1.734391121648E-08));
#13519 = VECTOR('',#13520,1.);
#13520 = DIRECTION('',(0.,1.));
#13521 = ( GEOMETRIC_REPRESENTATION_CONTEXT(2) 
PARAMETRIC_REPRESENTATION_CONTEXT() REPRESENTATION_CONTEXT('2D SPACE',''
  ) );
#13522 = PCURVE('',#13523,#13528);
#13523 = PLANE('',#13524);
#13524 = AXIS2_PLACEMENT_3D('',#13525,#13526,#13527);
#13525 = CARTESIAN_POINT('',(22.,-6.,3.));
#13526 = DIRECTION('',(-1.,0.,0.));
#13527 = DIRECTION('',(0.,1.,0.));
#13528 = DEFINITIONAL_REPRESENTATION('',(#13529),#13533);
#13529 = LINE('',#13530,#13531);
#13530 = CARTESIAN_POINT('',(6.,0.));
#13531 = VECTOR('',#13532,1.);
#13532 = DIRECTION('',(1.,0.));
#13533 = ( GEOMETRIC_REPRESENTATION_CONTEXT(2) 
PARAMETRIC_REPRESENTATION_CONTEXT() REPRESENTATION_CONTEXT('2D SPACE',''
  ) );
#13534 = ORIENTED_EDGE('',*,*,#13535,.F.);
#13535 = EDGE_CURVE('',#13536,#13508,#13538,.T.);
#13536 = VERTEX_POINT('',#13537);
#13537 = CARTESIAN_POINT('',(7.,20.999999999113,3.));
#13538 = SURFACE_CURVE('',#13539,(#13544,#13555),.PCURVE_S1.);
#13539 = CIRCLE('',#13540,15.);
#13540 = AXIS2_PLACEMENT_3D('',#13541,#13542,#13543);
#13541 = CARTESIAN_POINT('',(7.,5.999999998226,3.));
#13542 = DIRECTION('',(0.,0.,-1.));
#13543 = DIRECTION('',(-1.,0.,0.));
#13544 = PCURVE('',#8482,#13545);
#13545 = DEFINITIONAL_REPRESENTATION('',(#13546),#13554);
#13546 = ( BOUNDED_CURVE() B_SPLINE_CURVE(2,(#13547,#13548,#13549,#13550
    ,#13551,#13552,#13553),.UNSPECIFIED.,.T.,.F.) 
B_SPLINE_CURVE_WITH_KNOTS((1,2,2,2,2,1),(-2.094395102393,0.,
    2.094395102393,4.188790204786,6.28318530718,8.377580409573),
.UNSPECIFIED.) CURVE() GEOMETRIC_REPRESENTATION_ITEM() 
RATIONAL_B_SPLINE_CURVE((1.,0.5,1.,0.5,1.,0.5,1.)) REPRESENTATION_ITEM(
  '') );
#13547 = CARTESIAN_POINT('',(-8.000000011848,6.00000001557));
#13548 = CARTESIAN_POINT('',(-8.000000011848,31.980762129103));
#13549 = CARTESIAN_POINT('',(14.499999988152,18.990381072336));
#13550 = CARTESIAN_POINT('',(36.999999988152,6.00000001557));
#13551 = CARTESIAN_POINT('',(14.499999988152,-6.990381041197));
#13552 = CARTESIAN_POINT('',(-8.000000011848,-19.98076209796));
#13553 = CARTESIAN_POINT('',(-8.000000011848,6.00000001557));
#13554 = ( GEOMETRIC_REPRESENTATION_CONTEXT(2) 
PARAMETRIC_REPRESENTATION_CONTEXT() REPRESENTATION_CONTEXT('2D SPACE',''
  ) );
#13555 = PCURVE('',#13556,#13561);
#13556 = CYLINDRICAL_SURFACE('',#13557,15.);
#13557 = AXIS2_PLACEMENT_3D('',#13558,#13559,#13560);
#13558 = CARTESIAN_POINT('',(7.,5.999999998226,3.));
#13559 = DIRECTION('',(0.,0.,-1.));
#13560 = DIRECTION('',(-1.,0.,0.));
#13561 = DEFINITIONAL_REPRESENTATION('',(#13562),#13566);
#13562 = LINE('',#13563,#13564);
#13563 = CARTESIAN_POINT('',(0.,0.));
#13564 = VECTOR('',#13565,1.);
#13565 = DIRECTION('',(1.,0.));
#13566 = ( GEOMETRIC_REPRESENTATION_CONTEXT(2) 
PARAMETRIC_REPRESENTATION_CONTEXT() REPRESENTATION_CONTEXT('2D SPACE',''
  ) );
#13567 = ORIENTED_EDGE('',*,*,#13568,.F.);
#13568 = EDGE_CURVE('',#13569,#13536,#13571,.T.);
#13569 = VERTEX_POINT('',#13570);
#13570 = CARTESIAN_POINT('',(-7.,20.999999955619,3.));
#13571 = SURFACE_CURVE('',#13572,(#13576,#13583),.PCURVE_S1.);
#13572 = LINE('',#13573,#13574);
#13573 = CARTESIAN_POINT('',(0.,21.,3.));
#13574 = VECTOR('',#13575,1.);
#13575 = DIRECTION('',(1.,0.,0.));
#13576 = PCURVE('',#8482,#13577);
#13577 = DEFINITIONAL_REPRESENTATION('',(#13578),#13582);
#13578 = LINE('',#13579,#13580);
#13579 = CARTESIAN_POINT('',(-1.184822053043E-08,21.000000017344));
#13580 = VECTOR('',#13581,1.);
#13581 = DIRECTION('',(1.,0.));
#13582 = ( GEOMETRIC_REPRESENTATION_CONTEXT(2) 
PARAMETRIC_REPRESENTATION_CONTEXT() REPRESENTATION_CONTEXT('2D SPACE',''
  ) );
#13583 = PCURVE('',#13584,#13589);
#13584 = PLANE('',#13585);
#13585 = AXIS2_PLACEMENT_3D('',#13586,#13587,#13588);
#13586 = CARTESIAN_POINT('',(-7.,21.,3.));
#13587 = DIRECTION('',(0.,1.,0.));
#13588 = DIRECTION('',(1.,0.,0.));
#13589 = DEFINITIONAL_REPRESENTATION('',(#13590),#13594);
#13590 = LINE('',#13591,#13592);
#13591 = CARTESIAN_POINT('',(7.,0.));
#13592 = VECTOR('',#13593,1.);
#13593 = DIRECTION('',(1.,0.));
#13594 = ( GEOMETRIC_REPRESENTATION_CONTEXT(2) 
PARAMETRIC_REPRESENTATION_CONTEXT() REPRESENTATION_CONTEXT('2D SPACE',''
  ) );
#13595 = ORIENTED_EDGE('',*,*,#13596,.F.);
#13596 = EDGE_CURVE('',#13258,#13569,#13597,.T.);
#13597 = SURFACE_CURVE('',#13598,(#13603,#13614),.PCURVE_S1.);
#13598 = CIRCLE('',#13599,15.);
#13599 = AXIS2_PLACEMENT_3D('',#13600,#13601,#13602);
#13600 = CARTESIAN_POINT('',(-7.,5.999999911237,3.));
#13601 = DIRECTION('',(0.,0.,-1.));
#13602 = DIRECTION('',(-1.,0.,0.));
#13603 = PCURVE('',#8482,#13604);
#13604 = DEFINITIONAL_REPRESENTATION('',(#13605),#13613);
#13605 = ( BOUNDED_CURVE() B_SPLINE_CURVE(2,(#13606,#13607,#13608,#13609
    ,#13610,#13611,#13612),.UNSPECIFIED.,.T.,.F.) 
B_SPLINE_CURVE_WITH_KNOTS((1,2,2,2,2,1),(-2.094395102393,0.,
    2.094395102393,4.188790204786,6.28318530718,8.377580409573),
.UNSPECIFIED.) CURVE() GEOMETRIC_REPRESENTATION_ITEM() 
RATIONAL_B_SPLINE_CURVE((1.,0.5,1.,0.5,1.,0.5,1.)) REPRESENTATION_ITEM(
  '') );
#13606 = CARTESIAN_POINT('',(-22.00000001184,5.999999928581));
#13607 = CARTESIAN_POINT('',(-22.00000001184,31.980762042114));
#13608 = CARTESIAN_POINT('',(0.499999988152,18.990380985348));
#13609 = CARTESIAN_POINT('',(22.999999988152,5.999999928581));
#13610 = CARTESIAN_POINT('',(0.499999988152,-6.990381128186));
#13611 = CARTESIAN_POINT('',(-22.00000001184,-19.98076218495));
#13612 = CARTESIAN_POINT('',(-22.00000001184,5.999999928581));
#13613 = ( GEOMETRIC_REPRESENTATION_CONTEXT(2) 
PARAMETRIC_REPRESENTATION_CONTEXT() REPRESENTATION_CONTEXT('2D SPACE',''
  ) );
#13614 = PCURVE('',#13615,#13620);
#13615 = CYLINDRICAL_SURFACE('',#13616,15.);
#13616 = AXIS2_PLACEMENT_3D('',#13617,#13618,#13619);
#13617 = CARTESIAN_POINT('',(-7.,5.999999911237,3.));
#13618 = DIRECTION('',(0.,0.,-1.));
#13619 = DIRECTION('',(-1.,0.,0.));
#13620 = DEFINITIONAL_REPRESENTATION('',(#13621),#13625);
#13621 = LINE('',#13622,#13623);
#13622 = CARTESIAN_POINT('',(0.,0.));
#13623 = VECTOR('',#13624,1.);
#13624 = DIRECTION('',(1.,0.));
#13625 = ( GEOMETRIC_REPRESENTATION_CONTEXT(2) 
PARAMETRIC_REPRESENTATION_CONTEXT() REPRESENTATION_CONTEXT('2D SPACE',''
  ) );
#13626 = FACE_BOUND('',#13627,.T.);
#13627 = EDGE_LOOP('',(#13628,#13629,#13630,#13631,#13632,#13633,#13634,
    #13635));
#13628 = ORIENTED_EDGE('',*,*,#8467,.F.);
#13629 = ORIENTED_EDGE('',*,*,#8519,.T.);
#13630 = ORIENTED_EDGE('',*,*,#8627,.F.);
#13631 = ORIENTED_EDGE('',*,*,#8721,.T.);
#13632 = ORIENTED_EDGE('',*,*,#8829,.T.);
#13633 = ORIENTED_EDGE('',*,*,#8797,.T.);
#13634 = ORIENTED_EDGE('',*,*,#8674,.T.);
#13635 = ORIENTED_EDGE('',*,*,#8595,.T.);
#13636 = ADVANCED_FACE('',(#13637),#8892,.F.);
#13637 = FACE_BOUND('',#13638,.F.);
#13638 = EDGE_LOOP('',(#13639,#13640,#13641,#13642,#13643,#13644,#13645,
    #13646));
#13639 = ORIENTED_EDGE('',*,*,#8876,.F.);
#13640 = ORIENTED_EDGE('',*,*,#8980,.T.);
#13641 = ORIENTED_EDGE('',*,*,#9079,.T.);
#13642 = ORIENTED_EDGE('',*,*,#9178,.T.);
#13643 = ORIENTED_EDGE('',*,*,#9228,.T.);
#13644 = ORIENTED_EDGE('',*,*,#9150,.T.);
#13645 = ORIENTED_EDGE('',*,*,#9030,.F.);
#13646 = ORIENTED_EDGE('',*,*,#8952,.T.);
#13647 = ADVANCED_FACE('',(#13648),#9293,.F.);
#13648 = FACE_BOUND('',#13649,.F.);
#13649 = EDGE_LOOP('',(#13650,#13651,#13652,#13653,#13654,#13655,#13656,
    #13657));
#13650 = ORIENTED_EDGE('',*,*,#9277,.F.);
#13651 = ORIENTED_EDGE('',*,*,#9331,.T.);
#13652 = ORIENTED_EDGE('',*,*,#9381,.T.);
#13653 = ORIENTED_EDGE('',*,*,#9430,.T.);
#13654 = ORIENTED_EDGE('',*,*,#9480,.T.);
#13655 = ORIENTED_EDGE('',*,*,#9529,.T.);
#13656 = ORIENTED_EDGE('',*,*,#9601,.F.);
#13657 = ORIENTED_EDGE('',*,*,#9628,.T.);
#13658 = ADVANCED_FACE('',(#13659),#9694,.F.);
#13659 = FACE_BOUND('',#13660,.F.);
#13660 = EDGE_LOOP('',(#13661,#13662,#13663,#13664,#13665,#13666,#13667,
    #13668));
#13661 = ORIENTED_EDGE('',*,*,#9678,.F.);
#13662 = ORIENTED_EDGE('',*,*,#9782,.T.);
#13663 = ORIENTED_EDGE('',*,*,#9881,.T.);
#13664 = ORIENTED_EDGE('',*,*,#9980,.T.);
#13665 = ORIENTED_EDGE('',*,*,#10030,.T.);
#13666 = ORIENTED_EDGE('',*,*,#9952,.T.);
#13667 = ORIENTED_EDGE('',*,*,#9832,.F.);
#13668 = ORIENTED_EDGE('',*,*,#9754,.T.);
#13669 = ADVANCED_FACE('',(#13670),#10095,.F.);
#13670 = FACE_BOUND('',#13671,.F.);
#13671 = EDGE_LOOP('',(#13672,#13673,#13674,#13675,#13676,#13677,#13678,
    #13679));
#13672 = ORIENTED_EDGE('',*,*,#10079,.F.);
#13673 = ORIENTED_EDGE('',*,*,#10183,.T.);
#13674 = ORIENTED_EDGE('',*,*,#10282,.T.);
#13675 = ORIENTED_EDGE('',*,*,#10381,.T.);
#13676 = ORIENTED_EDGE('',*,*,#10431,.T.);
#13677 = ORIENTED_EDGE('',*,*,#10353,.T.);
#13678 = ORIENTED_EDGE('',*,*,#10233,.F.);
#13679 = ORIENTED_EDGE('',*,*,#10155,.T.);
#13680 = ADVANCED_FACE('',(#13681),#10495,.T.);
#13681 = FACE_BOUND('',#13682,.T.);
#13682 = EDGE_LOOP('',(#13683,#13684,#13685,#13686,#13687,#13688,#13689)
  );
#13683 = ORIENTED_EDGE('',*,*,#10479,.F.);
#13684 = ORIENTED_EDGE('',*,*,#10555,.F.);
#13685 = ORIENTED_EDGE('',*,*,#10640,.T.);
#13686 = ORIENTED_EDGE('',*,*,#10809,.F.);
#13687 = ORIENTED_EDGE('',*,*,#11091,.T.);
#13688 = ORIENTED_EDGE('',*,*,#10688,.T.);
#13689 = ORIENTED_EDGE('',*,*,#10588,.F.);
#13690 = ADVANCED_FACE('',(#13691,#13747,#13778,#13809),#10748,.T.);
#13691 = FACE_BOUND('',#13692,.T.);
#13692 = EDGE_LOOP('',(#13693,#13694,#13695,#13717,#13718,#13719,#13720,
    #13742,#13743,#13744,#13745,#13746));
#13693 = ORIENTED_EDGE('',*,*,#10732,.F.);
#13694 = ORIENTED_EDGE('',*,*,#11118,.T.);
#13695 = ORIENTED_EDGE('',*,*,#13696,.T.);
#13696 = EDGE_CURVE('',#11119,#11202,#13697,.T.);
#13697 = SURFACE_CURVE('',#13698,(#13703,#13710),.PCURVE_S1.);
#13698 = CIRCLE('',#13699,3.3);
#13699 = AXIS2_PLACEMENT_3D('',#13700,#13701,#13702);
#13700 = CARTESIAN_POINT('',(-18.,-15.,32.));
#13701 = DIRECTION('',(0.,0.,1.));
#13702 = DIRECTION('',(1.,0.,-0.));
#13703 = PCURVE('',#10748,#13704);
#13704 = DEFINITIONAL_REPRESENTATION('',(#13705),#13709);
#13705 = CIRCLE('',#13706,3.3);
#13706 = AXIS2_PLACEMENT_2D('',#13707,#13708);
#13707 = CARTESIAN_POINT('',(-17.99999999956,-14.99999999883));
#13708 = DIRECTION('',(1.,0.));
#13709 = ( GEOMETRIC_REPRESENTATION_CONTEXT(2) 
PARAMETRIC_REPRESENTATION_CONTEXT() REPRESENTATION_CONTEXT('2D SPACE',''
  ) );
#13710 = PCURVE('',#11157,#13711);
#13711 = DEFINITIONAL_REPRESENTATION('',(#13712),#13716);
#13712 = LINE('',#13713,#13714);
#13713 = CARTESIAN_POINT('',(0.,29.));
#13714 = VECTOR('',#13715,1.);
#13715 = DIRECTION('',(1.,0.));
#13716 = ( GEOMETRIC_REPRESENTATION_CONTEXT(2) 
PARAMETRIC_REPRESENTATION_CONTEXT() REPRESENTATION_CONTEXT('2D SPACE',''
  ) );
#13717 = ORIENTED_EDGE('',*,*,#11222,.T.);
#13718 = ORIENTED_EDGE('',*,*,#12043,.T.);
#13719 = ORIENTED_EDGE('',*,*,#12829,.T.);
#13720 = ORIENTED_EDGE('',*,*,#13721,.T.);
#13721 = EDGE_CURVE('',#12830,#12913,#13722,.T.);
#13722 = SURFACE_CURVE('',#13723,(#13728,#13735),.PCURVE_S1.);
#13723 = CIRCLE('',#13724,3.3);
#13724 = AXIS2_PLACEMENT_3D('',#13725,#13726,#13727);
#13725 = CARTESIAN_POINT('',(18.,-15.,32.));
#13726 = DIRECTION('',(0.,0.,1.));
#13727 = DIRECTION('',(1.,0.,-0.));
#13728 = PCURVE('',#10748,#13729);
#13729 = DEFINITIONAL_REPRESENTATION('',(#13730),#13734);
#13730 = CIRCLE('',#13731,3.3);
#13731 = AXIS2_PLACEMENT_2D('',#13732,#13733);
#13732 = CARTESIAN_POINT('',(18.00000000044,-14.99999999883));
#13733 = DIRECTION('',(1.,0.));
#13734 = ( GEOMETRIC_REPRESENTATION_CONTEXT(2) 
PARAMETRIC_REPRESENTATION_CONTEXT() REPRESENTATION_CONTEXT('2D SPACE',''
  ) );
#13735 = PCURVE('',#12868,#13736);
#13736 = DEFINITIONAL_REPRESENTATION('',(#13737),#13741);
#13737 = LINE('',#13738,#13739);
#13738 = CARTESIAN_POINT('',(0.,29.));
#13739 = VECTOR('',#13740,1.);
#13740 = DIRECTION('',(1.,0.));
#13741 = ( GEOMETRIC_REPRESENTATION_CONTEXT(2) 
PARAMETRIC_REPRESENTATION_CONTEXT() REPRESENTATION_CONTEXT('2D SPACE',''
  ) );
#13742 = ORIENTED_EDGE('',*,*,#12933,.T.);
#13743 = ORIENTED_EDGE('',*,*,#13003,.T.);
#13744 = ORIENTED_EDGE('',*,*,#11948,.T.);
#13745 = ORIENTED_EDGE('',*,*,#11795,.F.);
#13746 = ORIENTED_EDGE('',*,*,#10939,.T.);
#13747 = FACE_BOUND('',#13748,.T.);
#13748 = EDGE_LOOP('',(#13749));
#13749 = ORIENTED_EDGE('',*,*,#13750,.F.);
#13750 = EDGE_CURVE('',#13751,#13751,#13753,.T.);
#13751 = VERTEX_POINT('',#13752);
#13752 = CARTESIAN_POINT('',(-17.15,-15.,32.));
#13753 = SURFACE_CURVE('',#13754,(#13759,#13766),.PCURVE_S1.);
#13754 = CIRCLE('',#13755,0.85);
#13755 = AXIS2_PLACEMENT_3D('',#13756,#13757,#13758);
#13756 = CARTESIAN_POINT('',(-18.,-15.,32.));
#13757 = DIRECTION('',(0.,0.,1.));
#13758 = DIRECTION('',(1.,0.,-0.));
#13759 = PCURVE('',#10748,#13760);
#13760 = DEFINITIONAL_REPRESENTATION('',(#13761),#13765);
#13761 = CIRCLE('',#13762,0.85);
#13762 = AXIS2_PLACEMENT_2D('',#13763,#13764);
#13763 = CARTESIAN_POINT('',(-17.99999999956,-14.99999999883));
#13764 = DIRECTION('',(1.,0.));
#13765 = ( GEOMETRIC_REPRESENTATION_CONTEXT(2) 
PARAMETRIC_REPRESENTATION_CONTEXT() REPRESENTATION_CONTEXT('2D SPACE',''
  ) );
#13766 = PCURVE('',#13767,#13772);
#13767 = CYLINDRICAL_SURFACE('',#13768,0.85);
#13768 = AXIS2_PLACEMENT_3D('',#13769,#13770,#13771);
#13769 = CARTESIAN_POINT('',(-18.,-15.,24.));
#13770 = DIRECTION('',(0.,0.,1.));
#13771 = DIRECTION('',(1.,0.,-0.));
#13772 = DEFINITIONAL_REPRESENTATION('',(#13773),#13777);
#13773 = LINE('',#13774,#13775);
#13774 = CARTESIAN_POINT('',(0.,8.));
#13775 = VECTOR('',#13776,1.);
#13776 = DIRECTION('',(1.,0.));
#13777 = ( GEOMETRIC_REPRESENTATION_CONTEXT(2) 
PARAMETRIC_REPRESENTATION_CONTEXT() REPRESENTATION_CONTEXT('2D SPACE',''
  ) );
#13778 = FACE_BOUND('',#13779,.T.);
#13779 = EDGE_LOOP('',(#13780));
#13780 = ORIENTED_EDGE('',*,*,#13781,.F.);
#13781 = EDGE_CURVE('',#13782,#13782,#13784,.T.);
#13782 = VERTEX_POINT('',#13783);
#13783 = CARTESIAN_POINT('',(18.85,-15.,32.));
#13784 = SURFACE_CURVE('',#13785,(#13790,#13797),.PCURVE_S1.);
#13785 = CIRCLE('',#13786,0.85);
#13786 = AXIS2_PLACEMENT_3D('',#13787,#13788,#13789);
#13787 = CARTESIAN_POINT('',(18.,-15.,32.));
#13788 = DIRECTION('',(0.,0.,1.));
#13789 = DIRECTION('',(1.,0.,-0.));
#13790 = PCURVE('',#10748,#13791);
#13791 = DEFINITIONAL_REPRESENTATION('',(#13792),#13796);
#13792 = CIRCLE('',#13793,0.85);
#13793 = AXIS2_PLACEMENT_2D('',#13794,#13795);
#13794 = CARTESIAN_POINT('',(18.00000000044,-14.99999999883));
#13795 = DIRECTION('',(1.,0.));
#13796 = ( GEOMETRIC_REPRESENTATION_CONTEXT(2) 
PARAMETRIC_REPRESENTATION_CONTEXT() REPRESENTATION_CONTEXT('2D SPACE',''
  ) );
#13797 = PCURVE('',#13798,#13803);
#13798 = CYLINDRICAL_SURFACE('',#13799,0.85);
#13799 = AXIS2_PLACEMENT_3D('',#13800,#13801,#13802);
#13800 = CARTESIAN_POINT('',(18.,-15.,24.));
#13801 = DIRECTION('',(0.,0.,1.));
#13802 = DIRECTION('',(1.,0.,-0.));
#13803 = DEFINITIONAL_REPRESENTATION('',(#13804),#13808);
#13804 = LINE('',#13805,#13806);
#13805 = CARTESIAN_POINT('',(0.,8.));
#13806 = VECTOR('',#13807,1.);
#13807 = DIRECTION('',(1.,0.));
#13808 = ( GEOMETRIC_REPRESENTATION_CONTEXT(2) 
PARAMETRIC_REPRESENTATION_CONTEXT() REPRESENTATION_CONTEXT('2D SPACE',''
  ) );
#13809 = FACE_BOUND('',#13810,.T.);
#13810 = EDGE_LOOP('',(#13811,#13841,#13865,#13893,#13915,#13943,#13967,
    #13995,#14017,#14045,#14072,#14100));
#13811 = ORIENTED_EDGE('',*,*,#13812,.T.);
#13812 = EDGE_CURVE('',#13813,#13815,#13817,.T.);
#13813 = VERTEX_POINT('',#13814);
#13814 = CARTESIAN_POINT('',(21.999999996803,-6.,32.));
#13815 = VERTEX_POINT('',#13816);
#13816 = CARTESIAN_POINT('',(20.401925205722,-12.7370914057,32.));
#13817 = SURFACE_CURVE('',#13818,(#13823,#13834),.PCURVE_S1.);
#13818 = CIRCLE('',#13819,15.);
#13819 = AXIS2_PLACEMENT_3D('',#13820,#13821,#13822);
#13820 = CARTESIAN_POINT('',(6.999999993606,-6.,32.));
#13821 = DIRECTION('',(0.,0.,-1.));
#13822 = DIRECTION('',(-1.,0.,0.));
#13823 = PCURVE('',#10748,#13824);
#13824 = DEFINITIONAL_REPRESENTATION('',(#13825),#13833);
#13825 = ( BOUNDED_CURVE() B_SPLINE_CURVE(2,(#13826,#13827,#13828,#13829
    ,#13830,#13831,#13832),.UNSPECIFIED.,.T.,.F.) 
B_SPLINE_CURVE_WITH_KNOTS((1,2,2,2,2,1),(-2.094395102393,0.,
    2.094395102393,4.188790204786,6.28318530718,8.377580409573),
.UNSPECIFIED.) CURVE() GEOMETRIC_REPRESENTATION_ITEM() 
RATIONAL_B_SPLINE_CURVE((1.,0.5,1.,0.5,1.,0.5,1.)) REPRESENTATION_ITEM(
  '') );
#13826 = CARTESIAN_POINT('',(-8.000000005953,-5.999999998831));
#13827 = CARTESIAN_POINT('',(-8.000000005953,19.980762114702));
#13828 = CARTESIAN_POINT('',(14.499999994047,6.990381057936));
#13829 = CARTESIAN_POINT('',(36.999999994047,-5.999999998831));
#13830 = CARTESIAN_POINT('',(14.499999994047,-18.99038105559));
#13831 = CARTESIAN_POINT('',(-8.000000005953,-31.98076211236));
#13832 = CARTESIAN_POINT('',(-8.000000005953,-5.999999998831));
#13833 = ( GEOMETRIC_REPRESENTATION_CONTEXT(2) 
PARAMETRIC_REPRESENTATION_CONTEXT() REPRESENTATION_CONTEXT('2D SPACE',''
  ) );
#13834 = PCURVE('',#13495,#13835);
#13835 = DEFINITIONAL_REPRESENTATION('',(#13836),#13840);
#13836 = LINE('',#13837,#13838);
#13837 = CARTESIAN_POINT('',(0.,-29.));
#13838 = VECTOR('',#13839,1.);
#13839 = DIRECTION('',(1.,0.));
#13840 = ( GEOMETRIC_REPRESENTATION_CONTEXT(2) 
PARAMETRIC_REPRESENTATION_CONTEXT() REPRESENTATION_CONTEXT('2D SPACE',''
  ) );
#13841 = ORIENTED_EDGE('',*,*,#13842,.T.);
#13842 = EDGE_CURVE('',#13815,#13843,#13845,.T.);
#13843 = VERTEX_POINT('',#13844);
#13844 = CARTESIAN_POINT('',(16.257530232087,-17.80246304309,32.));
#13845 = SURFACE_CURVE('',#13846,(#13851,#13858),.PCURVE_S1.);
#13846 = CIRCLE('',#13847,3.3);
#13847 = AXIS2_PLACEMENT_3D('',#13848,#13849,#13850);
#13848 = CARTESIAN_POINT('',(18.,-15.,32.));
#13849 = DIRECTION('',(0.,0.,1.));
#13850 = DIRECTION('',(1.,0.,-0.));
#13851 = PCURVE('',#10748,#13852);
#13852 = DEFINITIONAL_REPRESENTATION('',(#13853),#13857);
#13853 = CIRCLE('',#13854,3.3);
#13854 = AXIS2_PLACEMENT_2D('',#13855,#13856);
#13855 = CARTESIAN_POINT('',(18.00000000044,-14.99999999883));
#13856 = DIRECTION('',(1.,0.));
#13857 = ( GEOMETRIC_REPRESENTATION_CONTEXT(2) 
PARAMETRIC_REPRESENTATION_CONTEXT() REPRESENTATION_CONTEXT('2D SPACE',''
  ) );
#13858 = PCURVE('',#13462,#13859);
#13859 = DEFINITIONAL_REPRESENTATION('',(#13860),#13864);
#13860 = LINE('',#13861,#13862);
#13861 = CARTESIAN_POINT('',(0.,29.));
#13862 = VECTOR('',#13863,1.);
#13863 = DIRECTION('',(1.,0.));
#13864 = ( GEOMETRIC_REPRESENTATION_CONTEXT(2) 
PARAMETRIC_REPRESENTATION_CONTEXT() REPRESENTATION_CONTEXT('2D SPACE',''
  ) );
#13865 = ORIENTED_EDGE('',*,*,#13866,.T.);
#13866 = EDGE_CURVE('',#13843,#13867,#13869,.T.);
#13867 = VERTEX_POINT('',#13868);
#13868 = CARTESIAN_POINT('',(6.999999993606,-21.,32.));
#13869 = SURFACE_CURVE('',#13870,(#13875,#13886),.PCURVE_S1.);
#13870 = CIRCLE('',#13871,15.);
#13871 = AXIS2_PLACEMENT_3D('',#13872,#13873,#13874);
#13872 = CARTESIAN_POINT('',(6.999999993606,-6.,32.));
#13873 = DIRECTION('',(0.,0.,-1.));
#13874 = DIRECTION('',(-1.,0.,0.));
#13875 = PCURVE('',#10748,#13876);
#13876 = DEFINITIONAL_REPRESENTATION('',(#13877),#13885);
#13877 = ( BOUNDED_CURVE() B_SPLINE_CURVE(2,(#13878,#13879,#13880,#13881
    ,#13882,#13883,#13884),.UNSPECIFIED.,.T.,.F.) 
B_SPLINE_CURVE_WITH_KNOTS((1,2,2,2,2,1),(-2.094395102393,0.,
    2.094395102393,4.188790204786,6.28318530718,8.377580409573),
.UNSPECIFIED.) CURVE() GEOMETRIC_REPRESENTATION_ITEM() 
RATIONAL_B_SPLINE_CURVE((1.,0.5,1.,0.5,1.,0.5,1.)) REPRESENTATION_ITEM(
  '') );
#13878 = CARTESIAN_POINT('',(-8.000000005953,-5.999999998831));
#13879 = CARTESIAN_POINT('',(-8.000000005953,19.980762114702));
#13880 = CARTESIAN_POINT('',(14.499999994047,6.990381057936));
#13881 = CARTESIAN_POINT('',(36.999999994047,-5.999999998831));
#13882 = CARTESIAN_POINT('',(14.499999994047,-18.99038105559));
#13883 = CARTESIAN_POINT('',(-8.000000005953,-31.98076211236));
#13884 = CARTESIAN_POINT('',(-8.000000005953,-5.999999998831));
#13885 = ( GEOMETRIC_REPRESENTATION_CONTEXT(2) 
PARAMETRIC_REPRESENTATION_CONTEXT() REPRESENTATION_CONTEXT('2D SPACE',''
  ) );
#13886 = PCURVE('',#13433,#13887);
#13887 = DEFINITIONAL_REPRESENTATION('',(#13888),#13892);
#13888 = LINE('',#13889,#13890);
#13889 = CARTESIAN_POINT('',(0.,-29.));
#13890 = VECTOR('',#13891,1.);
#13891 = DIRECTION('',(1.,0.));
#13892 = ( GEOMETRIC_REPRESENTATION_CONTEXT(2) 
PARAMETRIC_REPRESENTATION_CONTEXT() REPRESENTATION_CONTEXT('2D SPACE',''
  ) );
#13893 = ORIENTED_EDGE('',*,*,#13894,.T.);
#13894 = EDGE_CURVE('',#13867,#13895,#13897,.T.);
#13895 = VERTEX_POINT('',#13896);
#13896 = CARTESIAN_POINT('',(-7.,-21.,32.));
#13897 = SURFACE_CURVE('',#13898,(#13902,#13909),.PCURVE_S1.);
#13898 = LINE('',#13899,#13900);
#13899 = CARTESIAN_POINT('',(-3.50000000022,-21.,32.));
#13900 = VECTOR('',#13901,1.);
#13901 = DIRECTION('',(-1.,0.,0.));
#13902 = PCURVE('',#10748,#13903);
#13903 = DEFINITIONAL_REPRESENTATION('',(#13904),#13908);
#13904 = LINE('',#13905,#13906);
#13905 = CARTESIAN_POINT('',(-3.49999999978,-20.99999999883));
#13906 = VECTOR('',#13907,1.);
#13907 = DIRECTION('',(-1.,0.));
#13908 = ( GEOMETRIC_REPRESENTATION_CONTEXT(2) 
PARAMETRIC_REPRESENTATION_CONTEXT() REPRESENTATION_CONTEXT('2D SPACE',''
  ) );
#13909 = PCURVE('',#13400,#13910);
#13910 = DEFINITIONAL_REPRESENTATION('',(#13911),#13914);
#13911 = B_SPLINE_CURVE_WITH_KNOTS('',1,(#13912,#13913),.UNSPECIFIED.,
  .F.,.F.,(2,2),(-10.49999999382,3.49999999978),
  .PIECEWISE_BEZIER_KNOTS.);
#13912 = CARTESIAN_POINT('',(13.999999993606,-29.));
#13913 = CARTESIAN_POINT('',(0.,-29.));
#13914 = ( GEOMETRIC_REPRESENTATION_CONTEXT(2) 
PARAMETRIC_REPRESENTATION_CONTEXT() REPRESENTATION_CONTEXT('2D SPACE',''
  ) );
#13915 = ORIENTED_EDGE('',*,*,#13916,.T.);
#13916 = EDGE_CURVE('',#13895,#13917,#13919,.T.);
#13917 = VERTEX_POINT('',#13918);
#13918 = CARTESIAN_POINT('',(-16.25753023565,-17.80246304531,32.));
#13919 = SURFACE_CURVE('',#13920,(#13925,#13936),.PCURVE_S1.);
#13920 = CIRCLE('',#13921,15.);
#13921 = AXIS2_PLACEMENT_3D('',#13922,#13923,#13924);
#13922 = CARTESIAN_POINT('',(-7.,-6.,32.));
#13923 = DIRECTION('',(0.,0.,-1.));
#13924 = DIRECTION('',(-1.,0.,0.));
#13925 = PCURVE('',#10748,#13926);
#13926 = DEFINITIONAL_REPRESENTATION('',(#13927),#13935);
#13927 = ( BOUNDED_CURVE() B_SPLINE_CURVE(2,(#13928,#13929,#13930,#13931
    ,#13932,#13933,#13934),.UNSPECIFIED.,.T.,.F.) 
B_SPLINE_CURVE_WITH_KNOTS((1,2,2,2,2,1),(-2.094395102393,0.,
    2.094395102393,4.188790204786,6.28318530718,8.377580409573),
.UNSPECIFIED.) CURVE() GEOMETRIC_REPRESENTATION_ITEM() 
RATIONAL_B_SPLINE_CURVE((1.,0.5,1.,0.5,1.,0.5,1.)) REPRESENTATION_ITEM(
  '') );
#13928 = CARTESIAN_POINT('',(-21.99999999956,-5.999999998831));
#13929 = CARTESIAN_POINT('',(-21.99999999956,19.980762114702));
#13930 = CARTESIAN_POINT('',(0.50000000044,6.990381057936));
#13931 = CARTESIAN_POINT('',(23.00000000044,-5.999999998831));
#13932 = CARTESIAN_POINT('',(0.50000000044,-18.99038105559));
#13933 = CARTESIAN_POINT('',(-21.99999999956,-31.98076211236));
#13934 = CARTESIAN_POINT('',(-21.99999999956,-5.999999998831));
#13935 = ( GEOMETRIC_REPRESENTATION_CONTEXT(2) 
PARAMETRIC_REPRESENTATION_CONTEXT() REPRESENTATION_CONTEXT('2D SPACE',''
  ) );
#13936 = PCURVE('',#13372,#13937);
#13937 = DEFINITIONAL_REPRESENTATION('',(#13938),#13942);
#13938 = LINE('',#13939,#13940);
#13939 = CARTESIAN_POINT('',(0.,-29.));
#13940 = VECTOR('',#13941,1.);
#13941 = DIRECTION('',(1.,0.));
#13942 = ( GEOMETRIC_REPRESENTATION_CONTEXT(2) 
PARAMETRIC_REPRESENTATION_CONTEXT() REPRESENTATION_CONTEXT('2D SPACE',''
  ) );
#13943 = ORIENTED_EDGE('',*,*,#13944,.T.);
#13944 = EDGE_CURVE('',#13917,#13945,#13947,.T.);
#13945 = VERTEX_POINT('',#13946);
#13946 = CARTESIAN_POINT('',(-20.40192520989,-12.73709141013,32.));
#13947 = SURFACE_CURVE('',#13948,(#13953,#13960),.PCURVE_S1.);
#13948 = CIRCLE('',#13949,3.3);
#13949 = AXIS2_PLACEMENT_3D('',#13950,#13951,#13952);
#13950 = CARTESIAN_POINT('',(-18.,-15.,32.));
#13951 = DIRECTION('',(-0.,0.,1.));
#13952 = DIRECTION('',(0.528021140711,-0.849231225852,0.));
#13953 = PCURVE('',#10748,#13954);
#13954 = DEFINITIONAL_REPRESENTATION('',(#13955),#13959);
#13955 = CIRCLE('',#13956,3.3);
#13956 = AXIS2_PLACEMENT_2D('',#13957,#13958);
#13957 = CARTESIAN_POINT('',(-17.99999999956,-14.99999999883));
#13958 = DIRECTION('',(0.528021140711,-0.849231225852));
#13959 = ( GEOMETRIC_REPRESENTATION_CONTEXT(2) 
PARAMETRIC_REPRESENTATION_CONTEXT() REPRESENTATION_CONTEXT('2D SPACE',''
  ) );
#13960 = PCURVE('',#13339,#13961);
#13961 = DEFINITIONAL_REPRESENTATION('',(#13962),#13966);
#13962 = LINE('',#13963,#13964);
#13963 = CARTESIAN_POINT('',(5.268657675901,29.));
#13964 = VECTOR('',#13965,1.);
#13965 = DIRECTION('',(1.,0.));
#13966 = ( GEOMETRIC_REPRESENTATION_CONTEXT(2) 
PARAMETRIC_REPRESENTATION_CONTEXT() REPRESENTATION_CONTEXT('2D SPACE',''
  ) );
#13967 = ORIENTED_EDGE('',*,*,#13968,.T.);
#13968 = EDGE_CURVE('',#13945,#13969,#13971,.T.);
#13969 = VERTEX_POINT('',#13970);
#13970 = CARTESIAN_POINT('',(-22.,-6.,32.));
#13971 = SURFACE_CURVE('',#13972,(#13977,#13988),.PCURVE_S1.);
#13972 = CIRCLE('',#13973,15.);
#13973 = AXIS2_PLACEMENT_3D('',#13974,#13975,#13976);
#13974 = CARTESIAN_POINT('',(-7.,-6.,32.));
#13975 = DIRECTION('',(0.,0.,-1.));
#13976 = DIRECTION('',(-1.,0.,0.));
#13977 = PCURVE('',#10748,#13978);
#13978 = DEFINITIONAL_REPRESENTATION('',(#13979),#13987);
#13979 = ( BOUNDED_CURVE() B_SPLINE_CURVE(2,(#13980,#13981,#13982,#13983
    ,#13984,#13985,#13986),.UNSPECIFIED.,.T.,.F.) 
B_SPLINE_CURVE_WITH_KNOTS((1,2,2,2,2,1),(-2.094395102393,0.,
    2.094395102393,4.188790204786,6.28318530718,8.377580409573),
.UNSPECIFIED.) CURVE() GEOMETRIC_REPRESENTATION_ITEM() 
RATIONAL_B_SPLINE_CURVE((1.,0.5,1.,0.5,1.,0.5,1.)) REPRESENTATION_ITEM(
  '') );
#13980 = CARTESIAN_POINT('',(-21.99999999956,-5.999999998831));
#13981 = CARTESIAN_POINT('',(-21.99999999956,19.980762114702));
#13982 = CARTESIAN_POINT('',(0.50000000044,6.990381057936));
#13983 = CARTESIAN_POINT('',(23.00000000044,-5.999999998831));
#13984 = CARTESIAN_POINT('',(0.50000000044,-18.99038105559));
#13985 = CARTESIAN_POINT('',(-21.99999999956,-31.98076211236));
#13986 = CARTESIAN_POINT('',(-21.99999999956,-5.999999998831));
#13987 = ( GEOMETRIC_REPRESENTATION_CONTEXT(2) 
PARAMETRIC_REPRESENTATION_CONTEXT() REPRESENTATION_CONTEXT('2D SPACE',''
  ) );
#13988 = PCURVE('',#13306,#13989);
#13989 = DEFINITIONAL_REPRESENTATION('',(#13990),#13994);
#13990 = LINE('',#13991,#13992);
#13991 = CARTESIAN_POINT('',(0.,-29.));
#13992 = VECTOR('',#13993,1.);
#13993 = DIRECTION('',(1.,0.));
#13994 = ( GEOMETRIC_REPRESENTATION_CONTEXT(2) 
PARAMETRIC_REPRESENTATION_CONTEXT() REPRESENTATION_CONTEXT('2D SPACE',''
  ) );
#13995 = ORIENTED_EDGE('',*,*,#13996,.F.);
#13996 = EDGE_CURVE('',#13997,#13969,#13999,.T.);
#13997 = VERTEX_POINT('',#13998);
#13998 = CARTESIAN_POINT('',(-22.,5.999999911237,32.));
#13999 = SURFACE_CURVE('',#14000,(#14004,#14011),.PCURVE_S1.);
#14000 = LINE('',#14001,#14002);
#14001 = CARTESIAN_POINT('',(-22.,-3.000000000584,32.));
#14002 = VECTOR('',#14003,1.);
#14003 = DIRECTION('',(0.,-1.,0.));
#14004 = PCURVE('',#10748,#14005);
#14005 = DEFINITIONAL_REPRESENTATION('',(#14006),#14010);
#14006 = LINE('',#14007,#14008);
#14007 = CARTESIAN_POINT('',(-21.99999999956,-2.999999999416));
#14008 = VECTOR('',#14009,1.);
#14009 = DIRECTION('',(0.,-1.));
#14010 = ( GEOMETRIC_REPRESENTATION_CONTEXT(2) 
PARAMETRIC_REPRESENTATION_CONTEXT() REPRESENTATION_CONTEXT('2D SPACE',''
  ) );
#14011 = PCURVE('',#13273,#14012);
#14012 = DEFINITIONAL_REPRESENTATION('',(#14013),#14016);
#14013 = B_SPLINE_CURVE_WITH_KNOTS('',1,(#14014,#14015),.UNSPECIFIED.,
  .F.,.F.,(2,2),(-8.999999911822,2.999999999416),
  .PIECEWISE_BEZIER_KNOTS.);
#14014 = CARTESIAN_POINT('',(11.999999911237,-29.));
#14015 = CARTESIAN_POINT('',(-1.7763568394E-15,-29.));
#14016 = ( GEOMETRIC_REPRESENTATION_CONTEXT(2) 
PARAMETRIC_REPRESENTATION_CONTEXT() REPRESENTATION_CONTEXT('2D SPACE',''
  ) );
#14017 = ORIENTED_EDGE('',*,*,#14018,.T.);
#14018 = EDGE_CURVE('',#13997,#14019,#14021,.T.);
#14019 = VERTEX_POINT('',#14020);
#14020 = CARTESIAN_POINT('',(-7.,20.999999955619,32.));
#14021 = SURFACE_CURVE('',#14022,(#14027,#14038),.PCURVE_S1.);
#14022 = CIRCLE('',#14023,15.);
#14023 = AXIS2_PLACEMENT_3D('',#14024,#14025,#14026);
#14024 = CARTESIAN_POINT('',(-7.,5.999999911237,32.));
#14025 = DIRECTION('',(0.,0.,-1.));
#14026 = DIRECTION('',(-1.,0.,0.));
#14027 = PCURVE('',#10748,#14028);
#14028 = DEFINITIONAL_REPRESENTATION('',(#14029),#14037);
#14029 = ( BOUNDED_CURVE() B_SPLINE_CURVE(2,(#14030,#14031,#14032,#14033
    ,#14034,#14035,#14036),.UNSPECIFIED.,.T.,.F.) 
B_SPLINE_CURVE_WITH_KNOTS((1,2,2,2,2,1),(-2.094395102393,0.,
    2.094395102393,4.188790204786,6.28318530718,8.377580409573),
.UNSPECIFIED.) CURVE() GEOMETRIC_REPRESENTATION_ITEM() 
RATIONAL_B_SPLINE_CURVE((1.,0.5,1.,0.5,1.,0.5,1.)) REPRESENTATION_ITEM(
  '') );
#14030 = CARTESIAN_POINT('',(-21.99999999956,5.999999912406));
#14031 = CARTESIAN_POINT('',(-21.99999999956,31.980762025939));
#14032 = CARTESIAN_POINT('',(0.50000000044,18.990380969173));
#14033 = CARTESIAN_POINT('',(23.00000000044,5.999999912406));
#14034 = CARTESIAN_POINT('',(0.50000000044,-6.99038114436));
#14035 = CARTESIAN_POINT('',(-21.99999999956,-19.98076220112));
#14036 = CARTESIAN_POINT('',(-21.99999999956,5.999999912406));
#14037 = ( GEOMETRIC_REPRESENTATION_CONTEXT(2) 
PARAMETRIC_REPRESENTATION_CONTEXT() REPRESENTATION_CONTEXT('2D SPACE',''
  ) );
#14038 = PCURVE('',#13615,#14039);
#14039 = DEFINITIONAL_REPRESENTATION('',(#14040),#14044);
#14040 = LINE('',#14041,#14042);
#14041 = CARTESIAN_POINT('',(0.,-29.));
#14042 = VECTOR('',#14043,1.);
#14043 = DIRECTION('',(1.,0.));
#14044 = ( GEOMETRIC_REPRESENTATION_CONTEXT(2) 
PARAMETRIC_REPRESENTATION_CONTEXT() REPRESENTATION_CONTEXT('2D SPACE',''
  ) );
#14045 = ORIENTED_EDGE('',*,*,#14046,.F.);
#14046 = EDGE_CURVE('',#14047,#14019,#14049,.T.);
#14047 = VERTEX_POINT('',#14048);
#14048 = CARTESIAN_POINT('',(7.,20.999999999113,32.));
#14049 = SURFACE_CURVE('',#14050,(#14054,#14061),.PCURVE_S1.);
#14050 = LINE('',#14051,#14052);
#14051 = CARTESIAN_POINT('',(-3.50000000022,21.,32.));
#14052 = VECTOR('',#14053,1.);
#14053 = DIRECTION('',(-1.,0.,0.));
#14054 = PCURVE('',#10748,#14055);
#14055 = DEFINITIONAL_REPRESENTATION('',(#14056),#14060);
#14056 = LINE('',#14057,#14058);
#14057 = CARTESIAN_POINT('',(-3.49999999978,21.000000001169));
#14058 = VECTOR('',#14059,1.);
#14059 = DIRECTION('',(-1.,0.));
#14060 = ( GEOMETRIC_REPRESENTATION_CONTEXT(2) 
PARAMETRIC_REPRESENTATION_CONTEXT() REPRESENTATION_CONTEXT('2D SPACE',''
  ) );
#14061 = PCURVE('',#14062,#14067);
#14062 = PLANE('',#14063);
#14063 = AXIS2_PLACEMENT_3D('',#14064,#14065,#14066);
#14064 = CARTESIAN_POINT('',(-7.,21.,3.));
#14065 = DIRECTION('',(0.,1.,0.));
#14066 = DIRECTION('',(1.,0.,0.));
#14067 = DEFINITIONAL_REPRESENTATION('',(#14068),#14071);
#14068 = B_SPLINE_CURVE_WITH_KNOTS('',1,(#14069,#14070),.UNSPECIFIED.,
  .F.,.F.,(2,2),(-10.50000000022,3.49999999978),
  .PIECEWISE_BEZIER_KNOTS.);
#14069 = CARTESIAN_POINT('',(14.,-29.));
#14070 = CARTESIAN_POINT('',(0.,-29.));
#14071 = ( GEOMETRIC_REPRESENTATION_CONTEXT(2) 
PARAMETRIC_REPRESENTATION_CONTEXT() REPRESENTATION_CONTEXT('2D SPACE',''
  ) );
#14072 = ORIENTED_EDGE('',*,*,#14073,.T.);
#14073 = EDGE_CURVE('',#14047,#14074,#14076,.T.);
#14074 = VERTEX_POINT('',#14075);
#14075 = CARTESIAN_POINT('',(22.,5.999999998226,32.));
#14076 = SURFACE_CURVE('',#14077,(#14082,#14093),.PCURVE_S1.);
#14077 = CIRCLE('',#14078,15.);
#14078 = AXIS2_PLACEMENT_3D('',#14079,#14080,#14081);
#14079 = CARTESIAN_POINT('',(7.,5.999999998226,32.));
#14080 = DIRECTION('',(0.,0.,-1.));
#14081 = DIRECTION('',(-1.,0.,0.));
#14082 = PCURVE('',#10748,#14083);
#14083 = DEFINITIONAL_REPRESENTATION('',(#14084),#14092);
#14084 = ( BOUNDED_CURVE() B_SPLINE_CURVE(2,(#14085,#14086,#14087,#14088
    ,#14089,#14090,#14091),.UNSPECIFIED.,.T.,.F.) 
B_SPLINE_CURVE_WITH_KNOTS((1,2,2,2,2,1),(-2.094395102393,0.,
    2.094395102393,4.188790204786,6.28318530718,8.377580409573),
.UNSPECIFIED.) CURVE() GEOMETRIC_REPRESENTATION_ITEM() 
RATIONAL_B_SPLINE_CURVE((1.,0.5,1.,0.5,1.,0.5,1.)) REPRESENTATION_ITEM(
  '') );
#14085 = CARTESIAN_POINT('',(-7.99999999956,5.999999999395));
#14086 = CARTESIAN_POINT('',(-7.99999999956,31.980762112928));
#14087 = CARTESIAN_POINT('',(14.50000000044,18.990381056161));
#14088 = CARTESIAN_POINT('',(37.00000000044,5.999999999395));
#14089 = CARTESIAN_POINT('',(14.50000000044,-6.990381057372));
#14090 = CARTESIAN_POINT('',(-7.99999999956,-19.98076211413));
#14091 = CARTESIAN_POINT('',(-7.99999999956,5.999999999395));
#14092 = ( GEOMETRIC_REPRESENTATION_CONTEXT(2) 
PARAMETRIC_REPRESENTATION_CONTEXT() REPRESENTATION_CONTEXT('2D SPACE',''
  ) );
#14093 = PCURVE('',#13556,#14094);
#14094 = DEFINITIONAL_REPRESENTATION('',(#14095),#14099);
#14095 = LINE('',#14096,#14097);
#14096 = CARTESIAN_POINT('',(0.,-29.));
#14097 = VECTOR('',#14098,1.);
#14098 = DIRECTION('',(1.,0.));
#14099 = ( GEOMETRIC_REPRESENTATION_CONTEXT(2) 
PARAMETRIC_REPRESENTATION_CONTEXT() REPRESENTATION_CONTEXT('2D SPACE',''
  ) );
#14100 = ORIENTED_EDGE('',*,*,#14101,.T.);
#14101 = EDGE_CURVE('',#14074,#13813,#14102,.T.);
#14102 = SURFACE_CURVE('',#14103,(#14107,#14114),.PCURVE_S1.);
#14103 = LINE('',#14104,#14105);
#14104 = CARTESIAN_POINT('',(22.,-3.000000000584,32.));
#14105 = VECTOR('',#14106,1.);
#14106 = DIRECTION('',(0.,-1.,0.));
#14107 = PCURVE('',#10748,#14108);
#14108 = DEFINITIONAL_REPRESENTATION('',(#14109),#14113);
#14109 = LINE('',#14110,#14111);
#14110 = CARTESIAN_POINT('',(22.00000000044,-2.999999999416));
#14111 = VECTOR('',#14112,1.);
#14112 = DIRECTION('',(0.,-1.));
#14113 = ( GEOMETRIC_REPRESENTATION_CONTEXT(2) 
PARAMETRIC_REPRESENTATION_CONTEXT() REPRESENTATION_CONTEXT('2D SPACE',''
  ) );
#14114 = PCURVE('',#13523,#14115);
#14115 = DEFINITIONAL_REPRESENTATION('',(#14116),#14119);
#14116 = B_SPLINE_CURVE_WITH_KNOTS('',1,(#14117,#14118),.UNSPECIFIED.,
  .F.,.F.,(2,2),(-8.99999999881,2.999999999416),
  .PIECEWISE_BEZIER_KNOTS.);
#14117 = CARTESIAN_POINT('',(11.999999998226,-29.));
#14118 = CARTESIAN_POINT('',(0.,-29.));
#14119 = ( GEOMETRIC_REPRESENTATION_CONTEXT(2) 
PARAMETRIC_REPRESENTATION_CONTEXT() REPRESENTATION_CONTEXT('2D SPACE',''
  ) );
#14120 = ADVANCED_FACE('',(#14121),#10880,.T.);
#14121 = FACE_BOUND('',#14122,.T.);
#14122 = EDGE_LOOP('',(#14123,#14124,#14125,#14126,#14127,#14128,#14129)
  );
#14123 = ORIENTED_EDGE('',*,*,#11301,.F.);
#14124 = ORIENTED_EDGE('',*,*,#10863,.T.);
#14125 = ORIENTED_EDGE('',*,*,#10964,.T.);
#14126 = ORIENTED_EDGE('',*,*,#11649,.T.);
#14127 = ORIENTED_EDGE('',*,*,#11570,.T.);
#14128 = ORIENTED_EDGE('',*,*,#11449,.F.);
#14129 = ORIENTED_EDGE('',*,*,#11372,.T.);
#14130 = ADVANCED_FACE('',(#14131),#11054,.T.);
#14131 = FACE_BOUND('',#14132,.T.);
#14132 = EDGE_LOOP('',(#14133,#14134,#14135,#14136,#14137,#14138,#14139,
    #14140));
#14133 = ORIENTED_EDGE('',*,*,#11422,.F.);
#14134 = ORIENTED_EDGE('',*,*,#11498,.T.);
#14135 = ORIENTED_EDGE('',*,*,#11598,.T.);
#14136 = ORIENTED_EDGE('',*,*,#11675,.T.);
#14137 = ORIENTED_EDGE('',*,*,#11725,.T.);
#14138 = ORIENTED_EDGE('',*,*,#12023,.F.);
#14139 = ORIENTED_EDGE('',*,*,#11269,.T.);
#14140 = ORIENTED_EDGE('',*,*,#11037,.T.);
#14141 = ADVANCED_FACE('',(#14142),#11157,.T.);
#14142 = FACE_BOUND('',#14143,.T.);
#14143 = EDGE_LOOP('',(#14144,#14145,#14146,#14168));
#14144 = ORIENTED_EDGE('',*,*,#13696,.F.);
#14145 = ORIENTED_EDGE('',*,*,#11142,.T.);
#14146 = ORIENTED_EDGE('',*,*,#14147,.T.);
#14147 = EDGE_CURVE('',#11143,#11169,#14148,.T.);
#14148 = SURFACE_CURVE('',#14149,(#14154,#14161),.PCURVE_S1.);
#14149 = CIRCLE('',#14150,3.3);
#14150 = AXIS2_PLACEMENT_3D('',#14151,#14152,#14153);
#14151 = CARTESIAN_POINT('',(-18.,-15.,3.));
#14152 = DIRECTION('',(0.,0.,1.));
#14153 = DIRECTION('',(1.,0.,-0.));
#14154 = PCURVE('',#11157,#14155);
#14155 = DEFINITIONAL_REPRESENTATION('',(#14156),#14160);
#14156 = LINE('',#14157,#14158);
#14157 = CARTESIAN_POINT('',(0.,0.));
#14158 = VECTOR('',#14159,1.);
#14159 = DIRECTION('',(1.,0.));
#14160 = ( GEOMETRIC_REPRESENTATION_CONTEXT(2) 
PARAMETRIC_REPRESENTATION_CONTEXT() REPRESENTATION_CONTEXT('2D SPACE',''
  ) );
#14161 = PCURVE('',#11185,#14162);
#14162 = DEFINITIONAL_REPRESENTATION('',(#14163),#14167);
#14163 = CIRCLE('',#14164,3.3);
#14164 = AXIS2_PLACEMENT_2D('',#14165,#14166);
#14165 = CARTESIAN_POINT('',(0.,0.));
#14166 = DIRECTION('',(1.,0.));
#14167 = ( GEOMETRIC_REPRESENTATION_CONTEXT(2) 
PARAMETRIC_REPRESENTATION_CONTEXT() REPRESENTATION_CONTEXT('2D SPACE',''
  ) );
#14168 = ORIENTED_EDGE('',*,*,#11201,.F.);
#14169 = ADVANCED_FACE('',(#14170),#11185,.F.);
#14170 = FACE_BOUND('',#14171,.F.);
#14171 = EDGE_LOOP('',(#14172,#14173));
#14172 = ORIENTED_EDGE('',*,*,#11168,.T.);
#14173 = ORIENTED_EDGE('',*,*,#14147,.T.);
#14174 = ADVANCED_FACE('',(#14175),#11888,.T.);
#14175 = FACE_BOUND('',#14176,.T.);
#14176 = EDGE_LOOP('',(#14177,#14178,#14179,#14180,#14181,#14182,#14183)
  );
#14177 = ORIENTED_EDGE('',*,*,#11872,.F.);
#14178 = ORIENTED_EDGE('',*,*,#11973,.T.);
#14179 = ORIENTED_EDGE('',*,*,#12567,.T.);
#14180 = ORIENTED_EDGE('',*,*,#12488,.T.);
#14181 = ORIENTED_EDGE('',*,*,#12389,.T.);
#14182 = ORIENTED_EDGE('',*,*,#12268,.F.);
#14183 = ORIENTED_EDGE('',*,*,#12190,.T.);
#14184 = ADVANCED_FACE('',(#14185),#12104,.T.);
#14185 = FACE_BOUND('',#14186,.T.);
#14186 = EDGE_LOOP('',(#14187,#14188,#14189,#14190,#14191,#14192,#14193,
    #14194));
#14187 = ORIENTED_EDGE('',*,*,#12240,.F.);
#14188 = ORIENTED_EDGE('',*,*,#12317,.T.);
#14189 = ORIENTED_EDGE('',*,*,#12417,.T.);
#14190 = ORIENTED_EDGE('',*,*,#12515,.T.);
#14191 = ORIENTED_EDGE('',*,*,#12594,.T.);
#14192 = ORIENTED_EDGE('',*,*,#12644,.T.);
#14193 = ORIENTED_EDGE('',*,*,#12802,.T.);
#14194 = ORIENTED_EDGE('',*,*,#12089,.F.);
#14195 = ADVANCED_FACE('',(#14196),#12732,.T.);
#14196 = FACE_BOUND('',#14197,.T.);
#14197 = EDGE_LOOP('',(#14198,#14199,#14200,#14201,#14202,#14203,#14204)
  );
#14198 = ORIENTED_EDGE('',*,*,#12771,.T.);
#14199 = ORIENTED_EDGE('',*,*,#12715,.F.);
#14200 = ORIENTED_EDGE('',*,*,#13104,.T.);
#14201 = ORIENTED_EDGE('',*,*,#13202,.F.);
#14202 = ORIENTED_EDGE('',*,*,#13175,.T.);
#14203 = ORIENTED_EDGE('',*,*,#13051,.F.);
#14204 = ORIENTED_EDGE('',*,*,#12981,.F.);
#14205 = ADVANCED_FACE('',(#14206),#12868,.T.);
#14206 = FACE_BOUND('',#14207,.T.);
#14207 = EDGE_LOOP('',(#14208,#14209,#14210,#14211));
#14208 = ORIENTED_EDGE('',*,*,#12912,.F.);
#14209 = ORIENTED_EDGE('',*,*,#13721,.F.);
#14210 = ORIENTED_EDGE('',*,*,#12853,.T.);
#14211 = ORIENTED_EDGE('',*,*,#14212,.T.);
#14212 = EDGE_CURVE('',#12854,#12880,#14213,.T.);
#14213 = SURFACE_CURVE('',#14214,(#14219,#14226),.PCURVE_S1.);
#14214 = CIRCLE('',#14215,3.3);
#14215 = AXIS2_PLACEMENT_3D('',#14216,#14217,#14218);
#14216 = CARTESIAN_POINT('',(18.,-15.,3.));
#14217 = DIRECTION('',(0.,0.,1.));
#14218 = DIRECTION('',(1.,0.,-0.));
#14219 = PCURVE('',#12868,#14220);
#14220 = DEFINITIONAL_REPRESENTATION('',(#14221),#14225);
#14221 = LINE('',#14222,#14223);
#14222 = CARTESIAN_POINT('',(0.,0.));
#14223 = VECTOR('',#14224,1.);
#14224 = DIRECTION('',(1.,0.));
#14225 = ( GEOMETRIC_REPRESENTATION_CONTEXT(2) 
PARAMETRIC_REPRESENTATION_CONTEXT() REPRESENTATION_CONTEXT('2D SPACE',''
  ) );
#14226 = PCURVE('',#12896,#14227);
#14227 = DEFINITIONAL_REPRESENTATION('',(#14228),#14232);
#14228 = CIRCLE('',#14229,3.3);
#14229 = AXIS2_PLACEMENT_2D('',#14230,#14231);
#14230 = CARTESIAN_POINT('',(0.,0.));
#14231 = DIRECTION('',(1.,0.));
#14232 = ( GEOMETRIC_REPRESENTATION_CONTEXT(2) 
PARAMETRIC_REPRESENTATION_CONTEXT() REPRESENTATION_CONTEXT('2D SPACE',''
  ) );
#14233 = ADVANCED_FACE('',(#14234),#12896,.F.);
#14234 = FACE_BOUND('',#14235,.F.);
#14235 = EDGE_LOOP('',(#14236,#14237));
#14236 = ORIENTED_EDGE('',*,*,#14212,.T.);
#14237 = ORIENTED_EDGE('',*,*,#12879,.T.);
#14238 = ADVANCED_FACE('',(#14239),#13273,.F.);
#14239 = FACE_BOUND('',#14240,.F.);
#14240 = EDGE_LOOP('',(#14241,#14242,#14263,#14264));
#14241 = ORIENTED_EDGE('',*,*,#13255,.F.);
#14242 = ORIENTED_EDGE('',*,*,#14243,.T.);
#14243 = EDGE_CURVE('',#13256,#13969,#14244,.T.);
#14244 = SURFACE_CURVE('',#14245,(#14249,#14256),.PCURVE_S1.);
#14245 = LINE('',#14246,#14247);
#14246 = CARTESIAN_POINT('',(-22.,-6.,3.));
#14247 = VECTOR('',#14248,1.);
#14248 = DIRECTION('',(0.,0.,1.));
#14249 = PCURVE('',#13273,#14250);
#14250 = DEFINITIONAL_REPRESENTATION('',(#14251),#14255);
#14251 = LINE('',#14252,#14253);
#14252 = CARTESIAN_POINT('',(-1.7763568394E-15,0.));
#14253 = VECTOR('',#14254,1.);
#14254 = DIRECTION('',(0.,-1.));
#14255 = ( GEOMETRIC_REPRESENTATION_CONTEXT(2) 
PARAMETRIC_REPRESENTATION_CONTEXT() REPRESENTATION_CONTEXT('2D SPACE',''
  ) );
#14256 = PCURVE('',#13306,#14257);
#14257 = DEFINITIONAL_REPRESENTATION('',(#14258),#14262);
#14258 = LINE('',#14259,#14260);
#14259 = CARTESIAN_POINT('',(6.28318530718,0.));
#14260 = VECTOR('',#14261,1.);
#14261 = DIRECTION('',(0.,-1.));
#14262 = ( GEOMETRIC_REPRESENTATION_CONTEXT(2) 
PARAMETRIC_REPRESENTATION_CONTEXT() REPRESENTATION_CONTEXT('2D SPACE',''
  ) );
#14263 = ORIENTED_EDGE('',*,*,#13996,.F.);
#14264 = ORIENTED_EDGE('',*,*,#14265,.F.);
#14265 = EDGE_CURVE('',#13258,#13997,#14266,.T.);
#14266 = SURFACE_CURVE('',#14267,(#14271,#14278),.PCURVE_S1.);
#14267 = LINE('',#14268,#14269);
#14268 = CARTESIAN_POINT('',(-22.,5.999999911237,3.));
#14269 = VECTOR('',#14270,1.);
#14270 = DIRECTION('',(0.,0.,1.));
#14271 = PCURVE('',#13273,#14272);
#14272 = DEFINITIONAL_REPRESENTATION('',(#14273),#14277);
#14273 = LINE('',#14274,#14275);
#14274 = CARTESIAN_POINT('',(11.999999911237,0.));
#14275 = VECTOR('',#14276,1.);
#14276 = DIRECTION('',(0.,-1.));
#14277 = ( GEOMETRIC_REPRESENTATION_CONTEXT(2) 
PARAMETRIC_REPRESENTATION_CONTEXT() REPRESENTATION_CONTEXT('2D SPACE',''
  ) );
#14278 = PCURVE('',#13615,#14279);
#14279 = DEFINITIONAL_REPRESENTATION('',(#14280),#14284);
#14280 = LINE('',#14281,#14282);
#14281 = CARTESIAN_POINT('',(0.,0.));
#14282 = VECTOR('',#14283,1.);
#14283 = DIRECTION('',(0.,-1.));
#14284 = ( GEOMETRIC_REPRESENTATION_CONTEXT(2) 
PARAMETRIC_REPRESENTATION_CONTEXT() REPRESENTATION_CONTEXT('2D SPACE',''
  ) );
#14285 = ADVANCED_FACE('',(#14286),#13615,.F.);
#14286 = FACE_BOUND('',#14287,.F.);
#14287 = EDGE_LOOP('',(#14288,#14289,#14290,#14291,#14314,#14342));
#14288 = ORIENTED_EDGE('',*,*,#13596,.F.);
#14289 = ORIENTED_EDGE('',*,*,#14265,.T.);
#14290 = ORIENTED_EDGE('',*,*,#14018,.T.);
#14291 = ORIENTED_EDGE('',*,*,#14292,.F.);
#14292 = EDGE_CURVE('',#14293,#14019,#14295,.T.);
#14293 = VERTEX_POINT('',#14294);
#14294 = CARTESIAN_POINT('',(-7.,20.999999977809,28.));
#14295 = SURFACE_CURVE('',#14296,(#14300,#14307),.PCURVE_S1.);
#14296 = LINE('',#14297,#14298);
#14297 = CARTESIAN_POINT('',(-7.,20.999999955619,3.));
#14298 = VECTOR('',#14299,1.);
#14299 = DIRECTION('',(0.,0.,1.));
#14300 = PCURVE('',#13615,#14301);
#14301 = DEFINITIONAL_REPRESENTATION('',(#14302),#14306);
#14302 = LINE('',#14303,#14304);
#14303 = CARTESIAN_POINT('',(1.570796326795,0.));
#14304 = VECTOR('',#14305,1.);
#14305 = DIRECTION('',(0.,-1.));
#14306 = ( GEOMETRIC_REPRESENTATION_CONTEXT(2) 
PARAMETRIC_REPRESENTATION_CONTEXT() REPRESENTATION_CONTEXT('2D SPACE',''
  ) );
#14307 = PCURVE('',#14062,#14308);
#14308 = DEFINITIONAL_REPRESENTATION('',(#14309),#14313);
#14309 = LINE('',#14310,#14311);
#14310 = CARTESIAN_POINT('',(0.,0.));
#14311 = VECTOR('',#14312,1.);
#14312 = DIRECTION('',(0.,-1.));
#14313 = ( GEOMETRIC_REPRESENTATION_CONTEXT(2) 
PARAMETRIC_REPRESENTATION_CONTEXT() REPRESENTATION_CONTEXT('2D SPACE',''
  ) );
#14314 = ORIENTED_EDGE('',*,*,#14315,.F.);
#14315 = EDGE_CURVE('',#14316,#14293,#14318,.T.);
#14316 = VERTEX_POINT('',#14317);
#14317 = CARTESIAN_POINT('',(-7.,20.999999977809,12.));
#14318 = SURFACE_CURVE('',#14319,(#14323,#14330),.PCURVE_S1.);
#14319 = LINE('',#14320,#14321);
#14320 = CARTESIAN_POINT('',(-7.,20.999999955619,3.));
#14321 = VECTOR('',#14322,1.);
#14322 = DIRECTION('',(0.,0.,1.));
#14323 = PCURVE('',#13615,#14324);
#14324 = DEFINITIONAL_REPRESENTATION('',(#14325),#14329);
#14325 = LINE('',#14326,#14327);
#14326 = CARTESIAN_POINT('',(1.570796326795,0.));
#14327 = VECTOR('',#14328,1.);
#14328 = DIRECTION('',(0.,-1.));
#14329 = ( GEOMETRIC_REPRESENTATION_CONTEXT(2) 
PARAMETRIC_REPRESENTATION_CONTEXT() REPRESENTATION_CONTEXT('2D SPACE',''
  ) );
#14330 = PCURVE('',#14331,#14336);
#14331 = PLANE('',#14332);
#14332 = AXIS2_PLACEMENT_3D('',#14333,#14334,#14335);
#14333 = CARTESIAN_POINT('',(-9.,21.,12.));
#14334 = DIRECTION('',(-0.,1.,0.));
#14335 = DIRECTION('',(0.,0.,1.));
#14336 = DEFINITIONAL_REPRESENTATION('',(#14337),#14341);
#14337 = LINE('',#14338,#14339);
#14338 = CARTESIAN_POINT('',(-9.,2.));
#14339 = VECTOR('',#14340,1.);
#14340 = DIRECTION('',(1.,0.));
#14341 = ( GEOMETRIC_REPRESENTATION_CONTEXT(2) 
PARAMETRIC_REPRESENTATION_CONTEXT() REPRESENTATION_CONTEXT('2D SPACE',''
  ) );
#14342 = ORIENTED_EDGE('',*,*,#14343,.F.);
#14343 = EDGE_CURVE('',#13569,#14316,#14344,.T.);
#14344 = SURFACE_CURVE('',#14345,(#14349,#14356),.PCURVE_S1.);
#14345 = LINE('',#14346,#14347);
#14346 = CARTESIAN_POINT('',(-7.,20.999999955619,3.));
#14347 = VECTOR('',#14348,1.);
#14348 = DIRECTION('',(0.,0.,1.));
#14349 = PCURVE('',#13615,#14350);
#14350 = DEFINITIONAL_REPRESENTATION('',(#14351),#14355);
#14351 = LINE('',#14352,#14353);
#14352 = CARTESIAN_POINT('',(1.570796326795,0.));
#14353 = VECTOR('',#14354,1.);
#14354 = DIRECTION('',(0.,-1.));
#14355 = ( GEOMETRIC_REPRESENTATION_CONTEXT(2) 
PARAMETRIC_REPRESENTATION_CONTEXT() REPRESENTATION_CONTEXT('2D SPACE',''
  ) );
#14356 = PCURVE('',#13584,#14357);
#14357 = DEFINITIONAL_REPRESENTATION('',(#14358),#14362);
#14358 = LINE('',#14359,#14360);
#14359 = CARTESIAN_POINT('',(0.,0.));
#14360 = VECTOR('',#14361,1.);
#14361 = DIRECTION('',(0.,-1.));
#14362 = ( GEOMETRIC_REPRESENTATION_CONTEXT(2) 
PARAMETRIC_REPRESENTATION_CONTEXT() REPRESENTATION_CONTEXT('2D SPACE',''
  ) );
#14363 = ADVANCED_FACE('',(#14364),#13584,.F.);
#14364 = FACE_BOUND('',#14365,.F.);
#14365 = EDGE_LOOP('',(#14366,#14367,#14368,#14396));
#14366 = ORIENTED_EDGE('',*,*,#13568,.F.);
#14367 = ORIENTED_EDGE('',*,*,#14343,.T.);
#14368 = ORIENTED_EDGE('',*,*,#14369,.T.);
#14369 = EDGE_CURVE('',#14316,#14370,#14372,.T.);
#14370 = VERTEX_POINT('',#14371);
#14371 = CARTESIAN_POINT('',(7.,20.999999999556,12.));
#14372 = SURFACE_CURVE('',#14373,(#14377,#14384),.PCURVE_S1.);
#14373 = LINE('',#14374,#14375);
#14374 = CARTESIAN_POINT('',(-9.,21.,12.));
#14375 = VECTOR('',#14376,1.);
#14376 = DIRECTION('',(1.,0.,-0.));
#14377 = PCURVE('',#13584,#14378);
#14378 = DEFINITIONAL_REPRESENTATION('',(#14379),#14383);
#14379 = LINE('',#14380,#14381);
#14380 = CARTESIAN_POINT('',(-2.,-9.));
#14381 = VECTOR('',#14382,1.);
#14382 = DIRECTION('',(1.,0.));
#14383 = ( GEOMETRIC_REPRESENTATION_CONTEXT(2) 
PARAMETRIC_REPRESENTATION_CONTEXT() REPRESENTATION_CONTEXT('2D SPACE',''
  ) );
#14384 = PCURVE('',#14385,#14390);
#14385 = PLANE('',#14386);
#14386 = AXIS2_PLACEMENT_3D('',#14387,#14388,#14389);
#14387 = CARTESIAN_POINT('',(-9.,21.,12.));
#14388 = DIRECTION('',(0.,0.,1.));
#14389 = DIRECTION('',(1.,0.,-0.));
#14390 = DEFINITIONAL_REPRESENTATION('',(#14391),#14395);
#14391 = LINE('',#14392,#14393);
#14392 = CARTESIAN_POINT('',(0.,0.));
#14393 = VECTOR('',#14394,1.);
#14394 = DIRECTION('',(1.,0.));
#14395 = ( GEOMETRIC_REPRESENTATION_CONTEXT(2) 
PARAMETRIC_REPRESENTATION_CONTEXT() REPRESENTATION_CONTEXT('2D SPACE',''
  ) );
#14396 = ORIENTED_EDGE('',*,*,#14397,.F.);
#14397 = EDGE_CURVE('',#13536,#14370,#14398,.T.);
#14398 = SURFACE_CURVE('',#14399,(#14403,#14410),.PCURVE_S1.);
#14399 = LINE('',#14400,#14401);
#14400 = CARTESIAN_POINT('',(7.,20.999999999113,3.));
#14401 = VECTOR('',#14402,1.);
#14402 = DIRECTION('',(0.,0.,1.));
#14403 = PCURVE('',#13584,#14404);
#14404 = DEFINITIONAL_REPRESENTATION('',(#14405),#14409);
#14405 = LINE('',#14406,#14407);
#14406 = CARTESIAN_POINT('',(14.,0.));
#14407 = VECTOR('',#14408,1.);
#14408 = DIRECTION('',(0.,-1.));
#14409 = ( GEOMETRIC_REPRESENTATION_CONTEXT(2) 
PARAMETRIC_REPRESENTATION_CONTEXT() REPRESENTATION_CONTEXT('2D SPACE',''
  ) );
#14410 = PCURVE('',#13556,#14411);
#14411 = DEFINITIONAL_REPRESENTATION('',(#14412),#14416);
#14412 = LINE('',#14413,#14414);
#14413 = CARTESIAN_POINT('',(1.570796326795,0.));
#14414 = VECTOR('',#14415,1.);
#14415 = DIRECTION('',(0.,-1.));
#14416 = ( GEOMETRIC_REPRESENTATION_CONTEXT(2) 
PARAMETRIC_REPRESENTATION_CONTEXT() REPRESENTATION_CONTEXT('2D SPACE',''
  ) );
#14417 = ADVANCED_FACE('',(#14418),#13556,.F.);
#14418 = FACE_BOUND('',#14419,.F.);
#14419 = EDGE_LOOP('',(#14420,#14421,#14422,#14450,#14471,#14472));
#14420 = ORIENTED_EDGE('',*,*,#13535,.F.);
#14421 = ORIENTED_EDGE('',*,*,#14397,.T.);
#14422 = ORIENTED_EDGE('',*,*,#14423,.T.);
#14423 = EDGE_CURVE('',#14370,#14424,#14426,.T.);
#14424 = VERTEX_POINT('',#14425);
#14425 = CARTESIAN_POINT('',(7.,20.999999999556,28.));
#14426 = SURFACE_CURVE('',#14427,(#14431,#14438),.PCURVE_S1.);
#14427 = LINE('',#14428,#14429);
#14428 = CARTESIAN_POINT('',(7.,20.999999999113,3.));
#14429 = VECTOR('',#14430,1.);
#14430 = DIRECTION('',(0.,0.,1.));
#14431 = PCURVE('',#13556,#14432);
#14432 = DEFINITIONAL_REPRESENTATION('',(#14433),#14437);
#14433 = LINE('',#14434,#14435);
#14434 = CARTESIAN_POINT('',(1.570796326795,0.));
#14435 = VECTOR('',#14436,1.);
#14436 = DIRECTION('',(0.,-1.));
#14437 = ( GEOMETRIC_REPRESENTATION_CONTEXT(2) 
PARAMETRIC_REPRESENTATION_CONTEXT() REPRESENTATION_CONTEXT('2D SPACE',''
  ) );
#14438 = PCURVE('',#14439,#14444);
#14439 = PLANE('',#14440);
#14440 = AXIS2_PLACEMENT_3D('',#14441,#14442,#14443);
#14441 = CARTESIAN_POINT('',(-9.,21.,12.));
#14442 = DIRECTION('',(-0.,1.,0.));
#14443 = DIRECTION('',(0.,0.,1.));
#14444 = DEFINITIONAL_REPRESENTATION('',(#14445),#14449);
#14445 = LINE('',#14446,#14447);
#14446 = CARTESIAN_POINT('',(-9.,16.));
#14447 = VECTOR('',#14448,1.);
#14448 = DIRECTION('',(1.,0.));
#14449 = ( GEOMETRIC_REPRESENTATION_CONTEXT(2) 
PARAMETRIC_REPRESENTATION_CONTEXT() REPRESENTATION_CONTEXT('2D SPACE',''
  ) );
#14450 = ORIENTED_EDGE('',*,*,#14451,.T.);
#14451 = EDGE_CURVE('',#14424,#14047,#14452,.T.);
#14452 = SURFACE_CURVE('',#14453,(#14457,#14464),.PCURVE_S1.);
#14453 = LINE('',#14454,#14455);
#14454 = CARTESIAN_POINT('',(7.,20.999999999113,3.));
#14455 = VECTOR('',#14456,1.);
#14456 = DIRECTION('',(0.,0.,1.));
#14457 = PCURVE('',#13556,#14458);
#14458 = DEFINITIONAL_REPRESENTATION('',(#14459),#14463);
#14459 = LINE('',#14460,#14461);
#14460 = CARTESIAN_POINT('',(1.570796326795,0.));
#14461 = VECTOR('',#14462,1.);
#14462 = DIRECTION('',(0.,-1.));
#14463 = ( GEOMETRIC_REPRESENTATION_CONTEXT(2) 
PARAMETRIC_REPRESENTATION_CONTEXT() REPRESENTATION_CONTEXT('2D SPACE',''
  ) );
#14464 = PCURVE('',#14062,#14465);
#14465 = DEFINITIONAL_REPRESENTATION('',(#14466),#14470);
#14466 = LINE('',#14467,#14468);
#14467 = CARTESIAN_POINT('',(14.,0.));
#14468 = VECTOR('',#14469,1.);
#14469 = DIRECTION('',(0.,-1.));
#14470 = ( GEOMETRIC_REPRESENTATION_CONTEXT(2) 
PARAMETRIC_REPRESENTATION_CONTEXT() REPRESENTATION_CONTEXT('2D SPACE',''
  ) );
#14471 = ORIENTED_EDGE('',*,*,#14073,.T.);
#14472 = ORIENTED_EDGE('',*,*,#14473,.F.);
#14473 = EDGE_CURVE('',#13508,#14074,#14474,.T.);
#14474 = SURFACE_CURVE('',#14475,(#14479,#14486),.PCURVE_S1.);
#14475 = LINE('',#14476,#14477);
#14476 = CARTESIAN_POINT('',(22.,5.999999998226,3.));
#14477 = VECTOR('',#14478,1.);
#14478 = DIRECTION('',(0.,0.,1.));
#14479 = PCURVE('',#13556,#14480);
#14480 = DEFINITIONAL_REPRESENTATION('',(#14481),#14485);
#14481 = LINE('',#14482,#14483);
#14482 = CARTESIAN_POINT('',(3.14159265359,0.));
#14483 = VECTOR('',#14484,1.);
#14484 = DIRECTION('',(0.,-1.));
#14485 = ( GEOMETRIC_REPRESENTATION_CONTEXT(2) 
PARAMETRIC_REPRESENTATION_CONTEXT() REPRESENTATION_CONTEXT('2D SPACE',''
  ) );
#14486 = PCURVE('',#13523,#14487);
#14487 = DEFINITIONAL_REPRESENTATION('',(#14488),#14492);
#14488 = LINE('',#14489,#14490);
#14489 = CARTESIAN_POINT('',(11.999999998226,0.));
#14490 = VECTOR('',#14491,1.);
#14491 = DIRECTION('',(0.,-1.));
#14492 = ( GEOMETRIC_REPRESENTATION_CONTEXT(2) 
PARAMETRIC_REPRESENTATION_CONTEXT() REPRESENTATION_CONTEXT('2D SPACE',''
  ) );
#14493 = ADVANCED_FACE('',(#14494),#13523,.T.);
#14494 = FACE_BOUND('',#14495,.T.);
#14495 = EDGE_LOOP('',(#14496,#14497,#14518,#14519));
#14496 = ORIENTED_EDGE('',*,*,#13507,.F.);
#14497 = ORIENTED_EDGE('',*,*,#14498,.T.);
#14498 = EDGE_CURVE('',#13475,#13813,#14499,.T.);
#14499 = SURFACE_CURVE('',#14500,(#14504,#14511),.PCURVE_S1.);
#14500 = LINE('',#14501,#14502);
#14501 = CARTESIAN_POINT('',(21.999999996803,-6.,3.));
#14502 = VECTOR('',#14503,1.);
#14503 = DIRECTION('',(0.,0.,1.));
#14504 = PCURVE('',#13523,#14505);
#14505 = DEFINITIONAL_REPRESENTATION('',(#14506),#14510);
#14506 = LINE('',#14507,#14508);
#14507 = CARTESIAN_POINT('',(0.,0.));
#14508 = VECTOR('',#14509,1.);
#14509 = DIRECTION('',(0.,-1.));
#14510 = ( GEOMETRIC_REPRESENTATION_CONTEXT(2) 
PARAMETRIC_REPRESENTATION_CONTEXT() REPRESENTATION_CONTEXT('2D SPACE',''
  ) );
#14511 = PCURVE('',#13495,#14512);
#14512 = DEFINITIONAL_REPRESENTATION('',(#14513),#14517);
#14513 = LINE('',#14514,#14515);
#14514 = CARTESIAN_POINT('',(3.14159265359,0.));
#14515 = VECTOR('',#14516,1.);
#14516 = DIRECTION('',(0.,-1.));
#14517 = ( GEOMETRIC_REPRESENTATION_CONTEXT(2) 
PARAMETRIC_REPRESENTATION_CONTEXT() REPRESENTATION_CONTEXT('2D SPACE',''
  ) );
#14518 = ORIENTED_EDGE('',*,*,#14101,.F.);
#14519 = ORIENTED_EDGE('',*,*,#14473,.F.);
#14520 = ADVANCED_FACE('',(#14521),#13495,.F.);
#14521 = FACE_BOUND('',#14522,.F.);
#14522 = EDGE_LOOP('',(#14523,#14524,#14525,#14526));
#14523 = ORIENTED_EDGE('',*,*,#13474,.F.);
#14524 = ORIENTED_EDGE('',*,*,#14498,.T.);
#14525 = ORIENTED_EDGE('',*,*,#13812,.T.);
#14526 = ORIENTED_EDGE('',*,*,#14527,.T.);
#14527 = EDGE_CURVE('',#13815,#13446,#14528,.T.);
#14528 = SURFACE_CURVE('',#14529,(#14533,#14539),.PCURVE_S1.);
#14529 = LINE('',#14530,#14531);
#14530 = CARTESIAN_POINT('',(20.401925205722,-12.7370914057,3.));
#14531 = VECTOR('',#14532,1.);
#14532 = DIRECTION('',(0.,0.,-1.));
#14533 = PCURVE('',#13495,#14534);
#14534 = DEFINITIONAL_REPRESENTATION('',(#14535),#14538);
#14535 = B_SPLINE_CURVE_WITH_KNOTS('',1,(#14536,#14537),.UNSPECIFIED.,
  .F.,.F.,(2,2),(-29.0000024,2.400000000069E-06),
  .PIECEWISE_BEZIER_KNOTS.);
#14536 = CARTESIAN_POINT('',(3.607394569643,-29.0000024));
#14537 = CARTESIAN_POINT('',(3.607394569643,2.400000000069E-06));
#14538 = ( GEOMETRIC_REPRESENTATION_CONTEXT(2) 
PARAMETRIC_REPRESENTATION_CONTEXT() REPRESENTATION_CONTEXT('2D SPACE',''
  ) );
#14539 = PCURVE('',#13462,#14540);
#14540 = DEFINITIONAL_REPRESENTATION('',(#14541),#14544);
#14541 = B_SPLINE_CURVE_WITH_KNOTS('',1,(#14542,#14543),.UNSPECIFIED.,
  .F.,.F.,(2,2),(-29.0000024,2.400000000069E-06),
  .PIECEWISE_BEZIER_KNOTS.);
#14542 = CARTESIAN_POINT('',(0.755606002341,29.0000024));
#14543 = CARTESIAN_POINT('',(0.755606002341,-2.400000000069E-06));
#14544 = ( GEOMETRIC_REPRESENTATION_CONTEXT(2) 
PARAMETRIC_REPRESENTATION_CONTEXT() REPRESENTATION_CONTEXT('2D SPACE',''
  ) );
#14545 = ADVANCED_FACE('',(#14546),#13462,.T.);
#14546 = FACE_BOUND('',#14547,.T.);
#14547 = EDGE_LOOP('',(#14548,#14549,#14550,#14551));
#14548 = ORIENTED_EDGE('',*,*,#13842,.F.);
#14549 = ORIENTED_EDGE('',*,*,#14527,.T.);
#14550 = ORIENTED_EDGE('',*,*,#13445,.T.);
#14551 = ORIENTED_EDGE('',*,*,#14552,.F.);
#14552 = EDGE_CURVE('',#13843,#13413,#14553,.T.);
#14553 = SURFACE_CURVE('',#14554,(#14558,#14564),.PCURVE_S1.);
#14554 = LINE('',#14555,#14556);
#14555 = CARTESIAN_POINT('',(16.257530232087,-17.80246304309,3.));
#14556 = VECTOR('',#14557,1.);
#14557 = DIRECTION('',(0.,0.,-1.));
#14558 = PCURVE('',#13462,#14559);
#14559 = DEFINITIONAL_REPRESENTATION('',(#14560),#14563);
#14560 = B_SPLINE_CURVE_WITH_KNOTS('',1,(#14561,#14562),.UNSPECIFIED.,
  .F.,.F.,(2,2),(-29.0000024,2.400000000069E-06),
  .PIECEWISE_BEZIER_KNOTS.);
#14561 = CARTESIAN_POINT('',(4.156120283596,29.0000024));
#14562 = CARTESIAN_POINT('',(4.156120283596,-2.400000000069E-06));
#14563 = ( GEOMETRIC_REPRESENTATION_CONTEXT(2) 
PARAMETRIC_REPRESENTATION_CONTEXT() REPRESENTATION_CONTEXT('2D SPACE',''
  ) );
#14564 = PCURVE('',#13433,#14565);
#14565 = DEFINITIONAL_REPRESENTATION('',(#14566),#14569);
#14566 = B_SPLINE_CURVE_WITH_KNOTS('',1,(#14567,#14568),.UNSPECIFIED.,
  .F.,.F.,(2,2),(-29.0000024,2.400000000069E-06),
  .PIECEWISE_BEZIER_KNOTS.);
#14567 = CARTESIAN_POINT('',(4.04724975878,-29.0000024));
#14568 = CARTESIAN_POINT('',(4.04724975878,2.400000000069E-06));
#14569 = ( GEOMETRIC_REPRESENTATION_CONTEXT(2) 
PARAMETRIC_REPRESENTATION_CONTEXT() REPRESENTATION_CONTEXT('2D SPACE',''
  ) );
#14570 = ADVANCED_FACE('',(#14571),#13433,.F.);
#14571 = FACE_BOUND('',#14572,.F.);
#14572 = EDGE_LOOP('',(#14573,#14574,#14575,#14576));
#14573 = ORIENTED_EDGE('',*,*,#13412,.F.);
#14574 = ORIENTED_EDGE('',*,*,#14552,.F.);
#14575 = ORIENTED_EDGE('',*,*,#13866,.T.);
#14576 = ORIENTED_EDGE('',*,*,#14577,.F.);
#14577 = EDGE_CURVE('',#13385,#13867,#14578,.T.);
#14578 = SURFACE_CURVE('',#14579,(#14583,#14590),.PCURVE_S1.);
#14579 = LINE('',#14580,#14581);
#14580 = CARTESIAN_POINT('',(6.999999993606,-21.,3.));
#14581 = VECTOR('',#14582,1.);
#14582 = DIRECTION('',(0.,0.,1.));
#14583 = PCURVE('',#13433,#14584);
#14584 = DEFINITIONAL_REPRESENTATION('',(#14585),#14589);
#14585 = LINE('',#14586,#14587);
#14586 = CARTESIAN_POINT('',(4.712388980385,0.));
#14587 = VECTOR('',#14588,1.);
#14588 = DIRECTION('',(0.,-1.));
#14589 = ( GEOMETRIC_REPRESENTATION_CONTEXT(2) 
PARAMETRIC_REPRESENTATION_CONTEXT() REPRESENTATION_CONTEXT('2D SPACE',''
  ) );
#14590 = PCURVE('',#13400,#14591);
#14591 = DEFINITIONAL_REPRESENTATION('',(#14592),#14596);
#14592 = LINE('',#14593,#14594);
#14593 = CARTESIAN_POINT('',(13.999999993606,0.));
#14594 = VECTOR('',#14595,1.);
#14595 = DIRECTION('',(0.,-1.));
#14596 = ( GEOMETRIC_REPRESENTATION_CONTEXT(2) 
PARAMETRIC_REPRESENTATION_CONTEXT() REPRESENTATION_CONTEXT('2D SPACE',''
  ) );
#14597 = ADVANCED_FACE('',(#14598),#13400,.T.);
#14598 = FACE_BOUND('',#14599,.T.);
#14599 = EDGE_LOOP('',(#14600,#14601,#14622,#14623));
#14600 = ORIENTED_EDGE('',*,*,#13384,.F.);
#14601 = ORIENTED_EDGE('',*,*,#14602,.T.);
#14602 = EDGE_CURVE('',#13352,#13895,#14603,.T.);
#14603 = SURFACE_CURVE('',#14604,(#14608,#14615),.PCURVE_S1.);
#14604 = LINE('',#14605,#14606);
#14605 = CARTESIAN_POINT('',(-7.,-21.,3.));
#14606 = VECTOR('',#14607,1.);
#14607 = DIRECTION('',(0.,0.,1.));
#14608 = PCURVE('',#13400,#14609);
#14609 = DEFINITIONAL_REPRESENTATION('',(#14610),#14614);
#14610 = LINE('',#14611,#14612);
#14611 = CARTESIAN_POINT('',(0.,0.));
#14612 = VECTOR('',#14613,1.);
#14613 = DIRECTION('',(0.,-1.));
#14614 = ( GEOMETRIC_REPRESENTATION_CONTEXT(2) 
PARAMETRIC_REPRESENTATION_CONTEXT() REPRESENTATION_CONTEXT('2D SPACE',''
  ) );
#14615 = PCURVE('',#13372,#14616);
#14616 = DEFINITIONAL_REPRESENTATION('',(#14617),#14621);
#14617 = LINE('',#14618,#14619);
#14618 = CARTESIAN_POINT('',(4.712388980385,0.));
#14619 = VECTOR('',#14620,1.);
#14620 = DIRECTION('',(0.,-1.));
#14621 = ( GEOMETRIC_REPRESENTATION_CONTEXT(2) 
PARAMETRIC_REPRESENTATION_CONTEXT() REPRESENTATION_CONTEXT('2D SPACE',''
  ) );
#14622 = ORIENTED_EDGE('',*,*,#13894,.F.);
#14623 = ORIENTED_EDGE('',*,*,#14577,.F.);
#14624 = ADVANCED_FACE('',(#14625),#13372,.F.);
#14625 = FACE_BOUND('',#14626,.F.);
#14626 = EDGE_LOOP('',(#14627,#14628,#14629,#14630));
#14627 = ORIENTED_EDGE('',*,*,#13351,.F.);
#14628 = ORIENTED_EDGE('',*,*,#14602,.T.);
#14629 = ORIENTED_EDGE('',*,*,#13916,.T.);
#14630 = ORIENTED_EDGE('',*,*,#14631,.T.);
#14631 = EDGE_CURVE('',#13917,#13319,#14632,.T.);
#14632 = SURFACE_CURVE('',#14633,(#14637,#14643),.PCURVE_S1.);
#14633 = LINE('',#14634,#14635);
#14634 = CARTESIAN_POINT('',(-16.25753023565,-17.80246304531,3.));
#14635 = VECTOR('',#14636,1.);
#14636 = DIRECTION('',(0.,0.,-1.));
#14637 = PCURVE('',#13372,#14638);
#14638 = DEFINITIONAL_REPRESENTATION('',(#14639),#14642);
#14639 = B_SPLINE_CURVE_WITH_KNOTS('',1,(#14640,#14641),.UNSPECIFIED.,
  .F.,.F.,(2,2),(-29.0000024,2.400000000069E-06),
  .PIECEWISE_BEZIER_KNOTS.);
#14640 = CARTESIAN_POINT('',(5.37752820175,-29.0000024));
#14641 = CARTESIAN_POINT('',(5.37752820175,2.400000000069E-06));
#14642 = ( GEOMETRIC_REPRESENTATION_CONTEXT(2) 
PARAMETRIC_REPRESENTATION_CONTEXT() REPRESENTATION_CONTEXT('2D SPACE',''
  ) );
#14643 = PCURVE('',#13339,#14644);
#14644 = DEFINITIONAL_REPRESENTATION('',(#14645),#14648);
#14645 = B_SPLINE_CURVE_WITH_KNOTS('',1,(#14646,#14647),.UNSPECIFIED.,
  .F.,.F.,(2,2),(-29.,0.),.PIECEWISE_BEZIER_KNOTS.);
#14646 = CARTESIAN_POINT('',(5.268657675901,29.));
#14647 = CARTESIAN_POINT('',(5.268657675901,0.));
#14648 = ( GEOMETRIC_REPRESENTATION_CONTEXT(2) 
PARAMETRIC_REPRESENTATION_CONTEXT() REPRESENTATION_CONTEXT('2D SPACE',''
  ) );
#14649 = ADVANCED_FACE('',(#14650),#13339,.T.);
#14650 = FACE_BOUND('',#14651,.T.);
#14651 = EDGE_LOOP('',(#14652,#14653,#14672,#14673));
#14652 = ORIENTED_EDGE('',*,*,#13318,.F.);
#14653 = ORIENTED_EDGE('',*,*,#14654,.F.);
#14654 = EDGE_CURVE('',#13945,#13286,#14655,.T.);
#14655 = SURFACE_CURVE('',#14656,(#14660,#14666),.PCURVE_S1.);
#14656 = LINE('',#14657,#14658);
#14657 = CARTESIAN_POINT('',(-20.40192520989,-12.73709141013,3.));
#14658 = VECTOR('',#14659,1.);
#14659 = DIRECTION('',(0.,0.,-1.));
#14660 = PCURVE('',#13339,#14661);
#14661 = DEFINITIONAL_REPRESENTATION('',(#14662),#14665);
#14662 = B_SPLINE_CURVE_WITH_KNOTS('',1,(#14663,#14664),.UNSPECIFIED.,
  .F.,.F.,(2,2),(-29.,-0.),.PIECEWISE_BEZIER_KNOTS.);
#14663 = CARTESIAN_POINT('',(8.669171960271,29.));
#14664 = CARTESIAN_POINT('',(8.669171960271,0.));
#14665 = ( GEOMETRIC_REPRESENTATION_CONTEXT(2) 
PARAMETRIC_REPRESENTATION_CONTEXT() REPRESENTATION_CONTEXT('2D SPACE',''
  ) );
#14666 = PCURVE('',#13306,#14667);
#14667 = DEFINITIONAL_REPRESENTATION('',(#14668),#14671);
#14668 = B_SPLINE_CURVE_WITH_KNOTS('',1,(#14669,#14670),.UNSPECIFIED.,
  .F.,.F.,(2,2),(-29.0000024,2.400000000069E-06),
  .PIECEWISE_BEZIER_KNOTS.);
#14669 = CARTESIAN_POINT('',(5.817383390796,-29.0000024));
#14670 = CARTESIAN_POINT('',(5.817383390796,2.400000000069E-06));
#14671 = ( GEOMETRIC_REPRESENTATION_CONTEXT(2) 
PARAMETRIC_REPRESENTATION_CONTEXT() REPRESENTATION_CONTEXT('2D SPACE',''
  ) );
#14672 = ORIENTED_EDGE('',*,*,#13944,.F.);
#14673 = ORIENTED_EDGE('',*,*,#14631,.T.);
#14674 = ADVANCED_FACE('',(#14675),#13306,.F.);
#14675 = FACE_BOUND('',#14676,.F.);
#14676 = EDGE_LOOP('',(#14677,#14678,#14679,#14680));
#14677 = ORIENTED_EDGE('',*,*,#13285,.F.);
#14678 = ORIENTED_EDGE('',*,*,#14654,.F.);
#14679 = ORIENTED_EDGE('',*,*,#13968,.T.);
#14680 = ORIENTED_EDGE('',*,*,#14243,.F.);
#14681 = ADVANCED_FACE('',(#14682),#13767,.F.);
#14682 = FACE_BOUND('',#14683,.F.);
#14683 = EDGE_LOOP('',(#14684,#14685,#14708,#14735));
#14684 = ORIENTED_EDGE('',*,*,#13750,.F.);
#14685 = ORIENTED_EDGE('',*,*,#14686,.F.);
#14686 = EDGE_CURVE('',#14687,#13751,#14689,.T.);
#14687 = VERTEX_POINT('',#14688);
#14688 = CARTESIAN_POINT('',(-17.15,-15.,24.));
#14689 = SEAM_CURVE('',#14690,(#14694,#14701),.PCURVE_S1.);
#14690 = LINE('',#14691,#14692);
#14691 = CARTESIAN_POINT('',(-17.15,-15.,24.));
#14692 = VECTOR('',#14693,1.);
#14693 = DIRECTION('',(0.,0.,1.));
#14694 = PCURVE('',#13767,#14695);
#14695 = DEFINITIONAL_REPRESENTATION('',(#14696),#14700);
#14696 = LINE('',#14697,#14698);
#14697 = CARTESIAN_POINT('',(6.28318530718,-0.));
#14698 = VECTOR('',#14699,1.);
#14699 = DIRECTION('',(0.,1.));
#14700 = ( GEOMETRIC_REPRESENTATION_CONTEXT(2) 
PARAMETRIC_REPRESENTATION_CONTEXT() REPRESENTATION_CONTEXT('2D SPACE',''
  ) );
#14701 = PCURVE('',#13767,#14702);
#14702 = DEFINITIONAL_REPRESENTATION('',(#14703),#14707);
#14703 = LINE('',#14704,#14705);
#14704 = CARTESIAN_POINT('',(0.,-0.));
#14705 = VECTOR('',#14706,1.);
#14706 = DIRECTION('',(0.,1.));
#14707 = ( GEOMETRIC_REPRESENTATION_CONTEXT(2) 
PARAMETRIC_REPRESENTATION_CONTEXT() REPRESENTATION_CONTEXT('2D SPACE',''
  ) );
#14708 = ORIENTED_EDGE('',*,*,#14709,.T.);
#14709 = EDGE_CURVE('',#14687,#14687,#14710,.T.);
#14710 = SURFACE_CURVE('',#14711,(#14716,#14723),.PCURVE_S1.);
#14711 = CIRCLE('',#14712,0.85);
#14712 = AXIS2_PLACEMENT_3D('',#14713,#14714,#14715);
#14713 = CARTESIAN_POINT('',(-18.,-15.,24.));
#14714 = DIRECTION('',(0.,0.,1.));
#14715 = DIRECTION('',(1.,0.,-0.));
#14716 = PCURVE('',#13767,#14717);
#14717 = DEFINITIONAL_REPRESENTATION('',(#14718),#14722);
#14718 = LINE('',#14719,#14720);
#14719 = CARTESIAN_POINT('',(0.,0.));
#14720 = VECTOR('',#14721,1.);
#14721 = DIRECTION('',(1.,0.));
#14722 = ( GEOMETRIC_REPRESENTATION_CONTEXT(2) 
PARAMETRIC_REPRESENTATION_CONTEXT() REPRESENTATION_CONTEXT('2D SPACE',''
  ) );
#14723 = PCURVE('',#14724,#14729);
#14724 = PLANE('',#14725);
#14725 = AXIS2_PLACEMENT_3D('',#14726,#14727,#14728);
#14726 = CARTESIAN_POINT('',(-18.,-15.,24.));
#14727 = DIRECTION('',(0.,0.,1.));
#14728 = DIRECTION('',(1.,0.,-0.));
#14729 = DEFINITIONAL_REPRESENTATION('',(#14730),#14734);
#14730 = CIRCLE('',#14731,0.85);
#14731 = AXIS2_PLACEMENT_2D('',#14732,#14733);
#14732 = CARTESIAN_POINT('',(0.,0.));
#14733 = DIRECTION('',(1.,0.));
#14734 = ( GEOMETRIC_REPRESENTATION_CONTEXT(2) 
PARAMETRIC_REPRESENTATION_CONTEXT() REPRESENTATION_CONTEXT('2D SPACE',''
  ) );
#14735 = ORIENTED_EDGE('',*,*,#14686,.T.);
#14736 = ADVANCED_FACE('',(#14737),#13798,.F.);
#14737 = FACE_BOUND('',#14738,.F.);
#14738 = EDGE_LOOP('',(#14739,#14740,#14763,#14790));
#14739 = ORIENTED_EDGE('',*,*,#13781,.F.);
#14740 = ORIENTED_EDGE('',*,*,#14741,.F.);
#14741 = EDGE_CURVE('',#14742,#13782,#14744,.T.);
#14742 = VERTEX_POINT('',#14743);
#14743 = CARTESIAN_POINT('',(18.85,-15.,24.));
#14744 = SEAM_CURVE('',#14745,(#14749,#14756),.PCURVE_S1.);
#14745 = LINE('',#14746,#14747);
#14746 = CARTESIAN_POINT('',(18.85,-15.,24.));
#14747 = VECTOR('',#14748,1.);
#14748 = DIRECTION('',(0.,0.,1.));
#14749 = PCURVE('',#13798,#14750);
#14750 = DEFINITIONAL_REPRESENTATION('',(#14751),#14755);
#14751 = LINE('',#14752,#14753);
#14752 = CARTESIAN_POINT('',(6.28318530718,-0.));
#14753 = VECTOR('',#14754,1.);
#14754 = DIRECTION('',(0.,1.));
#14755 = ( GEOMETRIC_REPRESENTATION_CONTEXT(2) 
PARAMETRIC_REPRESENTATION_CONTEXT() REPRESENTATION_CONTEXT('2D SPACE',''
  ) );
#14756 = PCURVE('',#13798,#14757);
#14757 = DEFINITIONAL_REPRESENTATION('',(#14758),#14762);
#14758 = LINE('',#14759,#14760);
#14759 = CARTESIAN_POINT('',(0.,-0.));
#14760 = VECTOR('',#14761,1.);
#14761 = DIRECTION('',(0.,1.));
#14762 = ( GEOMETRIC_REPRESENTATION_CONTEXT(2) 
PARAMETRIC_REPRESENTATION_CONTEXT() REPRESENTATION_CONTEXT('2D SPACE',''
  ) );
#14763 = ORIENTED_EDGE('',*,*,#14764,.T.);
#14764 = EDGE_CURVE('',#14742,#14742,#14765,.T.);
#14765 = SURFACE_CURVE('',#14766,(#14771,#14778),.PCURVE_S1.);
#14766 = CIRCLE('',#14767,0.85);
#14767 = AXIS2_PLACEMENT_3D('',#14768,#14769,#14770);
#14768 = CARTESIAN_POINT('',(18.,-15.,24.));
#14769 = DIRECTION('',(0.,0.,1.));
#14770 = DIRECTION('',(1.,0.,-0.));
#14771 = PCURVE('',#13798,#14772);
#14772 = DEFINITIONAL_REPRESENTATION('',(#14773),#14777);
#14773 = LINE('',#14774,#14775);
#14774 = CARTESIAN_POINT('',(0.,0.));
#14775 = VECTOR('',#14776,1.);
#14776 = DIRECTION('',(1.,0.));
#14777 = ( GEOMETRIC_REPRESENTATION_CONTEXT(2) 
PARAMETRIC_REPRESENTATION_CONTEXT() REPRESENTATION_CONTEXT('2D SPACE',''
  ) );
#14778 = PCURVE('',#14779,#14784);
#14779 = PLANE('',#14780);
#14780 = AXIS2_PLACEMENT_3D('',#14781,#14782,#14783);
#14781 = CARTESIAN_POINT('',(18.,-15.,24.));
#14782 = DIRECTION('',(0.,0.,1.));
#14783 = DIRECTION('',(1.,0.,-0.));
#14784 = DEFINITIONAL_REPRESENTATION('',(#14785),#14789);
#14785 = CIRCLE('',#14786,0.85);
#14786 = AXIS2_PLACEMENT_2D('',#14787,#14788);
#14787 = CARTESIAN_POINT('',(0.,0.));
#14788 = DIRECTION('',(1.,0.));
#14789 = ( GEOMETRIC_REPRESENTATION_CONTEXT(2) 
PARAMETRIC_REPRESENTATION_CONTEXT() REPRESENTATION_CONTEXT('2D SPACE',''
  ) );
#14790 = ORIENTED_EDGE('',*,*,#14741,.T.);
#14791 = ADVANCED_FACE('',(#14792),#14062,.F.);
#14792 = FACE_BOUND('',#14793,.F.);
#14793 = EDGE_LOOP('',(#14794,#14820,#14821,#14822));
#14794 = ORIENTED_EDGE('',*,*,#14795,.F.);
#14795 = EDGE_CURVE('',#14293,#14424,#14796,.T.);
#14796 = SURFACE_CURVE('',#14797,(#14801,#14808),.PCURVE_S1.);
#14797 = LINE('',#14798,#14799);
#14798 = CARTESIAN_POINT('',(-9.,21.,28.));
#14799 = VECTOR('',#14800,1.);
#14800 = DIRECTION('',(1.,0.,-0.));
#14801 = PCURVE('',#14062,#14802);
#14802 = DEFINITIONAL_REPRESENTATION('',(#14803),#14807);
#14803 = LINE('',#14804,#14805);
#14804 = CARTESIAN_POINT('',(-2.,-25.));
#14805 = VECTOR('',#14806,1.);
#14806 = DIRECTION('',(1.,0.));
#14807 = ( GEOMETRIC_REPRESENTATION_CONTEXT(2) 
PARAMETRIC_REPRESENTATION_CONTEXT() REPRESENTATION_CONTEXT('2D SPACE',''
  ) );
#14808 = PCURVE('',#14809,#14814);
#14809 = PLANE('',#14810);
#14810 = AXIS2_PLACEMENT_3D('',#14811,#14812,#14813);
#14811 = CARTESIAN_POINT('',(-9.,21.,28.));
#14812 = DIRECTION('',(0.,0.,1.));
#14813 = DIRECTION('',(1.,0.,-0.));
#14814 = DEFINITIONAL_REPRESENTATION('',(#14815),#14819);
#14815 = LINE('',#14816,#14817);
#14816 = CARTESIAN_POINT('',(0.,0.));
#14817 = VECTOR('',#14818,1.);
#14818 = DIRECTION('',(1.,0.));
#14819 = ( GEOMETRIC_REPRESENTATION_CONTEXT(2) 
PARAMETRIC_REPRESENTATION_CONTEXT() REPRESENTATION_CONTEXT('2D SPACE',''
  ) );
#14820 = ORIENTED_EDGE('',*,*,#14292,.T.);
#14821 = ORIENTED_EDGE('',*,*,#14046,.F.);
#14822 = ORIENTED_EDGE('',*,*,#14451,.F.);
#14823 = ADVANCED_FACE('',(#14824),#14331,.T.);
#14824 = FACE_BOUND('',#14825,.T.);
#14825 = EDGE_LOOP('',(#14826,#14849,#14877,#14898));
#14826 = ORIENTED_EDGE('',*,*,#14827,.F.);
#14827 = EDGE_CURVE('',#14828,#14316,#14830,.T.);
#14828 = VERTEX_POINT('',#14829);
#14829 = CARTESIAN_POINT('',(-9.,21.,12.));
#14830 = SURFACE_CURVE('',#14831,(#14835,#14842),.PCURVE_S1.);
#14831 = LINE('',#14832,#14833);
#14832 = CARTESIAN_POINT('',(-9.,21.,12.));
#14833 = VECTOR('',#14834,1.);
#14834 = DIRECTION('',(1.,0.,-0.));
#14835 = PCURVE('',#14331,#14836);
#14836 = DEFINITIONAL_REPRESENTATION('',(#14837),#14841);
#14837 = LINE('',#14838,#14839);
#14838 = CARTESIAN_POINT('',(0.,0.));
#14839 = VECTOR('',#14840,1.);
#14840 = DIRECTION('',(0.,1.));
#14841 = ( GEOMETRIC_REPRESENTATION_CONTEXT(2) 
PARAMETRIC_REPRESENTATION_CONTEXT() REPRESENTATION_CONTEXT('2D SPACE',''
  ) );
#14842 = PCURVE('',#14385,#14843);
#14843 = DEFINITIONAL_REPRESENTATION('',(#14844),#14848);
#14844 = LINE('',#14845,#14846);
#14845 = CARTESIAN_POINT('',(0.,0.));
#14846 = VECTOR('',#14847,1.);
#14847 = DIRECTION('',(1.,0.));
#14848 = ( GEOMETRIC_REPRESENTATION_CONTEXT(2) 
PARAMETRIC_REPRESENTATION_CONTEXT() REPRESENTATION_CONTEXT('2D SPACE',''
  ) );
#14849 = ORIENTED_EDGE('',*,*,#14850,.T.);
#14850 = EDGE_CURVE('',#14828,#14851,#14853,.T.);
#14851 = VERTEX_POINT('',#14852);
#14852 = CARTESIAN_POINT('',(-9.,21.,28.));
#14853 = SURFACE_CURVE('',#14854,(#14858,#14865),.PCURVE_S1.);
#14854 = LINE('',#14855,#14856);
#14855 = CARTESIAN_POINT('',(-9.,21.,12.));
#14856 = VECTOR('',#14857,1.);
#14857 = DIRECTION('',(0.,0.,1.));
#14858 = PCURVE('',#14331,#14859);
#14859 = DEFINITIONAL_REPRESENTATION('',(#14860),#14864);
#14860 = LINE('',#14861,#14862);
#14861 = CARTESIAN_POINT('',(0.,0.));
#14862 = VECTOR('',#14863,1.);
#14863 = DIRECTION('',(1.,0.));
#14864 = ( GEOMETRIC_REPRESENTATION_CONTEXT(2) 
PARAMETRIC_REPRESENTATION_CONTEXT() REPRESENTATION_CONTEXT('2D SPACE',''
  ) );
#14865 = PCURVE('',#14866,#14871);
#14866 = PLANE('',#14867);
#14867 = AXIS2_PLACEMENT_3D('',#14868,#14869,#14870);
#14868 = CARTESIAN_POINT('',(-9.,21.,12.));
#14869 = DIRECTION('',(1.,0.,-0.));
#14870 = DIRECTION('',(0.,0.,1.));
#14871 = DEFINITIONAL_REPRESENTATION('',(#14872),#14876);
#14872 = LINE('',#14873,#14874);
#14873 = CARTESIAN_POINT('',(0.,0.));
#14874 = VECTOR('',#14875,1.);
#14875 = DIRECTION('',(1.,0.));
#14876 = ( GEOMETRIC_REPRESENTATION_CONTEXT(2) 
PARAMETRIC_REPRESENTATION_CONTEXT() REPRESENTATION_CONTEXT('2D SPACE',''
  ) );
#14877 = ORIENTED_EDGE('',*,*,#14878,.T.);
#14878 = EDGE_CURVE('',#14851,#14293,#14879,.T.);
#14879 = SURFACE_CURVE('',#14880,(#14884,#14891),.PCURVE_S1.);
#14880 = LINE('',#14881,#14882);
#14881 = CARTESIAN_POINT('',(-9.,21.,28.));
#14882 = VECTOR('',#14883,1.);
#14883 = DIRECTION('',(1.,0.,-0.));
#14884 = PCURVE('',#14331,#14885);
#14885 = DEFINITIONAL_REPRESENTATION('',(#14886),#14890);
#14886 = LINE('',#14887,#14888);
#14887 = CARTESIAN_POINT('',(16.,0.));
#14888 = VECTOR('',#14889,1.);
#14889 = DIRECTION('',(0.,1.));
#14890 = ( GEOMETRIC_REPRESENTATION_CONTEXT(2) 
PARAMETRIC_REPRESENTATION_CONTEXT() REPRESENTATION_CONTEXT('2D SPACE',''
  ) );
#14891 = PCURVE('',#14809,#14892);
#14892 = DEFINITIONAL_REPRESENTATION('',(#14893),#14897);
#14893 = LINE('',#14894,#14895);
#14894 = CARTESIAN_POINT('',(0.,0.));
#14895 = VECTOR('',#14896,1.);
#14896 = DIRECTION('',(1.,0.));
#14897 = ( GEOMETRIC_REPRESENTATION_CONTEXT(2) 
PARAMETRIC_REPRESENTATION_CONTEXT() REPRESENTATION_CONTEXT('2D SPACE',''
  ) );
#14898 = ORIENTED_EDGE('',*,*,#14315,.F.);
#14899 = ADVANCED_FACE('',(#14900),#14385,.T.);
#14900 = FACE_BOUND('',#14901,.T.);
#14901 = EDGE_LOOP('',(#14902,#14925,#14926,#14927,#14950,#14978));
#14902 = ORIENTED_EDGE('',*,*,#14903,.F.);
#14903 = EDGE_CURVE('',#14828,#14904,#14906,.T.);
#14904 = VERTEX_POINT('',#14905);
#14905 = CARTESIAN_POINT('',(-9.,22.2,12.));
#14906 = SURFACE_CURVE('',#14907,(#14911,#14918),.PCURVE_S1.);
#14907 = LINE('',#14908,#14909);
#14908 = CARTESIAN_POINT('',(-9.,21.,12.));
#14909 = VECTOR('',#14910,1.);
#14910 = DIRECTION('',(-0.,1.,0.));
#14911 = PCURVE('',#14385,#14912);
#14912 = DEFINITIONAL_REPRESENTATION('',(#14913),#14917);
#14913 = LINE('',#14914,#14915);
#14914 = CARTESIAN_POINT('',(0.,0.));
#14915 = VECTOR('',#14916,1.);
#14916 = DIRECTION('',(0.,1.));
#14917 = ( GEOMETRIC_REPRESENTATION_CONTEXT(2) 
PARAMETRIC_REPRESENTATION_CONTEXT() REPRESENTATION_CONTEXT('2D SPACE',''
  ) );
#14918 = PCURVE('',#14866,#14919);
#14919 = DEFINITIONAL_REPRESENTATION('',(#14920),#14924);
#14920 = LINE('',#14921,#14922);
#14921 = CARTESIAN_POINT('',(0.,0.));
#14922 = VECTOR('',#14923,1.);
#14923 = DIRECTION('',(0.,-1.));
#14924 = ( GEOMETRIC_REPRESENTATION_CONTEXT(2) 
PARAMETRIC_REPRESENTATION_CONTEXT() REPRESENTATION_CONTEXT('2D SPACE',''
  ) );
#14925 = ORIENTED_EDGE('',*,*,#14827,.T.);
#14926 = ORIENTED_EDGE('',*,*,#14369,.T.);
#14927 = ORIENTED_EDGE('',*,*,#14928,.T.);
#14928 = EDGE_CURVE('',#14370,#14929,#14931,.T.);
#14929 = VERTEX_POINT('',#14930);
#14930 = CARTESIAN_POINT('',(9.,21.,12.));
#14931 = SURFACE_CURVE('',#14932,(#14936,#14943),.PCURVE_S1.);
#14932 = LINE('',#14933,#14934);
#14933 = CARTESIAN_POINT('',(-9.,21.,12.));
#14934 = VECTOR('',#14935,1.);
#14935 = DIRECTION('',(1.,0.,-0.));
#14936 = PCURVE('',#14385,#14937);
#14937 = DEFINITIONAL_REPRESENTATION('',(#14938),#14942);
#14938 = LINE('',#14939,#14940);
#14939 = CARTESIAN_POINT('',(0.,0.));
#14940 = VECTOR('',#14941,1.);
#14941 = DIRECTION('',(1.,0.));
#14942 = ( GEOMETRIC_REPRESENTATION_CONTEXT(2) 
PARAMETRIC_REPRESENTATION_CONTEXT() REPRESENTATION_CONTEXT('2D SPACE',''
  ) );
#14943 = PCURVE('',#14439,#14944);
#14944 = DEFINITIONAL_REPRESENTATION('',(#14945),#14949);
#14945 = LINE('',#14946,#14947);
#14946 = CARTESIAN_POINT('',(0.,0.));
#14947 = VECTOR('',#14948,1.);
#14948 = DIRECTION('',(0.,1.));
#14949 = ( GEOMETRIC_REPRESENTATION_CONTEXT(2) 
PARAMETRIC_REPRESENTATION_CONTEXT() REPRESENTATION_CONTEXT('2D SPACE',''
  ) );
#14950 = ORIENTED_EDGE('',*,*,#14951,.T.);
#14951 = EDGE_CURVE('',#14929,#14952,#14954,.T.);
#14952 = VERTEX_POINT('',#14953);
#14953 = CARTESIAN_POINT('',(9.,22.2,12.));
#14954 = SURFACE_CURVE('',#14955,(#14959,#14966),.PCURVE_S1.);
#14955 = LINE('',#14956,#14957);
#14956 = CARTESIAN_POINT('',(9.,21.,12.));
#14957 = VECTOR('',#14958,1.);
#14958 = DIRECTION('',(-0.,1.,0.));
#14959 = PCURVE('',#14385,#14960);
#14960 = DEFINITIONAL_REPRESENTATION('',(#14961),#14965);
#14961 = LINE('',#14962,#14963);
#14962 = CARTESIAN_POINT('',(18.,0.));
#14963 = VECTOR('',#14964,1.);
#14964 = DIRECTION('',(0.,1.));
#14965 = ( GEOMETRIC_REPRESENTATION_CONTEXT(2) 
PARAMETRIC_REPRESENTATION_CONTEXT() REPRESENTATION_CONTEXT('2D SPACE',''
  ) );
#14966 = PCURVE('',#14967,#14972);
#14967 = PLANE('',#14968);
#14968 = AXIS2_PLACEMENT_3D('',#14969,#14970,#14971);
#14969 = CARTESIAN_POINT('',(9.,21.,12.));
#14970 = DIRECTION('',(1.,0.,-0.));
#14971 = DIRECTION('',(0.,0.,1.));
#14972 = DEFINITIONAL_REPRESENTATION('',(#14973),#14977);
#14973 = LINE('',#14974,#14975);
#14974 = CARTESIAN_POINT('',(0.,0.));
#14975 = VECTOR('',#14976,1.);
#14976 = DIRECTION('',(0.,-1.));
#14977 = ( GEOMETRIC_REPRESENTATION_CONTEXT(2) 
PARAMETRIC_REPRESENTATION_CONTEXT() REPRESENTATION_CONTEXT('2D SPACE',''
  ) );
#14978 = ORIENTED_EDGE('',*,*,#14979,.F.);
#14979 = EDGE_CURVE('',#14904,#14952,#14980,.T.);
#14980 = SURFACE_CURVE('',#14981,(#14985,#14992),.PCURVE_S1.);
#14981 = LINE('',#14982,#14983);
#14982 = CARTESIAN_POINT('',(-9.,22.2,12.));
#14983 = VECTOR('',#14984,1.);
#14984 = DIRECTION('',(1.,0.,-0.));
#14985 = PCURVE('',#14385,#14986);
#14986 = DEFINITIONAL_REPRESENTATION('',(#14987),#14991);
#14987 = LINE('',#14988,#14989);
#14988 = CARTESIAN_POINT('',(0.,1.2));
#14989 = VECTOR('',#14990,1.);
#14990 = DIRECTION('',(1.,0.));
#14991 = ( GEOMETRIC_REPRESENTATION_CONTEXT(2) 
PARAMETRIC_REPRESENTATION_CONTEXT() REPRESENTATION_CONTEXT('2D SPACE',''
  ) );
#14992 = PCURVE('',#14993,#14998);
#14993 = PLANE('',#14994);
#14994 = AXIS2_PLACEMENT_3D('',#14995,#14996,#14997);
#14995 = CARTESIAN_POINT('',(-9.,22.2,12.));
#14996 = DIRECTION('',(-0.,1.,0.));
#14997 = DIRECTION('',(0.,0.,1.));
#14998 = DEFINITIONAL_REPRESENTATION('',(#14999),#15003);
#14999 = LINE('',#15000,#15001);
#15000 = CARTESIAN_POINT('',(0.,0.));
#15001 = VECTOR('',#15002,1.);
#15002 = DIRECTION('',(0.,1.));
#15003 = ( GEOMETRIC_REPRESENTATION_CONTEXT(2) 
PARAMETRIC_REPRESENTATION_CONTEXT() REPRESENTATION_CONTEXT('2D SPACE',''
  ) );
#15004 = ADVANCED_FACE('',(#15005),#14439,.T.);
#15005 = FACE_BOUND('',#15006,.T.);
#15006 = EDGE_LOOP('',(#15007,#15008,#15009,#15032));
#15007 = ORIENTED_EDGE('',*,*,#14928,.F.);
#15008 = ORIENTED_EDGE('',*,*,#14423,.T.);
#15009 = ORIENTED_EDGE('',*,*,#15010,.T.);
#15010 = EDGE_CURVE('',#14424,#15011,#15013,.T.);
#15011 = VERTEX_POINT('',#15012);
#15012 = CARTESIAN_POINT('',(9.,21.,28.));
#15013 = SURFACE_CURVE('',#15014,(#15018,#15025),.PCURVE_S1.);
#15014 = LINE('',#15015,#15016);
#15015 = CARTESIAN_POINT('',(-9.,21.,28.));
#15016 = VECTOR('',#15017,1.);
#15017 = DIRECTION('',(1.,0.,-0.));
#15018 = PCURVE('',#14439,#15019);
#15019 = DEFINITIONAL_REPRESENTATION('',(#15020),#15024);
#15020 = LINE('',#15021,#15022);
#15021 = CARTESIAN_POINT('',(16.,0.));
#15022 = VECTOR('',#15023,1.);
#15023 = DIRECTION('',(0.,1.));
#15024 = ( GEOMETRIC_REPRESENTATION_CONTEXT(2) 
PARAMETRIC_REPRESENTATION_CONTEXT() REPRESENTATION_CONTEXT('2D SPACE',''
  ) );
#15025 = PCURVE('',#14809,#15026);
#15026 = DEFINITIONAL_REPRESENTATION('',(#15027),#15031);
#15027 = LINE('',#15028,#15029);
#15028 = CARTESIAN_POINT('',(0.,0.));
#15029 = VECTOR('',#15030,1.);
#15030 = DIRECTION('',(1.,0.));
#15031 = ( GEOMETRIC_REPRESENTATION_CONTEXT(2) 
PARAMETRIC_REPRESENTATION_CONTEXT() REPRESENTATION_CONTEXT('2D SPACE',''
  ) );
#15032 = ORIENTED_EDGE('',*,*,#15033,.F.);
#15033 = EDGE_CURVE('',#14929,#15011,#15034,.T.);
#15034 = SURFACE_CURVE('',#15035,(#15039,#15046),.PCURVE_S1.);
#15035 = LINE('',#15036,#15037);
#15036 = CARTESIAN_POINT('',(9.,21.,12.));
#15037 = VECTOR('',#15038,1.);
#15038 = DIRECTION('',(0.,0.,1.));
#15039 = PCURVE('',#14439,#15040);
#15040 = DEFINITIONAL_REPRESENTATION('',(#15041),#15045);
#15041 = LINE('',#15042,#15043);
#15042 = CARTESIAN_POINT('',(0.,18.));
#15043 = VECTOR('',#15044,1.);
#15044 = DIRECTION('',(1.,0.));
#15045 = ( GEOMETRIC_REPRESENTATION_CONTEXT(2) 
PARAMETRIC_REPRESENTATION_CONTEXT() REPRESENTATION_CONTEXT('2D SPACE',''
  ) );
#15046 = PCURVE('',#14967,#15047);
#15047 = DEFINITIONAL_REPRESENTATION('',(#15048),#15052);
#15048 = LINE('',#15049,#15050);
#15049 = CARTESIAN_POINT('',(0.,0.));
#15050 = VECTOR('',#15051,1.);
#15051 = DIRECTION('',(1.,0.));
#15052 = ( GEOMETRIC_REPRESENTATION_CONTEXT(2) 
PARAMETRIC_REPRESENTATION_CONTEXT() REPRESENTATION_CONTEXT('2D SPACE',''
  ) );
#15053 = ADVANCED_FACE('',(#15054),#14724,.T.);
#15054 = FACE_BOUND('',#15055,.F.);
#15055 = EDGE_LOOP('',(#15056));
#15056 = ORIENTED_EDGE('',*,*,#14709,.F.);
#15057 = ADVANCED_FACE('',(#15058),#14779,.T.);
#15058 = FACE_BOUND('',#15059,.F.);
#15059 = EDGE_LOOP('',(#15060));
#15060 = ORIENTED_EDGE('',*,*,#14764,.F.);
#15061 = ADVANCED_FACE('',(#15062),#14809,.F.);
#15062 = FACE_BOUND('',#15063,.F.);
#15063 = EDGE_LOOP('',(#15064,#15087,#15088,#15089,#15090,#15113));
#15064 = ORIENTED_EDGE('',*,*,#15065,.F.);
#15065 = EDGE_CURVE('',#14851,#15066,#15068,.T.);
#15066 = VERTEX_POINT('',#15067);
#15067 = CARTESIAN_POINT('',(-9.,22.2,28.));
#15068 = SURFACE_CURVE('',#15069,(#15073,#15080),.PCURVE_S1.);
#15069 = LINE('',#15070,#15071);
#15070 = CARTESIAN_POINT('',(-9.,21.,28.));
#15071 = VECTOR('',#15072,1.);
#15072 = DIRECTION('',(-0.,1.,0.));
#15073 = PCURVE('',#14809,#15074);
#15074 = DEFINITIONAL_REPRESENTATION('',(#15075),#15079);
#15075 = LINE('',#15076,#15077);
#15076 = CARTESIAN_POINT('',(0.,0.));
#15077 = VECTOR('',#15078,1.);
#15078 = DIRECTION('',(0.,1.));
#15079 = ( GEOMETRIC_REPRESENTATION_CONTEXT(2) 
PARAMETRIC_REPRESENTATION_CONTEXT() REPRESENTATION_CONTEXT('2D SPACE',''
  ) );
#15080 = PCURVE('',#14866,#15081);
#15081 = DEFINITIONAL_REPRESENTATION('',(#15082),#15086);
#15082 = LINE('',#15083,#15084);
#15083 = CARTESIAN_POINT('',(16.,0.));
#15084 = VECTOR('',#15085,1.);
#15085 = DIRECTION('',(0.,-1.));
#15086 = ( GEOMETRIC_REPRESENTATION_CONTEXT(2) 
PARAMETRIC_REPRESENTATION_CONTEXT() REPRESENTATION_CONTEXT('2D SPACE',''
  ) );
#15087 = ORIENTED_EDGE('',*,*,#14878,.T.);
#15088 = ORIENTED_EDGE('',*,*,#14795,.T.);
#15089 = ORIENTED_EDGE('',*,*,#15010,.T.);
#15090 = ORIENTED_EDGE('',*,*,#15091,.T.);
#15091 = EDGE_CURVE('',#15011,#15092,#15094,.T.);
#15092 = VERTEX_POINT('',#15093);
#15093 = CARTESIAN_POINT('',(9.,22.2,28.));
#15094 = SURFACE_CURVE('',#15095,(#15099,#15106),.PCURVE_S1.);
#15095 = LINE('',#15096,#15097);
#15096 = CARTESIAN_POINT('',(9.,21.,28.));
#15097 = VECTOR('',#15098,1.);
#15098 = DIRECTION('',(-0.,1.,0.));
#15099 = PCURVE('',#14809,#15100);
#15100 = DEFINITIONAL_REPRESENTATION('',(#15101),#15105);
#15101 = LINE('',#15102,#15103);
#15102 = CARTESIAN_POINT('',(18.,0.));
#15103 = VECTOR('',#15104,1.);
#15104 = DIRECTION('',(0.,1.));
#15105 = ( GEOMETRIC_REPRESENTATION_CONTEXT(2) 
PARAMETRIC_REPRESENTATION_CONTEXT() REPRESENTATION_CONTEXT('2D SPACE',''
  ) );
#15106 = PCURVE('',#14967,#15107);
#15107 = DEFINITIONAL_REPRESENTATION('',(#15108),#15112);
#15108 = LINE('',#15109,#15110);
#15109 = CARTESIAN_POINT('',(16.,0.));
#15110 = VECTOR('',#15111,1.);
#15111 = DIRECTION('',(0.,-1.));
#15112 = ( GEOMETRIC_REPRESENTATION_CONTEXT(2) 
PARAMETRIC_REPRESENTATION_CONTEXT() REPRESENTATION_CONTEXT('2D SPACE',''
  ) );
#15113 = ORIENTED_EDGE('',*,*,#15114,.F.);
#15114 = EDGE_CURVE('',#15066,#15092,#15115,.T.);
#15115 = SURFACE_CURVE('',#15116,(#15120,#15127),.PCURVE_S1.);
#15116 = LINE('',#15117,#15118);
#15117 = CARTESIAN_POINT('',(-9.,22.2,28.));
#15118 = VECTOR('',#15119,1.);
#15119 = DIRECTION('',(1.,0.,-0.));
#15120 = PCURVE('',#14809,#15121);
#15121 = DEFINITIONAL_REPRESENTATION('',(#15122),#15126);
#15122 = LINE('',#15123,#15124);
#15123 = CARTESIAN_POINT('',(0.,1.2));
#15124 = VECTOR('',#15125,1.);
#15125 = DIRECTION('',(1.,0.));
#15126 = ( GEOMETRIC_REPRESENTATION_CONTEXT(2) 
PARAMETRIC_REPRESENTATION_CONTEXT() REPRESENTATION_CONTEXT('2D SPACE',''
  ) );
#15127 = PCURVE('',#14993,#15128);
#15128 = DEFINITIONAL_REPRESENTATION('',(#15129),#15133);
#15129 = LINE('',#15130,#15131);
#15130 = CARTESIAN_POINT('',(16.,0.));
#15131 = VECTOR('',#15132,1.);
#15132 = DIRECTION('',(0.,1.));
#15133 = ( GEOMETRIC_REPRESENTATION_CONTEXT(2) 
PARAMETRIC_REPRESENTATION_CONTEXT() REPRESENTATION_CONTEXT('2D SPACE',''
  ) );
#15134 = ADVANCED_FACE('',(#15135),#14866,.T.);
#15135 = FACE_BOUND('',#15136,.T.);
#15136 = EDGE_LOOP('',(#15137,#15138,#15139,#15160));
#15137 = ORIENTED_EDGE('',*,*,#14850,.F.);
#15138 = ORIENTED_EDGE('',*,*,#14903,.T.);
#15139 = ORIENTED_EDGE('',*,*,#15140,.T.);
#15140 = EDGE_CURVE('',#14904,#15066,#15141,.T.);
#15141 = SURFACE_CURVE('',#15142,(#15146,#15153),.PCURVE_S1.);
#15142 = LINE('',#15143,#15144);
#15143 = CARTESIAN_POINT('',(-9.,22.2,12.));
#15144 = VECTOR('',#15145,1.);
#15145 = DIRECTION('',(0.,0.,1.));
#15146 = PCURVE('',#14866,#15147);
#15147 = DEFINITIONAL_REPRESENTATION('',(#15148),#15152);
#15148 = LINE('',#15149,#15150);
#15149 = CARTESIAN_POINT('',(0.,-1.2));
#15150 = VECTOR('',#15151,1.);
#15151 = DIRECTION('',(1.,0.));
#15152 = ( GEOMETRIC_REPRESENTATION_CONTEXT(2) 
PARAMETRIC_REPRESENTATION_CONTEXT() REPRESENTATION_CONTEXT('2D SPACE',''
  ) );
#15153 = PCURVE('',#14993,#15154);
#15154 = DEFINITIONAL_REPRESENTATION('',(#15155),#15159);
#15155 = LINE('',#15156,#15157);
#15156 = CARTESIAN_POINT('',(0.,0.));
#15157 = VECTOR('',#15158,1.);
#15158 = DIRECTION('',(1.,0.));
#15159 = ( GEOMETRIC_REPRESENTATION_CONTEXT(2) 
PARAMETRIC_REPRESENTATION_CONTEXT() REPRESENTATION_CONTEXT('2D SPACE',''
  ) );
#15160 = ORIENTED_EDGE('',*,*,#15065,.F.);
#15161 = ADVANCED_FACE('',(#15162),#14993,.F.);
#15162 = FACE_BOUND('',#15163,.F.);
#15163 = EDGE_LOOP('',(#15164,#15165,#15166,#15167));
#15164 = ORIENTED_EDGE('',*,*,#14979,.F.);
#15165 = ORIENTED_EDGE('',*,*,#15140,.T.);
#15166 = ORIENTED_EDGE('',*,*,#15114,.T.);
#15167 = ORIENTED_EDGE('',*,*,#15168,.F.);
#15168 = EDGE_CURVE('',#14952,#15092,#15169,.T.);
#15169 = SURFACE_CURVE('',#15170,(#15174,#15181),.PCURVE_S1.);
#15170 = LINE('',#15171,#15172);
#15171 = CARTESIAN_POINT('',(9.,22.2,12.));
#15172 = VECTOR('',#15173,1.);
#15173 = DIRECTION('',(0.,0.,1.));
#15174 = PCURVE('',#14993,#15175);
#15175 = DEFINITIONAL_REPRESENTATION('',(#15176),#15180);
#15176 = LINE('',#15177,#15178);
#15177 = CARTESIAN_POINT('',(0.,18.));
#15178 = VECTOR('',#15179,1.);
#15179 = DIRECTION('',(1.,0.));
#15180 = ( GEOMETRIC_REPRESENTATION_CONTEXT(2) 
PARAMETRIC_REPRESENTATION_CONTEXT() REPRESENTATION_CONTEXT('2D SPACE',''
  ) );
#15181 = PCURVE('',#14967,#15182);
#15182 = DEFINITIONAL_REPRESENTATION('',(#15183),#15187);
#15183 = LINE('',#15184,#15185);
#15184 = CARTESIAN_POINT('',(0.,-1.2));
#15185 = VECTOR('',#15186,1.);
#15186 = DIRECTION('',(1.,0.));
#15187 = ( GEOMETRIC_REPRESENTATION_CONTEXT(2) 
PARAMETRIC_REPRESENTATION_CONTEXT() REPRESENTATION_CONTEXT('2D SPACE',''
  ) );
#15188 = ADVANCED_FACE('',(#15189),#14967,.F.);
#15189 = FACE_BOUND('',#15190,.F.);
#15190 = EDGE_LOOP('',(#15191,#15192,#15193,#15194));
#15191 = ORIENTED_EDGE('',*,*,#15033,.F.);
#15192 = ORIENTED_EDGE('',*,*,#14951,.T.);
#15193 = ORIENTED_EDGE('',*,*,#15168,.T.);
#15194 = ORIENTED_EDGE('',*,*,#15091,.F.);
#15195 = ( GEOMETRIC_REPRESENTATION_CONTEXT(3) 
GLOBAL_UNCERTAINTY_ASSIGNED_CONTEXT((#15199)) 
GLOBAL_UNIT_ASSIGNED_CONTEXT((#15196,#15197,#15198)) 
REPRESENTATION_CONTEXT('Context #1',
  '3D Context with UNIT and UNCERTAINTY') );
#15196 = ( LENGTH_UNIT() NAMED_UNIT(*) SI_UNIT(.MILLI.,.METRE.) );
#15197 = ( NAMED_UNIT(*) PLANE_ANGLE_UNIT() SI_UNIT($,.RADIAN.) );
#15198 = ( NAMED_UNIT(*) SI_UNIT($,.STERADIAN.) SOLID_ANGLE_UNIT() );
#15199 = UNCERTAINTY_MEASURE_WITH_UNIT(LENGTH_MEASURE(2.E-07),#15196,
  'distance_accuracy_value','confusion accuracy');
#15200 = PRODUCT_RELATED_PRODUCT_CATEGORY('part',$,(#7));
#15201 = MECHANICAL_DESIGN_GEOMETRIC_PRESENTATION_REPRESENTATION('',(
    #15202),#15195);
#15202 = STYLED_ITEM('color',(#15203),#15);
#15203 = PRESENTATION_STYLE_ASSIGNMENT((#15204));
#15204 = SURFACE_STYLE_USAGE(.BOTH.,#15205);
#15205 = SURFACE_SIDE_STYLE('',(#15206));
#15206 = SURFACE_STYLE_FILL_AREA(#15207);
#15207 = FILL_AREA_STYLE('',(#15208));
#15208 = FILL_AREA_STYLE_COLOUR('',#15209);
#15209 = COLOUR_RGB('',0.940000008746,0.859999984366,0.760000013601);
ENDSEC;
END-ISO-10303-21;
