ISO-10303-21;
HEADER;
FILE_DESCRIPTION(('Open CASCADE Model'),'2;1');
FILE_NAME('Open CASCADE Shape Model','2026-09-11T19:02:57',('Author'),(
    'Open CASCADE'),'Open CASCADE STEP processor 7.9','Open CASCADE 7.9'
  ,'Unknown');
FILE_SCHEMA(('AUTOMOTIVE_DESIGN { 1 0 10303 214 1 1 1 1 }'));
ENDSEC;
DATA;
#1 = APPLICATION_PROTOCOL_DEFINITION('international standard',
  'automotive_design',2000,#2);
#2 = APPLICATION_CONTEXT(
  'core data for automotive mechanical design processes');
#3 = SHAPE_DEFINITION_REPRESENTATION(#4,#10);
#4 = PRODUCT_DEFINITION_SHAPE('','',#5);
#5 = PRODUCT_DEFINITION('design','',#6,#9);
#6 = PRODUCT_DEFINITION_FORMATION('','',#7);
#7 = PRODUCT('piku_back','piku_back','',(#8));
#8 = PRODUCT_CONTEXT('',#2,'mechanical');
#9 = PRODUCT_DEFINITION_CONTEXT('part definition',#2,'design');
#10 = ADVANCED_BREP_SHAPE_REPRESENTATION('',(#11,#15),#4784);
#11 = AXIS2_PLACEMENT_3D('',#12,#13,#14);
#12 = CARTESIAN_POINT('',(0.,0.,0.));
#13 = DIRECTION('',(0.,0.,1.));
#14 = DIRECTION('',(1.,0.,-0.));
#15 = MANIFOLD_SOLID_BREP('',#16);
#16 = CLOSED_SHELL('',(#17,#137,#219,#297,#1209,#2713,#2740,#2767,#2794,
    #2821,#2915,#2942,#2969,#2996,#3023,#3050,#3077,#3104,#3178,#3205,
    #3232,#3279,#3306,#3333,#3360,#3387,#3414,#3441,#3448,#3495,#3522,
    #3549,#3576,#3603,#3630,#3657,#3664,#3716,#3764,#3796,#3848,#3896,
    #3928,#4007,#4056,#4104,#4158,#4212,#4261,#4310,#4364,#4418,#4467,
    #4516,#4568,#4622,#4670,#4719,#4751,#4758,#4765));
#17 = ADVANCED_FACE('',(#18),#32,.T.);
#18 = FACE_BOUND('',#19,.T.);
#19 = EDGE_LOOP('',(#20,#55,#83,#111));
#20 = ORIENTED_EDGE('',*,*,#21,.T.);
#21 = EDGE_CURVE('',#22,#24,#26,.T.);
#22 = VERTEX_POINT('',#23);
#23 = CARTESIAN_POINT('',(-24.,-6.,0.));
#24 = VERTEX_POINT('',#25);
#25 = CARTESIAN_POINT('',(-24.,-6.,2.));
#26 = SURFACE_CURVE('',#27,(#31,#43),.PCURVE_S1.);
#27 = LINE('',#28,#29);
#28 = CARTESIAN_POINT('',(-24.,-6.,0.));
#29 = VECTOR('',#30,1.);
#30 = DIRECTION('',(0.,0.,1.));
#31 = PCURVE('',#32,#37);
#32 = PLANE('',#33);
#33 = AXIS2_PLACEMENT_3D('',#34,#35,#36);
#34 = CARTESIAN_POINT('',(-24.,-6.,0.));
#35 = DIRECTION('',(-1.,0.,0.));
#36 = DIRECTION('',(0.,1.,0.));
#37 = DEFINITIONAL_REPRESENTATION('',(#38),#42);
#38 = LINE('',#39,#40);
#39 = CARTESIAN_POINT('',(2.6645352591E-15,0.));
#40 = VECTOR('',#41,1.);
#41 = DIRECTION('',(0.,-1.));
#42 = ( GEOMETRIC_REPRESENTATION_CONTEXT(2) 
PARAMETRIC_REPRESENTATION_CONTEXT() REPRESENTATION_CONTEXT('2D SPACE',''
  ) );
#43 = PCURVE('',#44,#49);
#44 = CYLINDRICAL_SURFACE('',#45,17.);
#45 = AXIS2_PLACEMENT_3D('',#46,#47,#48);
#46 = CARTESIAN_POINT('',(-7.,-6.,0.));
#47 = DIRECTION('',(-0.,-0.,-1.));
#48 = DIRECTION('',(1.,0.,0.));
#49 = DEFINITIONAL_REPRESENTATION('',(#50),#54);
#50 = LINE('',#51,#52);
#51 = CARTESIAN_POINT('',(-3.14159265359,0.));
#52 = VECTOR('',#53,1.);
#53 = DIRECTION('',(-0.,-1.));
#54 = ( GEOMETRIC_REPRESENTATION_CONTEXT(2) 
PARAMETRIC_REPRESENTATION_CONTEXT() REPRESENTATION_CONTEXT('2D SPACE',''
  ) );
#55 = ORIENTED_EDGE('',*,*,#56,.T.);
#56 = EDGE_CURVE('',#24,#57,#59,.T.);
#57 = VERTEX_POINT('',#58);
#58 = CARTESIAN_POINT('',(-24.,5.99999999642,2.));
#59 = SURFACE_CURVE('',#60,(#64,#71),.PCURVE_S1.);
#60 = LINE('',#61,#62);
#61 = CARTESIAN_POINT('',(-24.,1.7763568394E-15,2.));
#62 = VECTOR('',#63,1.);
#63 = DIRECTION('',(0.,1.,0.));
#64 = PCURVE('',#32,#65);
#65 = DEFINITIONAL_REPRESENTATION('',(#66),#70);
#66 = LINE('',#67,#68);
#67 = CARTESIAN_POINT('',(6.,-2.));
#68 = VECTOR('',#69,1.);
#69 = DIRECTION('',(1.,0.));
#70 = ( GEOMETRIC_REPRESENTATION_CONTEXT(2) 
PARAMETRIC_REPRESENTATION_CONTEXT() REPRESENTATION_CONTEXT('2D SPACE',''
  ) );
#71 = PCURVE('',#72,#77);
#72 = PLANE('',#73);
#73 = AXIS2_PLACEMENT_3D('',#74,#75,#76);
#74 = CARTESIAN_POINT('',(-4.401982376383E-10,-1.168974250944E-09,2.));
#75 = DIRECTION('',(0.,0.,1.));
#76 = DIRECTION('',(1.,0.,-0.));
#77 = DEFINITIONAL_REPRESENTATION('',(#78),#82);
#78 = LINE('',#79,#80);
#79 = CARTESIAN_POINT('',(-23.99999999956,1.168976027301E-09));
#80 = VECTOR('',#81,1.);
#81 = DIRECTION('',(0.,1.));
#82 = ( GEOMETRIC_REPRESENTATION_CONTEXT(2) 
PARAMETRIC_REPRESENTATION_CONTEXT() REPRESENTATION_CONTEXT('2D SPACE',''
  ) );
#83 = ORIENTED_EDGE('',*,*,#84,.F.);
#84 = EDGE_CURVE('',#85,#57,#87,.T.);
#85 = VERTEX_POINT('',#86);
#86 = CARTESIAN_POINT('',(-24.,5.99999999642,0.));
#87 = SURFACE_CURVE('',#88,(#92,#99),.PCURVE_S1.);
#88 = LINE('',#89,#90);
#89 = CARTESIAN_POINT('',(-24.,5.99999999642,0.));
#90 = VECTOR('',#91,1.);
#91 = DIRECTION('',(0.,0.,1.));
#92 = PCURVE('',#32,#93);
#93 = DEFINITIONAL_REPRESENTATION('',(#94),#98);
#94 = LINE('',#95,#96);
#95 = CARTESIAN_POINT('',(11.99999999642,0.));
#96 = VECTOR('',#97,1.);
#97 = DIRECTION('',(0.,-1.));
#98 = ( GEOMETRIC_REPRESENTATION_CONTEXT(2) 
PARAMETRIC_REPRESENTATION_CONTEXT() REPRESENTATION_CONTEXT('2D SPACE',''
  ) );
#99 = PCURVE('',#100,#105);
#100 = CYLINDRICAL_SURFACE('',#101,17.);
#101 = AXIS2_PLACEMENT_3D('',#102,#103,#104);
#102 = CARTESIAN_POINT('',(-7.,5.99999999642,0.));
#103 = DIRECTION('',(-0.,-0.,-1.));
#104 = DIRECTION('',(1.,0.,0.));
#105 = DEFINITIONAL_REPRESENTATION('',(#106),#110);
#106 = LINE('',#107,#108);
#107 = CARTESIAN_POINT('',(-3.14159265359,0.));
#108 = VECTOR('',#109,1.);
#109 = DIRECTION('',(-0.,-1.));
#110 = ( GEOMETRIC_REPRESENTATION_CONTEXT(2) 
PARAMETRIC_REPRESENTATION_CONTEXT() REPRESENTATION_CONTEXT('2D SPACE',''
  ) );
#111 = ORIENTED_EDGE('',*,*,#112,.F.);
#112 = EDGE_CURVE('',#22,#85,#113,.T.);
#113 = SURFACE_CURVE('',#114,(#118,#125),.PCURVE_S1.);
#114 = LINE('',#115,#116);
#115 = CARTESIAN_POINT('',(-24.,1.7763568394E-15,0.));
#116 = VECTOR('',#117,1.);
#117 = DIRECTION('',(0.,1.,0.));
#118 = PCURVE('',#32,#119);
#119 = DEFINITIONAL_REPRESENTATION('',(#120),#124);
#120 = LINE('',#121,#122);
#121 = CARTESIAN_POINT('',(6.,0.));
#122 = VECTOR('',#123,1.);
#123 = DIRECTION('',(1.,0.));
#124 = ( GEOMETRIC_REPRESENTATION_CONTEXT(2) 
PARAMETRIC_REPRESENTATION_CONTEXT() REPRESENTATION_CONTEXT('2D SPACE',''
  ) );
#125 = PCURVE('',#126,#131);
#126 = PLANE('',#127);
#127 = AXIS2_PLACEMENT_3D('',#128,#129,#130);
#128 = CARTESIAN_POINT('',(-4.401982376383E-10,-1.168974250944E-09,0.));
#129 = DIRECTION('',(0.,0.,1.));
#130 = DIRECTION('',(1.,0.,-0.));
#131 = DEFINITIONAL_REPRESENTATION('',(#132),#136);
#132 = LINE('',#133,#134);
#133 = CARTESIAN_POINT('',(-23.99999999956,1.168976027301E-09));
#134 = VECTOR('',#135,1.);
#135 = DIRECTION('',(0.,1.));
#136 = ( GEOMETRIC_REPRESENTATION_CONTEXT(2) 
PARAMETRIC_REPRESENTATION_CONTEXT() REPRESENTATION_CONTEXT('2D SPACE',''
  ) );
#137 = ADVANCED_FACE('',(#138),#44,.T.);
#138 = FACE_BOUND('',#139,.F.);
#139 = EDGE_LOOP('',(#140,#141,#169,#197));
#140 = ORIENTED_EDGE('',*,*,#21,.T.);
#141 = ORIENTED_EDGE('',*,*,#142,.F.);
#142 = EDGE_CURVE('',#143,#24,#145,.T.);
#143 = VERTEX_POINT('',#144);
#144 = CARTESIAN_POINT('',(-7.,-23.,2.));
#145 = SURFACE_CURVE('',#146,(#151,#158),.PCURVE_S1.);
#146 = CIRCLE('',#147,17.);
#147 = AXIS2_PLACEMENT_3D('',#148,#149,#150);
#148 = CARTESIAN_POINT('',(-7.,-6.,2.));
#149 = DIRECTION('',(0.,-0.,-1.));
#150 = DIRECTION('',(0.,-1.,0.));
#151 = PCURVE('',#44,#152);
#152 = DEFINITIONAL_REPRESENTATION('',(#153),#157);
#153 = LINE('',#154,#155);
#154 = CARTESIAN_POINT('',(-4.712388980385,-2.));
#155 = VECTOR('',#156,1.);
#156 = DIRECTION('',(1.,-0.));
#157 = ( GEOMETRIC_REPRESENTATION_CONTEXT(2) 
PARAMETRIC_REPRESENTATION_CONTEXT() REPRESENTATION_CONTEXT('2D SPACE',''
  ) );
#158 = PCURVE('',#72,#159);
#159 = DEFINITIONAL_REPRESENTATION('',(#160),#168);
#160 = ( BOUNDED_CURVE() B_SPLINE_CURVE(2,(#161,#162,#163,#164,#165,#166
,#167),.UNSPECIFIED.,.T.,.F.) B_SPLINE_CURVE_WITH_KNOTS((1,2,2,2,2,1),(
    -2.094395102393,0.,2.094395102393,4.188790204786,6.28318530718,
8.377580409573),.UNSPECIFIED.) CURVE() GEOMETRIC_REPRESENTATION_ITEM() 
RATIONAL_B_SPLINE_CURVE((1.,0.5,1.,0.5,1.,0.5,1.)) REPRESENTATION_ITEM(
  '') );
#161 = CARTESIAN_POINT('',(-6.99999999956,-22.99999999883));
#162 = CARTESIAN_POINT('',(-36.44486372823,-22.99999999883));
#163 = CARTESIAN_POINT('',(-21.72243186389,2.500000001169));
#164 = CARTESIAN_POINT('',(-6.99999999956,28.000000001169));
#165 = CARTESIAN_POINT('',(7.722431864776,2.500000001169));
#166 = CARTESIAN_POINT('',(22.444863729111,-22.99999999883));
#167 = CARTESIAN_POINT('',(-6.99999999956,-22.99999999883));
#168 = ( GEOMETRIC_REPRESENTATION_CONTEXT(2) 
PARAMETRIC_REPRESENTATION_CONTEXT() REPRESENTATION_CONTEXT('2D SPACE',''
  ) );
#169 = ORIENTED_EDGE('',*,*,#170,.F.);
#170 = EDGE_CURVE('',#171,#143,#173,.T.);
#171 = VERTEX_POINT('',#172);
#172 = CARTESIAN_POINT('',(-7.,-23.,0.));
#173 = SURFACE_CURVE('',#174,(#178,#185),.PCURVE_S1.);
#174 = LINE('',#175,#176);
#175 = CARTESIAN_POINT('',(-7.,-23.,0.));
#176 = VECTOR('',#177,1.);
#177 = DIRECTION('',(0.,0.,1.));
#178 = PCURVE('',#44,#179);
#179 = DEFINITIONAL_REPRESENTATION('',(#180),#184);
#180 = LINE('',#181,#182);
#181 = CARTESIAN_POINT('',(-4.712388980385,0.));
#182 = VECTOR('',#183,1.);
#183 = DIRECTION('',(-0.,-1.));
#184 = ( GEOMETRIC_REPRESENTATION_CONTEXT(2) 
PARAMETRIC_REPRESENTATION_CONTEXT() REPRESENTATION_CONTEXT('2D SPACE',''
  ) );
#185 = PCURVE('',#186,#191);
#186 = PLANE('',#187);
#187 = AXIS2_PLACEMENT_3D('',#188,#189,#190);
#188 = CARTESIAN_POINT('',(-7.,-23.,0.));
#189 = DIRECTION('',(0.,1.,0.));
#190 = DIRECTION('',(1.,0.,0.));
#191 = DEFINITIONAL_REPRESENTATION('',(#192),#196);
#192 = LINE('',#193,#194);
#193 = CARTESIAN_POINT('',(0.,0.));
#194 = VECTOR('',#195,1.);
#195 = DIRECTION('',(0.,-1.));
#196 = ( GEOMETRIC_REPRESENTATION_CONTEXT(2) 
PARAMETRIC_REPRESENTATION_CONTEXT() REPRESENTATION_CONTEXT('2D SPACE',''
  ) );
#197 = ORIENTED_EDGE('',*,*,#198,.F.);
#198 = EDGE_CURVE('',#22,#171,#199,.T.);
#199 = SURFACE_CURVE('',#200,(#205,#212),.PCURVE_S1.);
#200 = CIRCLE('',#201,17.);
#201 = AXIS2_PLACEMENT_3D('',#202,#203,#204);
#202 = CARTESIAN_POINT('',(-7.,-6.,0.));
#203 = DIRECTION('',(0.,0.,1.));
#204 = DIRECTION('',(1.,0.,0.));
#205 = PCURVE('',#44,#206);
#206 = DEFINITIONAL_REPRESENTATION('',(#207),#211);
#207 = LINE('',#208,#209);
#208 = CARTESIAN_POINT('',(-0.,0.));
#209 = VECTOR('',#210,1.);
#210 = DIRECTION('',(-1.,0.));
#211 = ( GEOMETRIC_REPRESENTATION_CONTEXT(2) 
PARAMETRIC_REPRESENTATION_CONTEXT() REPRESENTATION_CONTEXT('2D SPACE',''
  ) );
#212 = PCURVE('',#126,#213);
#213 = DEFINITIONAL_REPRESENTATION('',(#214),#218);
#214 = CIRCLE('',#215,17.);
#215 = AXIS2_PLACEMENT_2D('',#216,#217);
#216 = CARTESIAN_POINT('',(-6.99999999956,-5.999999998831));
#217 = DIRECTION('',(1.,0.));
#218 = ( GEOMETRIC_REPRESENTATION_CONTEXT(2) 
PARAMETRIC_REPRESENTATION_CONTEXT() REPRESENTATION_CONTEXT('2D SPACE',''
  ) );
#219 = ADVANCED_FACE('',(#220),#100,.T.);
#220 = FACE_BOUND('',#221,.F.);
#221 = EDGE_LOOP('',(#222,#252,#274,#275));
#222 = ORIENTED_EDGE('',*,*,#223,.T.);
#223 = EDGE_CURVE('',#224,#226,#228,.T.);
#224 = VERTEX_POINT('',#225);
#225 = CARTESIAN_POINT('',(-7.,22.99999999821,0.));
#226 = VERTEX_POINT('',#227);
#227 = CARTESIAN_POINT('',(-7.,22.99999999821,2.));
#228 = SURFACE_CURVE('',#229,(#233,#240),.PCURVE_S1.);
#229 = LINE('',#230,#231);
#230 = CARTESIAN_POINT('',(-7.,22.99999999821,0.));
#231 = VECTOR('',#232,1.);
#232 = DIRECTION('',(0.,0.,1.));
#233 = PCURVE('',#100,#234);
#234 = DEFINITIONAL_REPRESENTATION('',(#235),#239);
#235 = LINE('',#236,#237);
#236 = CARTESIAN_POINT('',(-1.570796326795,0.));
#237 = VECTOR('',#238,1.);
#238 = DIRECTION('',(-0.,-1.));
#239 = ( GEOMETRIC_REPRESENTATION_CONTEXT(2) 
PARAMETRIC_REPRESENTATION_CONTEXT() REPRESENTATION_CONTEXT('2D SPACE',''
  ) );
#240 = PCURVE('',#241,#246);
#241 = PLANE('',#242);
#242 = AXIS2_PLACEMENT_3D('',#243,#244,#245);
#243 = CARTESIAN_POINT('',(-7.,23.,0.));
#244 = DIRECTION('',(0.,1.,0.));
#245 = DIRECTION('',(1.,0.,0.));
#246 = DEFINITIONAL_REPRESENTATION('',(#247),#251);
#247 = LINE('',#248,#249);
#248 = CARTESIAN_POINT('',(0.,0.));
#249 = VECTOR('',#250,1.);
#250 = DIRECTION('',(0.,-1.));
#251 = ( GEOMETRIC_REPRESENTATION_CONTEXT(2) 
PARAMETRIC_REPRESENTATION_CONTEXT() REPRESENTATION_CONTEXT('2D SPACE',''
  ) );
#252 = ORIENTED_EDGE('',*,*,#253,.T.);
#253 = EDGE_CURVE('',#226,#57,#254,.T.);
#254 = SURFACE_CURVE('',#255,(#260,#267),.PCURVE_S1.);
#255 = CIRCLE('',#256,17.);
#256 = AXIS2_PLACEMENT_3D('',#257,#258,#259);
#257 = CARTESIAN_POINT('',(-7.,5.99999999642,2.));
#258 = DIRECTION('',(0.,0.,1.));
#259 = DIRECTION('',(1.,0.,0.));
#260 = PCURVE('',#100,#261);
#261 = DEFINITIONAL_REPRESENTATION('',(#262),#266);
#262 = LINE('',#263,#264);
#263 = CARTESIAN_POINT('',(-0.,-2.));
#264 = VECTOR('',#265,1.);
#265 = DIRECTION('',(-1.,0.));
#266 = ( GEOMETRIC_REPRESENTATION_CONTEXT(2) 
PARAMETRIC_REPRESENTATION_CONTEXT() REPRESENTATION_CONTEXT('2D SPACE',''
  ) );
#267 = PCURVE('',#72,#268);
#268 = DEFINITIONAL_REPRESENTATION('',(#269),#273);
#269 = CIRCLE('',#270,17.);
#270 = AXIS2_PLACEMENT_2D('',#271,#272);
#271 = CARTESIAN_POINT('',(-6.99999999956,5.999999997589));
#272 = DIRECTION('',(1.,0.));
#273 = ( GEOMETRIC_REPRESENTATION_CONTEXT(2) 
PARAMETRIC_REPRESENTATION_CONTEXT() REPRESENTATION_CONTEXT('2D SPACE',''
  ) );
#274 = ORIENTED_EDGE('',*,*,#84,.F.);
#275 = ORIENTED_EDGE('',*,*,#276,.F.);
#276 = EDGE_CURVE('',#224,#85,#277,.T.);
#277 = SURFACE_CURVE('',#278,(#283,#290),.PCURVE_S1.);
#278 = CIRCLE('',#279,17.);
#279 = AXIS2_PLACEMENT_3D('',#280,#281,#282);
#280 = CARTESIAN_POINT('',(-7.,5.99999999642,0.));
#281 = DIRECTION('',(0.,0.,1.));
#282 = DIRECTION('',(1.,0.,0.));
#283 = PCURVE('',#100,#284);
#284 = DEFINITIONAL_REPRESENTATION('',(#285),#289);
#285 = LINE('',#286,#287);
#286 = CARTESIAN_POINT('',(-0.,0.));
#287 = VECTOR('',#288,1.);
#288 = DIRECTION('',(-1.,0.));
#289 = ( GEOMETRIC_REPRESENTATION_CONTEXT(2) 
PARAMETRIC_REPRESENTATION_CONTEXT() REPRESENTATION_CONTEXT('2D SPACE',''
  ) );
#290 = PCURVE('',#126,#291);
#291 = DEFINITIONAL_REPRESENTATION('',(#292),#296);
#292 = CIRCLE('',#293,17.);
#293 = AXIS2_PLACEMENT_2D('',#294,#295);
#294 = CARTESIAN_POINT('',(-6.99999999956,5.999999997589));
#295 = DIRECTION('',(1.,0.));
#296 = ( GEOMETRIC_REPRESENTATION_CONTEXT(2) 
PARAMETRIC_REPRESENTATION_CONTEXT() REPRESENTATION_CONTEXT('2D SPACE',''
  ) );
#297 = ADVANCED_FACE('',(#298,#671,#702,#733,#971),#126,.F.);
#298 = FACE_BOUND('',#299,.F.);
#299 = EDGE_LOOP('',(#300,#301,#302,#325,#358,#384,#417,#443,#476,#502,
    #535,#563,#592,#620,#649,#670));
#300 = ORIENTED_EDGE('',*,*,#112,.F.);
#301 = ORIENTED_EDGE('',*,*,#198,.T.);
#302 = ORIENTED_EDGE('',*,*,#303,.T.);
#303 = EDGE_CURVE('',#171,#304,#306,.T.);
#304 = VERTEX_POINT('',#305);
#305 = CARTESIAN_POINT('',(-6.,-23.,0.));
#306 = SURFACE_CURVE('',#307,(#311,#318),.PCURVE_S1.);
#307 = LINE('',#308,#309);
#308 = CARTESIAN_POINT('',(0.,-23.,0.));
#309 = VECTOR('',#310,1.);
#310 = DIRECTION('',(1.,0.,0.));
#311 = PCURVE('',#126,#312);
#312 = DEFINITIONAL_REPRESENTATION('',(#313),#317);
#313 = LINE('',#314,#315);
#314 = CARTESIAN_POINT('',(4.401982376383E-10,-22.99999999883));
#315 = VECTOR('',#316,1.);
#316 = DIRECTION('',(1.,0.));
#317 = ( GEOMETRIC_REPRESENTATION_CONTEXT(2) 
PARAMETRIC_REPRESENTATION_CONTEXT() REPRESENTATION_CONTEXT('2D SPACE',''
  ) );
#318 = PCURVE('',#186,#319);
#319 = DEFINITIONAL_REPRESENTATION('',(#320),#324);
#320 = LINE('',#321,#322);
#321 = CARTESIAN_POINT('',(7.,0.));
#322 = VECTOR('',#323,1.);
#323 = DIRECTION('',(1.,0.));
#324 = ( GEOMETRIC_REPRESENTATION_CONTEXT(2) 
PARAMETRIC_REPRESENTATION_CONTEXT() REPRESENTATION_CONTEXT('2D SPACE',''
  ) );
#325 = ORIENTED_EDGE('',*,*,#326,.T.);
#326 = EDGE_CURVE('',#304,#327,#329,.T.);
#327 = VERTEX_POINT('',#328);
#328 = CARTESIAN_POINT('',(-8.,-21.,0.));
#329 = SURFACE_CURVE('',#330,(#335,#346),.PCURVE_S1.);
#330 = CIRCLE('',#331,2.);
#331 = AXIS2_PLACEMENT_3D('',#332,#333,#334);
#332 = CARTESIAN_POINT('',(-6.,-21.,0.));
#333 = DIRECTION('',(0.,0.,-1.));
#334 = DIRECTION('',(-1.,0.,0.));
#335 = PCURVE('',#126,#336);
#336 = DEFINITIONAL_REPRESENTATION('',(#337),#345);
#337 = ( BOUNDED_CURVE() B_SPLINE_CURVE(2,(#338,#339,#340,#341,#342,#343
,#344),.UNSPECIFIED.,.T.,.F.) B_SPLINE_CURVE_WITH_KNOTS((1,2,2,2,2,1),(
    -2.094395102393,0.,2.094395102393,4.188790204786,6.28318530718,
8.377580409573),.UNSPECIFIED.) CURVE() GEOMETRIC_REPRESENTATION_ITEM() 
RATIONAL_B_SPLINE_CURVE((1.,0.5,1.,0.5,1.,0.5,1.)) REPRESENTATION_ITEM(
  '') );
#338 = CARTESIAN_POINT('',(-7.99999999956,-20.99999999883));
#339 = CARTESIAN_POINT('',(-7.99999999956,-17.53589838369));
#340 = CARTESIAN_POINT('',(-4.99999999956,-19.26794919126));
#341 = CARTESIAN_POINT('',(-1.99999999956,-20.99999999883));
#342 = CARTESIAN_POINT('',(-4.99999999956,-22.7320508064));
#343 = CARTESIAN_POINT('',(-7.99999999956,-24.46410161396));
#344 = CARTESIAN_POINT('',(-7.99999999956,-20.99999999883));
#345 = ( GEOMETRIC_REPRESENTATION_CONTEXT(2) 
PARAMETRIC_REPRESENTATION_CONTEXT() REPRESENTATION_CONTEXT('2D SPACE',''
  ) );
#346 = PCURVE('',#347,#352);
#347 = CYLINDRICAL_SURFACE('',#348,2.);
#348 = AXIS2_PLACEMENT_3D('',#349,#350,#351);
#349 = CARTESIAN_POINT('',(-6.,-21.,-1.));
#350 = DIRECTION('',(0.,0.,-1.));
#351 = DIRECTION('',(-1.,0.,0.));
#352 = DEFINITIONAL_REPRESENTATION('',(#353),#357);
#353 = LINE('',#354,#355);
#354 = CARTESIAN_POINT('',(0.,-1.));
#355 = VECTOR('',#356,1.);
#356 = DIRECTION('',(1.,0.));
#357 = ( GEOMETRIC_REPRESENTATION_CONTEXT(2) 
PARAMETRIC_REPRESENTATION_CONTEXT() REPRESENTATION_CONTEXT('2D SPACE',''
  ) );
#358 = ORIENTED_EDGE('',*,*,#359,.F.);
#359 = EDGE_CURVE('',#360,#327,#362,.T.);
#360 = VERTEX_POINT('',#361);
#361 = CARTESIAN_POINT('',(-8.,-11.00000005113,0.));
#362 = SURFACE_CURVE('',#363,(#367,#373),.PCURVE_S1.);
#363 = LINE('',#364,#365);
#364 = CARTESIAN_POINT('',(-8.,-10.50000000058,0.));
#365 = VECTOR('',#366,1.);
#366 = DIRECTION('',(0.,-1.,0.));
#367 = PCURVE('',#126,#368);
#368 = DEFINITIONAL_REPRESENTATION('',(#369),#372);
#369 = B_SPLINE_CURVE_WITH_KNOTS('',1,(#370,#371),.UNSPECIFIED.,.F.,.F.,
  (2,2),(0.500000050555,10.499999999416),.PIECEWISE_BEZIER_KNOTS.);
#370 = CARTESIAN_POINT('',(-7.99999999956,-11.00000004997));
#371 = CARTESIAN_POINT('',(-7.99999999956,-20.99999999883));
#372 = ( GEOMETRIC_REPRESENTATION_CONTEXT(2) 
PARAMETRIC_REPRESENTATION_CONTEXT() REPRESENTATION_CONTEXT('2D SPACE',''
  ) );
#373 = PCURVE('',#374,#379);
#374 = PLANE('',#375);
#375 = AXIS2_PLACEMENT_3D('',#376,#377,#378);
#376 = CARTESIAN_POINT('',(-8.,-21.,-1.));
#377 = DIRECTION('',(-1.,0.,0.));
#378 = DIRECTION('',(0.,1.,0.));
#379 = DEFINITIONAL_REPRESENTATION('',(#380),#383);
#380 = B_SPLINE_CURVE_WITH_KNOTS('',1,(#381,#382),.UNSPECIFIED.,.F.,.F.,
  (2,2),(0.500000050555,10.499999999416),.PIECEWISE_BEZIER_KNOTS.);
#381 = CARTESIAN_POINT('',(9.999999948861,-1.));
#382 = CARTESIAN_POINT('',(0.,-1.));
#383 = ( GEOMETRIC_REPRESENTATION_CONTEXT(2) 
PARAMETRIC_REPRESENTATION_CONTEXT() REPRESENTATION_CONTEXT('2D SPACE',''
  ) );
#384 = ORIENTED_EDGE('',*,*,#385,.T.);
#385 = EDGE_CURVE('',#360,#386,#388,.T.);
#386 = VERTEX_POINT('',#387);
#387 = CARTESIAN_POINT('',(-6.,-9.00000002557,0.));
#388 = SURFACE_CURVE('',#389,(#394,#405),.PCURVE_S1.);
#389 = CIRCLE('',#390,2.);
#390 = AXIS2_PLACEMENT_3D('',#391,#392,#393);
#391 = CARTESIAN_POINT('',(-6.,-11.00000005113,0.));
#392 = DIRECTION('',(0.,0.,-1.));
#393 = DIRECTION('',(-1.,0.,0.));
#394 = PCURVE('',#126,#395);
#395 = DEFINITIONAL_REPRESENTATION('',(#396),#404);
#396 = ( BOUNDED_CURVE() B_SPLINE_CURVE(2,(#397,#398,#399,#400,#401,#402
,#403),.UNSPECIFIED.,.T.,.F.) B_SPLINE_CURVE_WITH_KNOTS((1,2,2,2,2,1),(
    -2.094395102393,0.,2.094395102393,4.188790204786,6.28318530718,
8.377580409573),.UNSPECIFIED.) CURVE() GEOMETRIC_REPRESENTATION_ITEM() 
RATIONAL_B_SPLINE_CURVE((1.,0.5,1.,0.5,1.,0.5,1.)) REPRESENTATION_ITEM(
  '') );
#397 = CARTESIAN_POINT('',(-7.99999999956,-11.00000004997));
#398 = CARTESIAN_POINT('',(-7.99999999956,-7.535898434833));
#399 = CARTESIAN_POINT('',(-4.99999999956,-9.267949242402));
#400 = CARTESIAN_POINT('',(-1.99999999956,-11.00000004997));
#401 = CARTESIAN_POINT('',(-4.99999999956,-12.73205085753));
#402 = CARTESIAN_POINT('',(-7.99999999956,-14.4641016651));
#403 = CARTESIAN_POINT('',(-7.99999999956,-11.00000004997));
#404 = ( GEOMETRIC_REPRESENTATION_CONTEXT(2) 
PARAMETRIC_REPRESENTATION_CONTEXT() REPRESENTATION_CONTEXT('2D SPACE',''
  ) );
#405 = PCURVE('',#406,#411);
#406 = CYLINDRICAL_SURFACE('',#407,2.);
#407 = AXIS2_PLACEMENT_3D('',#408,#409,#410);
#408 = CARTESIAN_POINT('',(-6.,-11.00000005113,-1.));
#409 = DIRECTION('',(0.,0.,-1.));
#410 = DIRECTION('',(-1.,0.,0.));
#411 = DEFINITIONAL_REPRESENTATION('',(#412),#416);
#412 = LINE('',#413,#414);
#413 = CARTESIAN_POINT('',(0.,-1.));
#414 = VECTOR('',#415,1.);
#415 = DIRECTION('',(1.,0.));
#416 = ( GEOMETRIC_REPRESENTATION_CONTEXT(2) 
PARAMETRIC_REPRESENTATION_CONTEXT() REPRESENTATION_CONTEXT('2D SPACE',''
  ) );
#417 = ORIENTED_EDGE('',*,*,#418,.F.);
#418 = EDGE_CURVE('',#419,#386,#421,.T.);
#419 = VERTEX_POINT('',#420);
#420 = CARTESIAN_POINT('',(6.,-9.00000002557,0.));
#421 = SURFACE_CURVE('',#422,(#426,#432),.PCURVE_S1.);
#422 = LINE('',#423,#424);
#423 = CARTESIAN_POINT('',(-3.00000000022,-9.,0.));
#424 = VECTOR('',#425,1.);
#425 = DIRECTION('',(-1.,0.,0.));
#426 = PCURVE('',#126,#427);
#427 = DEFINITIONAL_REPRESENTATION('',(#428),#431);
#428 = B_SPLINE_CURVE_WITH_KNOTS('',1,(#429,#430),.UNSPECIFIED.,.F.,.F.,
  (2,2),(-9.00000000022,2.99999999978),.PIECEWISE_BEZIER_KNOTS.);
#429 = CARTESIAN_POINT('',(6.00000000044,-8.999999998831));
#430 = CARTESIAN_POINT('',(-5.99999999956,-8.999999998831));
#431 = ( GEOMETRIC_REPRESENTATION_CONTEXT(2) 
PARAMETRIC_REPRESENTATION_CONTEXT() REPRESENTATION_CONTEXT('2D SPACE',''
  ) );
#432 = PCURVE('',#433,#438);
#433 = PLANE('',#434);
#434 = AXIS2_PLACEMENT_3D('',#435,#436,#437);
#435 = CARTESIAN_POINT('',(-6.,-9.,-1.));
#436 = DIRECTION('',(0.,1.,0.));
#437 = DIRECTION('',(1.,0.,0.));
#438 = DEFINITIONAL_REPRESENTATION('',(#439),#442);
#439 = B_SPLINE_CURVE_WITH_KNOTS('',1,(#440,#441),.UNSPECIFIED.,.F.,.F.,
  (2,2),(-9.00000000022,2.99999999978),.PIECEWISE_BEZIER_KNOTS.);
#440 = CARTESIAN_POINT('',(12.,-1.));
#441 = CARTESIAN_POINT('',(0.,-1.));
#442 = ( GEOMETRIC_REPRESENTATION_CONTEXT(2) 
PARAMETRIC_REPRESENTATION_CONTEXT() REPRESENTATION_CONTEXT('2D SPACE',''
  ) );
#443 = ORIENTED_EDGE('',*,*,#444,.T.);
#444 = EDGE_CURVE('',#419,#445,#447,.T.);
#445 = VERTEX_POINT('',#446);
#446 = CARTESIAN_POINT('',(8.,-11.00000005113,0.));
#447 = SURFACE_CURVE('',#448,(#453,#464),.PCURVE_S1.);
#448 = CIRCLE('',#449,2.);
#449 = AXIS2_PLACEMENT_3D('',#450,#451,#452);
#450 = CARTESIAN_POINT('',(6.,-11.00000005113,0.));
#451 = DIRECTION('',(0.,0.,-1.));
#452 = DIRECTION('',(-1.,0.,0.));
#453 = PCURVE('',#126,#454);
#454 = DEFINITIONAL_REPRESENTATION('',(#455),#463);
#455 = ( BOUNDED_CURVE() B_SPLINE_CURVE(2,(#456,#457,#458,#459,#460,#461
,#462),.UNSPECIFIED.,.T.,.F.) B_SPLINE_CURVE_WITH_KNOTS((1,2,2,2,2,1),(
    -2.094395102393,0.,2.094395102393,4.188790204786,6.28318530718,
8.377580409573),.UNSPECIFIED.) CURVE() GEOMETRIC_REPRESENTATION_ITEM() 
RATIONAL_B_SPLINE_CURVE((1.,0.5,1.,0.5,1.,0.5,1.)) REPRESENTATION_ITEM(
  '') );
#456 = CARTESIAN_POINT('',(4.00000000044,-11.00000004997));
#457 = CARTESIAN_POINT('',(4.00000000044,-7.535898434833));
#458 = CARTESIAN_POINT('',(7.00000000044,-9.267949242402));
#459 = CARTESIAN_POINT('',(10.00000000044,-11.00000004997));
#460 = CARTESIAN_POINT('',(7.00000000044,-12.73205085753));
#461 = CARTESIAN_POINT('',(4.00000000044,-14.4641016651));
#462 = CARTESIAN_POINT('',(4.00000000044,-11.00000004997));
#463 = ( GEOMETRIC_REPRESENTATION_CONTEXT(2) 
PARAMETRIC_REPRESENTATION_CONTEXT() REPRESENTATION_CONTEXT('2D SPACE',''
  ) );
#464 = PCURVE('',#465,#470);
#465 = CYLINDRICAL_SURFACE('',#466,2.);
#466 = AXIS2_PLACEMENT_3D('',#467,#468,#469);
#467 = CARTESIAN_POINT('',(6.,-11.00000005113,-1.));
#468 = DIRECTION('',(0.,0.,-1.));
#469 = DIRECTION('',(-1.,0.,0.));
#470 = DEFINITIONAL_REPRESENTATION('',(#471),#475);
#471 = LINE('',#472,#473);
#472 = CARTESIAN_POINT('',(0.,-1.));
#473 = VECTOR('',#474,1.);
#474 = DIRECTION('',(1.,0.));
#475 = ( GEOMETRIC_REPRESENTATION_CONTEXT(2) 
PARAMETRIC_REPRESENTATION_CONTEXT() REPRESENTATION_CONTEXT('2D SPACE',''
  ) );
#476 = ORIENTED_EDGE('',*,*,#477,.T.);
#477 = EDGE_CURVE('',#445,#478,#480,.T.);
#478 = VERTEX_POINT('',#479);
#479 = CARTESIAN_POINT('',(7.999999963746,-21.,0.));
#480 = SURFACE_CURVE('',#481,(#485,#491),.PCURVE_S1.);
#481 = LINE('',#482,#483);
#482 = CARTESIAN_POINT('',(8.,-10.50000000058,0.));
#483 = VECTOR('',#484,1.);
#484 = DIRECTION('',(0.,-1.,0.));
#485 = PCURVE('',#126,#486);
#486 = DEFINITIONAL_REPRESENTATION('',(#487),#490);
#487 = B_SPLINE_CURVE_WITH_KNOTS('',1,(#488,#489),.UNSPECIFIED.,.F.,.F.,
  (2,2),(0.500000050555,10.499999999416),.PIECEWISE_BEZIER_KNOTS.);
#488 = CARTESIAN_POINT('',(8.00000000044,-11.00000004997));
#489 = CARTESIAN_POINT('',(8.00000000044,-20.99999999883));
#490 = ( GEOMETRIC_REPRESENTATION_CONTEXT(2) 
PARAMETRIC_REPRESENTATION_CONTEXT() REPRESENTATION_CONTEXT('2D SPACE',''
  ) );
#491 = PCURVE('',#492,#497);
#492 = PLANE('',#493);
#493 = AXIS2_PLACEMENT_3D('',#494,#495,#496);
#494 = CARTESIAN_POINT('',(8.,-21.,-1.));
#495 = DIRECTION('',(-1.,0.,0.));
#496 = DIRECTION('',(0.,1.,0.));
#497 = DEFINITIONAL_REPRESENTATION('',(#498),#501);
#498 = B_SPLINE_CURVE_WITH_KNOTS('',1,(#499,#500),.UNSPECIFIED.,.F.,.F.,
  (2,2),(0.500000050555,10.499999999416),.PIECEWISE_BEZIER_KNOTS.);
#499 = CARTESIAN_POINT('',(9.999999948861,-1.));
#500 = CARTESIAN_POINT('',(0.,-1.));
#501 = ( GEOMETRIC_REPRESENTATION_CONTEXT(2) 
PARAMETRIC_REPRESENTATION_CONTEXT() REPRESENTATION_CONTEXT('2D SPACE',''
  ) );
#502 = ORIENTED_EDGE('',*,*,#503,.T.);
#503 = EDGE_CURVE('',#478,#504,#506,.T.);
#504 = VERTEX_POINT('',#505);
#505 = CARTESIAN_POINT('',(5.999999927492,-23.,0.));
#506 = SURFACE_CURVE('',#507,(#512,#523),.PCURVE_S1.);
#507 = CIRCLE('',#508,2.);
#508 = AXIS2_PLACEMENT_3D('',#509,#510,#511);
#509 = CARTESIAN_POINT('',(5.999999927492,-21.,0.));
#510 = DIRECTION('',(0.,0.,-1.));
#511 = DIRECTION('',(-1.,0.,0.));
#512 = PCURVE('',#126,#513);
#513 = DEFINITIONAL_REPRESENTATION('',(#514),#522);
#514 = ( BOUNDED_CURVE() B_SPLINE_CURVE(2,(#515,#516,#517,#518,#519,#520
,#521),.UNSPECIFIED.,.T.,.F.) B_SPLINE_CURVE_WITH_KNOTS((1,2,2,2,2,1),(
    -2.094395102393,0.,2.094395102393,4.188790204786,6.28318530718,
8.377580409573),.UNSPECIFIED.) CURVE() GEOMETRIC_REPRESENTATION_ITEM() 
RATIONAL_B_SPLINE_CURVE((1.,0.5,1.,0.5,1.,0.5,1.)) REPRESENTATION_ITEM(
  '') );
#515 = CARTESIAN_POINT('',(3.999999927933,-20.99999999883));
#516 = CARTESIAN_POINT('',(3.999999927933,-17.53589838369));
#517 = CARTESIAN_POINT('',(6.999999927933,-19.26794919126));
#518 = CARTESIAN_POINT('',(9.999999927933,-20.99999999883));
#519 = CARTESIAN_POINT('',(6.999999927933,-22.7320508064));
#520 = CARTESIAN_POINT('',(3.999999927933,-24.46410161396));
#521 = CARTESIAN_POINT('',(3.999999927933,-20.99999999883));
#522 = ( GEOMETRIC_REPRESENTATION_CONTEXT(2) 
PARAMETRIC_REPRESENTATION_CONTEXT() REPRESENTATION_CONTEXT('2D SPACE',''
  ) );
#523 = PCURVE('',#524,#529);
#524 = CYLINDRICAL_SURFACE('',#525,2.);
#525 = AXIS2_PLACEMENT_3D('',#526,#527,#528);
#526 = CARTESIAN_POINT('',(5.999999927492,-21.,-1.));
#527 = DIRECTION('',(0.,0.,-1.));
#528 = DIRECTION('',(-1.,0.,0.));
#529 = DEFINITIONAL_REPRESENTATION('',(#530),#534);
#530 = LINE('',#531,#532);
#531 = CARTESIAN_POINT('',(0.,-1.));
#532 = VECTOR('',#533,1.);
#533 = DIRECTION('',(1.,0.));
#534 = ( GEOMETRIC_REPRESENTATION_CONTEXT(2) 
PARAMETRIC_REPRESENTATION_CONTEXT() REPRESENTATION_CONTEXT('2D SPACE',''
  ) );
#535 = ORIENTED_EDGE('',*,*,#536,.T.);
#536 = EDGE_CURVE('',#504,#537,#539,.T.);
#537 = VERTEX_POINT('',#538);
#538 = CARTESIAN_POINT('',(6.999999997923,-23.,0.));
#539 = SURFACE_CURVE('',#540,(#544,#551),.PCURVE_S1.);
#540 = LINE('',#541,#542);
#541 = CARTESIAN_POINT('',(0.,-23.,0.));
#542 = VECTOR('',#543,1.);
#543 = DIRECTION('',(1.,0.,0.));
#544 = PCURVE('',#126,#545);
#545 = DEFINITIONAL_REPRESENTATION('',(#546),#550);
#546 = LINE('',#547,#548);
#547 = CARTESIAN_POINT('',(4.401982376383E-10,-22.99999999883));
#548 = VECTOR('',#549,1.);
#549 = DIRECTION('',(1.,0.));
#550 = ( GEOMETRIC_REPRESENTATION_CONTEXT(2) 
PARAMETRIC_REPRESENTATION_CONTEXT() REPRESENTATION_CONTEXT('2D SPACE',''
  ) );
#551 = PCURVE('',#552,#557);
#552 = PLANE('',#553);
#553 = AXIS2_PLACEMENT_3D('',#554,#555,#556);
#554 = CARTESIAN_POINT('',(-7.,-23.,0.));
#555 = DIRECTION('',(0.,1.,0.));
#556 = DIRECTION('',(1.,0.,0.));
#557 = DEFINITIONAL_REPRESENTATION('',(#558),#562);
#558 = LINE('',#559,#560);
#559 = CARTESIAN_POINT('',(7.,0.));
#560 = VECTOR('',#561,1.);
#561 = DIRECTION('',(1.,0.));
#562 = ( GEOMETRIC_REPRESENTATION_CONTEXT(2) 
PARAMETRIC_REPRESENTATION_CONTEXT() REPRESENTATION_CONTEXT('2D SPACE',''
  ) );
#563 = ORIENTED_EDGE('',*,*,#564,.T.);
#564 = EDGE_CURVE('',#537,#565,#567,.T.);
#565 = VERTEX_POINT('',#566);
#566 = CARTESIAN_POINT('',(23.999999998961,-6.,0.));
#567 = SURFACE_CURVE('',#568,(#573,#580),.PCURVE_S1.);
#568 = CIRCLE('',#569,17.);
#569 = AXIS2_PLACEMENT_3D('',#570,#571,#572);
#570 = CARTESIAN_POINT('',(6.999999997923,-6.,0.));
#571 = DIRECTION('',(0.,0.,1.));
#572 = DIRECTION('',(1.,0.,0.));
#573 = PCURVE('',#126,#574);
#574 = DEFINITIONAL_REPRESENTATION('',(#575),#579);
#575 = CIRCLE('',#576,17.);
#576 = AXIS2_PLACEMENT_2D('',#577,#578);
#577 = CARTESIAN_POINT('',(6.999999998363,-5.999999998831));
#578 = DIRECTION('',(1.,0.));
#579 = ( GEOMETRIC_REPRESENTATION_CONTEXT(2) 
PARAMETRIC_REPRESENTATION_CONTEXT() REPRESENTATION_CONTEXT('2D SPACE',''
  ) );
#580 = PCURVE('',#581,#586);
#581 = CYLINDRICAL_SURFACE('',#582,17.);
#582 = AXIS2_PLACEMENT_3D('',#583,#584,#585);
#583 = CARTESIAN_POINT('',(6.999999997923,-6.,0.));
#584 = DIRECTION('',(-0.,-0.,-1.));
#585 = DIRECTION('',(1.,0.,0.));
#586 = DEFINITIONAL_REPRESENTATION('',(#587),#591);
#587 = LINE('',#588,#589);
#588 = CARTESIAN_POINT('',(-0.,0.));
#589 = VECTOR('',#590,1.);
#590 = DIRECTION('',(-1.,0.));
#591 = ( GEOMETRIC_REPRESENTATION_CONTEXT(2) 
PARAMETRIC_REPRESENTATION_CONTEXT() REPRESENTATION_CONTEXT('2D SPACE',''
  ) );
#592 = ORIENTED_EDGE('',*,*,#593,.T.);
#593 = EDGE_CURVE('',#565,#594,#596,.T.);
#594 = VERTEX_POINT('',#595);
#595 = CARTESIAN_POINT('',(24.,5.99999999642,0.));
#596 = SURFACE_CURVE('',#597,(#601,#608),.PCURVE_S1.);
#597 = LINE('',#598,#599);
#598 = CARTESIAN_POINT('',(24.,1.7763568394E-15,0.));
#599 = VECTOR('',#600,1.);
#600 = DIRECTION('',(0.,1.,0.));
#601 = PCURVE('',#126,#602);
#602 = DEFINITIONAL_REPRESENTATION('',(#603),#607);
#603 = LINE('',#604,#605);
#604 = CARTESIAN_POINT('',(24.00000000044,1.168976027301E-09));
#605 = VECTOR('',#606,1.);
#606 = DIRECTION('',(0.,1.));
#607 = ( GEOMETRIC_REPRESENTATION_CONTEXT(2) 
PARAMETRIC_REPRESENTATION_CONTEXT() REPRESENTATION_CONTEXT('2D SPACE',''
  ) );
#608 = PCURVE('',#609,#614);
#609 = PLANE('',#610);
#610 = AXIS2_PLACEMENT_3D('',#611,#612,#613);
#611 = CARTESIAN_POINT('',(24.,-6.,0.));
#612 = DIRECTION('',(-1.,0.,0.));
#613 = DIRECTION('',(0.,1.,0.));
#614 = DEFINITIONAL_REPRESENTATION('',(#615),#619);
#615 = LINE('',#616,#617);
#616 = CARTESIAN_POINT('',(6.,0.));
#617 = VECTOR('',#618,1.);
#618 = DIRECTION('',(1.,0.));
#619 = ( GEOMETRIC_REPRESENTATION_CONTEXT(2) 
PARAMETRIC_REPRESENTATION_CONTEXT() REPRESENTATION_CONTEXT('2D SPACE',''
  ) );
#620 = ORIENTED_EDGE('',*,*,#621,.T.);
#621 = EDGE_CURVE('',#594,#622,#624,.T.);
#622 = VERTEX_POINT('',#623);
#623 = CARTESIAN_POINT('',(7.,22.99999999821,0.));
#624 = SURFACE_CURVE('',#625,(#630,#637),.PCURVE_S1.);
#625 = CIRCLE('',#626,17.);
#626 = AXIS2_PLACEMENT_3D('',#627,#628,#629);
#627 = CARTESIAN_POINT('',(7.,5.99999999642,0.));
#628 = DIRECTION('',(0.,0.,1.));
#629 = DIRECTION('',(1.,0.,0.));
#630 = PCURVE('',#126,#631);
#631 = DEFINITIONAL_REPRESENTATION('',(#632),#636);
#632 = CIRCLE('',#633,17.);
#633 = AXIS2_PLACEMENT_2D('',#634,#635);
#634 = CARTESIAN_POINT('',(7.00000000044,5.999999997589));
#635 = DIRECTION('',(1.,0.));
#636 = ( GEOMETRIC_REPRESENTATION_CONTEXT(2) 
PARAMETRIC_REPRESENTATION_CONTEXT() REPRESENTATION_CONTEXT('2D SPACE',''
  ) );
#637 = PCURVE('',#638,#643);
#638 = CYLINDRICAL_SURFACE('',#639,17.);
#639 = AXIS2_PLACEMENT_3D('',#640,#641,#642);
#640 = CARTESIAN_POINT('',(7.,5.99999999642,0.));
#641 = DIRECTION('',(-0.,-0.,-1.));
#642 = DIRECTION('',(1.,0.,0.));
#643 = DEFINITIONAL_REPRESENTATION('',(#644),#648);
#644 = LINE('',#645,#646);
#645 = CARTESIAN_POINT('',(-0.,0.));
#646 = VECTOR('',#647,1.);
#647 = DIRECTION('',(-1.,0.));
#648 = ( GEOMETRIC_REPRESENTATION_CONTEXT(2) 
PARAMETRIC_REPRESENTATION_CONTEXT() REPRESENTATION_CONTEXT('2D SPACE',''
  ) );
#649 = ORIENTED_EDGE('',*,*,#650,.F.);
#650 = EDGE_CURVE('',#224,#622,#651,.T.);
#651 = SURFACE_CURVE('',#652,(#656,#663),.PCURVE_S1.);
#652 = LINE('',#653,#654);
#653 = CARTESIAN_POINT('',(0.,23.,0.));
#654 = VECTOR('',#655,1.);
#655 = DIRECTION('',(1.,0.,0.));
#656 = PCURVE('',#126,#657);
#657 = DEFINITIONAL_REPRESENTATION('',(#658),#662);
#658 = LINE('',#659,#660);
#659 = CARTESIAN_POINT('',(4.401982376383E-10,23.000000001169));
#660 = VECTOR('',#661,1.);
#661 = DIRECTION('',(1.,0.));
#662 = ( GEOMETRIC_REPRESENTATION_CONTEXT(2) 
PARAMETRIC_REPRESENTATION_CONTEXT() REPRESENTATION_CONTEXT('2D SPACE',''
  ) );
#663 = PCURVE('',#241,#664);
#664 = DEFINITIONAL_REPRESENTATION('',(#665),#669);
#665 = LINE('',#666,#667);
#666 = CARTESIAN_POINT('',(7.,0.));
#667 = VECTOR('',#668,1.);
#668 = DIRECTION('',(1.,0.));
#669 = ( GEOMETRIC_REPRESENTATION_CONTEXT(2) 
PARAMETRIC_REPRESENTATION_CONTEXT() REPRESENTATION_CONTEXT('2D SPACE',''
  ) );
#670 = ORIENTED_EDGE('',*,*,#276,.T.);
#671 = FACE_BOUND('',#672,.F.);
#672 = EDGE_LOOP('',(#673));
#673 = ORIENTED_EDGE('',*,*,#674,.F.);
#674 = EDGE_CURVE('',#675,#675,#677,.T.);
#675 = VERTEX_POINT('',#676);
#676 = CARTESIAN_POINT('',(-16.8,-15.,0.));
#677 = SURFACE_CURVE('',#678,(#683,#690),.PCURVE_S1.);
#678 = CIRCLE('',#679,1.2);
#679 = AXIS2_PLACEMENT_3D('',#680,#681,#682);
#680 = CARTESIAN_POINT('',(-18.,-15.,0.));
#681 = DIRECTION('',(0.,0.,1.));
#682 = DIRECTION('',(1.,0.,-0.));
#683 = PCURVE('',#126,#684);
#684 = DEFINITIONAL_REPRESENTATION('',(#685),#689);
#685 = CIRCLE('',#686,1.2);
#686 = AXIS2_PLACEMENT_2D('',#687,#688);
#687 = CARTESIAN_POINT('',(-17.99999999956,-14.99999999883));
#688 = DIRECTION('',(1.,0.));
#689 = ( GEOMETRIC_REPRESENTATION_CONTEXT(2) 
PARAMETRIC_REPRESENTATION_CONTEXT() REPRESENTATION_CONTEXT('2D SPACE',''
  ) );
#690 = PCURVE('',#691,#696);
#691 = CYLINDRICAL_SURFACE('',#692,1.2);
#692 = AXIS2_PLACEMENT_3D('',#693,#694,#695);
#693 = CARTESIAN_POINT('',(-18.,-15.,-1.));
#694 = DIRECTION('',(0.,0.,1.));
#695 = DIRECTION('',(1.,0.,-0.));
#696 = DEFINITIONAL_REPRESENTATION('',(#697),#701);
#697 = LINE('',#698,#699);
#698 = CARTESIAN_POINT('',(0.,1.));
#699 = VECTOR('',#700,1.);
#700 = DIRECTION('',(1.,0.));
#701 = ( GEOMETRIC_REPRESENTATION_CONTEXT(2) 
PARAMETRIC_REPRESENTATION_CONTEXT() REPRESENTATION_CONTEXT('2D SPACE',''
  ) );
#702 = FACE_BOUND('',#703,.F.);
#703 = EDGE_LOOP('',(#704));
#704 = ORIENTED_EDGE('',*,*,#705,.F.);
#705 = EDGE_CURVE('',#706,#706,#708,.T.);
#706 = VERTEX_POINT('',#707);
#707 = CARTESIAN_POINT('',(19.2,-15.,0.));
#708 = SURFACE_CURVE('',#709,(#714,#721),.PCURVE_S1.);
#709 = CIRCLE('',#710,1.2);
#710 = AXIS2_PLACEMENT_3D('',#711,#712,#713);
#711 = CARTESIAN_POINT('',(18.,-15.,0.));
#712 = DIRECTION('',(0.,0.,1.));
#713 = DIRECTION('',(1.,0.,-0.));
#714 = PCURVE('',#126,#715);
#715 = DEFINITIONAL_REPRESENTATION('',(#716),#720);
#716 = CIRCLE('',#717,1.2);
#717 = AXIS2_PLACEMENT_2D('',#718,#719);
#718 = CARTESIAN_POINT('',(18.00000000044,-14.99999999883));
#719 = DIRECTION('',(1.,0.));
#720 = ( GEOMETRIC_REPRESENTATION_CONTEXT(2) 
PARAMETRIC_REPRESENTATION_CONTEXT() REPRESENTATION_CONTEXT('2D SPACE',''
  ) );
#721 = PCURVE('',#722,#727);
#722 = CYLINDRICAL_SURFACE('',#723,1.2);
#723 = AXIS2_PLACEMENT_3D('',#724,#725,#726);
#724 = CARTESIAN_POINT('',(18.,-15.,-1.));
#725 = DIRECTION('',(0.,0.,1.));
#726 = DIRECTION('',(1.,0.,-0.));
#727 = DEFINITIONAL_REPRESENTATION('',(#728),#732);
#728 = LINE('',#729,#730);
#729 = CARTESIAN_POINT('',(0.,1.));
#730 = VECTOR('',#731,1.);
#731 = DIRECTION('',(1.,0.));
#732 = ( GEOMETRIC_REPRESENTATION_CONTEXT(2) 
PARAMETRIC_REPRESENTATION_CONTEXT() REPRESENTATION_CONTEXT('2D SPACE',''
  ) );
#733 = FACE_BOUND('',#734,.F.);
#734 = EDGE_LOOP('',(#735,#763,#796,#822,#855,#881,#914,#940));
#735 = ORIENTED_EDGE('',*,*,#736,.F.);
#736 = EDGE_CURVE('',#737,#739,#741,.T.);
#737 = VERTEX_POINT('',#738);
#738 = CARTESIAN_POINT('',(-17.,9.1,0.));
#739 = VERTEX_POINT('',#740);
#740 = CARTESIAN_POINT('',(-17.,0.9,0.));
#741 = SURFACE_CURVE('',#742,(#746,#752),.PCURVE_S1.);
#742 = LINE('',#743,#744);
#743 = CARTESIAN_POINT('',(-16.99999999895,0.449999999416,0.));
#744 = VECTOR('',#745,1.);
#745 = DIRECTION('',(0.,-1.,0.));
#746 = PCURVE('',#126,#747);
#747 = DEFINITIONAL_REPRESENTATION('',(#748),#751);
#748 = B_SPLINE_CURVE_WITH_KNOTS('',1,(#749,#750),.UNSPECIFIED.,.F.,.F.,
  (2,2),(-8.650000000584,-0.450000000584),.PIECEWISE_BEZIER_KNOTS.);
#749 = CARTESIAN_POINT('',(-16.99999999851,9.100000001169));
#750 = CARTESIAN_POINT('',(-16.99999999851,0.900000001169));
#751 = ( GEOMETRIC_REPRESENTATION_CONTEXT(2) 
PARAMETRIC_REPRESENTATION_CONTEXT() REPRESENTATION_CONTEXT('2D SPACE',''
  ) );
#752 = PCURVE('',#753,#758);
#753 = PLANE('',#754);
#754 = AXIS2_PLACEMENT_3D('',#755,#756,#757);
#755 = CARTESIAN_POINT('',(-16.99999999895,0.9,-1.));
#756 = DIRECTION('',(-1.,0.,0.));
#757 = DIRECTION('',(0.,1.,0.));
#758 = DEFINITIONAL_REPRESENTATION('',(#759),#762);
#759 = B_SPLINE_CURVE_WITH_KNOTS('',1,(#760,#761),.UNSPECIFIED.,.F.,.F.,
  (2,2),(-8.650000000584,-0.450000000584),.PIECEWISE_BEZIER_KNOTS.);
#760 = CARTESIAN_POINT('',(8.2,-1.));
#761 = CARTESIAN_POINT('',(0.,-1.));
#762 = ( GEOMETRIC_REPRESENTATION_CONTEXT(2) 
PARAMETRIC_REPRESENTATION_CONTEXT() REPRESENTATION_CONTEXT('2D SPACE',''
  ) );
#763 = ORIENTED_EDGE('',*,*,#764,.T.);
#764 = EDGE_CURVE('',#737,#765,#767,.T.);
#765 = VERTEX_POINT('',#766);
#766 = CARTESIAN_POINT('',(-16.10000000104,10.,0.));
#767 = SURFACE_CURVE('',#768,(#773,#784),.PCURVE_S1.);
#768 = CIRCLE('',#769,0.9);
#769 = AXIS2_PLACEMENT_3D('',#770,#771,#772);
#770 = CARTESIAN_POINT('',(-16.10000000104,9.1,0.));
#771 = DIRECTION('',(0.,0.,-1.));
#772 = DIRECTION('',(-1.,0.,0.));
#773 = PCURVE('',#126,#774);
#774 = DEFINITIONAL_REPRESENTATION('',(#775),#783);
#775 = ( BOUNDED_CURVE() B_SPLINE_CURVE(2,(#776,#777,#778,#779,#780,#781
,#782),.UNSPECIFIED.,.T.,.F.) B_SPLINE_CURVE_WITH_KNOTS((1,2,2,2,2,1),(
    -2.094395102393,0.,2.094395102393,4.188790204786,6.28318530718,
8.377580409573),.UNSPECIFIED.) CURVE() GEOMETRIC_REPRESENTATION_ITEM() 
RATIONAL_B_SPLINE_CURVE((1.,0.5,1.,0.5,1.,0.5,1.)) REPRESENTATION_ITEM(
  '') );
#776 = CARTESIAN_POINT('',(-17.0000000006,9.100000001169));
#777 = CARTESIAN_POINT('',(-17.0000000006,10.658845727981));
#778 = CARTESIAN_POINT('',(-15.6500000006,9.879422864575));
#779 = CARTESIAN_POINT('',(-14.3000000006,9.100000001169));
#780 = CARTESIAN_POINT('',(-15.6500000006,8.320577137763));
#781 = CARTESIAN_POINT('',(-17.0000000006,7.541154274357));
#782 = CARTESIAN_POINT('',(-17.0000000006,9.100000001169));
#783 = ( GEOMETRIC_REPRESENTATION_CONTEXT(2) 
PARAMETRIC_REPRESENTATION_CONTEXT() REPRESENTATION_CONTEXT('2D SPACE',''
  ) );
#784 = PCURVE('',#785,#790);
#785 = CYLINDRICAL_SURFACE('',#786,0.9);
#786 = AXIS2_PLACEMENT_3D('',#787,#788,#789);
#787 = CARTESIAN_POINT('',(-16.10000000104,9.1,-1.));
#788 = DIRECTION('',(0.,0.,-1.));
#789 = DIRECTION('',(-1.,0.,0.));
#790 = DEFINITIONAL_REPRESENTATION('',(#791),#795);
#791 = LINE('',#792,#793);
#792 = CARTESIAN_POINT('',(0.,-1.));
#793 = VECTOR('',#794,1.);
#794 = DIRECTION('',(1.,0.));
#795 = ( GEOMETRIC_REPRESENTATION_CONTEXT(2) 
PARAMETRIC_REPRESENTATION_CONTEXT() REPRESENTATION_CONTEXT('2D SPACE',''
  ) );
#796 = ORIENTED_EDGE('',*,*,#797,.F.);
#797 = EDGE_CURVE('',#798,#765,#800,.T.);
#798 = VERTEX_POINT('',#799);
#799 = CARTESIAN_POINT('',(-15.90000001088,10.,0.));
#800 = SURFACE_CURVE('',#801,(#805,#811),.PCURVE_S1.);
#801 = LINE('',#802,#803);
#802 = CARTESIAN_POINT('',(-8.050000000741,10.,0.));
#803 = VECTOR('',#804,1.);
#804 = DIRECTION('',(-1.,0.,0.));
#805 = PCURVE('',#126,#806);
#806 = DEFINITIONAL_REPRESENTATION('',(#807),#810);
#807 = B_SPLINE_CURVE_WITH_KNOTS('',1,(#808,#809),.UNSPECIFIED.,.F.,.F.,
  (2,2),(7.850000010147,8.050000000301),.PIECEWISE_BEZIER_KNOTS.);
#808 = CARTESIAN_POINT('',(-15.90000001044,10.000000001169));
#809 = CARTESIAN_POINT('',(-16.1000000006,10.000000001169));
#810 = ( GEOMETRIC_REPRESENTATION_CONTEXT(2) 
PARAMETRIC_REPRESENTATION_CONTEXT() REPRESENTATION_CONTEXT('2D SPACE',''
  ) );
#811 = PCURVE('',#812,#817);
#812 = PLANE('',#813);
#813 = AXIS2_PLACEMENT_3D('',#814,#815,#816);
#814 = CARTESIAN_POINT('',(-16.10000000104,10.,-1.));
#815 = DIRECTION('',(0.,1.,0.));
#816 = DIRECTION('',(1.,0.,0.));
#817 = DEFINITIONAL_REPRESENTATION('',(#818),#821);
#818 = B_SPLINE_CURVE_WITH_KNOTS('',1,(#819,#820),.UNSPECIFIED.,.F.,.F.,
  (2,2),(7.850000010147,8.050000000301),.PIECEWISE_BEZIER_KNOTS.);
#819 = CARTESIAN_POINT('',(0.199999990154,-1.));
#820 = CARTESIAN_POINT('',(0.,-1.));
#821 = ( GEOMETRIC_REPRESENTATION_CONTEXT(2) 
PARAMETRIC_REPRESENTATION_CONTEXT() REPRESENTATION_CONTEXT('2D SPACE',''
  ) );
#822 = ORIENTED_EDGE('',*,*,#823,.T.);
#823 = EDGE_CURVE('',#798,#824,#826,.T.);
#824 = VERTEX_POINT('',#825);
#825 = CARTESIAN_POINT('',(-15.00000000492,9.1,0.));
#826 = SURFACE_CURVE('',#827,(#832,#843),.PCURVE_S1.);
#827 = CIRCLE('',#828,0.9);
#828 = AXIS2_PLACEMENT_3D('',#829,#830,#831);
#829 = CARTESIAN_POINT('',(-15.90000001088,9.1,0.));
#830 = DIRECTION('',(0.,0.,-1.));
#831 = DIRECTION('',(-1.,0.,0.));
#832 = PCURVE('',#126,#833);
#833 = DEFINITIONAL_REPRESENTATION('',(#834),#842);
#834 = ( BOUNDED_CURVE() B_SPLINE_CURVE(2,(#835,#836,#837,#838,#839,#840
,#841),.UNSPECIFIED.,.T.,.F.) B_SPLINE_CURVE_WITH_KNOTS((1,2,2,2,2,1),(
    -2.094395102393,0.,2.094395102393,4.188790204786,6.28318530718,
8.377580409573),.UNSPECIFIED.) CURVE() GEOMETRIC_REPRESENTATION_ITEM() 
RATIONAL_B_SPLINE_CURVE((1.,0.5,1.,0.5,1.,0.5,1.)) REPRESENTATION_ITEM(
  '') );
#835 = CARTESIAN_POINT('',(-16.80000001044,9.100000001169));
#836 = CARTESIAN_POINT('',(-16.80000001044,10.658845727981));
#837 = CARTESIAN_POINT('',(-15.45000001044,9.879422864575));
#838 = CARTESIAN_POINT('',(-14.10000001044,9.100000001169));
#839 = CARTESIAN_POINT('',(-15.45000001044,8.320577137763));
#840 = CARTESIAN_POINT('',(-16.80000001044,7.541154274357));
#841 = CARTESIAN_POINT('',(-16.80000001044,9.100000001169));
#842 = ( GEOMETRIC_REPRESENTATION_CONTEXT(2) 
PARAMETRIC_REPRESENTATION_CONTEXT() REPRESENTATION_CONTEXT('2D SPACE',''
  ) );
#843 = PCURVE('',#844,#849);
#844 = CYLINDRICAL_SURFACE('',#845,0.9);
#845 = AXIS2_PLACEMENT_3D('',#846,#847,#848);
#846 = CARTESIAN_POINT('',(-15.90000001088,9.1,-1.));
#847 = DIRECTION('',(0.,0.,-1.));
#848 = DIRECTION('',(-1.,0.,0.));
#849 = DEFINITIONAL_REPRESENTATION('',(#850),#854);
#850 = LINE('',#851,#852);
#851 = CARTESIAN_POINT('',(0.,-1.));
#852 = VECTOR('',#853,1.);
#853 = DIRECTION('',(1.,0.));
#854 = ( GEOMETRIC_REPRESENTATION_CONTEXT(2) 
PARAMETRIC_REPRESENTATION_CONTEXT() REPRESENTATION_CONTEXT('2D SPACE',''
  ) );
#855 = ORIENTED_EDGE('',*,*,#856,.T.);
#856 = EDGE_CURVE('',#824,#857,#859,.T.);
#857 = VERTEX_POINT('',#858);
#858 = CARTESIAN_POINT('',(-15.00000000492,0.9,0.));
#859 = SURFACE_CURVE('',#860,(#864,#870),.PCURVE_S1.);
#860 = LINE('',#861,#862);
#861 = CARTESIAN_POINT('',(-14.99999999895,0.449999999416,0.));
#862 = VECTOR('',#863,1.);
#863 = DIRECTION('',(0.,-1.,0.));
#864 = PCURVE('',#126,#865);
#865 = DEFINITIONAL_REPRESENTATION('',(#866),#869);
#866 = B_SPLINE_CURVE_WITH_KNOTS('',1,(#867,#868),.UNSPECIFIED.,.F.,.F.,
  (2,2),(-8.650000000584,-0.450000000584),.PIECEWISE_BEZIER_KNOTS.);
#867 = CARTESIAN_POINT('',(-14.99999999851,9.100000001169));
#868 = CARTESIAN_POINT('',(-14.99999999851,0.900000001169));
#869 = ( GEOMETRIC_REPRESENTATION_CONTEXT(2) 
PARAMETRIC_REPRESENTATION_CONTEXT() REPRESENTATION_CONTEXT('2D SPACE',''
  ) );
#870 = PCURVE('',#871,#876);
#871 = PLANE('',#872);
#872 = AXIS2_PLACEMENT_3D('',#873,#874,#875);
#873 = CARTESIAN_POINT('',(-14.99999999895,0.9,-1.));
#874 = DIRECTION('',(-1.,0.,0.));
#875 = DIRECTION('',(0.,1.,0.));
#876 = DEFINITIONAL_REPRESENTATION('',(#877),#880);
#877 = B_SPLINE_CURVE_WITH_KNOTS('',1,(#878,#879),.UNSPECIFIED.,.F.,.F.,
  (2,2),(-8.650000000584,-0.450000000584),.PIECEWISE_BEZIER_KNOTS.);
#878 = CARTESIAN_POINT('',(8.2,-1.));
#879 = CARTESIAN_POINT('',(0.,-1.));
#880 = ( GEOMETRIC_REPRESENTATION_CONTEXT(2) 
PARAMETRIC_REPRESENTATION_CONTEXT() REPRESENTATION_CONTEXT('2D SPACE',''
  ) );
#881 = ORIENTED_EDGE('',*,*,#882,.T.);
#882 = EDGE_CURVE('',#857,#883,#885,.T.);
#883 = VERTEX_POINT('',#884);
#884 = CARTESIAN_POINT('',(-15.90000001088,0.,0.));
#885 = SURFACE_CURVE('',#886,(#891,#902),.PCURVE_S1.);
#886 = CIRCLE('',#887,0.9);
#887 = AXIS2_PLACEMENT_3D('',#888,#889,#890);
#888 = CARTESIAN_POINT('',(-15.90000001088,0.9,0.));
#889 = DIRECTION('',(0.,0.,-1.));
#890 = DIRECTION('',(-1.,0.,0.));
#891 = PCURVE('',#126,#892);
#892 = DEFINITIONAL_REPRESENTATION('',(#893),#901);
#893 = ( BOUNDED_CURVE() B_SPLINE_CURVE(2,(#894,#895,#896,#897,#898,#899
,#900),.UNSPECIFIED.,.T.,.F.) B_SPLINE_CURVE_WITH_KNOTS((1,2,2,2,2,1),(
    -2.094395102393,0.,2.094395102393,4.188790204786,6.28318530718,
8.377580409573),.UNSPECIFIED.) CURVE() GEOMETRIC_REPRESENTATION_ITEM() 
RATIONAL_B_SPLINE_CURVE((1.,0.5,1.,0.5,1.,0.5,1.)) REPRESENTATION_ITEM(
  '') );
#894 = CARTESIAN_POINT('',(-16.80000001044,0.900000001169));
#895 = CARTESIAN_POINT('',(-16.80000001044,2.458845727981));
#896 = CARTESIAN_POINT('',(-15.45000001044,1.679422864575));
#897 = CARTESIAN_POINT('',(-14.10000001044,0.900000001169));
#898 = CARTESIAN_POINT('',(-15.45000001044,0.120577137763));
#899 = CARTESIAN_POINT('',(-16.80000001044,-0.658845725643));
#900 = CARTESIAN_POINT('',(-16.80000001044,0.900000001169));
#901 = ( GEOMETRIC_REPRESENTATION_CONTEXT(2) 
PARAMETRIC_REPRESENTATION_CONTEXT() REPRESENTATION_CONTEXT('2D SPACE',''
  ) );
#902 = PCURVE('',#903,#908);
#903 = CYLINDRICAL_SURFACE('',#904,0.9);
#904 = AXIS2_PLACEMENT_3D('',#905,#906,#907);
#905 = CARTESIAN_POINT('',(-15.90000001088,0.9,-1.));
#906 = DIRECTION('',(0.,0.,-1.));
#907 = DIRECTION('',(-1.,0.,0.));
#908 = DEFINITIONAL_REPRESENTATION('',(#909),#913);
#909 = LINE('',#910,#911);
#910 = CARTESIAN_POINT('',(0.,-1.));
#911 = VECTOR('',#912,1.);
#912 = DIRECTION('',(1.,0.));
#913 = ( GEOMETRIC_REPRESENTATION_CONTEXT(2) 
PARAMETRIC_REPRESENTATION_CONTEXT() REPRESENTATION_CONTEXT('2D SPACE',''
  ) );
#914 = ORIENTED_EDGE('',*,*,#915,.T.);
#915 = EDGE_CURVE('',#883,#916,#918,.T.);
#916 = VERTEX_POINT('',#917);
#917 = CARTESIAN_POINT('',(-16.10000000104,0.,0.));
#918 = SURFACE_CURVE('',#919,(#923,#929),.PCURVE_S1.);
#919 = LINE('',#920,#921);
#920 = CARTESIAN_POINT('',(-8.050000000741,0.,0.));
#921 = VECTOR('',#922,1.);
#922 = DIRECTION('',(-1.,0.,0.));
#923 = PCURVE('',#126,#924);
#924 = DEFINITIONAL_REPRESENTATION('',(#925),#928);
#925 = B_SPLINE_CURVE_WITH_KNOTS('',1,(#926,#927),.UNSPECIFIED.,.F.,.F.,
  (2,2),(7.850000010147,8.050000000301),.PIECEWISE_BEZIER_KNOTS.);
#926 = CARTESIAN_POINT('',(-15.90000001044,1.168974250944E-09));
#927 = CARTESIAN_POINT('',(-16.1000000006,1.168974250944E-09));
#928 = ( GEOMETRIC_REPRESENTATION_CONTEXT(2) 
PARAMETRIC_REPRESENTATION_CONTEXT() REPRESENTATION_CONTEXT('2D SPACE',''
  ) );
#929 = PCURVE('',#930,#935);
#930 = PLANE('',#931);
#931 = AXIS2_PLACEMENT_3D('',#932,#933,#934);
#932 = CARTESIAN_POINT('',(-16.10000000104,0.,-1.));
#933 = DIRECTION('',(0.,1.,0.));
#934 = DIRECTION('',(1.,0.,0.));
#935 = DEFINITIONAL_REPRESENTATION('',(#936),#939);
#936 = B_SPLINE_CURVE_WITH_KNOTS('',1,(#937,#938),.UNSPECIFIED.,.F.,.F.,
  (2,2),(7.850000010147,8.050000000301),.PIECEWISE_BEZIER_KNOTS.);
#937 = CARTESIAN_POINT('',(0.199999990154,-1.));
#938 = CARTESIAN_POINT('',(0.,-1.));
#939 = ( GEOMETRIC_REPRESENTATION_CONTEXT(2) 
PARAMETRIC_REPRESENTATION_CONTEXT() REPRESENTATION_CONTEXT('2D SPACE',''
  ) );
#940 = ORIENTED_EDGE('',*,*,#941,.T.);
#941 = EDGE_CURVE('',#916,#739,#942,.T.);
#942 = SURFACE_CURVE('',#943,(#948,#959),.PCURVE_S1.);
#943 = CIRCLE('',#944,0.9);
#944 = AXIS2_PLACEMENT_3D('',#945,#946,#947);
#945 = CARTESIAN_POINT('',(-16.10000000104,0.9,0.));
#946 = DIRECTION('',(0.,0.,-1.));
#947 = DIRECTION('',(-1.,0.,0.));
#948 = PCURVE('',#126,#949);
#949 = DEFINITIONAL_REPRESENTATION('',(#950),#958);
#950 = ( BOUNDED_CURVE() B_SPLINE_CURVE(2,(#951,#952,#953,#954,#955,#956
,#957),.UNSPECIFIED.,.T.,.F.) B_SPLINE_CURVE_WITH_KNOTS((1,2,2,2,2,1),(
    -2.094395102393,0.,2.094395102393,4.188790204786,6.28318530718,
8.377580409573),.UNSPECIFIED.) CURVE() GEOMETRIC_REPRESENTATION_ITEM() 
RATIONAL_B_SPLINE_CURVE((1.,0.5,1.,0.5,1.,0.5,1.)) REPRESENTATION_ITEM(
  '') );
#951 = CARTESIAN_POINT('',(-17.0000000006,0.900000001169));
#952 = CARTESIAN_POINT('',(-17.0000000006,2.458845727981));
#953 = CARTESIAN_POINT('',(-15.6500000006,1.679422864575));
#954 = CARTESIAN_POINT('',(-14.3000000006,0.900000001169));
#955 = CARTESIAN_POINT('',(-15.6500000006,0.120577137763));
#956 = CARTESIAN_POINT('',(-17.0000000006,-0.658845725643));
#957 = CARTESIAN_POINT('',(-17.0000000006,0.900000001169));
#958 = ( GEOMETRIC_REPRESENTATION_CONTEXT(2) 
PARAMETRIC_REPRESENTATION_CONTEXT() REPRESENTATION_CONTEXT('2D SPACE',''
  ) );
#959 = PCURVE('',#960,#965);
#960 = CYLINDRICAL_SURFACE('',#961,0.9);
#961 = AXIS2_PLACEMENT_3D('',#962,#963,#964);
#962 = CARTESIAN_POINT('',(-16.10000000104,0.9,-1.));
#963 = DIRECTION('',(0.,0.,-1.));
#964 = DIRECTION('',(-1.,0.,0.));
#965 = DEFINITIONAL_REPRESENTATION('',(#966),#970);
#966 = LINE('',#967,#968);
#967 = CARTESIAN_POINT('',(0.,-1.));
#968 = VECTOR('',#969,1.);
#969 = DIRECTION('',(1.,0.));
#970 = ( GEOMETRIC_REPRESENTATION_CONTEXT(2) 
PARAMETRIC_REPRESENTATION_CONTEXT() REPRESENTATION_CONTEXT('2D SPACE',''
  ) );
#971 = FACE_BOUND('',#972,.F.);
#972 = EDGE_LOOP('',(#973,#1001,#1034,#1060,#1093,#1119,#1152,#1178));
#973 = ORIENTED_EDGE('',*,*,#974,.F.);
#974 = EDGE_CURVE('',#975,#977,#979,.T.);
#975 = VERTEX_POINT('',#976);
#976 = CARTESIAN_POINT('',(15.,9.1,0.));
#977 = VERTEX_POINT('',#978);
#978 = CARTESIAN_POINT('',(15.,0.9,0.));
#979 = SURFACE_CURVE('',#980,(#984,#990),.PCURVE_S1.);
#980 = LINE('',#981,#982);
#981 = CARTESIAN_POINT('',(15.000000001042,0.449999999416,0.));
#982 = VECTOR('',#983,1.);
#983 = DIRECTION('',(0.,-1.,0.));
#984 = PCURVE('',#126,#985);
#985 = DEFINITIONAL_REPRESENTATION('',(#986),#989);
#986 = B_SPLINE_CURVE_WITH_KNOTS('',1,(#987,#988),.UNSPECIFIED.,.F.,.F.,
  (2,2),(-8.650000000584,-0.450000000584),.PIECEWISE_BEZIER_KNOTS.);
#987 = CARTESIAN_POINT('',(15.000000001482,9.100000001169));
#988 = CARTESIAN_POINT('',(15.000000001482,0.900000001169));
#989 = ( GEOMETRIC_REPRESENTATION_CONTEXT(2) 
PARAMETRIC_REPRESENTATION_CONTEXT() REPRESENTATION_CONTEXT('2D SPACE',''
  ) );
#990 = PCURVE('',#991,#996);
#991 = PLANE('',#992);
#992 = AXIS2_PLACEMENT_3D('',#993,#994,#995);
#993 = CARTESIAN_POINT('',(15.000000001042,0.9,-1.));
#994 = DIRECTION('',(-1.,0.,0.));
#995 = DIRECTION('',(0.,1.,0.));
#996 = DEFINITIONAL_REPRESENTATION('',(#997),#1000);
#997 = B_SPLINE_CURVE_WITH_KNOTS('',1,(#998,#999),.UNSPECIFIED.,.F.,.F.,
  (2,2),(-8.650000000584,-0.450000000584),.PIECEWISE_BEZIER_KNOTS.);
#998 = CARTESIAN_POINT('',(8.2,-1.));
#999 = CARTESIAN_POINT('',(0.,-1.));
#1000 = ( GEOMETRIC_REPRESENTATION_CONTEXT(2) 
PARAMETRIC_REPRESENTATION_CONTEXT() REPRESENTATION_CONTEXT('2D SPACE',''
  ) );
#1001 = ORIENTED_EDGE('',*,*,#1002,.T.);
#1002 = EDGE_CURVE('',#975,#1003,#1005,.T.);
#1003 = VERTEX_POINT('',#1004);
#1004 = CARTESIAN_POINT('',(15.899999998958,10.,0.));
#1005 = SURFACE_CURVE('',#1006,(#1011,#1022),.PCURVE_S1.);
#1006 = CIRCLE('',#1007,0.9);
#1007 = AXIS2_PLACEMENT_3D('',#1008,#1009,#1010);
#1008 = CARTESIAN_POINT('',(15.899999998958,9.1,0.));
#1009 = DIRECTION('',(0.,0.,-1.));
#1010 = DIRECTION('',(-1.,0.,0.));
#1011 = PCURVE('',#126,#1012);
#1012 = DEFINITIONAL_REPRESENTATION('',(#1013),#1021);
#1013 = ( BOUNDED_CURVE() B_SPLINE_CURVE(2,(#1014,#1015,#1016,#1017,
#1018,#1019,#1020),.UNSPECIFIED.,.T.,.F.) B_SPLINE_CURVE_WITH_KNOTS((1,2
    ,2,2,2,1),(-2.094395102393,0.,2.094395102393,4.188790204786,
6.28318530718,8.377580409573),.UNSPECIFIED.) CURVE() 
GEOMETRIC_REPRESENTATION_ITEM() RATIONAL_B_SPLINE_CURVE((1.,0.5,1.,0.5,
1.,0.5,1.)) REPRESENTATION_ITEM('') );
#1014 = CARTESIAN_POINT('',(14.999999999398,9.100000001169));
#1015 = CARTESIAN_POINT('',(14.999999999398,10.658845727981));
#1016 = CARTESIAN_POINT('',(16.349999999398,9.879422864575));
#1017 = CARTESIAN_POINT('',(17.699999999398,9.100000001169));
#1018 = CARTESIAN_POINT('',(16.349999999398,8.320577137763));
#1019 = CARTESIAN_POINT('',(14.999999999398,7.541154274357));
#1020 = CARTESIAN_POINT('',(14.999999999398,9.100000001169));
#1021 = ( GEOMETRIC_REPRESENTATION_CONTEXT(2) 
PARAMETRIC_REPRESENTATION_CONTEXT() REPRESENTATION_CONTEXT('2D SPACE',''
  ) );
#1022 = PCURVE('',#1023,#1028);
#1023 = CYLINDRICAL_SURFACE('',#1024,0.9);
#1024 = AXIS2_PLACEMENT_3D('',#1025,#1026,#1027);
#1025 = CARTESIAN_POINT('',(15.899999998958,9.1,-1.));
#1026 = DIRECTION('',(0.,0.,-1.));
#1027 = DIRECTION('',(-1.,0.,0.));
#1028 = DEFINITIONAL_REPRESENTATION('',(#1029),#1033);
#1029 = LINE('',#1030,#1031);
#1030 = CARTESIAN_POINT('',(0.,-1.));
#1031 = VECTOR('',#1032,1.);
#1032 = DIRECTION('',(1.,0.));
#1033 = ( GEOMETRIC_REPRESENTATION_CONTEXT(2) 
PARAMETRIC_REPRESENTATION_CONTEXT() REPRESENTATION_CONTEXT('2D SPACE',''
  ) );
#1034 = ORIENTED_EDGE('',*,*,#1035,.F.);
#1035 = EDGE_CURVE('',#1036,#1003,#1038,.T.);
#1036 = VERTEX_POINT('',#1037);
#1037 = CARTESIAN_POINT('',(16.099999989112,10.,0.));
#1038 = SURFACE_CURVE('',#1039,(#1043,#1049),.PCURVE_S1.);
#1039 = LINE('',#1040,#1041);
#1040 = CARTESIAN_POINT('',(7.949999999259,10.,0.));
#1041 = VECTOR('',#1042,1.);
#1042 = DIRECTION('',(-1.,0.,0.));
#1043 = PCURVE('',#126,#1044);
#1044 = DEFINITIONAL_REPRESENTATION('',(#1045),#1048);
#1045 = B_SPLINE_CURVE_WITH_KNOTS('',1,(#1046,#1047),.UNSPECIFIED.,.F.,
  .F.,(2,2),(-8.149999989853,-7.949999999699),.PIECEWISE_BEZIER_KNOTS.);
#1046 = CARTESIAN_POINT('',(16.099999989553,10.000000001169));
#1047 = CARTESIAN_POINT('',(15.899999999398,10.000000001169));
#1048 = ( GEOMETRIC_REPRESENTATION_CONTEXT(2) 
PARAMETRIC_REPRESENTATION_CONTEXT() REPRESENTATION_CONTEXT('2D SPACE',''
  ) );
#1049 = PCURVE('',#1050,#1055);
#1050 = PLANE('',#1051);
#1051 = AXIS2_PLACEMENT_3D('',#1052,#1053,#1054);
#1052 = CARTESIAN_POINT('',(15.899999998958,10.,-1.));
#1053 = DIRECTION('',(0.,1.,0.));
#1054 = DIRECTION('',(1.,0.,0.));
#1055 = DEFINITIONAL_REPRESENTATION('',(#1056),#1059);
#1056 = B_SPLINE_CURVE_WITH_KNOTS('',1,(#1057,#1058),.UNSPECIFIED.,.F.,
  .F.,(2,2),(-8.149999989853,-7.949999999699),.PIECEWISE_BEZIER_KNOTS.);
#1057 = CARTESIAN_POINT('',(0.199999990154,-1.));
#1058 = CARTESIAN_POINT('',(0.,-1.));
#1059 = ( GEOMETRIC_REPRESENTATION_CONTEXT(2) 
PARAMETRIC_REPRESENTATION_CONTEXT() REPRESENTATION_CONTEXT('2D SPACE',''
  ) );
#1060 = ORIENTED_EDGE('',*,*,#1061,.T.);
#1061 = EDGE_CURVE('',#1036,#1062,#1064,.T.);
#1062 = VERTEX_POINT('',#1063);
#1063 = CARTESIAN_POINT('',(16.999999995077,9.1,0.));
#1064 = SURFACE_CURVE('',#1065,(#1070,#1081),.PCURVE_S1.);
#1065 = CIRCLE('',#1066,0.9);
#1066 = AXIS2_PLACEMENT_3D('',#1067,#1068,#1069);
#1067 = CARTESIAN_POINT('',(16.099999989112,9.1,0.));
#1068 = DIRECTION('',(0.,0.,-1.));
#1069 = DIRECTION('',(-1.,0.,0.));
#1070 = PCURVE('',#126,#1071);
#1071 = DEFINITIONAL_REPRESENTATION('',(#1072),#1080);
#1072 = ( BOUNDED_CURVE() B_SPLINE_CURVE(2,(#1073,#1074,#1075,#1076,
#1077,#1078,#1079),.UNSPECIFIED.,.T.,.F.) B_SPLINE_CURVE_WITH_KNOTS((1,2
    ,2,2,2,1),(-2.094395102393,0.,2.094395102393,4.188790204786,
6.28318530718,8.377580409573),.UNSPECIFIED.) CURVE() 
GEOMETRIC_REPRESENTATION_ITEM() RATIONAL_B_SPLINE_CURVE((1.,0.5,1.,0.5,
1.,0.5,1.)) REPRESENTATION_ITEM('') );
#1073 = CARTESIAN_POINT('',(15.199999989553,9.100000001169));
#1074 = CARTESIAN_POINT('',(15.199999989553,10.658845727981));
#1075 = CARTESIAN_POINT('',(16.549999989553,9.879422864575));
#1076 = CARTESIAN_POINT('',(17.899999989553,9.100000001169));
#1077 = CARTESIAN_POINT('',(16.549999989553,8.320577137763));
#1078 = CARTESIAN_POINT('',(15.199999989553,7.541154274357));
#1079 = CARTESIAN_POINT('',(15.199999989553,9.100000001169));
#1080 = ( GEOMETRIC_REPRESENTATION_CONTEXT(2) 
PARAMETRIC_REPRESENTATION_CONTEXT() REPRESENTATION_CONTEXT('2D SPACE',''
  ) );
#1081 = PCURVE('',#1082,#1087);
#1082 = CYLINDRICAL_SURFACE('',#1083,0.9);
#1083 = AXIS2_PLACEMENT_3D('',#1084,#1085,#1086);
#1084 = CARTESIAN_POINT('',(16.099999989112,9.1,-1.));
#1085 = DIRECTION('',(0.,0.,-1.));
#1086 = DIRECTION('',(-1.,0.,0.));
#1087 = DEFINITIONAL_REPRESENTATION('',(#1088),#1092);
#1088 = LINE('',#1089,#1090);
#1089 = CARTESIAN_POINT('',(0.,-1.));
#1090 = VECTOR('',#1091,1.);
#1091 = DIRECTION('',(1.,0.));
#1092 = ( GEOMETRIC_REPRESENTATION_CONTEXT(2) 
PARAMETRIC_REPRESENTATION_CONTEXT() REPRESENTATION_CONTEXT('2D SPACE',''
  ) );
#1093 = ORIENTED_EDGE('',*,*,#1094,.T.);
#1094 = EDGE_CURVE('',#1062,#1095,#1097,.T.);
#1095 = VERTEX_POINT('',#1096);
#1096 = CARTESIAN_POINT('',(16.999999995077,0.9,0.));
#1097 = SURFACE_CURVE('',#1098,(#1102,#1108),.PCURVE_S1.);
#1098 = LINE('',#1099,#1100);
#1099 = CARTESIAN_POINT('',(17.000000001042,0.449999999416,0.));
#1100 = VECTOR('',#1101,1.);
#1101 = DIRECTION('',(0.,-1.,0.));
#1102 = PCURVE('',#126,#1103);
#1103 = DEFINITIONAL_REPRESENTATION('',(#1104),#1107);
#1104 = B_SPLINE_CURVE_WITH_KNOTS('',1,(#1105,#1106),.UNSPECIFIED.,.F.,
  .F.,(2,2),(-8.650000000584,-0.450000000584),.PIECEWISE_BEZIER_KNOTS.);
#1105 = CARTESIAN_POINT('',(17.000000001482,9.100000001169));
#1106 = CARTESIAN_POINT('',(17.000000001482,0.900000001169));
#1107 = ( GEOMETRIC_REPRESENTATION_CONTEXT(2) 
PARAMETRIC_REPRESENTATION_CONTEXT() REPRESENTATION_CONTEXT('2D SPACE',''
  ) );
#1108 = PCURVE('',#1109,#1114);
#1109 = PLANE('',#1110);
#1110 = AXIS2_PLACEMENT_3D('',#1111,#1112,#1113);
#1111 = CARTESIAN_POINT('',(17.000000001042,0.9,-1.));
#1112 = DIRECTION('',(-1.,0.,0.));
#1113 = DIRECTION('',(0.,1.,0.));
#1114 = DEFINITIONAL_REPRESENTATION('',(#1115),#1118);
#1115 = B_SPLINE_CURVE_WITH_KNOTS('',1,(#1116,#1117),.UNSPECIFIED.,.F.,
  .F.,(2,2),(-8.650000000584,-0.450000000584),.PIECEWISE_BEZIER_KNOTS.);
#1116 = CARTESIAN_POINT('',(8.2,-1.));
#1117 = CARTESIAN_POINT('',(0.,-1.));
#1118 = ( GEOMETRIC_REPRESENTATION_CONTEXT(2) 
PARAMETRIC_REPRESENTATION_CONTEXT() REPRESENTATION_CONTEXT('2D SPACE',''
  ) );
#1119 = ORIENTED_EDGE('',*,*,#1120,.T.);
#1120 = EDGE_CURVE('',#1095,#1121,#1123,.T.);
#1121 = VERTEX_POINT('',#1122);
#1122 = CARTESIAN_POINT('',(16.099999989112,0.,0.));
#1123 = SURFACE_CURVE('',#1124,(#1129,#1140),.PCURVE_S1.);
#1124 = CIRCLE('',#1125,0.9);
#1125 = AXIS2_PLACEMENT_3D('',#1126,#1127,#1128);
#1126 = CARTESIAN_POINT('',(16.099999989112,0.9,0.));
#1127 = DIRECTION('',(0.,0.,-1.));
#1128 = DIRECTION('',(-1.,0.,0.));
#1129 = PCURVE('',#126,#1130);
#1130 = DEFINITIONAL_REPRESENTATION('',(#1131),#1139);
#1131 = ( BOUNDED_CURVE() B_SPLINE_CURVE(2,(#1132,#1133,#1134,#1135,
#1136,#1137,#1138),.UNSPECIFIED.,.T.,.F.) B_SPLINE_CURVE_WITH_KNOTS((1,2
    ,2,2,2,1),(-2.094395102393,0.,2.094395102393,4.188790204786,
6.28318530718,8.377580409573),.UNSPECIFIED.) CURVE() 
GEOMETRIC_REPRESENTATION_ITEM() RATIONAL_B_SPLINE_CURVE((1.,0.5,1.,0.5,
1.,0.5,1.)) REPRESENTATION_ITEM('') );
#1132 = CARTESIAN_POINT('',(15.199999989553,0.900000001169));
#1133 = CARTESIAN_POINT('',(15.199999989553,2.458845727981));
#1134 = CARTESIAN_POINT('',(16.549999989553,1.679422864575));
#1135 = CARTESIAN_POINT('',(17.899999989553,0.900000001169));
#1136 = CARTESIAN_POINT('',(16.549999989553,0.120577137763));
#1137 = CARTESIAN_POINT('',(15.199999989553,-0.658845725643));
#1138 = CARTESIAN_POINT('',(15.199999989553,0.900000001169));
#1139 = ( GEOMETRIC_REPRESENTATION_CONTEXT(2) 
PARAMETRIC_REPRESENTATION_CONTEXT() REPRESENTATION_CONTEXT('2D SPACE',''
  ) );
#1140 = PCURVE('',#1141,#1146);
#1141 = CYLINDRICAL_SURFACE('',#1142,0.9);
#1142 = AXIS2_PLACEMENT_3D('',#1143,#1144,#1145);
#1143 = CARTESIAN_POINT('',(16.099999989112,0.9,-1.));
#1144 = DIRECTION('',(0.,0.,-1.));
#1145 = DIRECTION('',(-1.,0.,0.));
#1146 = DEFINITIONAL_REPRESENTATION('',(#1147),#1151);
#1147 = LINE('',#1148,#1149);
#1148 = CARTESIAN_POINT('',(0.,-1.));
#1149 = VECTOR('',#1150,1.);
#1150 = DIRECTION('',(1.,0.));
#1151 = ( GEOMETRIC_REPRESENTATION_CONTEXT(2) 
PARAMETRIC_REPRESENTATION_CONTEXT() REPRESENTATION_CONTEXT('2D SPACE',''
  ) );
#1152 = ORIENTED_EDGE('',*,*,#1153,.T.);
#1153 = EDGE_CURVE('',#1121,#1154,#1156,.T.);
#1154 = VERTEX_POINT('',#1155);
#1155 = CARTESIAN_POINT('',(15.899999998958,0.,0.));
#1156 = SURFACE_CURVE('',#1157,(#1161,#1167),.PCURVE_S1.);
#1157 = LINE('',#1158,#1159);
#1158 = CARTESIAN_POINT('',(7.949999999259,0.,0.));
#1159 = VECTOR('',#1160,1.);
#1160 = DIRECTION('',(-1.,0.,0.));
#1161 = PCURVE('',#126,#1162);
#1162 = DEFINITIONAL_REPRESENTATION('',(#1163),#1166);
#1163 = B_SPLINE_CURVE_WITH_KNOTS('',1,(#1164,#1165),.UNSPECIFIED.,.F.,
  .F.,(2,2),(-8.149999989853,-7.949999999699),.PIECEWISE_BEZIER_KNOTS.);
#1164 = CARTESIAN_POINT('',(16.099999989553,1.168974250944E-09));
#1165 = CARTESIAN_POINT('',(15.899999999398,1.168974250944E-09));
#1166 = ( GEOMETRIC_REPRESENTATION_CONTEXT(2) 
PARAMETRIC_REPRESENTATION_CONTEXT() REPRESENTATION_CONTEXT('2D SPACE',''
  ) );
#1167 = PCURVE('',#1168,#1173);
#1168 = PLANE('',#1169);
#1169 = AXIS2_PLACEMENT_3D('',#1170,#1171,#1172);
#1170 = CARTESIAN_POINT('',(15.899999998958,0.,-1.));
#1171 = DIRECTION('',(0.,1.,0.));
#1172 = DIRECTION('',(1.,0.,0.));
#1173 = DEFINITIONAL_REPRESENTATION('',(#1174),#1177);
#1174 = B_SPLINE_CURVE_WITH_KNOTS('',1,(#1175,#1176),.UNSPECIFIED.,.F.,
  .F.,(2,2),(-8.149999989853,-7.949999999699),.PIECEWISE_BEZIER_KNOTS.);
#1175 = CARTESIAN_POINT('',(0.199999990154,-1.));
#1176 = CARTESIAN_POINT('',(0.,-1.));
#1177 = ( GEOMETRIC_REPRESENTATION_CONTEXT(2) 
PARAMETRIC_REPRESENTATION_CONTEXT() REPRESENTATION_CONTEXT('2D SPACE',''
  ) );
#1178 = ORIENTED_EDGE('',*,*,#1179,.T.);
#1179 = EDGE_CURVE('',#1154,#977,#1180,.T.);
#1180 = SURFACE_CURVE('',#1181,(#1186,#1197),.PCURVE_S1.);
#1181 = CIRCLE('',#1182,0.9);
#1182 = AXIS2_PLACEMENT_3D('',#1183,#1184,#1185);
#1183 = CARTESIAN_POINT('',(15.899999998958,0.9,0.));
#1184 = DIRECTION('',(0.,0.,-1.));
#1185 = DIRECTION('',(-1.,0.,0.));
#1186 = PCURVE('',#126,#1187);
#1187 = DEFINITIONAL_REPRESENTATION('',(#1188),#1196);
#1188 = ( BOUNDED_CURVE() B_SPLINE_CURVE(2,(#1189,#1190,#1191,#1192,
#1193,#1194,#1195),.UNSPECIFIED.,.T.,.F.) B_SPLINE_CURVE_WITH_KNOTS((1,2
    ,2,2,2,1),(-2.094395102393,0.,2.094395102393,4.188790204786,
6.28318530718,8.377580409573),.UNSPECIFIED.) CURVE() 
GEOMETRIC_REPRESENTATION_ITEM() RATIONAL_B_SPLINE_CURVE((1.,0.5,1.,0.5,
1.,0.5,1.)) REPRESENTATION_ITEM('') );
#1189 = CARTESIAN_POINT('',(14.999999999398,0.900000001169));
#1190 = CARTESIAN_POINT('',(14.999999999398,2.458845727981));
#1191 = CARTESIAN_POINT('',(16.349999999398,1.679422864575));
#1192 = CARTESIAN_POINT('',(17.699999999398,0.900000001169));
#1193 = CARTESIAN_POINT('',(16.349999999398,0.120577137763));
#1194 = CARTESIAN_POINT('',(14.999999999398,-0.658845725643));
#1195 = CARTESIAN_POINT('',(14.999999999398,0.900000001169));
#1196 = ( GEOMETRIC_REPRESENTATION_CONTEXT(2) 
PARAMETRIC_REPRESENTATION_CONTEXT() REPRESENTATION_CONTEXT('2D SPACE',''
  ) );
#1197 = PCURVE('',#1198,#1203);
#1198 = CYLINDRICAL_SURFACE('',#1199,0.9);
#1199 = AXIS2_PLACEMENT_3D('',#1200,#1201,#1202);
#1200 = CARTESIAN_POINT('',(15.899999998958,0.9,-1.));
#1201 = DIRECTION('',(0.,0.,-1.));
#1202 = DIRECTION('',(-1.,0.,0.));
#1203 = DEFINITIONAL_REPRESENTATION('',(#1204),#1208);
#1204 = LINE('',#1205,#1206);
#1205 = CARTESIAN_POINT('',(0.,-1.));
#1206 = VECTOR('',#1207,1.);
#1207 = DIRECTION('',(1.,0.));
#1208 = ( GEOMETRIC_REPRESENTATION_CONTEXT(2) 
PARAMETRIC_REPRESENTATION_CONTEXT() REPRESENTATION_CONTEXT('2D SPACE',''
  ) );
#1209 = ADVANCED_FACE('',(#1210,#1765,#1795,#1825,#2023,#2515),#72,.T.);
#1210 = FACE_BOUND('',#1211,.T.);
#1211 = EDGE_LOOP('',(#1212,#1213,#1214,#1237,#1265,#1287,#1320,#1349,
    #1382,#1404,#1432,#1454,#1482,#1504,#1537,#1566,#1599,#1621,#1649,
    #1672,#1696,#1719,#1743,#1764));
#1212 = ORIENTED_EDGE('',*,*,#56,.F.);
#1213 = ORIENTED_EDGE('',*,*,#142,.F.);
#1214 = ORIENTED_EDGE('',*,*,#1215,.T.);
#1215 = EDGE_CURVE('',#143,#1216,#1218,.T.);
#1216 = VERTEX_POINT('',#1217);
#1217 = CARTESIAN_POINT('',(-6.,-23.,2.));
#1218 = SURFACE_CURVE('',#1219,(#1223,#1230),.PCURVE_S1.);
#1219 = LINE('',#1220,#1221);
#1220 = CARTESIAN_POINT('',(0.,-23.,2.));
#1221 = VECTOR('',#1222,1.);
#1222 = DIRECTION('',(1.,0.,0.));
#1223 = PCURVE('',#72,#1224);
#1224 = DEFINITIONAL_REPRESENTATION('',(#1225),#1229);
#1225 = LINE('',#1226,#1227);
#1226 = CARTESIAN_POINT('',(4.401982376383E-10,-22.99999999883));
#1227 = VECTOR('',#1228,1.);
#1228 = DIRECTION('',(1.,0.));
#1229 = ( GEOMETRIC_REPRESENTATION_CONTEXT(2) 
PARAMETRIC_REPRESENTATION_CONTEXT() REPRESENTATION_CONTEXT('2D SPACE',''
  ) );
#1230 = PCURVE('',#186,#1231);
#1231 = DEFINITIONAL_REPRESENTATION('',(#1232),#1236);
#1232 = LINE('',#1233,#1234);
#1233 = CARTESIAN_POINT('',(7.,-2.));
#1234 = VECTOR('',#1235,1.);
#1235 = DIRECTION('',(1.,0.));
#1236 = ( GEOMETRIC_REPRESENTATION_CONTEXT(2) 
PARAMETRIC_REPRESENTATION_CONTEXT() REPRESENTATION_CONTEXT('2D SPACE',''
  ) );
#1237 = ORIENTED_EDGE('',*,*,#1238,.T.);
#1238 = EDGE_CURVE('',#1216,#1239,#1241,.T.);
#1239 = VERTEX_POINT('',#1240);
#1240 = CARTESIAN_POINT('',(-8.,-21.,2.));
#1241 = SURFACE_CURVE('',#1242,(#1247,#1258),.PCURVE_S1.);
#1242 = CIRCLE('',#1243,2.);
#1243 = AXIS2_PLACEMENT_3D('',#1244,#1245,#1246);
#1244 = CARTESIAN_POINT('',(-6.,-21.,2.));
#1245 = DIRECTION('',(0.,0.,-1.));
#1246 = DIRECTION('',(-1.,0.,0.));
#1247 = PCURVE('',#72,#1248);
#1248 = DEFINITIONAL_REPRESENTATION('',(#1249),#1257);
#1249 = ( BOUNDED_CURVE() B_SPLINE_CURVE(2,(#1250,#1251,#1252,#1253,
#1254,#1255,#1256),.UNSPECIFIED.,.T.,.F.) B_SPLINE_CURVE_WITH_KNOTS((1,2
    ,2,2,2,1),(-2.094395102393,0.,2.094395102393,4.188790204786,
6.28318530718,8.377580409573),.UNSPECIFIED.) CURVE() 
GEOMETRIC_REPRESENTATION_ITEM() RATIONAL_B_SPLINE_CURVE((1.,0.5,1.,0.5,
1.,0.5,1.)) REPRESENTATION_ITEM('') );
#1250 = CARTESIAN_POINT('',(-7.99999999956,-20.99999999883));
#1251 = CARTESIAN_POINT('',(-7.99999999956,-17.53589838369));
#1252 = CARTESIAN_POINT('',(-4.99999999956,-19.26794919126));
#1253 = CARTESIAN_POINT('',(-1.99999999956,-20.99999999883));
#1254 = CARTESIAN_POINT('',(-4.99999999956,-22.7320508064));
#1255 = CARTESIAN_POINT('',(-7.99999999956,-24.46410161396));
#1256 = CARTESIAN_POINT('',(-7.99999999956,-20.99999999883));
#1257 = ( GEOMETRIC_REPRESENTATION_CONTEXT(2) 
PARAMETRIC_REPRESENTATION_CONTEXT() REPRESENTATION_CONTEXT('2D SPACE',''
  ) );
#1258 = PCURVE('',#347,#1259);
#1259 = DEFINITIONAL_REPRESENTATION('',(#1260),#1264);
#1260 = LINE('',#1261,#1262);
#1261 = CARTESIAN_POINT('',(0.,-3.));
#1262 = VECTOR('',#1263,1.);
#1263 = DIRECTION('',(1.,0.));
#1264 = ( GEOMETRIC_REPRESENTATION_CONTEXT(2) 
PARAMETRIC_REPRESENTATION_CONTEXT() REPRESENTATION_CONTEXT('2D SPACE',''
  ) );
#1265 = ORIENTED_EDGE('',*,*,#1266,.F.);
#1266 = EDGE_CURVE('',#1267,#1239,#1269,.T.);
#1267 = VERTEX_POINT('',#1268);
#1268 = CARTESIAN_POINT('',(-8.,-20.66594695203,2.));
#1269 = SURFACE_CURVE('',#1270,(#1274,#1281),.PCURVE_S1.);
#1270 = LINE('',#1271,#1272);
#1271 = CARTESIAN_POINT('',(-8.,-10.50000000058,2.));
#1272 = VECTOR('',#1273,1.);
#1273 = DIRECTION('',(0.,-1.,0.));
#1274 = PCURVE('',#72,#1275);
#1275 = DEFINITIONAL_REPRESENTATION('',(#1276),#1280);
#1276 = LINE('',#1277,#1278);
#1277 = CARTESIAN_POINT('',(-7.99999999956,-10.49999999941));
#1278 = VECTOR('',#1279,1.);
#1279 = DIRECTION('',(0.,-1.));
#1280 = ( GEOMETRIC_REPRESENTATION_CONTEXT(2) 
PARAMETRIC_REPRESENTATION_CONTEXT() REPRESENTATION_CONTEXT('2D SPACE',''
  ) );
#1281 = PCURVE('',#374,#1282);
#1282 = DEFINITIONAL_REPRESENTATION('',(#1283),#1286);
#1283 = B_SPLINE_CURVE_WITH_KNOTS('',1,(#1284,#1285),.UNSPECIFIED.,.F.,
  .F.,(2,2),(0.500000050555,10.499999999416),.PIECEWISE_BEZIER_KNOTS.);
#1284 = CARTESIAN_POINT('',(9.999999948861,-3.));
#1285 = CARTESIAN_POINT('',(0.,-3.));
#1286 = ( GEOMETRIC_REPRESENTATION_CONTEXT(2) 
PARAMETRIC_REPRESENTATION_CONTEXT() REPRESENTATION_CONTEXT('2D SPACE',''
  ) );
#1287 = ORIENTED_EDGE('',*,*,#1288,.T.);
#1288 = EDGE_CURVE('',#1267,#1289,#1291,.T.);
#1289 = VERTEX_POINT('',#1290);
#1290 = CARTESIAN_POINT('',(-15.75125027486,-17.81124966406,2.));
#1291 = SURFACE_CURVE('',#1292,(#1297,#1308),.PCURVE_S1.);
#1292 = CIRCLE('',#1293,14.7);
#1293 = AXIS2_PLACEMENT_3D('',#1294,#1295,#1296);
#1294 = CARTESIAN_POINT('',(-7.,-6.,2.));
#1295 = DIRECTION('',(0.,0.,-1.));
#1296 = DIRECTION('',(-1.,0.,0.));
#1297 = PCURVE('',#72,#1298);
#1298 = DEFINITIONAL_REPRESENTATION('',(#1299),#1307);
#1299 = ( BOUNDED_CURVE() B_SPLINE_CURVE(2,(#1300,#1301,#1302,#1303,
#1304,#1305,#1306),.UNSPECIFIED.,.T.,.F.) B_SPLINE_CURVE_WITH_KNOTS((1,2
    ,2,2,2,1),(-2.094395102393,0.,2.094395102393,4.188790204786,
6.28318530718,8.377580409573),.UNSPECIFIED.) CURVE() 
GEOMETRIC_REPRESENTATION_ITEM() RATIONAL_B_SPLINE_CURVE((1.,0.5,1.,0.5,
1.,0.5,1.)) REPRESENTATION_ITEM('') );
#1300 = CARTESIAN_POINT('',(-21.69999999956,-5.999999998831));
#1301 = CARTESIAN_POINT('',(-21.69999999956,19.461146872431));
#1302 = CARTESIAN_POINT('',(0.35000000044,6.7305734368));
#1303 = CARTESIAN_POINT('',(22.40000000044,-5.999999998831));
#1304 = CARTESIAN_POINT('',(0.35000000044,-18.73057343446));
#1305 = CARTESIAN_POINT('',(-21.69999999956,-31.46114687009));
#1306 = CARTESIAN_POINT('',(-21.69999999956,-5.999999998831));
#1307 = ( GEOMETRIC_REPRESENTATION_CONTEXT(2) 
PARAMETRIC_REPRESENTATION_CONTEXT() REPRESENTATION_CONTEXT('2D SPACE',''
  ) );
#1308 = PCURVE('',#1309,#1314);
#1309 = CYLINDRICAL_SURFACE('',#1310,14.7);
#1310 = AXIS2_PLACEMENT_3D('',#1311,#1312,#1313);
#1311 = CARTESIAN_POINT('',(-7.,-6.,2.));
#1312 = DIRECTION('',(0.,0.,-1.));
#1313 = DIRECTION('',(-1.,0.,0.));
#1314 = DEFINITIONAL_REPRESENTATION('',(#1315),#1319);
#1315 = LINE('',#1316,#1317);
#1316 = CARTESIAN_POINT('',(0.,0.));
#1317 = VECTOR('',#1318,1.);
#1318 = DIRECTION('',(1.,0.));
#1319 = ( GEOMETRIC_REPRESENTATION_CONTEXT(2) 
PARAMETRIC_REPRESENTATION_CONTEXT() REPRESENTATION_CONTEXT('2D SPACE',''
  ) );
#1320 = ORIENTED_EDGE('',*,*,#1321,.T.);
#1321 = EDGE_CURVE('',#1289,#1322,#1324,.T.);
#1322 = VERTEX_POINT('',#1323);
#1323 = CARTESIAN_POINT('',(-14.79988827114,-16.64902544638,2.));
#1324 = SURFACE_CURVE('',#1325,(#1330,#1337),.PCURVE_S1.);
#1325 = CIRCLE('',#1326,3.6);
#1326 = AXIS2_PLACEMENT_3D('',#1327,#1328,#1329);
#1327 = CARTESIAN_POINT('',(-18.,-15.,2.));
#1328 = DIRECTION('',(0.,0.,1.));
#1329 = DIRECTION('',(1.,0.,-0.));
#1330 = PCURVE('',#72,#1331);
#1331 = DEFINITIONAL_REPRESENTATION('',(#1332),#1336);
#1332 = CIRCLE('',#1333,3.6);
#1333 = AXIS2_PLACEMENT_2D('',#1334,#1335);
#1334 = CARTESIAN_POINT('',(-17.99999999956,-14.99999999883));
#1335 = DIRECTION('',(1.,0.));
#1336 = ( GEOMETRIC_REPRESENTATION_CONTEXT(2) 
PARAMETRIC_REPRESENTATION_CONTEXT() REPRESENTATION_CONTEXT('2D SPACE',''
  ) );
#1337 = PCURVE('',#1338,#1343);
#1338 = CYLINDRICAL_SURFACE('',#1339,3.6);
#1339 = AXIS2_PLACEMENT_3D('',#1340,#1341,#1342);
#1340 = CARTESIAN_POINT('',(-18.,-15.,2.));
#1341 = DIRECTION('',(0.,0.,1.));
#1342 = DIRECTION('',(1.,0.,-0.));
#1343 = DEFINITIONAL_REPRESENTATION('',(#1344),#1348);
#1344 = LINE('',#1345,#1346);
#1345 = CARTESIAN_POINT('',(0.,0.));
#1346 = VECTOR('',#1347,1.);
#1347 = DIRECTION('',(1.,0.));
#1348 = ( GEOMETRIC_REPRESENTATION_CONTEXT(2) 
PARAMETRIC_REPRESENTATION_CONTEXT() REPRESENTATION_CONTEXT('2D SPACE',''
  ) );
#1349 = ORIENTED_EDGE('',*,*,#1350,.F.);
#1350 = EDGE_CURVE('',#1351,#1322,#1353,.T.);
#1351 = VERTEX_POINT('',#1352);
#1352 = CARTESIAN_POINT('',(-8.,-19.16206670701,2.));
#1353 = SURFACE_CURVE('',#1354,(#1359,#1370),.PCURVE_S1.);
#1354 = CIRCLE('',#1355,13.2);
#1355 = AXIS2_PLACEMENT_3D('',#1356,#1357,#1358);
#1356 = CARTESIAN_POINT('',(-7.,-6.,2.));
#1357 = DIRECTION('',(0.,0.,-1.));
#1358 = DIRECTION('',(-1.,0.,0.));
#1359 = PCURVE('',#72,#1360);
#1360 = DEFINITIONAL_REPRESENTATION('',(#1361),#1369);
#1361 = ( BOUNDED_CURVE() B_SPLINE_CURVE(2,(#1362,#1363,#1364,#1365,
#1366,#1367,#1368),.UNSPECIFIED.,.T.,.F.) B_SPLINE_CURVE_WITH_KNOTS((1,2
    ,2,2,2,1),(-2.094395102393,0.,2.094395102393,4.188790204786,
6.28318530718,8.377580409573),.UNSPECIFIED.) CURVE() 
GEOMETRIC_REPRESENTATION_ITEM() RATIONAL_B_SPLINE_CURVE((1.,0.5,1.,0.5,
1.,0.5,1.)) REPRESENTATION_ITEM('') );
#1362 = CARTESIAN_POINT('',(-20.19999999956,-5.999999998831));
#1363 = CARTESIAN_POINT('',(-20.19999999956,16.863070661078));
#1364 = CARTESIAN_POINT('',(-0.39999999956,5.431535331124));
#1365 = CARTESIAN_POINT('',(19.40000000044,-5.999999998831));
#1366 = CARTESIAN_POINT('',(-0.39999999956,-17.43153532878));
#1367 = CARTESIAN_POINT('',(-20.19999999956,-28.86307065874));
#1368 = CARTESIAN_POINT('',(-20.19999999956,-5.999999998831));
#1369 = ( GEOMETRIC_REPRESENTATION_CONTEXT(2) 
PARAMETRIC_REPRESENTATION_CONTEXT() REPRESENTATION_CONTEXT('2D SPACE',''
  ) );
#1370 = PCURVE('',#1371,#1376);
#1371 = CYLINDRICAL_SURFACE('',#1372,13.2);
#1372 = AXIS2_PLACEMENT_3D('',#1373,#1374,#1375);
#1373 = CARTESIAN_POINT('',(-7.,-6.,2.));
#1374 = DIRECTION('',(0.,0.,-1.));
#1375 = DIRECTION('',(-1.,0.,0.));
#1376 = DEFINITIONAL_REPRESENTATION('',(#1377),#1381);
#1377 = LINE('',#1378,#1379);
#1378 = CARTESIAN_POINT('',(0.,0.));
#1379 = VECTOR('',#1380,1.);
#1380 = DIRECTION('',(1.,0.));
#1381 = ( GEOMETRIC_REPRESENTATION_CONTEXT(2) 
PARAMETRIC_REPRESENTATION_CONTEXT() REPRESENTATION_CONTEXT('2D SPACE',''
  ) );
#1382 = ORIENTED_EDGE('',*,*,#1383,.F.);
#1383 = EDGE_CURVE('',#1384,#1351,#1386,.T.);
#1384 = VERTEX_POINT('',#1385);
#1385 = CARTESIAN_POINT('',(-8.,-11.00000005113,2.));
#1386 = SURFACE_CURVE('',#1387,(#1391,#1398),.PCURVE_S1.);
#1387 = LINE('',#1388,#1389);
#1388 = CARTESIAN_POINT('',(-8.,-10.50000000058,2.));
#1389 = VECTOR('',#1390,1.);
#1390 = DIRECTION('',(0.,-1.,0.));
#1391 = PCURVE('',#72,#1392);
#1392 = DEFINITIONAL_REPRESENTATION('',(#1393),#1397);
#1393 = LINE('',#1394,#1395);
#1394 = CARTESIAN_POINT('',(-7.99999999956,-10.49999999941));
#1395 = VECTOR('',#1396,1.);
#1396 = DIRECTION('',(0.,-1.));
#1397 = ( GEOMETRIC_REPRESENTATION_CONTEXT(2) 
PARAMETRIC_REPRESENTATION_CONTEXT() REPRESENTATION_CONTEXT('2D SPACE',''
  ) );
#1398 = PCURVE('',#374,#1399);
#1399 = DEFINITIONAL_REPRESENTATION('',(#1400),#1403);
#1400 = B_SPLINE_CURVE_WITH_KNOTS('',1,(#1401,#1402),.UNSPECIFIED.,.F.,
  .F.,(2,2),(0.500000050555,8.699999999416),.PIECEWISE_BEZIER_KNOTS.);
#1401 = CARTESIAN_POINT('',(9.999999948861,-3.));
#1402 = CARTESIAN_POINT('',(1.8,-3.));
#1403 = ( GEOMETRIC_REPRESENTATION_CONTEXT(2) 
PARAMETRIC_REPRESENTATION_CONTEXT() REPRESENTATION_CONTEXT('2D SPACE',''
  ) );
#1404 = ORIENTED_EDGE('',*,*,#1405,.T.);
#1405 = EDGE_CURVE('',#1384,#1406,#1408,.T.);
#1406 = VERTEX_POINT('',#1407);
#1407 = CARTESIAN_POINT('',(-6.,-9.00000002557,2.));
#1408 = SURFACE_CURVE('',#1409,(#1414,#1425),.PCURVE_S1.);
#1409 = CIRCLE('',#1410,2.);
#1410 = AXIS2_PLACEMENT_3D('',#1411,#1412,#1413);
#1411 = CARTESIAN_POINT('',(-6.,-11.00000005113,2.));
#1412 = DIRECTION('',(0.,0.,-1.));
#1413 = DIRECTION('',(-1.,0.,0.));
#1414 = PCURVE('',#72,#1415);
#1415 = DEFINITIONAL_REPRESENTATION('',(#1416),#1424);
#1416 = ( BOUNDED_CURVE() B_SPLINE_CURVE(2,(#1417,#1418,#1419,#1420,
#1421,#1422,#1423),.UNSPECIFIED.,.T.,.F.) B_SPLINE_CURVE_WITH_KNOTS((1,2
    ,2,2,2,1),(-2.094395102393,0.,2.094395102393,4.188790204786,
6.28318530718,8.377580409573),.UNSPECIFIED.) CURVE() 
GEOMETRIC_REPRESENTATION_ITEM() RATIONAL_B_SPLINE_CURVE((1.,0.5,1.,0.5,
1.,0.5,1.)) REPRESENTATION_ITEM('') );
#1417 = CARTESIAN_POINT('',(-7.99999999956,-11.00000004997));
#1418 = CARTESIAN_POINT('',(-7.99999999956,-7.535898434833));
#1419 = CARTESIAN_POINT('',(-4.99999999956,-9.267949242402));
#1420 = CARTESIAN_POINT('',(-1.99999999956,-11.00000004997));
#1421 = CARTESIAN_POINT('',(-4.99999999956,-12.73205085753));
#1422 = CARTESIAN_POINT('',(-7.99999999956,-14.4641016651));
#1423 = CARTESIAN_POINT('',(-7.99999999956,-11.00000004997));
#1424 = ( GEOMETRIC_REPRESENTATION_CONTEXT(2) 
PARAMETRIC_REPRESENTATION_CONTEXT() REPRESENTATION_CONTEXT('2D SPACE',''
  ) );
#1425 = PCURVE('',#406,#1426);
#1426 = DEFINITIONAL_REPRESENTATION('',(#1427),#1431);
#1427 = LINE('',#1428,#1429);
#1428 = CARTESIAN_POINT('',(0.,-3.));
#1429 = VECTOR('',#1430,1.);
#1430 = DIRECTION('',(1.,0.));
#1431 = ( GEOMETRIC_REPRESENTATION_CONTEXT(2) 
PARAMETRIC_REPRESENTATION_CONTEXT() REPRESENTATION_CONTEXT('2D SPACE',''
  ) );
#1432 = ORIENTED_EDGE('',*,*,#1433,.F.);
#1433 = EDGE_CURVE('',#1434,#1406,#1436,.T.);
#1434 = VERTEX_POINT('',#1435);
#1435 = CARTESIAN_POINT('',(6.,-9.00000002557,2.));
#1436 = SURFACE_CURVE('',#1437,(#1441,#1448),.PCURVE_S1.);
#1437 = LINE('',#1438,#1439);
#1438 = CARTESIAN_POINT('',(-3.00000000022,-9.,2.));
#1439 = VECTOR('',#1440,1.);
#1440 = DIRECTION('',(-1.,0.,0.));
#1441 = PCURVE('',#72,#1442);
#1442 = DEFINITIONAL_REPRESENTATION('',(#1443),#1447);
#1443 = LINE('',#1444,#1445);
#1444 = CARTESIAN_POINT('',(-2.99999999978,-8.999999998831));
#1445 = VECTOR('',#1446,1.);
#1446 = DIRECTION('',(-1.,0.));
#1447 = ( GEOMETRIC_REPRESENTATION_CONTEXT(2) 
PARAMETRIC_REPRESENTATION_CONTEXT() REPRESENTATION_CONTEXT('2D SPACE',''
  ) );
#1448 = PCURVE('',#433,#1449);
#1449 = DEFINITIONAL_REPRESENTATION('',(#1450),#1453);
#1450 = B_SPLINE_CURVE_WITH_KNOTS('',1,(#1451,#1452),.UNSPECIFIED.,.F.,
  .F.,(2,2),(-9.00000000022,2.99999999978),.PIECEWISE_BEZIER_KNOTS.);
#1451 = CARTESIAN_POINT('',(12.,-3.));
#1452 = CARTESIAN_POINT('',(0.,-3.));
#1453 = ( GEOMETRIC_REPRESENTATION_CONTEXT(2) 
PARAMETRIC_REPRESENTATION_CONTEXT() REPRESENTATION_CONTEXT('2D SPACE',''
  ) );
#1454 = ORIENTED_EDGE('',*,*,#1455,.T.);
#1455 = EDGE_CURVE('',#1434,#1456,#1458,.T.);
#1456 = VERTEX_POINT('',#1457);
#1457 = CARTESIAN_POINT('',(8.,-11.00000005113,2.));
#1458 = SURFACE_CURVE('',#1459,(#1464,#1475),.PCURVE_S1.);
#1459 = CIRCLE('',#1460,2.);
#1460 = AXIS2_PLACEMENT_3D('',#1461,#1462,#1463);
#1461 = CARTESIAN_POINT('',(6.,-11.00000005113,2.));
#1462 = DIRECTION('',(0.,0.,-1.));
#1463 = DIRECTION('',(-1.,0.,0.));
#1464 = PCURVE('',#72,#1465);
#1465 = DEFINITIONAL_REPRESENTATION('',(#1466),#1474);
#1466 = ( BOUNDED_CURVE() B_SPLINE_CURVE(2,(#1467,#1468,#1469,#1470,
#1471,#1472,#1473),.UNSPECIFIED.,.T.,.F.) B_SPLINE_CURVE_WITH_KNOTS((1,2
    ,2,2,2,1),(-2.094395102393,0.,2.094395102393,4.188790204786,
6.28318530718,8.377580409573),.UNSPECIFIED.) CURVE() 
GEOMETRIC_REPRESENTATION_ITEM() RATIONAL_B_SPLINE_CURVE((1.,0.5,1.,0.5,
1.,0.5,1.)) REPRESENTATION_ITEM('') );
#1467 = CARTESIAN_POINT('',(4.00000000044,-11.00000004997));
#1468 = CARTESIAN_POINT('',(4.00000000044,-7.535898434833));
#1469 = CARTESIAN_POINT('',(7.00000000044,-9.267949242402));
#1470 = CARTESIAN_POINT('',(10.00000000044,-11.00000004997));
#1471 = CARTESIAN_POINT('',(7.00000000044,-12.73205085753));
#1472 = CARTESIAN_POINT('',(4.00000000044,-14.4641016651));
#1473 = CARTESIAN_POINT('',(4.00000000044,-11.00000004997));
#1474 = ( GEOMETRIC_REPRESENTATION_CONTEXT(2) 
PARAMETRIC_REPRESENTATION_CONTEXT() REPRESENTATION_CONTEXT('2D SPACE',''
  ) );
#1475 = PCURVE('',#465,#1476);
#1476 = DEFINITIONAL_REPRESENTATION('',(#1477),#1481);
#1477 = LINE('',#1478,#1479);
#1478 = CARTESIAN_POINT('',(0.,-3.));
#1479 = VECTOR('',#1480,1.);
#1480 = DIRECTION('',(1.,0.));
#1481 = ( GEOMETRIC_REPRESENTATION_CONTEXT(2) 
PARAMETRIC_REPRESENTATION_CONTEXT() REPRESENTATION_CONTEXT('2D SPACE',''
  ) );
#1482 = ORIENTED_EDGE('',*,*,#1483,.T.);
#1483 = EDGE_CURVE('',#1456,#1484,#1486,.T.);
#1484 = VERTEX_POINT('',#1485);
#1485 = CARTESIAN_POINT('',(8.,-19.16206670701,2.));
#1486 = SURFACE_CURVE('',#1487,(#1491,#1498),.PCURVE_S1.);
#1487 = LINE('',#1488,#1489);
#1488 = CARTESIAN_POINT('',(8.,-10.50000000058,2.));
#1489 = VECTOR('',#1490,1.);
#1490 = DIRECTION('',(0.,-1.,0.));
#1491 = PCURVE('',#72,#1492);
#1492 = DEFINITIONAL_REPRESENTATION('',(#1493),#1497);
#1493 = LINE('',#1494,#1495);
#1494 = CARTESIAN_POINT('',(8.00000000044,-10.49999999941));
#1495 = VECTOR('',#1496,1.);
#1496 = DIRECTION('',(0.,-1.));
#1497 = ( GEOMETRIC_REPRESENTATION_CONTEXT(2) 
PARAMETRIC_REPRESENTATION_CONTEXT() REPRESENTATION_CONTEXT('2D SPACE',''
  ) );
#1498 = PCURVE('',#492,#1499);
#1499 = DEFINITIONAL_REPRESENTATION('',(#1500),#1503);
#1500 = B_SPLINE_CURVE_WITH_KNOTS('',1,(#1501,#1502),.UNSPECIFIED.,.F.,
  .F.,(2,2),(0.500000050555,8.699999999416),.PIECEWISE_BEZIER_KNOTS.);
#1501 = CARTESIAN_POINT('',(9.999999948861,-3.));
#1502 = CARTESIAN_POINT('',(1.8,-3.));
#1503 = ( GEOMETRIC_REPRESENTATION_CONTEXT(2) 
PARAMETRIC_REPRESENTATION_CONTEXT() REPRESENTATION_CONTEXT('2D SPACE',''
  ) );
#1504 = ORIENTED_EDGE('',*,*,#1505,.F.);
#1505 = EDGE_CURVE('',#1506,#1484,#1508,.T.);
#1506 = VERTEX_POINT('',#1507);
#1507 = CARTESIAN_POINT('',(14.799888271141,-16.64902544638,2.));
#1508 = SURFACE_CURVE('',#1509,(#1514,#1525),.PCURVE_S1.);
#1509 = CIRCLE('',#1510,13.2);
#1510 = AXIS2_PLACEMENT_3D('',#1511,#1512,#1513);
#1511 = CARTESIAN_POINT('',(7.,-6.,2.));
#1512 = DIRECTION('',(0.,0.,-1.));
#1513 = DIRECTION('',(-1.,0.,0.));
#1514 = PCURVE('',#72,#1515);
#1515 = DEFINITIONAL_REPRESENTATION('',(#1516),#1524);
#1516 = ( BOUNDED_CURVE() B_SPLINE_CURVE(2,(#1517,#1518,#1519,#1520,
#1521,#1522,#1523),.UNSPECIFIED.,.T.,.F.) B_SPLINE_CURVE_WITH_KNOTS((1,2
    ,2,2,2,1),(-2.094395102393,0.,2.094395102393,4.188790204786,
6.28318530718,8.377580409573),.UNSPECIFIED.) CURVE() 
GEOMETRIC_REPRESENTATION_ITEM() RATIONAL_B_SPLINE_CURVE((1.,0.5,1.,0.5,
1.,0.5,1.)) REPRESENTATION_ITEM('') );
#1517 = CARTESIAN_POINT('',(-6.19999999956,-5.999999998831));
#1518 = CARTESIAN_POINT('',(-6.19999999956,16.863070661078));
#1519 = CARTESIAN_POINT('',(13.60000000044,5.431535331124));
#1520 = CARTESIAN_POINT('',(33.40000000044,-5.999999998831));
#1521 = CARTESIAN_POINT('',(13.60000000044,-17.43153532878));
#1522 = CARTESIAN_POINT('',(-6.19999999956,-28.86307065874));
#1523 = CARTESIAN_POINT('',(-6.19999999956,-5.999999998831));
#1524 = ( GEOMETRIC_REPRESENTATION_CONTEXT(2) 
PARAMETRIC_REPRESENTATION_CONTEXT() REPRESENTATION_CONTEXT('2D SPACE',''
  ) );
#1525 = PCURVE('',#1526,#1531);
#1526 = CYLINDRICAL_SURFACE('',#1527,13.2);
#1527 = AXIS2_PLACEMENT_3D('',#1528,#1529,#1530);
#1528 = CARTESIAN_POINT('',(7.,-6.,2.));
#1529 = DIRECTION('',(0.,0.,-1.));
#1530 = DIRECTION('',(-1.,0.,0.));
#1531 = DEFINITIONAL_REPRESENTATION('',(#1532),#1536);
#1532 = LINE('',#1533,#1534);
#1533 = CARTESIAN_POINT('',(0.,0.));
#1534 = VECTOR('',#1535,1.);
#1535 = DIRECTION('',(1.,0.));
#1536 = ( GEOMETRIC_REPRESENTATION_CONTEXT(2) 
PARAMETRIC_REPRESENTATION_CONTEXT() REPRESENTATION_CONTEXT('2D SPACE',''
  ) );
#1537 = ORIENTED_EDGE('',*,*,#1538,.T.);
#1538 = EDGE_CURVE('',#1506,#1539,#1541,.T.);
#1539 = VERTEX_POINT('',#1540);
#1540 = CARTESIAN_POINT('',(15.751250262412,-17.8112496541,2.));
#1541 = SURFACE_CURVE('',#1542,(#1547,#1554),.PCURVE_S1.);
#1542 = CIRCLE('',#1543,3.6);
#1543 = AXIS2_PLACEMENT_3D('',#1544,#1545,#1546);
#1544 = CARTESIAN_POINT('',(18.,-15.,2.));
#1545 = DIRECTION('',(0.,0.,1.));
#1546 = DIRECTION('',(1.,0.,-0.));
#1547 = PCURVE('',#72,#1548);
#1548 = DEFINITIONAL_REPRESENTATION('',(#1549),#1553);
#1549 = CIRCLE('',#1550,3.6);
#1550 = AXIS2_PLACEMENT_2D('',#1551,#1552);
#1551 = CARTESIAN_POINT('',(18.00000000044,-14.99999999883));
#1552 = DIRECTION('',(1.,0.));
#1553 = ( GEOMETRIC_REPRESENTATION_CONTEXT(2) 
PARAMETRIC_REPRESENTATION_CONTEXT() REPRESENTATION_CONTEXT('2D SPACE',''
  ) );
#1554 = PCURVE('',#1555,#1560);
#1555 = CYLINDRICAL_SURFACE('',#1556,3.6);
#1556 = AXIS2_PLACEMENT_3D('',#1557,#1558,#1559);
#1557 = CARTESIAN_POINT('',(18.,-15.,2.));
#1558 = DIRECTION('',(0.,0.,1.));
#1559 = DIRECTION('',(1.,0.,-0.));
#1560 = DEFINITIONAL_REPRESENTATION('',(#1561),#1565);
#1561 = LINE('',#1562,#1563);
#1562 = CARTESIAN_POINT('',(0.,0.));
#1563 = VECTOR('',#1564,1.);
#1564 = DIRECTION('',(1.,0.));
#1565 = ( GEOMETRIC_REPRESENTATION_CONTEXT(2) 
PARAMETRIC_REPRESENTATION_CONTEXT() REPRESENTATION_CONTEXT('2D SPACE',''
  ) );
#1566 = ORIENTED_EDGE('',*,*,#1567,.T.);
#1567 = EDGE_CURVE('',#1539,#1568,#1570,.T.);
#1568 = VERTEX_POINT('',#1569);
#1569 = CARTESIAN_POINT('',(8.,-20.66594695027,2.));
#1570 = SURFACE_CURVE('',#1571,(#1576,#1587),.PCURVE_S1.);
#1571 = CIRCLE('',#1572,14.7);
#1572 = AXIS2_PLACEMENT_3D('',#1573,#1574,#1575);
#1573 = CARTESIAN_POINT('',(6.999999974113,-6.,2.));
#1574 = DIRECTION('',(0.,0.,-1.));
#1575 = DIRECTION('',(-1.,0.,0.));
#1576 = PCURVE('',#72,#1577);
#1577 = DEFINITIONAL_REPRESENTATION('',(#1578),#1586);
#1578 = ( BOUNDED_CURVE() B_SPLINE_CURVE(2,(#1579,#1580,#1581,#1582,
#1583,#1584,#1585),.UNSPECIFIED.,.T.,.F.) B_SPLINE_CURVE_WITH_KNOTS((1,2
    ,2,2,2,1),(-2.094395102393,0.,2.094395102393,4.188790204786,
6.28318530718,8.377580409573),.UNSPECIFIED.) CURVE() 
GEOMETRIC_REPRESENTATION_ITEM() RATIONAL_B_SPLINE_CURVE((1.,0.5,1.,0.5,
1.,0.5,1.)) REPRESENTATION_ITEM('') );
#1579 = CARTESIAN_POINT('',(-7.700000025446,-5.999999998831));
#1580 = CARTESIAN_POINT('',(-7.700000025446,19.461146872431));
#1581 = CARTESIAN_POINT('',(14.349999974554,6.7305734368));
#1582 = CARTESIAN_POINT('',(36.399999974554,-5.999999998831));
#1583 = CARTESIAN_POINT('',(14.349999974554,-18.73057343446));
#1584 = CARTESIAN_POINT('',(-7.700000025446,-31.46114687009));
#1585 = CARTESIAN_POINT('',(-7.700000025446,-5.999999998831));
#1586 = ( GEOMETRIC_REPRESENTATION_CONTEXT(2) 
PARAMETRIC_REPRESENTATION_CONTEXT() REPRESENTATION_CONTEXT('2D SPACE',''
  ) );
#1587 = PCURVE('',#1588,#1593);
#1588 = CYLINDRICAL_SURFACE('',#1589,14.7);
#1589 = AXIS2_PLACEMENT_3D('',#1590,#1591,#1592);
#1590 = CARTESIAN_POINT('',(6.999999974113,-6.,2.));
#1591 = DIRECTION('',(0.,0.,-1.));
#1592 = DIRECTION('',(-1.,0.,0.));
#1593 = DEFINITIONAL_REPRESENTATION('',(#1594),#1598);
#1594 = LINE('',#1595,#1596);
#1595 = CARTESIAN_POINT('',(0.,0.));
#1596 = VECTOR('',#1597,1.);
#1597 = DIRECTION('',(1.,0.));
#1598 = ( GEOMETRIC_REPRESENTATION_CONTEXT(2) 
PARAMETRIC_REPRESENTATION_CONTEXT() REPRESENTATION_CONTEXT('2D SPACE',''
  ) );
#1599 = ORIENTED_EDGE('',*,*,#1600,.T.);
#1600 = EDGE_CURVE('',#1568,#1601,#1603,.T.);
#1601 = VERTEX_POINT('',#1602);
#1602 = CARTESIAN_POINT('',(7.999999963746,-21.,2.));
#1603 = SURFACE_CURVE('',#1604,(#1608,#1615),.PCURVE_S1.);
#1604 = LINE('',#1605,#1606);
#1605 = CARTESIAN_POINT('',(8.,-10.50000000058,2.));
#1606 = VECTOR('',#1607,1.);
#1607 = DIRECTION('',(0.,-1.,0.));
#1608 = PCURVE('',#72,#1609);
#1609 = DEFINITIONAL_REPRESENTATION('',(#1610),#1614);
#1610 = LINE('',#1611,#1612);
#1611 = CARTESIAN_POINT('',(8.00000000044,-10.49999999941));
#1612 = VECTOR('',#1613,1.);
#1613 = DIRECTION('',(0.,-1.));
#1614 = ( GEOMETRIC_REPRESENTATION_CONTEXT(2) 
PARAMETRIC_REPRESENTATION_CONTEXT() REPRESENTATION_CONTEXT('2D SPACE',''
  ) );
#1615 = PCURVE('',#492,#1616);
#1616 = DEFINITIONAL_REPRESENTATION('',(#1617),#1620);
#1617 = B_SPLINE_CURVE_WITH_KNOTS('',1,(#1618,#1619),.UNSPECIFIED.,.F.,
  .F.,(2,2),(0.500000050555,10.499999999416),.PIECEWISE_BEZIER_KNOTS.);
#1618 = CARTESIAN_POINT('',(9.999999948861,-3.));
#1619 = CARTESIAN_POINT('',(0.,-3.));
#1620 = ( GEOMETRIC_REPRESENTATION_CONTEXT(2) 
PARAMETRIC_REPRESENTATION_CONTEXT() REPRESENTATION_CONTEXT('2D SPACE',''
  ) );
#1621 = ORIENTED_EDGE('',*,*,#1622,.T.);
#1622 = EDGE_CURVE('',#1601,#1623,#1625,.T.);
#1623 = VERTEX_POINT('',#1624);
#1624 = CARTESIAN_POINT('',(5.999999927492,-23.,2.));
#1625 = SURFACE_CURVE('',#1626,(#1631,#1642),.PCURVE_S1.);
#1626 = CIRCLE('',#1627,2.);
#1627 = AXIS2_PLACEMENT_3D('',#1628,#1629,#1630);
#1628 = CARTESIAN_POINT('',(5.999999927492,-21.,2.));
#1629 = DIRECTION('',(0.,0.,-1.));
#1630 = DIRECTION('',(-1.,0.,0.));
#1631 = PCURVE('',#72,#1632);
#1632 = DEFINITIONAL_REPRESENTATION('',(#1633),#1641);
#1633 = ( BOUNDED_CURVE() B_SPLINE_CURVE(2,(#1634,#1635,#1636,#1637,
#1638,#1639,#1640),.UNSPECIFIED.,.T.,.F.) B_SPLINE_CURVE_WITH_KNOTS((1,2
    ,2,2,2,1),(-2.094395102393,0.,2.094395102393,4.188790204786,
6.28318530718,8.377580409573),.UNSPECIFIED.) CURVE() 
GEOMETRIC_REPRESENTATION_ITEM() RATIONAL_B_SPLINE_CURVE((1.,0.5,1.,0.5,
1.,0.5,1.)) REPRESENTATION_ITEM('') );
#1634 = CARTESIAN_POINT('',(3.999999927933,-20.99999999883));
#1635 = CARTESIAN_POINT('',(3.999999927933,-17.53589838369));
#1636 = CARTESIAN_POINT('',(6.999999927933,-19.26794919126));
#1637 = CARTESIAN_POINT('',(9.999999927933,-20.99999999883));
#1638 = CARTESIAN_POINT('',(6.999999927933,-22.7320508064));
#1639 = CARTESIAN_POINT('',(3.999999927933,-24.46410161396));
#1640 = CARTESIAN_POINT('',(3.999999927933,-20.99999999883));
#1641 = ( GEOMETRIC_REPRESENTATION_CONTEXT(2) 
PARAMETRIC_REPRESENTATION_CONTEXT() REPRESENTATION_CONTEXT('2D SPACE',''
  ) );
#1642 = PCURVE('',#524,#1643);
#1643 = DEFINITIONAL_REPRESENTATION('',(#1644),#1648);
#1644 = LINE('',#1645,#1646);
#1645 = CARTESIAN_POINT('',(0.,-3.));
#1646 = VECTOR('',#1647,1.);
#1647 = DIRECTION('',(1.,0.));
#1648 = ( GEOMETRIC_REPRESENTATION_CONTEXT(2) 
PARAMETRIC_REPRESENTATION_CONTEXT() REPRESENTATION_CONTEXT('2D SPACE',''
  ) );
#1649 = ORIENTED_EDGE('',*,*,#1650,.T.);
#1650 = EDGE_CURVE('',#1623,#1651,#1653,.T.);
#1651 = VERTEX_POINT('',#1652);
#1652 = CARTESIAN_POINT('',(6.999999997923,-23.,2.));
#1653 = SURFACE_CURVE('',#1654,(#1658,#1665),.PCURVE_S1.);
#1654 = LINE('',#1655,#1656);
#1655 = CARTESIAN_POINT('',(0.,-23.,2.));
#1656 = VECTOR('',#1657,1.);
#1657 = DIRECTION('',(1.,0.,0.));
#1658 = PCURVE('',#72,#1659);
#1659 = DEFINITIONAL_REPRESENTATION('',(#1660),#1664);
#1660 = LINE('',#1661,#1662);
#1661 = CARTESIAN_POINT('',(4.401982376383E-10,-22.99999999883));
#1662 = VECTOR('',#1663,1.);
#1663 = DIRECTION('',(1.,0.));
#1664 = ( GEOMETRIC_REPRESENTATION_CONTEXT(2) 
PARAMETRIC_REPRESENTATION_CONTEXT() REPRESENTATION_CONTEXT('2D SPACE',''
  ) );
#1665 = PCURVE('',#552,#1666);
#1666 = DEFINITIONAL_REPRESENTATION('',(#1667),#1671);
#1667 = LINE('',#1668,#1669);
#1668 = CARTESIAN_POINT('',(7.,-2.));
#1669 = VECTOR('',#1670,1.);
#1670 = DIRECTION('',(1.,0.));
#1671 = ( GEOMETRIC_REPRESENTATION_CONTEXT(2) 
PARAMETRIC_REPRESENTATION_CONTEXT() REPRESENTATION_CONTEXT('2D SPACE',''
  ) );
#1672 = ORIENTED_EDGE('',*,*,#1673,.T.);
#1673 = EDGE_CURVE('',#1651,#1674,#1676,.T.);
#1674 = VERTEX_POINT('',#1675);
#1675 = CARTESIAN_POINT('',(23.999999998961,-6.,2.));
#1676 = SURFACE_CURVE('',#1677,(#1682,#1689),.PCURVE_S1.);
#1677 = CIRCLE('',#1678,17.);
#1678 = AXIS2_PLACEMENT_3D('',#1679,#1680,#1681);
#1679 = CARTESIAN_POINT('',(6.999999997923,-6.,2.));
#1680 = DIRECTION('',(0.,0.,1.));
#1681 = DIRECTION('',(0.,-1.,0.));
#1682 = PCURVE('',#72,#1683);
#1683 = DEFINITIONAL_REPRESENTATION('',(#1684),#1688);
#1684 = CIRCLE('',#1685,17.);
#1685 = AXIS2_PLACEMENT_2D('',#1686,#1687);
#1686 = CARTESIAN_POINT('',(6.999999998363,-5.999999998831));
#1687 = DIRECTION('',(0.,-1.));
#1688 = ( GEOMETRIC_REPRESENTATION_CONTEXT(2) 
PARAMETRIC_REPRESENTATION_CONTEXT() REPRESENTATION_CONTEXT('2D SPACE',''
  ) );
#1689 = PCURVE('',#581,#1690);
#1690 = DEFINITIONAL_REPRESENTATION('',(#1691),#1695);
#1691 = LINE('',#1692,#1693);
#1692 = CARTESIAN_POINT('',(-4.712388980385,-2.));
#1693 = VECTOR('',#1694,1.);
#1694 = DIRECTION('',(-1.,0.));
#1695 = ( GEOMETRIC_REPRESENTATION_CONTEXT(2) 
PARAMETRIC_REPRESENTATION_CONTEXT() REPRESENTATION_CONTEXT('2D SPACE',''
  ) );
#1696 = ORIENTED_EDGE('',*,*,#1697,.T.);
#1697 = EDGE_CURVE('',#1674,#1698,#1700,.T.);
#1698 = VERTEX_POINT('',#1699);
#1699 = CARTESIAN_POINT('',(24.,5.99999999642,2.));
#1700 = SURFACE_CURVE('',#1701,(#1705,#1712),.PCURVE_S1.);
#1701 = LINE('',#1702,#1703);
#1702 = CARTESIAN_POINT('',(24.,1.7763568394E-15,2.));
#1703 = VECTOR('',#1704,1.);
#1704 = DIRECTION('',(0.,1.,0.));
#1705 = PCURVE('',#72,#1706);
#1706 = DEFINITIONAL_REPRESENTATION('',(#1707),#1711);
#1707 = LINE('',#1708,#1709);
#1708 = CARTESIAN_POINT('',(24.00000000044,1.168976027301E-09));
#1709 = VECTOR('',#1710,1.);
#1710 = DIRECTION('',(0.,1.));
#1711 = ( GEOMETRIC_REPRESENTATION_CONTEXT(2) 
PARAMETRIC_REPRESENTATION_CONTEXT() REPRESENTATION_CONTEXT('2D SPACE',''
  ) );
#1712 = PCURVE('',#609,#1713);
#1713 = DEFINITIONAL_REPRESENTATION('',(#1714),#1718);
#1714 = LINE('',#1715,#1716);
#1715 = CARTESIAN_POINT('',(6.,-2.));
#1716 = VECTOR('',#1717,1.);
#1717 = DIRECTION('',(1.,0.));
#1718 = ( GEOMETRIC_REPRESENTATION_CONTEXT(2) 
PARAMETRIC_REPRESENTATION_CONTEXT() REPRESENTATION_CONTEXT('2D SPACE',''
  ) );
#1719 = ORIENTED_EDGE('',*,*,#1720,.T.);
#1720 = EDGE_CURVE('',#1698,#1721,#1723,.T.);
#1721 = VERTEX_POINT('',#1722);
#1722 = CARTESIAN_POINT('',(7.,22.99999999821,2.));
#1723 = SURFACE_CURVE('',#1724,(#1729,#1736),.PCURVE_S1.);
#1724 = CIRCLE('',#1725,17.);
#1725 = AXIS2_PLACEMENT_3D('',#1726,#1727,#1728);
#1726 = CARTESIAN_POINT('',(7.,5.99999999642,2.));
#1727 = DIRECTION('',(0.,0.,1.));
#1728 = DIRECTION('',(1.,0.,0.));
#1729 = PCURVE('',#72,#1730);
#1730 = DEFINITIONAL_REPRESENTATION('',(#1731),#1735);
#1731 = CIRCLE('',#1732,17.);
#1732 = AXIS2_PLACEMENT_2D('',#1733,#1734);
#1733 = CARTESIAN_POINT('',(7.00000000044,5.999999997589));
#1734 = DIRECTION('',(1.,0.));
#1735 = ( GEOMETRIC_REPRESENTATION_CONTEXT(2) 
PARAMETRIC_REPRESENTATION_CONTEXT() REPRESENTATION_CONTEXT('2D SPACE',''
  ) );
#1736 = PCURVE('',#638,#1737);
#1737 = DEFINITIONAL_REPRESENTATION('',(#1738),#1742);
#1738 = LINE('',#1739,#1740);
#1739 = CARTESIAN_POINT('',(-0.,-2.));
#1740 = VECTOR('',#1741,1.);
#1741 = DIRECTION('',(-1.,0.));
#1742 = ( GEOMETRIC_REPRESENTATION_CONTEXT(2) 
PARAMETRIC_REPRESENTATION_CONTEXT() REPRESENTATION_CONTEXT('2D SPACE',''
  ) );
#1743 = ORIENTED_EDGE('',*,*,#1744,.F.);
#1744 = EDGE_CURVE('',#226,#1721,#1745,.T.);
#1745 = SURFACE_CURVE('',#1746,(#1750,#1757),.PCURVE_S1.);
#1746 = LINE('',#1747,#1748);
#1747 = CARTESIAN_POINT('',(0.,23.,2.));
#1748 = VECTOR('',#1749,1.);
#1749 = DIRECTION('',(1.,0.,0.));
#1750 = PCURVE('',#72,#1751);
#1751 = DEFINITIONAL_REPRESENTATION('',(#1752),#1756);
#1752 = LINE('',#1753,#1754);
#1753 = CARTESIAN_POINT('',(4.401982376383E-10,23.000000001169));
#1754 = VECTOR('',#1755,1.);
#1755 = DIRECTION('',(1.,0.));
#1756 = ( GEOMETRIC_REPRESENTATION_CONTEXT(2) 
PARAMETRIC_REPRESENTATION_CONTEXT() REPRESENTATION_CONTEXT('2D SPACE',''
  ) );
#1757 = PCURVE('',#241,#1758);
#1758 = DEFINITIONAL_REPRESENTATION('',(#1759),#1763);
#1759 = LINE('',#1760,#1761);
#1760 = CARTESIAN_POINT('',(7.,-2.));
#1761 = VECTOR('',#1762,1.);
#1762 = DIRECTION('',(1.,0.));
#1763 = ( GEOMETRIC_REPRESENTATION_CONTEXT(2) 
PARAMETRIC_REPRESENTATION_CONTEXT() REPRESENTATION_CONTEXT('2D SPACE',''
  ) );
#1764 = ORIENTED_EDGE('',*,*,#253,.T.);
#1765 = FACE_BOUND('',#1766,.T.);
#1766 = EDGE_LOOP('',(#1767));
#1767 = ORIENTED_EDGE('',*,*,#1768,.T.);
#1768 = EDGE_CURVE('',#1769,#1769,#1771,.T.);
#1769 = VERTEX_POINT('',#1770);
#1770 = CARTESIAN_POINT('',(-16.8,-15.,2.));
#1771 = SURFACE_CURVE('',#1772,(#1777,#1788),.PCURVE_S1.);
#1772 = CIRCLE('',#1773,1.2);
#1773 = AXIS2_PLACEMENT_3D('',#1774,#1775,#1776);
#1774 = CARTESIAN_POINT('',(-18.,-15.,2.));
#1775 = DIRECTION('',(0.,0.,-1.));
#1776 = DIRECTION('',(1.,0.,0.));
#1777 = PCURVE('',#72,#1778);
#1778 = DEFINITIONAL_REPRESENTATION('',(#1779),#1787);
#1779 = ( BOUNDED_CURVE() B_SPLINE_CURVE(2,(#1780,#1781,#1782,#1783,
#1784,#1785,#1786),.UNSPECIFIED.,.T.,.F.) B_SPLINE_CURVE_WITH_KNOTS((1,2
    ,2,2,2,1),(-2.094395102393,0.,2.094395102393,4.188790204786,
6.28318530718,8.377580409573),.UNSPECIFIED.) CURVE() 
GEOMETRIC_REPRESENTATION_ITEM() RATIONAL_B_SPLINE_CURVE((1.,0.5,1.,0.5,
1.,0.5,1.)) REPRESENTATION_ITEM('') );
#1780 = CARTESIAN_POINT('',(-16.79999999956,-14.99999999883));
#1781 = CARTESIAN_POINT('',(-16.79999999956,-17.07846096791));
#1782 = CARTESIAN_POINT('',(-18.59999999956,-16.03923048337));
#1783 = CARTESIAN_POINT('',(-20.39999999956,-14.99999999883));
#1784 = CARTESIAN_POINT('',(-18.59999999956,-13.96076951429));
#1785 = CARTESIAN_POINT('',(-16.79999999956,-12.92153902974));
#1786 = CARTESIAN_POINT('',(-16.79999999956,-14.99999999883));
#1787 = ( GEOMETRIC_REPRESENTATION_CONTEXT(2) 
PARAMETRIC_REPRESENTATION_CONTEXT() REPRESENTATION_CONTEXT('2D SPACE',''
  ) );
#1788 = PCURVE('',#691,#1789);
#1789 = DEFINITIONAL_REPRESENTATION('',(#1790),#1794);
#1790 = LINE('',#1791,#1792);
#1791 = CARTESIAN_POINT('',(6.28318530718,3.));
#1792 = VECTOR('',#1793,1.);
#1793 = DIRECTION('',(-1.,-0.));
#1794 = ( GEOMETRIC_REPRESENTATION_CONTEXT(2) 
PARAMETRIC_REPRESENTATION_CONTEXT() REPRESENTATION_CONTEXT('2D SPACE',''
  ) );
#1795 = FACE_BOUND('',#1796,.T.);
#1796 = EDGE_LOOP('',(#1797));
#1797 = ORIENTED_EDGE('',*,*,#1798,.T.);
#1798 = EDGE_CURVE('',#1799,#1799,#1801,.T.);
#1799 = VERTEX_POINT('',#1800);
#1800 = CARTESIAN_POINT('',(19.2,-15.,2.));
#1801 = SURFACE_CURVE('',#1802,(#1807,#1818),.PCURVE_S1.);
#1802 = CIRCLE('',#1803,1.2);
#1803 = AXIS2_PLACEMENT_3D('',#1804,#1805,#1806);
#1804 = CARTESIAN_POINT('',(18.,-15.,2.));
#1805 = DIRECTION('',(0.,0.,-1.));
#1806 = DIRECTION('',(1.,2.960594732334E-15,0.));
#1807 = PCURVE('',#72,#1808);
#1808 = DEFINITIONAL_REPRESENTATION('',(#1809),#1817);
#1809 = ( BOUNDED_CURVE() B_SPLINE_CURVE(2,(#1810,#1811,#1812,#1813,
#1814,#1815,#1816),.UNSPECIFIED.,.T.,.F.) B_SPLINE_CURVE_WITH_KNOTS((1,2
    ,2,2,2,1),(-2.094395102393,0.,2.094395102393,4.188790204786,
6.28318530718,8.377580409573),.UNSPECIFIED.) CURVE() 
GEOMETRIC_REPRESENTATION_ITEM() RATIONAL_B_SPLINE_CURVE((1.,0.5,1.,0.5,
1.,0.5,1.)) REPRESENTATION_ITEM('') );
#1810 = CARTESIAN_POINT('',(19.20000000044,-14.99999999883));
#1811 = CARTESIAN_POINT('',(19.20000000044,-17.07846096791));
#1812 = CARTESIAN_POINT('',(17.40000000044,-16.03923048337));
#1813 = CARTESIAN_POINT('',(15.60000000044,-14.99999999883));
#1814 = CARTESIAN_POINT('',(17.40000000044,-13.96076951429));
#1815 = CARTESIAN_POINT('',(19.20000000044,-12.92153902974));
#1816 = CARTESIAN_POINT('',(19.20000000044,-14.99999999883));
#1817 = ( GEOMETRIC_REPRESENTATION_CONTEXT(2) 
PARAMETRIC_REPRESENTATION_CONTEXT() REPRESENTATION_CONTEXT('2D SPACE',''
  ) );
#1818 = PCURVE('',#722,#1819);
#1819 = DEFINITIONAL_REPRESENTATION('',(#1820),#1824);
#1820 = LINE('',#1821,#1822);
#1821 = CARTESIAN_POINT('',(6.28318530718,3.));
#1822 = VECTOR('',#1823,1.);
#1823 = DIRECTION('',(-1.,-0.));
#1824 = ( GEOMETRIC_REPRESENTATION_CONTEXT(2) 
PARAMETRIC_REPRESENTATION_CONTEXT() REPRESENTATION_CONTEXT('2D SPACE',''
  ) );
#1825 = FACE_BOUND('',#1826,.T.);
#1826 = EDGE_LOOP('',(#1827,#1850,#1878,#1899,#1927,#1948,#1976,#1997));
#1827 = ORIENTED_EDGE('',*,*,#1828,.F.);
#1828 = EDGE_CURVE('',#1829,#1831,#1833,.T.);
#1829 = VERTEX_POINT('',#1830);
#1830 = CARTESIAN_POINT('',(-17.,9.1,2.));
#1831 = VERTEX_POINT('',#1832);
#1832 = CARTESIAN_POINT('',(-17.,0.9,2.));
#1833 = SURFACE_CURVE('',#1834,(#1838,#1844),.PCURVE_S1.);
#1834 = LINE('',#1835,#1836);
#1835 = CARTESIAN_POINT('',(-16.99999999895,0.449999999416,2.));
#1836 = VECTOR('',#1837,1.);
#1837 = DIRECTION('',(0.,-1.,0.));
#1838 = PCURVE('',#72,#1839);
#1839 = DEFINITIONAL_REPRESENTATION('',(#1840),#1843);
#1840 = B_SPLINE_CURVE_WITH_KNOTS('',1,(#1841,#1842),.UNSPECIFIED.,.F.,
  .F.,(2,2),(-8.650000000584,-0.450000000584),.PIECEWISE_BEZIER_KNOTS.);
#1841 = CARTESIAN_POINT('',(-16.99999999851,9.100000001169));
#1842 = CARTESIAN_POINT('',(-16.99999999851,0.900000001169));
#1843 = ( GEOMETRIC_REPRESENTATION_CONTEXT(2) 
PARAMETRIC_REPRESENTATION_CONTEXT() REPRESENTATION_CONTEXT('2D SPACE',''
  ) );
#1844 = PCURVE('',#753,#1845);
#1845 = DEFINITIONAL_REPRESENTATION('',(#1846),#1849);
#1846 = B_SPLINE_CURVE_WITH_KNOTS('',1,(#1847,#1848),.UNSPECIFIED.,.F.,
  .F.,(2,2),(-8.650000000584,-0.450000000584),.PIECEWISE_BEZIER_KNOTS.);
#1847 = CARTESIAN_POINT('',(8.2,-3.));
#1848 = CARTESIAN_POINT('',(0.,-3.));
#1849 = ( GEOMETRIC_REPRESENTATION_CONTEXT(2) 
PARAMETRIC_REPRESENTATION_CONTEXT() REPRESENTATION_CONTEXT('2D SPACE',''
  ) );
#1850 = ORIENTED_EDGE('',*,*,#1851,.T.);
#1851 = EDGE_CURVE('',#1829,#1852,#1854,.T.);
#1852 = VERTEX_POINT('',#1853);
#1853 = CARTESIAN_POINT('',(-16.10000000104,10.,2.));
#1854 = SURFACE_CURVE('',#1855,(#1860,#1871),.PCURVE_S1.);
#1855 = CIRCLE('',#1856,0.9);
#1856 = AXIS2_PLACEMENT_3D('',#1857,#1858,#1859);
#1857 = CARTESIAN_POINT('',(-16.10000000104,9.1,2.));
#1858 = DIRECTION('',(0.,0.,-1.));
#1859 = DIRECTION('',(-1.,0.,0.));
#1860 = PCURVE('',#72,#1861);
#1861 = DEFINITIONAL_REPRESENTATION('',(#1862),#1870);
#1862 = ( BOUNDED_CURVE() B_SPLINE_CURVE(2,(#1863,#1864,#1865,#1866,
#1867,#1868,#1869),.UNSPECIFIED.,.T.,.F.) B_SPLINE_CURVE_WITH_KNOTS((1,2
    ,2,2,2,1),(-2.094395102393,0.,2.094395102393,4.188790204786,
6.28318530718,8.377580409573),.UNSPECIFIED.) CURVE() 
GEOMETRIC_REPRESENTATION_ITEM() RATIONAL_B_SPLINE_CURVE((1.,0.5,1.,0.5,
1.,0.5,1.)) REPRESENTATION_ITEM('') );
#1863 = CARTESIAN_POINT('',(-17.0000000006,9.100000001169));
#1864 = CARTESIAN_POINT('',(-17.0000000006,10.658845727981));
#1865 = CARTESIAN_POINT('',(-15.6500000006,9.879422864575));
#1866 = CARTESIAN_POINT('',(-14.3000000006,9.100000001169));
#1867 = CARTESIAN_POINT('',(-15.6500000006,8.320577137763));
#1868 = CARTESIAN_POINT('',(-17.0000000006,7.541154274357));
#1869 = CARTESIAN_POINT('',(-17.0000000006,9.100000001169));
#1870 = ( GEOMETRIC_REPRESENTATION_CONTEXT(2) 
PARAMETRIC_REPRESENTATION_CONTEXT() REPRESENTATION_CONTEXT('2D SPACE',''
  ) );
#1871 = PCURVE('',#785,#1872);
#1872 = DEFINITIONAL_REPRESENTATION('',(#1873),#1877);
#1873 = LINE('',#1874,#1875);
#1874 = CARTESIAN_POINT('',(0.,-3.));
#1875 = VECTOR('',#1876,1.);
#1876 = DIRECTION('',(1.,0.));
#1877 = ( GEOMETRIC_REPRESENTATION_CONTEXT(2) 
PARAMETRIC_REPRESENTATION_CONTEXT() REPRESENTATION_CONTEXT('2D SPACE',''
  ) );
#1878 = ORIENTED_EDGE('',*,*,#1879,.F.);
#1879 = EDGE_CURVE('',#1880,#1852,#1882,.T.);
#1880 = VERTEX_POINT('',#1881);
#1881 = CARTESIAN_POINT('',(-15.90000001088,10.,2.));
#1882 = SURFACE_CURVE('',#1883,(#1887,#1893),.PCURVE_S1.);
#1883 = LINE('',#1884,#1885);
#1884 = CARTESIAN_POINT('',(-8.050000000741,10.,2.));
#1885 = VECTOR('',#1886,1.);
#1886 = DIRECTION('',(-1.,0.,0.));
#1887 = PCURVE('',#72,#1888);
#1888 = DEFINITIONAL_REPRESENTATION('',(#1889),#1892);
#1889 = B_SPLINE_CURVE_WITH_KNOTS('',1,(#1890,#1891),.UNSPECIFIED.,.F.,
  .F.,(2,2),(7.850000010147,8.050000000301),.PIECEWISE_BEZIER_KNOTS.);
#1890 = CARTESIAN_POINT('',(-15.90000001044,10.000000001169));
#1891 = CARTESIAN_POINT('',(-16.1000000006,10.000000001169));
#1892 = ( GEOMETRIC_REPRESENTATION_CONTEXT(2) 
PARAMETRIC_REPRESENTATION_CONTEXT() REPRESENTATION_CONTEXT('2D SPACE',''
  ) );
#1893 = PCURVE('',#812,#1894);
#1894 = DEFINITIONAL_REPRESENTATION('',(#1895),#1898);
#1895 = B_SPLINE_CURVE_WITH_KNOTS('',1,(#1896,#1897),.UNSPECIFIED.,.F.,
  .F.,(2,2),(7.850000010147,8.050000000301),.PIECEWISE_BEZIER_KNOTS.);
#1896 = CARTESIAN_POINT('',(0.199999990154,-3.));
#1897 = CARTESIAN_POINT('',(0.,-3.));
#1898 = ( GEOMETRIC_REPRESENTATION_CONTEXT(2) 
PARAMETRIC_REPRESENTATION_CONTEXT() REPRESENTATION_CONTEXT('2D SPACE',''
  ) );
#1899 = ORIENTED_EDGE('',*,*,#1900,.T.);
#1900 = EDGE_CURVE('',#1880,#1901,#1903,.T.);
#1901 = VERTEX_POINT('',#1902);
#1902 = CARTESIAN_POINT('',(-15.00000000492,9.1,2.));
#1903 = SURFACE_CURVE('',#1904,(#1909,#1920),.PCURVE_S1.);
#1904 = CIRCLE('',#1905,0.9);
#1905 = AXIS2_PLACEMENT_3D('',#1906,#1907,#1908);
#1906 = CARTESIAN_POINT('',(-15.90000001088,9.1,2.));
#1907 = DIRECTION('',(0.,0.,-1.));
#1908 = DIRECTION('',(-1.,0.,0.));
#1909 = PCURVE('',#72,#1910);
#1910 = DEFINITIONAL_REPRESENTATION('',(#1911),#1919);
#1911 = ( BOUNDED_CURVE() B_SPLINE_CURVE(2,(#1912,#1913,#1914,#1915,
#1916,#1917,#1918),.UNSPECIFIED.,.T.,.F.) B_SPLINE_CURVE_WITH_KNOTS((1,2
    ,2,2,2,1),(-2.094395102393,0.,2.094395102393,4.188790204786,
6.28318530718,8.377580409573),.UNSPECIFIED.) CURVE() 
GEOMETRIC_REPRESENTATION_ITEM() RATIONAL_B_SPLINE_CURVE((1.,0.5,1.,0.5,
1.,0.5,1.)) REPRESENTATION_ITEM('') );
#1912 = CARTESIAN_POINT('',(-16.80000001044,9.100000001169));
#1913 = CARTESIAN_POINT('',(-16.80000001044,10.658845727981));
#1914 = CARTESIAN_POINT('',(-15.45000001044,9.879422864575));
#1915 = CARTESIAN_POINT('',(-14.10000001044,9.100000001169));
#1916 = CARTESIAN_POINT('',(-15.45000001044,8.320577137763));
#1917 = CARTESIAN_POINT('',(-16.80000001044,7.541154274357));
#1918 = CARTESIAN_POINT('',(-16.80000001044,9.100000001169));
#1919 = ( GEOMETRIC_REPRESENTATION_CONTEXT(2) 
PARAMETRIC_REPRESENTATION_CONTEXT() REPRESENTATION_CONTEXT('2D SPACE',''
  ) );
#1920 = PCURVE('',#844,#1921);
#1921 = DEFINITIONAL_REPRESENTATION('',(#1922),#1926);
#1922 = LINE('',#1923,#1924);
#1923 = CARTESIAN_POINT('',(0.,-3.));
#1924 = VECTOR('',#1925,1.);
#1925 = DIRECTION('',(1.,0.));
#1926 = ( GEOMETRIC_REPRESENTATION_CONTEXT(2) 
PARAMETRIC_REPRESENTATION_CONTEXT() REPRESENTATION_CONTEXT('2D SPACE',''
  ) );
#1927 = ORIENTED_EDGE('',*,*,#1928,.T.);
#1928 = EDGE_CURVE('',#1901,#1929,#1931,.T.);
#1929 = VERTEX_POINT('',#1930);
#1930 = CARTESIAN_POINT('',(-15.00000000492,0.9,2.));
#1931 = SURFACE_CURVE('',#1932,(#1936,#1942),.PCURVE_S1.);
#1932 = LINE('',#1933,#1934);
#1933 = CARTESIAN_POINT('',(-14.99999999895,0.449999999416,2.));
#1934 = VECTOR('',#1935,1.);
#1935 = DIRECTION('',(0.,-1.,0.));
#1936 = PCURVE('',#72,#1937);
#1937 = DEFINITIONAL_REPRESENTATION('',(#1938),#1941);
#1938 = B_SPLINE_CURVE_WITH_KNOTS('',1,(#1939,#1940),.UNSPECIFIED.,.F.,
  .F.,(2,2),(-8.650000000584,-0.450000000584),.PIECEWISE_BEZIER_KNOTS.);
#1939 = CARTESIAN_POINT('',(-14.99999999851,9.100000001169));
#1940 = CARTESIAN_POINT('',(-14.99999999851,0.900000001169));
#1941 = ( GEOMETRIC_REPRESENTATION_CONTEXT(2) 
PARAMETRIC_REPRESENTATION_CONTEXT() REPRESENTATION_CONTEXT('2D SPACE',''
  ) );
#1942 = PCURVE('',#871,#1943);
#1943 = DEFINITIONAL_REPRESENTATION('',(#1944),#1947);
#1944 = B_SPLINE_CURVE_WITH_KNOTS('',1,(#1945,#1946),.UNSPECIFIED.,.F.,
  .F.,(2,2),(-8.650000000584,-0.450000000584),.PIECEWISE_BEZIER_KNOTS.);
#1945 = CARTESIAN_POINT('',(8.2,-3.));
#1946 = CARTESIAN_POINT('',(0.,-3.));
#1947 = ( GEOMETRIC_REPRESENTATION_CONTEXT(2) 
PARAMETRIC_REPRESENTATION_CONTEXT() REPRESENTATION_CONTEXT('2D SPACE',''
  ) );
#1948 = ORIENTED_EDGE('',*,*,#1949,.T.);
#1949 = EDGE_CURVE('',#1929,#1950,#1952,.T.);
#1950 = VERTEX_POINT('',#1951);
#1951 = CARTESIAN_POINT('',(-15.90000001088,0.,2.));
#1952 = SURFACE_CURVE('',#1953,(#1958,#1969),.PCURVE_S1.);
#1953 = CIRCLE('',#1954,0.9);
#1954 = AXIS2_PLACEMENT_3D('',#1955,#1956,#1957);
#1955 = CARTESIAN_POINT('',(-15.90000001088,0.9,2.));
#1956 = DIRECTION('',(0.,0.,-1.));
#1957 = DIRECTION('',(-1.,0.,0.));
#1958 = PCURVE('',#72,#1959);
#1959 = DEFINITIONAL_REPRESENTATION('',(#1960),#1968);
#1960 = ( BOUNDED_CURVE() B_SPLINE_CURVE(2,(#1961,#1962,#1963,#1964,
#1965,#1966,#1967),.UNSPECIFIED.,.T.,.F.) B_SPLINE_CURVE_WITH_KNOTS((1,2
    ,2,2,2,1),(-2.094395102393,0.,2.094395102393,4.188790204786,
6.28318530718,8.377580409573),.UNSPECIFIED.) CURVE() 
GEOMETRIC_REPRESENTATION_ITEM() RATIONAL_B_SPLINE_CURVE((1.,0.5,1.,0.5,
1.,0.5,1.)) REPRESENTATION_ITEM('') );
#1961 = CARTESIAN_POINT('',(-16.80000001044,0.900000001169));
#1962 = CARTESIAN_POINT('',(-16.80000001044,2.458845727981));
#1963 = CARTESIAN_POINT('',(-15.45000001044,1.679422864575));
#1964 = CARTESIAN_POINT('',(-14.10000001044,0.900000001169));
#1965 = CARTESIAN_POINT('',(-15.45000001044,0.120577137763));
#1966 = CARTESIAN_POINT('',(-16.80000001044,-0.658845725643));
#1967 = CARTESIAN_POINT('',(-16.80000001044,0.900000001169));
#1968 = ( GEOMETRIC_REPRESENTATION_CONTEXT(2) 
PARAMETRIC_REPRESENTATION_CONTEXT() REPRESENTATION_CONTEXT('2D SPACE',''
  ) );
#1969 = PCURVE('',#903,#1970);
#1970 = DEFINITIONAL_REPRESENTATION('',(#1971),#1975);
#1971 = LINE('',#1972,#1973);
#1972 = CARTESIAN_POINT('',(0.,-3.));
#1973 = VECTOR('',#1974,1.);
#1974 = DIRECTION('',(1.,0.));
#1975 = ( GEOMETRIC_REPRESENTATION_CONTEXT(2) 
PARAMETRIC_REPRESENTATION_CONTEXT() REPRESENTATION_CONTEXT('2D SPACE',''
  ) );
#1976 = ORIENTED_EDGE('',*,*,#1977,.T.);
#1977 = EDGE_CURVE('',#1950,#1978,#1980,.T.);
#1978 = VERTEX_POINT('',#1979);
#1979 = CARTESIAN_POINT('',(-16.10000000104,0.,2.));
#1980 = SURFACE_CURVE('',#1981,(#1985,#1991),.PCURVE_S1.);
#1981 = LINE('',#1982,#1983);
#1982 = CARTESIAN_POINT('',(-8.050000000741,0.,2.));
#1983 = VECTOR('',#1984,1.);
#1984 = DIRECTION('',(-1.,0.,0.));
#1985 = PCURVE('',#72,#1986);
#1986 = DEFINITIONAL_REPRESENTATION('',(#1987),#1990);
#1987 = B_SPLINE_CURVE_WITH_KNOTS('',1,(#1988,#1989),.UNSPECIFIED.,.F.,
  .F.,(2,2),(7.850000010147,8.050000000301),.PIECEWISE_BEZIER_KNOTS.);
#1988 = CARTESIAN_POINT('',(-15.90000001044,1.168974250944E-09));
#1989 = CARTESIAN_POINT('',(-16.1000000006,1.168974250944E-09));
#1990 = ( GEOMETRIC_REPRESENTATION_CONTEXT(2) 
PARAMETRIC_REPRESENTATION_CONTEXT() REPRESENTATION_CONTEXT('2D SPACE',''
  ) );
#1991 = PCURVE('',#930,#1992);
#1992 = DEFINITIONAL_REPRESENTATION('',(#1993),#1996);
#1993 = B_SPLINE_CURVE_WITH_KNOTS('',1,(#1994,#1995),.UNSPECIFIED.,.F.,
  .F.,(2,2),(7.850000010147,8.050000000301),.PIECEWISE_BEZIER_KNOTS.);
#1994 = CARTESIAN_POINT('',(0.199999990154,-3.));
#1995 = CARTESIAN_POINT('',(0.,-3.));
#1996 = ( GEOMETRIC_REPRESENTATION_CONTEXT(2) 
PARAMETRIC_REPRESENTATION_CONTEXT() REPRESENTATION_CONTEXT('2D SPACE',''
  ) );
#1997 = ORIENTED_EDGE('',*,*,#1998,.T.);
#1998 = EDGE_CURVE('',#1978,#1831,#1999,.T.);
#1999 = SURFACE_CURVE('',#2000,(#2005,#2016),.PCURVE_S1.);
#2000 = CIRCLE('',#2001,0.9);
#2001 = AXIS2_PLACEMENT_3D('',#2002,#2003,#2004);
#2002 = CARTESIAN_POINT('',(-16.10000000104,0.9,2.));
#2003 = DIRECTION('',(0.,0.,-1.));
#2004 = DIRECTION('',(-1.,0.,0.));
#2005 = PCURVE('',#72,#2006);
#2006 = DEFINITIONAL_REPRESENTATION('',(#2007),#2015);
#2007 = ( BOUNDED_CURVE() B_SPLINE_CURVE(2,(#2008,#2009,#2010,#2011,
#2012,#2013,#2014),.UNSPECIFIED.,.T.,.F.) B_SPLINE_CURVE_WITH_KNOTS((1,2
    ,2,2,2,1),(-2.094395102393,0.,2.094395102393,4.188790204786,
6.28318530718,8.377580409573),.UNSPECIFIED.) CURVE() 
GEOMETRIC_REPRESENTATION_ITEM() RATIONAL_B_SPLINE_CURVE((1.,0.5,1.,0.5,
1.,0.5,1.)) REPRESENTATION_ITEM('') );
#2008 = CARTESIAN_POINT('',(-17.0000000006,0.900000001169));
#2009 = CARTESIAN_POINT('',(-17.0000000006,2.458845727981));
#2010 = CARTESIAN_POINT('',(-15.6500000006,1.679422864575));
#2011 = CARTESIAN_POINT('',(-14.3000000006,0.900000001169));
#2012 = CARTESIAN_POINT('',(-15.6500000006,0.120577137763));
#2013 = CARTESIAN_POINT('',(-17.0000000006,-0.658845725643));
#2014 = CARTESIAN_POINT('',(-17.0000000006,0.900000001169));
#2015 = ( GEOMETRIC_REPRESENTATION_CONTEXT(2) 
PARAMETRIC_REPRESENTATION_CONTEXT() REPRESENTATION_CONTEXT('2D SPACE',''
  ) );
#2016 = PCURVE('',#960,#2017);
#2017 = DEFINITIONAL_REPRESENTATION('',(#2018),#2022);
#2018 = LINE('',#2019,#2020);
#2019 = CARTESIAN_POINT('',(0.,-3.));
#2020 = VECTOR('',#2021,1.);
#2021 = DIRECTION('',(1.,0.));
#2022 = ( GEOMETRIC_REPRESENTATION_CONTEXT(2) 
PARAMETRIC_REPRESENTATION_CONTEXT() REPRESENTATION_CONTEXT('2D SPACE',''
  ) );
#2023 = FACE_BOUND('',#2024,.T.);
#2024 = EDGE_LOOP('',(#2025,#2060,#2089,#2122,#2150,#2183,#2211,#2244,
    #2272,#2305,#2334,#2367,#2395,#2428,#2456,#2489));
#2025 = ORIENTED_EDGE('',*,*,#2026,.T.);
#2026 = EDGE_CURVE('',#2027,#2029,#2031,.T.);
#2027 = VERTEX_POINT('',#2028);
#2028 = CARTESIAN_POINT('',(21.699999987057,-6.,2.));
#2029 = VERTEX_POINT('',#2030);
#2030 = CARTESIAN_POINT('',(20.310284360012,-12.23909685503,2.));
#2031 = SURFACE_CURVE('',#2032,(#2037,#2048),.PCURVE_S1.);
#2032 = CIRCLE('',#2033,14.7);
#2033 = AXIS2_PLACEMENT_3D('',#2034,#2035,#2036);
#2034 = CARTESIAN_POINT('',(6.999999974113,-6.,2.));
#2035 = DIRECTION('',(0.,0.,-1.));
#2036 = DIRECTION('',(-1.,0.,0.));
#2037 = PCURVE('',#72,#2038);
#2038 = DEFINITIONAL_REPRESENTATION('',(#2039),#2047);
#2039 = ( BOUNDED_CURVE() B_SPLINE_CURVE(2,(#2040,#2041,#2042,#2043,
#2044,#2045,#2046),.UNSPECIFIED.,.T.,.F.) B_SPLINE_CURVE_WITH_KNOTS((1,2
    ,2,2,2,1),(-2.094395102393,0.,2.094395102393,4.188790204786,
6.28318530718,8.377580409573),.UNSPECIFIED.) CURVE() 
GEOMETRIC_REPRESENTATION_ITEM() RATIONAL_B_SPLINE_CURVE((1.,0.5,1.,0.5,
1.,0.5,1.)) REPRESENTATION_ITEM('') );
#2040 = CARTESIAN_POINT('',(-7.700000025446,-5.999999998831));
#2041 = CARTESIAN_POINT('',(-7.700000025446,19.461146872431));
#2042 = CARTESIAN_POINT('',(14.349999974554,6.7305734368));
#2043 = CARTESIAN_POINT('',(36.399999974554,-5.999999998831));
#2044 = CARTESIAN_POINT('',(14.349999974554,-18.73057343446));
#2045 = CARTESIAN_POINT('',(-7.700000025446,-31.46114687009));
#2046 = CARTESIAN_POINT('',(-7.700000025446,-5.999999998831));
#2047 = ( GEOMETRIC_REPRESENTATION_CONTEXT(2) 
PARAMETRIC_REPRESENTATION_CONTEXT() REPRESENTATION_CONTEXT('2D SPACE',''
  ) );
#2048 = PCURVE('',#2049,#2054);
#2049 = CYLINDRICAL_SURFACE('',#2050,14.7);
#2050 = AXIS2_PLACEMENT_3D('',#2051,#2052,#2053);
#2051 = CARTESIAN_POINT('',(6.999999974113,-6.,2.));
#2052 = DIRECTION('',(0.,0.,-1.));
#2053 = DIRECTION('',(-1.,0.,0.));
#2054 = DEFINITIONAL_REPRESENTATION('',(#2055),#2059);
#2055 = LINE('',#2056,#2057);
#2056 = CARTESIAN_POINT('',(0.,0.));
#2057 = VECTOR('',#2058,1.);
#2058 = DIRECTION('',(1.,0.));
#2059 = ( GEOMETRIC_REPRESENTATION_CONTEXT(2) 
PARAMETRIC_REPRESENTATION_CONTEXT() REPRESENTATION_CONTEXT('2D SPACE',''
  ) );
#2060 = ORIENTED_EDGE('',*,*,#2061,.T.);
#2061 = EDGE_CURVE('',#2029,#2062,#2064,.T.);
#2062 = VERTEX_POINT('',#2063);
#2063 = CARTESIAN_POINT('',(18.982685986285,-11.53671712787,2.));
#2064 = SURFACE_CURVE('',#2065,(#2070,#2077),.PCURVE_S1.);
#2065 = CIRCLE('',#2066,3.6);
#2066 = AXIS2_PLACEMENT_3D('',#2067,#2068,#2069);
#2067 = CARTESIAN_POINT('',(18.,-15.,2.));
#2068 = DIRECTION('',(0.,0.,1.));
#2069 = DIRECTION('',(1.,0.,-0.));
#2070 = PCURVE('',#72,#2071);
#2071 = DEFINITIONAL_REPRESENTATION('',(#2072),#2076);
#2072 = CIRCLE('',#2073,3.6);
#2073 = AXIS2_PLACEMENT_2D('',#2074,#2075);
#2074 = CARTESIAN_POINT('',(18.00000000044,-14.99999999883));
#2075 = DIRECTION('',(1.,0.));
#2076 = ( GEOMETRIC_REPRESENTATION_CONTEXT(2) 
PARAMETRIC_REPRESENTATION_CONTEXT() REPRESENTATION_CONTEXT('2D SPACE',''
  ) );
#2077 = PCURVE('',#2078,#2083);
#2078 = CYLINDRICAL_SURFACE('',#2079,3.6);
#2079 = AXIS2_PLACEMENT_3D('',#2080,#2081,#2082);
#2080 = CARTESIAN_POINT('',(18.,-15.,2.));
#2081 = DIRECTION('',(0.,0.,1.));
#2082 = DIRECTION('',(1.,0.,-0.));
#2083 = DEFINITIONAL_REPRESENTATION('',(#2084),#2088);
#2084 = LINE('',#2085,#2086);
#2085 = CARTESIAN_POINT('',(0.,0.));
#2086 = VECTOR('',#2087,1.);
#2087 = DIRECTION('',(1.,0.));
#2088 = ( GEOMETRIC_REPRESENTATION_CONTEXT(2) 
PARAMETRIC_REPRESENTATION_CONTEXT() REPRESENTATION_CONTEXT('2D SPACE',''
  ) );
#2089 = ORIENTED_EDGE('',*,*,#2090,.F.);
#2090 = EDGE_CURVE('',#2091,#2062,#2093,.T.);
#2091 = VERTEX_POINT('',#2092);
#2092 = CARTESIAN_POINT('',(20.2,-6.,2.));
#2093 = SURFACE_CURVE('',#2094,(#2099,#2110),.PCURVE_S1.);
#2094 = CIRCLE('',#2095,13.2);
#2095 = AXIS2_PLACEMENT_3D('',#2096,#2097,#2098);
#2096 = CARTESIAN_POINT('',(7.,-6.,2.));
#2097 = DIRECTION('',(0.,0.,-1.));
#2098 = DIRECTION('',(-1.,0.,0.));
#2099 = PCURVE('',#72,#2100);
#2100 = DEFINITIONAL_REPRESENTATION('',(#2101),#2109);
#2101 = ( BOUNDED_CURVE() B_SPLINE_CURVE(2,(#2102,#2103,#2104,#2105,
#2106,#2107,#2108),.UNSPECIFIED.,.T.,.F.) B_SPLINE_CURVE_WITH_KNOTS((1,2
    ,2,2,2,1),(-2.094395102393,0.,2.094395102393,4.188790204786,
6.28318530718,8.377580409573),.UNSPECIFIED.) CURVE() 
GEOMETRIC_REPRESENTATION_ITEM() RATIONAL_B_SPLINE_CURVE((1.,0.5,1.,0.5,
1.,0.5,1.)) REPRESENTATION_ITEM('') );
#2102 = CARTESIAN_POINT('',(-6.19999999956,-5.999999998831));
#2103 = CARTESIAN_POINT('',(-6.19999999956,16.863070661078));
#2104 = CARTESIAN_POINT('',(13.60000000044,5.431535331124));
#2105 = CARTESIAN_POINT('',(33.40000000044,-5.999999998831));
#2106 = CARTESIAN_POINT('',(13.60000000044,-17.43153532878));
#2107 = CARTESIAN_POINT('',(-6.19999999956,-28.86307065874));
#2108 = CARTESIAN_POINT('',(-6.19999999956,-5.999999998831));
#2109 = ( GEOMETRIC_REPRESENTATION_CONTEXT(2) 
PARAMETRIC_REPRESENTATION_CONTEXT() REPRESENTATION_CONTEXT('2D SPACE',''
  ) );
#2110 = PCURVE('',#2111,#2116);
#2111 = CYLINDRICAL_SURFACE('',#2112,13.2);
#2112 = AXIS2_PLACEMENT_3D('',#2113,#2114,#2115);
#2113 = CARTESIAN_POINT('',(7.,-6.,2.));
#2114 = DIRECTION('',(0.,0.,-1.));
#2115 = DIRECTION('',(-1.,0.,0.));
#2116 = DEFINITIONAL_REPRESENTATION('',(#2117),#2121);
#2117 = LINE('',#2118,#2119);
#2118 = CARTESIAN_POINT('',(0.,0.));
#2119 = VECTOR('',#2120,1.);
#2120 = DIRECTION('',(1.,0.));
#2121 = ( GEOMETRIC_REPRESENTATION_CONTEXT(2) 
PARAMETRIC_REPRESENTATION_CONTEXT() REPRESENTATION_CONTEXT('2D SPACE',''
  ) );
#2122 = ORIENTED_EDGE('',*,*,#2123,.T.);
#2123 = EDGE_CURVE('',#2091,#2124,#2126,.T.);
#2124 = VERTEX_POINT('',#2125);
#2125 = CARTESIAN_POINT('',(20.2,5.999999911083,2.));
#2126 = SURFACE_CURVE('',#2127,(#2131,#2138),.PCURVE_S1.);
#2127 = LINE('',#2128,#2129);
#2128 = CARTESIAN_POINT('',(20.2,1.7763568394E-15,2.));
#2129 = VECTOR('',#2130,1.);
#2130 = DIRECTION('',(0.,1.,0.));
#2131 = PCURVE('',#72,#2132);
#2132 = DEFINITIONAL_REPRESENTATION('',(#2133),#2137);
#2133 = LINE('',#2134,#2135);
#2134 = CARTESIAN_POINT('',(20.20000000044,1.168976027301E-09));
#2135 = VECTOR('',#2136,1.);
#2136 = DIRECTION('',(0.,1.));
#2137 = ( GEOMETRIC_REPRESENTATION_CONTEXT(2) 
PARAMETRIC_REPRESENTATION_CONTEXT() REPRESENTATION_CONTEXT('2D SPACE',''
  ) );
#2138 = PCURVE('',#2139,#2144);
#2139 = PLANE('',#2140);
#2140 = AXIS2_PLACEMENT_3D('',#2141,#2142,#2143);
#2141 = CARTESIAN_POINT('',(20.2,-6.,2.));
#2142 = DIRECTION('',(-1.,0.,0.));
#2143 = DIRECTION('',(0.,1.,0.));
#2144 = DEFINITIONAL_REPRESENTATION('',(#2145),#2149);
#2145 = LINE('',#2146,#2147);
#2146 = CARTESIAN_POINT('',(6.,0.));
#2147 = VECTOR('',#2148,1.);
#2148 = DIRECTION('',(1.,0.));
#2149 = ( GEOMETRIC_REPRESENTATION_CONTEXT(2) 
PARAMETRIC_REPRESENTATION_CONTEXT() REPRESENTATION_CONTEXT('2D SPACE',''
  ) );
#2150 = ORIENTED_EDGE('',*,*,#2151,.F.);
#2151 = EDGE_CURVE('',#2152,#2124,#2154,.T.);
#2152 = VERTEX_POINT('',#2153);
#2153 = CARTESIAN_POINT('',(7.,19.199999955541,2.));
#2154 = SURFACE_CURVE('',#2155,(#2160,#2171),.PCURVE_S1.);
#2155 = CIRCLE('',#2156,13.2);
#2156 = AXIS2_PLACEMENT_3D('',#2157,#2158,#2159);
#2157 = CARTESIAN_POINT('',(7.,5.999999911083,2.));
#2158 = DIRECTION('',(0.,0.,-1.));
#2159 = DIRECTION('',(-1.,0.,0.));
#2160 = PCURVE('',#72,#2161);
#2161 = DEFINITIONAL_REPRESENTATION('',(#2162),#2170);
#2162 = ( BOUNDED_CURVE() B_SPLINE_CURVE(2,(#2163,#2164,#2165,#2166,
#2167,#2168,#2169),.UNSPECIFIED.,.T.,.F.) B_SPLINE_CURVE_WITH_KNOTS((1,2
    ,2,2,2,1),(-2.094395102393,0.,2.094395102393,4.188790204786,
6.28318530718,8.377580409573),.UNSPECIFIED.) CURVE() 
GEOMETRIC_REPRESENTATION_ITEM() RATIONAL_B_SPLINE_CURVE((1.,0.5,1.,0.5,
1.,0.5,1.)) REPRESENTATION_ITEM('') );
#2163 = CARTESIAN_POINT('',(-6.19999999956,5.999999912252));
#2164 = CARTESIAN_POINT('',(-6.19999999956,28.863070572161));
#2165 = CARTESIAN_POINT('',(13.60000000044,17.431535242206));
#2166 = CARTESIAN_POINT('',(33.40000000044,5.999999912252));
#2167 = CARTESIAN_POINT('',(13.60000000044,-5.431535417703));
#2168 = CARTESIAN_POINT('',(-6.19999999956,-16.86307074765));
#2169 = CARTESIAN_POINT('',(-6.19999999956,5.999999912252));
#2170 = ( GEOMETRIC_REPRESENTATION_CONTEXT(2) 
PARAMETRIC_REPRESENTATION_CONTEXT() REPRESENTATION_CONTEXT('2D SPACE',''
  ) );
#2171 = PCURVE('',#2172,#2177);
#2172 = CYLINDRICAL_SURFACE('',#2173,13.2);
#2173 = AXIS2_PLACEMENT_3D('',#2174,#2175,#2176);
#2174 = CARTESIAN_POINT('',(7.,5.999999911083,2.));
#2175 = DIRECTION('',(0.,0.,-1.));
#2176 = DIRECTION('',(-1.,0.,0.));
#2177 = DEFINITIONAL_REPRESENTATION('',(#2178),#2182);
#2178 = LINE('',#2179,#2180);
#2179 = CARTESIAN_POINT('',(0.,0.));
#2180 = VECTOR('',#2181,1.);
#2181 = DIRECTION('',(1.,0.));
#2182 = ( GEOMETRIC_REPRESENTATION_CONTEXT(2) 
PARAMETRIC_REPRESENTATION_CONTEXT() REPRESENTATION_CONTEXT('2D SPACE',''
  ) );
#2183 = ORIENTED_EDGE('',*,*,#2184,.F.);
#2184 = EDGE_CURVE('',#2185,#2152,#2187,.T.);
#2185 = VERTEX_POINT('',#2186);
#2186 = CARTESIAN_POINT('',(-7.,19.199999955541,2.));
#2187 = SURFACE_CURVE('',#2188,(#2192,#2199),.PCURVE_S1.);
#2188 = LINE('',#2189,#2190);
#2189 = CARTESIAN_POINT('',(0.,19.2,2.));
#2190 = VECTOR('',#2191,1.);
#2191 = DIRECTION('',(1.,0.,0.));
#2192 = PCURVE('',#72,#2193);
#2193 = DEFINITIONAL_REPRESENTATION('',(#2194),#2198);
#2194 = LINE('',#2195,#2196);
#2195 = CARTESIAN_POINT('',(4.401982376383E-10,19.200000001169));
#2196 = VECTOR('',#2197,1.);
#2197 = DIRECTION('',(1.,0.));
#2198 = ( GEOMETRIC_REPRESENTATION_CONTEXT(2) 
PARAMETRIC_REPRESENTATION_CONTEXT() REPRESENTATION_CONTEXT('2D SPACE',''
  ) );
#2199 = PCURVE('',#2200,#2205);
#2200 = PLANE('',#2201);
#2201 = AXIS2_PLACEMENT_3D('',#2202,#2203,#2204);
#2202 = CARTESIAN_POINT('',(-7.,19.2,2.));
#2203 = DIRECTION('',(0.,1.,0.));
#2204 = DIRECTION('',(1.,0.,0.));
#2205 = DEFINITIONAL_REPRESENTATION('',(#2206),#2210);
#2206 = LINE('',#2207,#2208);
#2207 = CARTESIAN_POINT('',(7.,0.));
#2208 = VECTOR('',#2209,1.);
#2209 = DIRECTION('',(1.,0.));
#2210 = ( GEOMETRIC_REPRESENTATION_CONTEXT(2) 
PARAMETRIC_REPRESENTATION_CONTEXT() REPRESENTATION_CONTEXT('2D SPACE',''
  ) );
#2211 = ORIENTED_EDGE('',*,*,#2212,.F.);
#2212 = EDGE_CURVE('',#2213,#2185,#2215,.T.);
#2213 = VERTEX_POINT('',#2214);
#2214 = CARTESIAN_POINT('',(-20.2,5.999999911083,2.));
#2215 = SURFACE_CURVE('',#2216,(#2221,#2232),.PCURVE_S1.);
#2216 = CIRCLE('',#2217,13.2);
#2217 = AXIS2_PLACEMENT_3D('',#2218,#2219,#2220);
#2218 = CARTESIAN_POINT('',(-7.,5.999999911083,2.));
#2219 = DIRECTION('',(0.,0.,-1.));
#2220 = DIRECTION('',(-1.,0.,0.));
#2221 = PCURVE('',#72,#2222);
#2222 = DEFINITIONAL_REPRESENTATION('',(#2223),#2231);
#2223 = ( BOUNDED_CURVE() B_SPLINE_CURVE(2,(#2224,#2225,#2226,#2227,
#2228,#2229,#2230),.UNSPECIFIED.,.T.,.F.) B_SPLINE_CURVE_WITH_KNOTS((1,2
    ,2,2,2,1),(-2.094395102393,0.,2.094395102393,4.188790204786,
6.28318530718,8.377580409573),.UNSPECIFIED.) CURVE() 
GEOMETRIC_REPRESENTATION_ITEM() RATIONAL_B_SPLINE_CURVE((1.,0.5,1.,0.5,
1.,0.5,1.)) REPRESENTATION_ITEM('') );
#2224 = CARTESIAN_POINT('',(-20.19999999956,5.999999912252));
#2225 = CARTESIAN_POINT('',(-20.19999999956,28.863070572161));
#2226 = CARTESIAN_POINT('',(-0.39999999956,17.431535242206));
#2227 = CARTESIAN_POINT('',(19.40000000044,5.999999912252));
#2228 = CARTESIAN_POINT('',(-0.39999999956,-5.431535417703));
#2229 = CARTESIAN_POINT('',(-20.19999999956,-16.86307074765));
#2230 = CARTESIAN_POINT('',(-20.19999999956,5.999999912252));
#2231 = ( GEOMETRIC_REPRESENTATION_CONTEXT(2) 
PARAMETRIC_REPRESENTATION_CONTEXT() REPRESENTATION_CONTEXT('2D SPACE',''
  ) );
#2232 = PCURVE('',#2233,#2238);
#2233 = CYLINDRICAL_SURFACE('',#2234,13.2);
#2234 = AXIS2_PLACEMENT_3D('',#2235,#2236,#2237);
#2235 = CARTESIAN_POINT('',(-7.,5.999999911083,2.));
#2236 = DIRECTION('',(0.,0.,-1.));
#2237 = DIRECTION('',(-1.,0.,0.));
#2238 = DEFINITIONAL_REPRESENTATION('',(#2239),#2243);
#2239 = LINE('',#2240,#2241);
#2240 = CARTESIAN_POINT('',(0.,0.));
#2241 = VECTOR('',#2242,1.);
#2242 = DIRECTION('',(1.,0.));
#2243 = ( GEOMETRIC_REPRESENTATION_CONTEXT(2) 
PARAMETRIC_REPRESENTATION_CONTEXT() REPRESENTATION_CONTEXT('2D SPACE',''
  ) );
#2244 = ORIENTED_EDGE('',*,*,#2245,.F.);
#2245 = EDGE_CURVE('',#2246,#2213,#2248,.T.);
#2246 = VERTEX_POINT('',#2247);
#2247 = CARTESIAN_POINT('',(-20.2,-6.,2.));
#2248 = SURFACE_CURVE('',#2249,(#2253,#2260),.PCURVE_S1.);
#2249 = LINE('',#2250,#2251);
#2250 = CARTESIAN_POINT('',(-20.2,1.7763568394E-15,2.));
#2251 = VECTOR('',#2252,1.);
#2252 = DIRECTION('',(0.,1.,0.));
#2253 = PCURVE('',#72,#2254);
#2254 = DEFINITIONAL_REPRESENTATION('',(#2255),#2259);
#2255 = LINE('',#2256,#2257);
#2256 = CARTESIAN_POINT('',(-20.19999999956,1.168976027301E-09));
#2257 = VECTOR('',#2258,1.);
#2258 = DIRECTION('',(0.,1.));
#2259 = ( GEOMETRIC_REPRESENTATION_CONTEXT(2) 
PARAMETRIC_REPRESENTATION_CONTEXT() REPRESENTATION_CONTEXT('2D SPACE',''
  ) );
#2260 = PCURVE('',#2261,#2266);
#2261 = PLANE('',#2262);
#2262 = AXIS2_PLACEMENT_3D('',#2263,#2264,#2265);
#2263 = CARTESIAN_POINT('',(-20.2,-6.,2.));
#2264 = DIRECTION('',(-1.,0.,0.));
#2265 = DIRECTION('',(0.,1.,0.));
#2266 = DEFINITIONAL_REPRESENTATION('',(#2267),#2271);
#2267 = LINE('',#2268,#2269);
#2268 = CARTESIAN_POINT('',(6.,0.));
#2269 = VECTOR('',#2270,1.);
#2270 = DIRECTION('',(1.,0.));
#2271 = ( GEOMETRIC_REPRESENTATION_CONTEXT(2) 
PARAMETRIC_REPRESENTATION_CONTEXT() REPRESENTATION_CONTEXT('2D SPACE',''
  ) );
#2272 = ORIENTED_EDGE('',*,*,#2273,.F.);
#2273 = EDGE_CURVE('',#2274,#2246,#2276,.T.);
#2274 = VERTEX_POINT('',#2275);
#2275 = CARTESIAN_POINT('',(-18.98268598628,-11.53671712787,2.));
#2276 = SURFACE_CURVE('',#2277,(#2282,#2293),.PCURVE_S1.);
#2277 = CIRCLE('',#2278,13.2);
#2278 = AXIS2_PLACEMENT_3D('',#2279,#2280,#2281);
#2279 = CARTESIAN_POINT('',(-7.,-6.,2.));
#2280 = DIRECTION('',(0.,0.,-1.));
#2281 = DIRECTION('',(-1.,0.,0.));
#2282 = PCURVE('',#72,#2283);
#2283 = DEFINITIONAL_REPRESENTATION('',(#2284),#2292);
#2284 = ( BOUNDED_CURVE() B_SPLINE_CURVE(2,(#2285,#2286,#2287,#2288,
#2289,#2290,#2291),.UNSPECIFIED.,.T.,.F.) B_SPLINE_CURVE_WITH_KNOTS((1,2
    ,2,2,2,1),(-2.094395102393,0.,2.094395102393,4.188790204786,
6.28318530718,8.377580409573),.UNSPECIFIED.) CURVE() 
GEOMETRIC_REPRESENTATION_ITEM() RATIONAL_B_SPLINE_CURVE((1.,0.5,1.,0.5,
1.,0.5,1.)) REPRESENTATION_ITEM('') );
#2285 = CARTESIAN_POINT('',(-20.19999999956,-5.999999998831));
#2286 = CARTESIAN_POINT('',(-20.19999999956,16.863070661078));
#2287 = CARTESIAN_POINT('',(-0.39999999956,5.431535331124));
#2288 = CARTESIAN_POINT('',(19.40000000044,-5.999999998831));
#2289 = CARTESIAN_POINT('',(-0.39999999956,-17.43153532878));
#2290 = CARTESIAN_POINT('',(-20.19999999956,-28.86307065874));
#2291 = CARTESIAN_POINT('',(-20.19999999956,-5.999999998831));
#2292 = ( GEOMETRIC_REPRESENTATION_CONTEXT(2) 
PARAMETRIC_REPRESENTATION_CONTEXT() REPRESENTATION_CONTEXT('2D SPACE',''
  ) );
#2293 = PCURVE('',#2294,#2299);
#2294 = CYLINDRICAL_SURFACE('',#2295,13.2);
#2295 = AXIS2_PLACEMENT_3D('',#2296,#2297,#2298);
#2296 = CARTESIAN_POINT('',(-7.,-6.,2.));
#2297 = DIRECTION('',(0.,0.,-1.));
#2298 = DIRECTION('',(-1.,0.,0.));
#2299 = DEFINITIONAL_REPRESENTATION('',(#2300),#2304);
#2300 = LINE('',#2301,#2302);
#2301 = CARTESIAN_POINT('',(0.,0.));
#2302 = VECTOR('',#2303,1.);
#2303 = DIRECTION('',(1.,0.));
#2304 = ( GEOMETRIC_REPRESENTATION_CONTEXT(2) 
PARAMETRIC_REPRESENTATION_CONTEXT() REPRESENTATION_CONTEXT('2D SPACE',''
  ) );
#2305 = ORIENTED_EDGE('',*,*,#2306,.T.);
#2306 = EDGE_CURVE('',#2274,#2307,#2309,.T.);
#2307 = VERTEX_POINT('',#2308);
#2308 = CARTESIAN_POINT('',(-20.3102843786,-12.23909687059,2.));
#2309 = SURFACE_CURVE('',#2310,(#2315,#2322),.PCURVE_S1.);
#2310 = CIRCLE('',#2311,3.6);
#2311 = AXIS2_PLACEMENT_3D('',#2312,#2313,#2314);
#2312 = CARTESIAN_POINT('',(-18.,-15.,2.));
#2313 = DIRECTION('',(0.,0.,1.));
#2314 = DIRECTION('',(1.,0.,-0.));
#2315 = PCURVE('',#72,#2316);
#2316 = DEFINITIONAL_REPRESENTATION('',(#2317),#2321);
#2317 = CIRCLE('',#2318,3.6);
#2318 = AXIS2_PLACEMENT_2D('',#2319,#2320);
#2319 = CARTESIAN_POINT('',(-17.99999999956,-14.99999999883));
#2320 = DIRECTION('',(1.,0.));
#2321 = ( GEOMETRIC_REPRESENTATION_CONTEXT(2) 
PARAMETRIC_REPRESENTATION_CONTEXT() REPRESENTATION_CONTEXT('2D SPACE',''
  ) );
#2322 = PCURVE('',#2323,#2328);
#2323 = CYLINDRICAL_SURFACE('',#2324,3.6);
#2324 = AXIS2_PLACEMENT_3D('',#2325,#2326,#2327);
#2325 = CARTESIAN_POINT('',(-18.,-15.,2.));
#2326 = DIRECTION('',(0.,0.,1.));
#2327 = DIRECTION('',(1.,0.,-0.));
#2328 = DEFINITIONAL_REPRESENTATION('',(#2329),#2333);
#2329 = LINE('',#2330,#2331);
#2330 = CARTESIAN_POINT('',(0.,0.));
#2331 = VECTOR('',#2332,1.);
#2332 = DIRECTION('',(1.,0.));
#2333 = ( GEOMETRIC_REPRESENTATION_CONTEXT(2) 
PARAMETRIC_REPRESENTATION_CONTEXT() REPRESENTATION_CONTEXT('2D SPACE',''
  ) );
#2334 = ORIENTED_EDGE('',*,*,#2335,.T.);
#2335 = EDGE_CURVE('',#2307,#2336,#2338,.T.);
#2336 = VERTEX_POINT('',#2337);
#2337 = CARTESIAN_POINT('',(-21.7,-6.,2.));
#2338 = SURFACE_CURVE('',#2339,(#2344,#2355),.PCURVE_S1.);
#2339 = CIRCLE('',#2340,14.7);
#2340 = AXIS2_PLACEMENT_3D('',#2341,#2342,#2343);
#2341 = CARTESIAN_POINT('',(-7.,-6.,2.));
#2342 = DIRECTION('',(0.,0.,-1.));
#2343 = DIRECTION('',(-1.,0.,0.));
#2344 = PCURVE('',#72,#2345);
#2345 = DEFINITIONAL_REPRESENTATION('',(#2346),#2354);
#2346 = ( BOUNDED_CURVE() B_SPLINE_CURVE(2,(#2347,#2348,#2349,#2350,
#2351,#2352,#2353),.UNSPECIFIED.,.T.,.F.) B_SPLINE_CURVE_WITH_KNOTS((1,2
    ,2,2,2,1),(-2.094395102393,0.,2.094395102393,4.188790204786,
6.28318530718,8.377580409573),.UNSPECIFIED.) CURVE() 
GEOMETRIC_REPRESENTATION_ITEM() RATIONAL_B_SPLINE_CURVE((1.,0.5,1.,0.5,
1.,0.5,1.)) REPRESENTATION_ITEM('') );
#2347 = CARTESIAN_POINT('',(-21.69999999956,-5.999999998831));
#2348 = CARTESIAN_POINT('',(-21.69999999956,19.461146872431));
#2349 = CARTESIAN_POINT('',(0.35000000044,6.7305734368));
#2350 = CARTESIAN_POINT('',(22.40000000044,-5.999999998831));
#2351 = CARTESIAN_POINT('',(0.35000000044,-18.73057343446));
#2352 = CARTESIAN_POINT('',(-21.69999999956,-31.46114687009));
#2353 = CARTESIAN_POINT('',(-21.69999999956,-5.999999998831));
#2354 = ( GEOMETRIC_REPRESENTATION_CONTEXT(2) 
PARAMETRIC_REPRESENTATION_CONTEXT() REPRESENTATION_CONTEXT('2D SPACE',''
  ) );
#2355 = PCURVE('',#2356,#2361);
#2356 = CYLINDRICAL_SURFACE('',#2357,14.7);
#2357 = AXIS2_PLACEMENT_3D('',#2358,#2359,#2360);
#2358 = CARTESIAN_POINT('',(-7.,-6.,2.));
#2359 = DIRECTION('',(0.,0.,-1.));
#2360 = DIRECTION('',(-1.,0.,0.));
#2361 = DEFINITIONAL_REPRESENTATION('',(#2362),#2366);
#2362 = LINE('',#2363,#2364);
#2363 = CARTESIAN_POINT('',(0.,0.));
#2364 = VECTOR('',#2365,1.);
#2365 = DIRECTION('',(1.,0.));
#2366 = ( GEOMETRIC_REPRESENTATION_CONTEXT(2) 
PARAMETRIC_REPRESENTATION_CONTEXT() REPRESENTATION_CONTEXT('2D SPACE',''
  ) );
#2367 = ORIENTED_EDGE('',*,*,#2368,.T.);
#2368 = EDGE_CURVE('',#2336,#2369,#2371,.T.);
#2369 = VERTEX_POINT('',#2370);
#2370 = CARTESIAN_POINT('',(-21.7,5.999999998222,2.));
#2371 = SURFACE_CURVE('',#2372,(#2376,#2383),.PCURVE_S1.);
#2372 = LINE('',#2373,#2374);
#2373 = CARTESIAN_POINT('',(-21.7,1.7763568394E-15,2.));
#2374 = VECTOR('',#2375,1.);
#2375 = DIRECTION('',(0.,1.,0.));
#2376 = PCURVE('',#72,#2377);
#2377 = DEFINITIONAL_REPRESENTATION('',(#2378),#2382);
#2378 = LINE('',#2379,#2380);
#2379 = CARTESIAN_POINT('',(-21.69999999956,1.168976027301E-09));
#2380 = VECTOR('',#2381,1.);
#2381 = DIRECTION('',(0.,1.));
#2382 = ( GEOMETRIC_REPRESENTATION_CONTEXT(2) 
PARAMETRIC_REPRESENTATION_CONTEXT() REPRESENTATION_CONTEXT('2D SPACE',''
  ) );
#2383 = PCURVE('',#2384,#2389);
#2384 = PLANE('',#2385);
#2385 = AXIS2_PLACEMENT_3D('',#2386,#2387,#2388);
#2386 = CARTESIAN_POINT('',(-21.7,-6.,2.));
#2387 = DIRECTION('',(-1.,0.,0.));
#2388 = DIRECTION('',(0.,1.,0.));
#2389 = DEFINITIONAL_REPRESENTATION('',(#2390),#2394);
#2390 = LINE('',#2391,#2392);
#2391 = CARTESIAN_POINT('',(6.,0.));
#2392 = VECTOR('',#2393,1.);
#2393 = DIRECTION('',(1.,0.));
#2394 = ( GEOMETRIC_REPRESENTATION_CONTEXT(2) 
PARAMETRIC_REPRESENTATION_CONTEXT() REPRESENTATION_CONTEXT('2D SPACE',''
  ) );
#2395 = ORIENTED_EDGE('',*,*,#2396,.T.);
#2396 = EDGE_CURVE('',#2369,#2397,#2399,.T.);
#2397 = VERTEX_POINT('',#2398);
#2398 = CARTESIAN_POINT('',(-7.,20.699999999111,2.));
#2399 = SURFACE_CURVE('',#2400,(#2405,#2416),.PCURVE_S1.);
#2400 = CIRCLE('',#2401,14.7);
#2401 = AXIS2_PLACEMENT_3D('',#2402,#2403,#2404);
#2402 = CARTESIAN_POINT('',(-7.,5.999999998222,2.));
#2403 = DIRECTION('',(0.,0.,-1.));
#2404 = DIRECTION('',(-1.,0.,0.));
#2405 = PCURVE('',#72,#2406);
#2406 = DEFINITIONAL_REPRESENTATION('',(#2407),#2415);
#2407 = ( BOUNDED_CURVE() B_SPLINE_CURVE(2,(#2408,#2409,#2410,#2411,
#2412,#2413,#2414),.UNSPECIFIED.,.T.,.F.) B_SPLINE_CURVE_WITH_KNOTS((1,2
    ,2,2,2,1),(-2.094395102393,0.,2.094395102393,4.188790204786,
6.28318530718,8.377580409573),.UNSPECIFIED.) CURVE() 
GEOMETRIC_REPRESENTATION_ITEM() RATIONAL_B_SPLINE_CURVE((1.,0.5,1.,0.5,
1.,0.5,1.)) REPRESENTATION_ITEM('') );
#2408 = CARTESIAN_POINT('',(-21.69999999956,5.999999999391));
#2409 = CARTESIAN_POINT('',(-21.69999999956,31.461146870653));
#2410 = CARTESIAN_POINT('',(0.35000000044,18.730573435022));
#2411 = CARTESIAN_POINT('',(22.40000000044,5.999999999391));
#2412 = CARTESIAN_POINT('',(0.35000000044,-6.730573436241));
#2413 = CARTESIAN_POINT('',(-21.69999999956,-19.46114687187));
#2414 = CARTESIAN_POINT('',(-21.69999999956,5.999999999391));
#2415 = ( GEOMETRIC_REPRESENTATION_CONTEXT(2) 
PARAMETRIC_REPRESENTATION_CONTEXT() REPRESENTATION_CONTEXT('2D SPACE',''
  ) );
#2416 = PCURVE('',#2417,#2422);
#2417 = CYLINDRICAL_SURFACE('',#2418,14.7);
#2418 = AXIS2_PLACEMENT_3D('',#2419,#2420,#2421);
#2419 = CARTESIAN_POINT('',(-7.,5.999999998222,2.));
#2420 = DIRECTION('',(0.,0.,-1.));
#2421 = DIRECTION('',(-1.,0.,0.));
#2422 = DEFINITIONAL_REPRESENTATION('',(#2423),#2427);
#2423 = LINE('',#2424,#2425);
#2424 = CARTESIAN_POINT('',(0.,0.));
#2425 = VECTOR('',#2426,1.);
#2426 = DIRECTION('',(1.,0.));
#2427 = ( GEOMETRIC_REPRESENTATION_CONTEXT(2) 
PARAMETRIC_REPRESENTATION_CONTEXT() REPRESENTATION_CONTEXT('2D SPACE',''
  ) );
#2428 = ORIENTED_EDGE('',*,*,#2429,.T.);
#2429 = EDGE_CURVE('',#2397,#2430,#2432,.T.);
#2430 = VERTEX_POINT('',#2431);
#2431 = CARTESIAN_POINT('',(7.,20.699999999111,2.));
#2432 = SURFACE_CURVE('',#2433,(#2437,#2444),.PCURVE_S1.);
#2433 = LINE('',#2434,#2435);
#2434 = CARTESIAN_POINT('',(0.,20.7,2.));
#2435 = VECTOR('',#2436,1.);
#2436 = DIRECTION('',(1.,0.,0.));
#2437 = PCURVE('',#72,#2438);
#2438 = DEFINITIONAL_REPRESENTATION('',(#2439),#2443);
#2439 = LINE('',#2440,#2441);
#2440 = CARTESIAN_POINT('',(4.401982376383E-10,20.700000001169));
#2441 = VECTOR('',#2442,1.);
#2442 = DIRECTION('',(1.,0.));
#2443 = ( GEOMETRIC_REPRESENTATION_CONTEXT(2) 
PARAMETRIC_REPRESENTATION_CONTEXT() REPRESENTATION_CONTEXT('2D SPACE',''
  ) );
#2444 = PCURVE('',#2445,#2450);
#2445 = PLANE('',#2446);
#2446 = AXIS2_PLACEMENT_3D('',#2447,#2448,#2449);
#2447 = CARTESIAN_POINT('',(-7.,20.7,2.));
#2448 = DIRECTION('',(0.,1.,0.));
#2449 = DIRECTION('',(1.,0.,0.));
#2450 = DEFINITIONAL_REPRESENTATION('',(#2451),#2455);
#2451 = LINE('',#2452,#2453);
#2452 = CARTESIAN_POINT('',(7.,0.));
#2453 = VECTOR('',#2454,1.);
#2454 = DIRECTION('',(1.,0.));
#2455 = ( GEOMETRIC_REPRESENTATION_CONTEXT(2) 
PARAMETRIC_REPRESENTATION_CONTEXT() REPRESENTATION_CONTEXT('2D SPACE',''
  ) );
#2456 = ORIENTED_EDGE('',*,*,#2457,.T.);
#2457 = EDGE_CURVE('',#2430,#2458,#2460,.T.);
#2458 = VERTEX_POINT('',#2459);
#2459 = CARTESIAN_POINT('',(21.7,5.999999998222,2.));
#2460 = SURFACE_CURVE('',#2461,(#2466,#2477),.PCURVE_S1.);
#2461 = CIRCLE('',#2462,14.7);
#2462 = AXIS2_PLACEMENT_3D('',#2463,#2464,#2465);
#2463 = CARTESIAN_POINT('',(7.,5.999999998222,2.));
#2464 = DIRECTION('',(0.,0.,-1.));
#2465 = DIRECTION('',(-1.,0.,0.));
#2466 = PCURVE('',#72,#2467);
#2467 = DEFINITIONAL_REPRESENTATION('',(#2468),#2476);
#2468 = ( BOUNDED_CURVE() B_SPLINE_CURVE(2,(#2469,#2470,#2471,#2472,
#2473,#2474,#2475),.UNSPECIFIED.,.T.,.F.) B_SPLINE_CURVE_WITH_KNOTS((1,2
    ,2,2,2,1),(-2.094395102393,0.,2.094395102393,4.188790204786,
6.28318530718,8.377580409573),.UNSPECIFIED.) CURVE() 
GEOMETRIC_REPRESENTATION_ITEM() RATIONAL_B_SPLINE_CURVE((1.,0.5,1.,0.5,
1.,0.5,1.)) REPRESENTATION_ITEM('') );
#2469 = CARTESIAN_POINT('',(-7.69999999956,5.99999999939));
#2470 = CARTESIAN_POINT('',(-7.69999999956,31.461146870653));
#2471 = CARTESIAN_POINT('',(14.35000000044,18.730573435022));
#2472 = CARTESIAN_POINT('',(36.40000000044,5.99999999939));
#2473 = CARTESIAN_POINT('',(14.35000000044,-6.730573436241));
#2474 = CARTESIAN_POINT('',(-7.69999999956,-19.46114687187));
#2475 = CARTESIAN_POINT('',(-7.69999999956,5.99999999939));
#2476 = ( GEOMETRIC_REPRESENTATION_CONTEXT(2) 
PARAMETRIC_REPRESENTATION_CONTEXT() REPRESENTATION_CONTEXT('2D SPACE',''
  ) );
#2477 = PCURVE('',#2478,#2483);
#2478 = CYLINDRICAL_SURFACE('',#2479,14.7);
#2479 = AXIS2_PLACEMENT_3D('',#2480,#2481,#2482);
#2480 = CARTESIAN_POINT('',(7.,5.999999998222,2.));
#2481 = DIRECTION('',(0.,0.,-1.));
#2482 = DIRECTION('',(-1.,0.,0.));
#2483 = DEFINITIONAL_REPRESENTATION('',(#2484),#2488);
#2484 = LINE('',#2485,#2486);
#2485 = CARTESIAN_POINT('',(0.,0.));
#2486 = VECTOR('',#2487,1.);
#2487 = DIRECTION('',(1.,0.));
#2488 = ( GEOMETRIC_REPRESENTATION_CONTEXT(2) 
PARAMETRIC_REPRESENTATION_CONTEXT() REPRESENTATION_CONTEXT('2D SPACE',''
  ) );
#2489 = ORIENTED_EDGE('',*,*,#2490,.F.);
#2490 = EDGE_CURVE('',#2027,#2458,#2491,.T.);
#2491 = SURFACE_CURVE('',#2492,(#2496,#2503),.PCURVE_S1.);
#2492 = LINE('',#2493,#2494);
#2493 = CARTESIAN_POINT('',(21.7,1.7763568394E-15,2.));
#2494 = VECTOR('',#2495,1.);
#2495 = DIRECTION('',(0.,1.,0.));
#2496 = PCURVE('',#72,#2497);
#2497 = DEFINITIONAL_REPRESENTATION('',(#2498),#2502);
#2498 = LINE('',#2499,#2500);
#2499 = CARTESIAN_POINT('',(21.70000000044,1.168976027301E-09));
#2500 = VECTOR('',#2501,1.);
#2501 = DIRECTION('',(0.,1.));
#2502 = ( GEOMETRIC_REPRESENTATION_CONTEXT(2) 
PARAMETRIC_REPRESENTATION_CONTEXT() REPRESENTATION_CONTEXT('2D SPACE',''
  ) );
#2503 = PCURVE('',#2504,#2509);
#2504 = PLANE('',#2505);
#2505 = AXIS2_PLACEMENT_3D('',#2506,#2507,#2508);
#2506 = CARTESIAN_POINT('',(21.7,-6.,2.));
#2507 = DIRECTION('',(-1.,0.,0.));
#2508 = DIRECTION('',(0.,1.,0.));
#2509 = DEFINITIONAL_REPRESENTATION('',(#2510),#2514);
#2510 = LINE('',#2511,#2512);
#2511 = CARTESIAN_POINT('',(6.,0.));
#2512 = VECTOR('',#2513,1.);
#2513 = DIRECTION('',(1.,0.));
#2514 = ( GEOMETRIC_REPRESENTATION_CONTEXT(2) 
PARAMETRIC_REPRESENTATION_CONTEXT() REPRESENTATION_CONTEXT('2D SPACE',''
  ) );
#2515 = FACE_BOUND('',#2516,.T.);
#2516 = EDGE_LOOP('',(#2517,#2540,#2568,#2589,#2617,#2638,#2666,#2687));
#2517 = ORIENTED_EDGE('',*,*,#2518,.F.);
#2518 = EDGE_CURVE('',#2519,#2521,#2523,.T.);
#2519 = VERTEX_POINT('',#2520);
#2520 = CARTESIAN_POINT('',(15.,9.1,2.));
#2521 = VERTEX_POINT('',#2522);
#2522 = CARTESIAN_POINT('',(15.,0.9,2.));
#2523 = SURFACE_CURVE('',#2524,(#2528,#2534),.PCURVE_S1.);
#2524 = LINE('',#2525,#2526);
#2525 = CARTESIAN_POINT('',(15.000000001042,0.449999999416,2.));
#2526 = VECTOR('',#2527,1.);
#2527 = DIRECTION('',(0.,-1.,0.));
#2528 = PCURVE('',#72,#2529);
#2529 = DEFINITIONAL_REPRESENTATION('',(#2530),#2533);
#2530 = B_SPLINE_CURVE_WITH_KNOTS('',1,(#2531,#2532),.UNSPECIFIED.,.F.,
  .F.,(2,2),(-8.650000000584,-0.450000000584),.PIECEWISE_BEZIER_KNOTS.);
#2531 = CARTESIAN_POINT('',(15.000000001482,9.100000001169));
#2532 = CARTESIAN_POINT('',(15.000000001482,0.900000001169));
#2533 = ( GEOMETRIC_REPRESENTATION_CONTEXT(2) 
PARAMETRIC_REPRESENTATION_CONTEXT() REPRESENTATION_CONTEXT('2D SPACE',''
  ) );
#2534 = PCURVE('',#991,#2535);
#2535 = DEFINITIONAL_REPRESENTATION('',(#2536),#2539);
#2536 = B_SPLINE_CURVE_WITH_KNOTS('',1,(#2537,#2538),.UNSPECIFIED.,.F.,
  .F.,(2,2),(-8.650000000584,-0.450000000584),.PIECEWISE_BEZIER_KNOTS.);
#2537 = CARTESIAN_POINT('',(8.2,-3.));
#2538 = CARTESIAN_POINT('',(0.,-3.));
#2539 = ( GEOMETRIC_REPRESENTATION_CONTEXT(2) 
PARAMETRIC_REPRESENTATION_CONTEXT() REPRESENTATION_CONTEXT('2D SPACE',''
  ) );
#2540 = ORIENTED_EDGE('',*,*,#2541,.T.);
#2541 = EDGE_CURVE('',#2519,#2542,#2544,.T.);
#2542 = VERTEX_POINT('',#2543);
#2543 = CARTESIAN_POINT('',(15.899999998958,10.,2.));
#2544 = SURFACE_CURVE('',#2545,(#2550,#2561),.PCURVE_S1.);
#2545 = CIRCLE('',#2546,0.9);
#2546 = AXIS2_PLACEMENT_3D('',#2547,#2548,#2549);
#2547 = CARTESIAN_POINT('',(15.899999998958,9.1,2.));
#2548 = DIRECTION('',(0.,0.,-1.));
#2549 = DIRECTION('',(-1.,0.,0.));
#2550 = PCURVE('',#72,#2551);
#2551 = DEFINITIONAL_REPRESENTATION('',(#2552),#2560);
#2552 = ( BOUNDED_CURVE() B_SPLINE_CURVE(2,(#2553,#2554,#2555,#2556,
#2557,#2558,#2559),.UNSPECIFIED.,.T.,.F.) B_SPLINE_CURVE_WITH_KNOTS((1,2
    ,2,2,2,1),(-2.094395102393,0.,2.094395102393,4.188790204786,
6.28318530718,8.377580409573),.UNSPECIFIED.) CURVE() 
GEOMETRIC_REPRESENTATION_ITEM() RATIONAL_B_SPLINE_CURVE((1.,0.5,1.,0.5,
1.,0.5,1.)) REPRESENTATION_ITEM('') );
#2553 = CARTESIAN_POINT('',(14.999999999398,9.100000001169));
#2554 = CARTESIAN_POINT('',(14.999999999398,10.658845727981));
#2555 = CARTESIAN_POINT('',(16.349999999398,9.879422864575));
#2556 = CARTESIAN_POINT('',(17.699999999398,9.100000001169));
#2557 = CARTESIAN_POINT('',(16.349999999398,8.320577137763));
#2558 = CARTESIAN_POINT('',(14.999999999398,7.541154274357));
#2559 = CARTESIAN_POINT('',(14.999999999398,9.100000001169));
#2560 = ( GEOMETRIC_REPRESENTATION_CONTEXT(2) 
PARAMETRIC_REPRESENTATION_CONTEXT() REPRESENTATION_CONTEXT('2D SPACE',''
  ) );
#2561 = PCURVE('',#1023,#2562);
#2562 = DEFINITIONAL_REPRESENTATION('',(#2563),#2567);
#2563 = LINE('',#2564,#2565);
#2564 = CARTESIAN_POINT('',(0.,-3.));
#2565 = VECTOR('',#2566,1.);
#2566 = DIRECTION('',(1.,0.));
#2567 = ( GEOMETRIC_REPRESENTATION_CONTEXT(2) 
PARAMETRIC_REPRESENTATION_CONTEXT() REPRESENTATION_CONTEXT('2D SPACE',''
  ) );
#2568 = ORIENTED_EDGE('',*,*,#2569,.F.);
#2569 = EDGE_CURVE('',#2570,#2542,#2572,.T.);
#2570 = VERTEX_POINT('',#2571);
#2571 = CARTESIAN_POINT('',(16.099999989112,10.,2.));
#2572 = SURFACE_CURVE('',#2573,(#2577,#2583),.PCURVE_S1.);
#2573 = LINE('',#2574,#2575);
#2574 = CARTESIAN_POINT('',(7.949999999259,10.,2.));
#2575 = VECTOR('',#2576,1.);
#2576 = DIRECTION('',(-1.,0.,0.));
#2577 = PCURVE('',#72,#2578);
#2578 = DEFINITIONAL_REPRESENTATION('',(#2579),#2582);
#2579 = B_SPLINE_CURVE_WITH_KNOTS('',1,(#2580,#2581),.UNSPECIFIED.,.F.,
  .F.,(2,2),(-8.149999989853,-7.949999999699),.PIECEWISE_BEZIER_KNOTS.);
#2580 = CARTESIAN_POINT('',(16.099999989553,10.000000001169));
#2581 = CARTESIAN_POINT('',(15.899999999398,10.000000001169));
#2582 = ( GEOMETRIC_REPRESENTATION_CONTEXT(2) 
PARAMETRIC_REPRESENTATION_CONTEXT() REPRESENTATION_CONTEXT('2D SPACE',''
  ) );
#2583 = PCURVE('',#1050,#2584);
#2584 = DEFINITIONAL_REPRESENTATION('',(#2585),#2588);
#2585 = B_SPLINE_CURVE_WITH_KNOTS('',1,(#2586,#2587),.UNSPECIFIED.,.F.,
  .F.,(2,2),(-8.149999989853,-7.949999999699),.PIECEWISE_BEZIER_KNOTS.);
#2586 = CARTESIAN_POINT('',(0.199999990154,-3.));
#2587 = CARTESIAN_POINT('',(0.,-3.));
#2588 = ( GEOMETRIC_REPRESENTATION_CONTEXT(2) 
PARAMETRIC_REPRESENTATION_CONTEXT() REPRESENTATION_CONTEXT('2D SPACE',''
  ) );
#2589 = ORIENTED_EDGE('',*,*,#2590,.T.);
#2590 = EDGE_CURVE('',#2570,#2591,#2593,.T.);
#2591 = VERTEX_POINT('',#2592);
#2592 = CARTESIAN_POINT('',(16.999999995077,9.1,2.));
#2593 = SURFACE_CURVE('',#2594,(#2599,#2610),.PCURVE_S1.);
#2594 = CIRCLE('',#2595,0.9);
#2595 = AXIS2_PLACEMENT_3D('',#2596,#2597,#2598);
#2596 = CARTESIAN_POINT('',(16.099999989112,9.1,2.));
#2597 = DIRECTION('',(0.,0.,-1.));
#2598 = DIRECTION('',(-1.,0.,0.));
#2599 = PCURVE('',#72,#2600);
#2600 = DEFINITIONAL_REPRESENTATION('',(#2601),#2609);
#2601 = ( BOUNDED_CURVE() B_SPLINE_CURVE(2,(#2602,#2603,#2604,#2605,
#2606,#2607,#2608),.UNSPECIFIED.,.T.,.F.) B_SPLINE_CURVE_WITH_KNOTS((1,2
    ,2,2,2,1),(-2.094395102393,0.,2.094395102393,4.188790204786,
6.28318530718,8.377580409573),.UNSPECIFIED.) CURVE() 
GEOMETRIC_REPRESENTATION_ITEM() RATIONAL_B_SPLINE_CURVE((1.,0.5,1.,0.5,
1.,0.5,1.)) REPRESENTATION_ITEM('') );
#2602 = CARTESIAN_POINT('',(15.199999989553,9.100000001169));
#2603 = CARTESIAN_POINT('',(15.199999989553,10.658845727981));
#2604 = CARTESIAN_POINT('',(16.549999989553,9.879422864575));
#2605 = CARTESIAN_POINT('',(17.899999989553,9.100000001169));
#2606 = CARTESIAN_POINT('',(16.549999989553,8.320577137763));
#2607 = CARTESIAN_POINT('',(15.199999989553,7.541154274357));
#2608 = CARTESIAN_POINT('',(15.199999989553,9.100000001169));
#2609 = ( GEOMETRIC_REPRESENTATION_CONTEXT(2) 
PARAMETRIC_REPRESENTATION_CONTEXT() REPRESENTATION_CONTEXT('2D SPACE',''
  ) );
#2610 = PCURVE('',#1082,#2611);
#2611 = DEFINITIONAL_REPRESENTATION('',(#2612),#2616);
#2612 = LINE('',#2613,#2614);
#2613 = CARTESIAN_POINT('',(0.,-3.));
#2614 = VECTOR('',#2615,1.);
#2615 = DIRECTION('',(1.,0.));
#2616 = ( GEOMETRIC_REPRESENTATION_CONTEXT(2) 
PARAMETRIC_REPRESENTATION_CONTEXT() REPRESENTATION_CONTEXT('2D SPACE',''
  ) );
#2617 = ORIENTED_EDGE('',*,*,#2618,.T.);
#2618 = EDGE_CURVE('',#2591,#2619,#2621,.T.);
#2619 = VERTEX_POINT('',#2620);
#2620 = CARTESIAN_POINT('',(16.999999995077,0.9,2.));
#2621 = SURFACE_CURVE('',#2622,(#2626,#2632),.PCURVE_S1.);
#2622 = LINE('',#2623,#2624);
#2623 = CARTESIAN_POINT('',(17.000000001042,0.449999999416,2.));
#2624 = VECTOR('',#2625,1.);
#2625 = DIRECTION('',(0.,-1.,0.));
#2626 = PCURVE('',#72,#2627);
#2627 = DEFINITIONAL_REPRESENTATION('',(#2628),#2631);
#2628 = B_SPLINE_CURVE_WITH_KNOTS('',1,(#2629,#2630),.UNSPECIFIED.,.F.,
  .F.,(2,2),(-8.650000000584,-0.450000000584),.PIECEWISE_BEZIER_KNOTS.);
#2629 = CARTESIAN_POINT('',(17.000000001482,9.100000001169));
#2630 = CARTESIAN_POINT('',(17.000000001482,0.900000001169));
#2631 = ( GEOMETRIC_REPRESENTATION_CONTEXT(2) 
PARAMETRIC_REPRESENTATION_CONTEXT() REPRESENTATION_CONTEXT('2D SPACE',''
  ) );
#2632 = PCURVE('',#1109,#2633);
#2633 = DEFINITIONAL_REPRESENTATION('',(#2634),#2637);
#2634 = B_SPLINE_CURVE_WITH_KNOTS('',1,(#2635,#2636),.UNSPECIFIED.,.F.,
  .F.,(2,2),(-8.650000000584,-0.450000000584),.PIECEWISE_BEZIER_KNOTS.);
#2635 = CARTESIAN_POINT('',(8.2,-3.));
#2636 = CARTESIAN_POINT('',(0.,-3.));
#2637 = ( GEOMETRIC_REPRESENTATION_CONTEXT(2) 
PARAMETRIC_REPRESENTATION_CONTEXT() REPRESENTATION_CONTEXT('2D SPACE',''
  ) );
#2638 = ORIENTED_EDGE('',*,*,#2639,.T.);
#2639 = EDGE_CURVE('',#2619,#2640,#2642,.T.);
#2640 = VERTEX_POINT('',#2641);
#2641 = CARTESIAN_POINT('',(16.099999989112,0.,2.));
#2642 = SURFACE_CURVE('',#2643,(#2648,#2659),.PCURVE_S1.);
#2643 = CIRCLE('',#2644,0.9);
#2644 = AXIS2_PLACEMENT_3D('',#2645,#2646,#2647);
#2645 = CARTESIAN_POINT('',(16.099999989112,0.9,2.));
#2646 = DIRECTION('',(0.,0.,-1.));
#2647 = DIRECTION('',(-1.,0.,0.));
#2648 = PCURVE('',#72,#2649);
#2649 = DEFINITIONAL_REPRESENTATION('',(#2650),#2658);
#2650 = ( BOUNDED_CURVE() B_SPLINE_CURVE(2,(#2651,#2652,#2653,#2654,
#2655,#2656,#2657),.UNSPECIFIED.,.T.,.F.) B_SPLINE_CURVE_WITH_KNOTS((1,2
    ,2,2,2,1),(-2.094395102393,0.,2.094395102393,4.188790204786,
6.28318530718,8.377580409573),.UNSPECIFIED.) CURVE() 
GEOMETRIC_REPRESENTATION_ITEM() RATIONAL_B_SPLINE_CURVE((1.,0.5,1.,0.5,
1.,0.5,1.)) REPRESENTATION_ITEM('') );
#2651 = CARTESIAN_POINT('',(15.199999989553,0.900000001169));
#2652 = CARTESIAN_POINT('',(15.199999989553,2.458845727981));
#2653 = CARTESIAN_POINT('',(16.549999989553,1.679422864575));
#2654 = CARTESIAN_POINT('',(17.899999989553,0.900000001169));
#2655 = CARTESIAN_POINT('',(16.549999989553,0.120577137763));
#2656 = CARTESIAN_POINT('',(15.199999989553,-0.658845725643));
#2657 = CARTESIAN_POINT('',(15.199999989553,0.900000001169));
#2658 = ( GEOMETRIC_REPRESENTATION_CONTEXT(2) 
PARAMETRIC_REPRESENTATION_CONTEXT() REPRESENTATION_CONTEXT('2D SPACE',''
  ) );
#2659 = PCURVE('',#1141,#2660);
#2660 = DEFINITIONAL_REPRESENTATION('',(#2661),#2665);
#2661 = LINE('',#2662,#2663);
#2662 = CARTESIAN_POINT('',(0.,-3.));
#2663 = VECTOR('',#2664,1.);
#2664 = DIRECTION('',(1.,0.));
#2665 = ( GEOMETRIC_REPRESENTATION_CONTEXT(2) 
PARAMETRIC_REPRESENTATION_CONTEXT() REPRESENTATION_CONTEXT('2D SPACE',''
  ) );
#2666 = ORIENTED_EDGE('',*,*,#2667,.T.);
#2667 = EDGE_CURVE('',#2640,#2668,#2670,.T.);
#2668 = VERTEX_POINT('',#2669);
#2669 = CARTESIAN_POINT('',(15.899999998958,0.,2.));
#2670 = SURFACE_CURVE('',#2671,(#2675,#2681),.PCURVE_S1.);
#2671 = LINE('',#2672,#2673);
#2672 = CARTESIAN_POINT('',(7.949999999259,0.,2.));
#2673 = VECTOR('',#2674,1.);
#2674 = DIRECTION('',(-1.,0.,0.));
#2675 = PCURVE('',#72,#2676);
#2676 = DEFINITIONAL_REPRESENTATION('',(#2677),#2680);
#2677 = B_SPLINE_CURVE_WITH_KNOTS('',1,(#2678,#2679),.UNSPECIFIED.,.F.,
  .F.,(2,2),(-8.149999989853,-7.949999999699),.PIECEWISE_BEZIER_KNOTS.);
#2678 = CARTESIAN_POINT('',(16.099999989553,1.168974250944E-09));
#2679 = CARTESIAN_POINT('',(15.899999999398,1.168974250944E-09));
#2680 = ( GEOMETRIC_REPRESENTATION_CONTEXT(2) 
PARAMETRIC_REPRESENTATION_CONTEXT() REPRESENTATION_CONTEXT('2D SPACE',''
  ) );
#2681 = PCURVE('',#1168,#2682);
#2682 = DEFINITIONAL_REPRESENTATION('',(#2683),#2686);
#2683 = B_SPLINE_CURVE_WITH_KNOTS('',1,(#2684,#2685),.UNSPECIFIED.,.F.,
  .F.,(2,2),(-8.149999989853,-7.949999999699),.PIECEWISE_BEZIER_KNOTS.);
#2684 = CARTESIAN_POINT('',(0.199999990154,-3.));
#2685 = CARTESIAN_POINT('',(0.,-3.));
#2686 = ( GEOMETRIC_REPRESENTATION_CONTEXT(2) 
PARAMETRIC_REPRESENTATION_CONTEXT() REPRESENTATION_CONTEXT('2D SPACE',''
  ) );
#2687 = ORIENTED_EDGE('',*,*,#2688,.T.);
#2688 = EDGE_CURVE('',#2668,#2521,#2689,.T.);
#2689 = SURFACE_CURVE('',#2690,(#2695,#2706),.PCURVE_S1.);
#2690 = CIRCLE('',#2691,0.9);
#2691 = AXIS2_PLACEMENT_3D('',#2692,#2693,#2694);
#2692 = CARTESIAN_POINT('',(15.899999998958,0.9,2.));
#2693 = DIRECTION('',(0.,0.,-1.));
#2694 = DIRECTION('',(-1.,0.,0.));
#2695 = PCURVE('',#72,#2696);
#2696 = DEFINITIONAL_REPRESENTATION('',(#2697),#2705);
#2697 = ( BOUNDED_CURVE() B_SPLINE_CURVE(2,(#2698,#2699,#2700,#2701,
#2702,#2703,#2704),.UNSPECIFIED.,.T.,.F.) B_SPLINE_CURVE_WITH_KNOTS((1,2
    ,2,2,2,1),(-2.094395102393,0.,2.094395102393,4.188790204786,
6.28318530718,8.377580409573),.UNSPECIFIED.) CURVE() 
GEOMETRIC_REPRESENTATION_ITEM() RATIONAL_B_SPLINE_CURVE((1.,0.5,1.,0.5,
1.,0.5,1.)) REPRESENTATION_ITEM('') );
#2698 = CARTESIAN_POINT('',(14.999999999398,0.900000001169));
#2699 = CARTESIAN_POINT('',(14.999999999398,2.458845727981));
#2700 = CARTESIAN_POINT('',(16.349999999398,1.679422864575));
#2701 = CARTESIAN_POINT('',(17.699999999398,0.900000001169));
#2702 = CARTESIAN_POINT('',(16.349999999398,0.120577137763));
#2703 = CARTESIAN_POINT('',(14.999999999398,-0.658845725643));
#2704 = CARTESIAN_POINT('',(14.999999999398,0.900000001169));
#2705 = ( GEOMETRIC_REPRESENTATION_CONTEXT(2) 
PARAMETRIC_REPRESENTATION_CONTEXT() REPRESENTATION_CONTEXT('2D SPACE',''
  ) );
#2706 = PCURVE('',#1198,#2707);
#2707 = DEFINITIONAL_REPRESENTATION('',(#2708),#2712);
#2708 = LINE('',#2709,#2710);
#2709 = CARTESIAN_POINT('',(0.,-3.));
#2710 = VECTOR('',#2711,1.);
#2711 = DIRECTION('',(1.,0.));
#2712 = ( GEOMETRIC_REPRESENTATION_CONTEXT(2) 
PARAMETRIC_REPRESENTATION_CONTEXT() REPRESENTATION_CONTEXT('2D SPACE',''
  ) );
#2713 = ADVANCED_FACE('',(#2714),#186,.F.);
#2714 = FACE_BOUND('',#2715,.F.);
#2715 = EDGE_LOOP('',(#2716,#2717,#2718,#2719));
#2716 = ORIENTED_EDGE('',*,*,#303,.F.);
#2717 = ORIENTED_EDGE('',*,*,#170,.T.);
#2718 = ORIENTED_EDGE('',*,*,#1215,.T.);
#2719 = ORIENTED_EDGE('',*,*,#2720,.F.);
#2720 = EDGE_CURVE('',#304,#1216,#2721,.T.);
#2721 = SURFACE_CURVE('',#2722,(#2726,#2733),.PCURVE_S1.);
#2722 = LINE('',#2723,#2724);
#2723 = CARTESIAN_POINT('',(-6.,-23.,-1.));
#2724 = VECTOR('',#2725,1.);
#2725 = DIRECTION('',(0.,0.,1.));
#2726 = PCURVE('',#186,#2727);
#2727 = DEFINITIONAL_REPRESENTATION('',(#2728),#2732);
#2728 = LINE('',#2729,#2730);
#2729 = CARTESIAN_POINT('',(1.,1.));
#2730 = VECTOR('',#2731,1.);
#2731 = DIRECTION('',(0.,-1.));
#2732 = ( GEOMETRIC_REPRESENTATION_CONTEXT(2) 
PARAMETRIC_REPRESENTATION_CONTEXT() REPRESENTATION_CONTEXT('2D SPACE',''
  ) );
#2733 = PCURVE('',#347,#2734);
#2734 = DEFINITIONAL_REPRESENTATION('',(#2735),#2739);
#2735 = LINE('',#2736,#2737);
#2736 = CARTESIAN_POINT('',(4.712388980385,0.));
#2737 = VECTOR('',#2738,1.);
#2738 = DIRECTION('',(0.,-1.));
#2739 = ( GEOMETRIC_REPRESENTATION_CONTEXT(2) 
PARAMETRIC_REPRESENTATION_CONTEXT() REPRESENTATION_CONTEXT('2D SPACE',''
  ) );
#2740 = ADVANCED_FACE('',(#2741),#241,.T.);
#2741 = FACE_BOUND('',#2742,.T.);
#2742 = EDGE_LOOP('',(#2743,#2744,#2745,#2766));
#2743 = ORIENTED_EDGE('',*,*,#223,.T.);
#2744 = ORIENTED_EDGE('',*,*,#1744,.T.);
#2745 = ORIENTED_EDGE('',*,*,#2746,.F.);
#2746 = EDGE_CURVE('',#622,#1721,#2747,.T.);
#2747 = SURFACE_CURVE('',#2748,(#2752,#2759),.PCURVE_S1.);
#2748 = LINE('',#2749,#2750);
#2749 = CARTESIAN_POINT('',(7.,22.99999999821,0.));
#2750 = VECTOR('',#2751,1.);
#2751 = DIRECTION('',(0.,0.,1.));
#2752 = PCURVE('',#241,#2753);
#2753 = DEFINITIONAL_REPRESENTATION('',(#2754),#2758);
#2754 = LINE('',#2755,#2756);
#2755 = CARTESIAN_POINT('',(14.,0.));
#2756 = VECTOR('',#2757,1.);
#2757 = DIRECTION('',(0.,-1.));
#2758 = ( GEOMETRIC_REPRESENTATION_CONTEXT(2) 
PARAMETRIC_REPRESENTATION_CONTEXT() REPRESENTATION_CONTEXT('2D SPACE',''
  ) );
#2759 = PCURVE('',#638,#2760);
#2760 = DEFINITIONAL_REPRESENTATION('',(#2761),#2765);
#2761 = LINE('',#2762,#2763);
#2762 = CARTESIAN_POINT('',(-1.570796326795,0.));
#2763 = VECTOR('',#2764,1.);
#2764 = DIRECTION('',(-0.,-1.));
#2765 = ( GEOMETRIC_REPRESENTATION_CONTEXT(2) 
PARAMETRIC_REPRESENTATION_CONTEXT() REPRESENTATION_CONTEXT('2D SPACE',''
  ) );
#2766 = ORIENTED_EDGE('',*,*,#650,.F.);
#2767 = ADVANCED_FACE('',(#2768),#347,.F.);
#2768 = FACE_BOUND('',#2769,.F.);
#2769 = EDGE_LOOP('',(#2770,#2771,#2772,#2773));
#2770 = ORIENTED_EDGE('',*,*,#326,.F.);
#2771 = ORIENTED_EDGE('',*,*,#2720,.T.);
#2772 = ORIENTED_EDGE('',*,*,#1238,.T.);
#2773 = ORIENTED_EDGE('',*,*,#2774,.F.);
#2774 = EDGE_CURVE('',#327,#1239,#2775,.T.);
#2775 = SURFACE_CURVE('',#2776,(#2780,#2787),.PCURVE_S1.);
#2776 = LINE('',#2777,#2778);
#2777 = CARTESIAN_POINT('',(-8.,-21.,-1.));
#2778 = VECTOR('',#2779,1.);
#2779 = DIRECTION('',(0.,0.,1.));
#2780 = PCURVE('',#347,#2781);
#2781 = DEFINITIONAL_REPRESENTATION('',(#2782),#2786);
#2782 = LINE('',#2783,#2784);
#2783 = CARTESIAN_POINT('',(6.28318530718,0.));
#2784 = VECTOR('',#2785,1.);
#2785 = DIRECTION('',(0.,-1.));
#2786 = ( GEOMETRIC_REPRESENTATION_CONTEXT(2) 
PARAMETRIC_REPRESENTATION_CONTEXT() REPRESENTATION_CONTEXT('2D SPACE',''
  ) );
#2787 = PCURVE('',#374,#2788);
#2788 = DEFINITIONAL_REPRESENTATION('',(#2789),#2793);
#2789 = LINE('',#2790,#2791);
#2790 = CARTESIAN_POINT('',(0.,0.));
#2791 = VECTOR('',#2792,1.);
#2792 = DIRECTION('',(0.,-1.));
#2793 = ( GEOMETRIC_REPRESENTATION_CONTEXT(2) 
PARAMETRIC_REPRESENTATION_CONTEXT() REPRESENTATION_CONTEXT('2D SPACE',''
  ) );
#2794 = ADVANCED_FACE('',(#2795),#638,.T.);
#2795 = FACE_BOUND('',#2796,.F.);
#2796 = EDGE_LOOP('',(#2797,#2818,#2819,#2820));
#2797 = ORIENTED_EDGE('',*,*,#2798,.T.);
#2798 = EDGE_CURVE('',#594,#1698,#2799,.T.);
#2799 = SURFACE_CURVE('',#2800,(#2804,#2811),.PCURVE_S1.);
#2800 = LINE('',#2801,#2802);
#2801 = CARTESIAN_POINT('',(24.,5.99999999642,0.));
#2802 = VECTOR('',#2803,1.);
#2803 = DIRECTION('',(0.,0.,1.));
#2804 = PCURVE('',#638,#2805);
#2805 = DEFINITIONAL_REPRESENTATION('',(#2806),#2810);
#2806 = LINE('',#2807,#2808);
#2807 = CARTESIAN_POINT('',(-0.,0.));
#2808 = VECTOR('',#2809,1.);
#2809 = DIRECTION('',(-0.,-1.));
#2810 = ( GEOMETRIC_REPRESENTATION_CONTEXT(2) 
PARAMETRIC_REPRESENTATION_CONTEXT() REPRESENTATION_CONTEXT('2D SPACE',''
  ) );
#2811 = PCURVE('',#609,#2812);
#2812 = DEFINITIONAL_REPRESENTATION('',(#2813),#2817);
#2813 = LINE('',#2814,#2815);
#2814 = CARTESIAN_POINT('',(11.99999999642,0.));
#2815 = VECTOR('',#2816,1.);
#2816 = DIRECTION('',(0.,-1.));
#2817 = ( GEOMETRIC_REPRESENTATION_CONTEXT(2) 
PARAMETRIC_REPRESENTATION_CONTEXT() REPRESENTATION_CONTEXT('2D SPACE',''
  ) );
#2818 = ORIENTED_EDGE('',*,*,#1720,.T.);
#2819 = ORIENTED_EDGE('',*,*,#2746,.F.);
#2820 = ORIENTED_EDGE('',*,*,#621,.F.);
#2821 = ADVANCED_FACE('',(#2822),#374,.F.);
#2822 = FACE_BOUND('',#2823,.F.);
#2823 = EDGE_LOOP('',(#2824,#2825,#2826,#2827,#2848,#2874,#2893,#2894));
#2824 = ORIENTED_EDGE('',*,*,#359,.T.);
#2825 = ORIENTED_EDGE('',*,*,#2774,.T.);
#2826 = ORIENTED_EDGE('',*,*,#1266,.F.);
#2827 = ORIENTED_EDGE('',*,*,#2828,.F.);
#2828 = EDGE_CURVE('',#2829,#1267,#2831,.T.);
#2829 = VERTEX_POINT('',#2830);
#2830 = CARTESIAN_POINT('',(-8.,-20.66594695203,4.5));
#2831 = SURFACE_CURVE('',#2832,(#2836,#2842),.PCURVE_S1.);
#2832 = LINE('',#2833,#2834);
#2833 = CARTESIAN_POINT('',(-8.,-20.66594695203,2.));
#2834 = VECTOR('',#2835,1.);
#2835 = DIRECTION('',(0.,0.,-1.));
#2836 = PCURVE('',#374,#2837);
#2837 = DEFINITIONAL_REPRESENTATION('',(#2838),#2841);
#2838 = B_SPLINE_CURVE_WITH_KNOTS('',1,(#2839,#2840),.UNSPECIFIED.,.F.,
  .F.,(2,2),(-2.5000006,5.999999999062E-07),.PIECEWISE_BEZIER_KNOTS.);
#2839 = CARTESIAN_POINT('',(0.334053047962,-5.5000006));
#2840 = CARTESIAN_POINT('',(0.334053047962,-2.9999994));
#2841 = ( GEOMETRIC_REPRESENTATION_CONTEXT(2) 
PARAMETRIC_REPRESENTATION_CONTEXT() REPRESENTATION_CONTEXT('2D SPACE',''
  ) );
#2842 = PCURVE('',#1309,#2843);
#2843 = DEFINITIONAL_REPRESENTATION('',(#2844),#2847);
#2844 = B_SPLINE_CURVE_WITH_KNOTS('',1,(#2845,#2846),.UNSPECIFIED.,.F.,
  .F.,(2,2),(-2.5000006,5.999999999062E-07),.PIECEWISE_BEZIER_KNOTS.);
#2845 = CARTESIAN_POINT('',(4.780468769104,-2.5000006));
#2846 = CARTESIAN_POINT('',(4.780468769104,5.999999999062E-07));
#2847 = ( GEOMETRIC_REPRESENTATION_CONTEXT(2) 
PARAMETRIC_REPRESENTATION_CONTEXT() REPRESENTATION_CONTEXT('2D SPACE',''
  ) );
#2848 = ORIENTED_EDGE('',*,*,#2849,.F.);
#2849 = EDGE_CURVE('',#2850,#2829,#2852,.T.);
#2850 = VERTEX_POINT('',#2851);
#2851 = CARTESIAN_POINT('',(-8.,-19.16206670701,4.5));
#2852 = SURFACE_CURVE('',#2853,(#2857,#2863),.PCURVE_S1.);
#2853 = LINE('',#2854,#2855);
#2854 = CARTESIAN_POINT('',(-8.,-10.49999999848,4.5));
#2855 = VECTOR('',#2856,1.);
#2856 = DIRECTION('',(0.,-1.,0.));
#2857 = PCURVE('',#374,#2858);
#2858 = DEFINITIONAL_REPRESENTATION('',(#2859),#2862);
#2859 = B_SPLINE_CURVE_WITH_KNOTS('',1,(#2860,#2861),.UNSPECIFIED.,.F.,
  .F.,(2,2),(0.500000052651,10.200000001512),.PIECEWISE_BEZIER_KNOTS.);
#2860 = CARTESIAN_POINT('',(9.999999948861,-5.5));
#2861 = CARTESIAN_POINT('',(0.3,-5.5));
#2862 = ( GEOMETRIC_REPRESENTATION_CONTEXT(2) 
PARAMETRIC_REPRESENTATION_CONTEXT() REPRESENTATION_CONTEXT('2D SPACE',''
  ) );
#2863 = PCURVE('',#2864,#2869);
#2864 = PLANE('',#2865);
#2865 = AXIS2_PLACEMENT_3D('',#2866,#2867,#2868);
#2866 = CARTESIAN_POINT('',(-5.387864022234E-09,3.023584858773E-09,4.5)
  );
#2867 = DIRECTION('',(0.,0.,1.));
#2868 = DIRECTION('',(1.,0.,-0.));
#2869 = DEFINITIONAL_REPRESENTATION('',(#2870),#2873);
#2870 = B_SPLINE_CURVE_WITH_KNOTS('',1,(#2871,#2872),.UNSPECIFIED.,.F.,
  .F.,(2,2),(0.500000052651,10.200000001512),.PIECEWISE_BEZIER_KNOTS.);
#2871 = CARTESIAN_POINT('',(-7.999999994612,-11.00000005416));
#2872 = CARTESIAN_POINT('',(-7.999999994612,-20.70000000302));
#2873 = ( GEOMETRIC_REPRESENTATION_CONTEXT(2) 
PARAMETRIC_REPRESENTATION_CONTEXT() REPRESENTATION_CONTEXT('2D SPACE',''
  ) );
#2874 = ORIENTED_EDGE('',*,*,#2875,.T.);
#2875 = EDGE_CURVE('',#2850,#1351,#2876,.T.);
#2876 = SURFACE_CURVE('',#2877,(#2881,#2887),.PCURVE_S1.);
#2877 = LINE('',#2878,#2879);
#2878 = CARTESIAN_POINT('',(-8.,-19.16206670701,2.));
#2879 = VECTOR('',#2880,1.);
#2880 = DIRECTION('',(0.,0.,-1.));
#2881 = PCURVE('',#374,#2882);
#2882 = DEFINITIONAL_REPRESENTATION('',(#2883),#2886);
#2883 = B_SPLINE_CURVE_WITH_KNOTS('',1,(#2884,#2885),.UNSPECIFIED.,.F.,
  .F.,(2,2),(-2.5000006,5.999999999062E-07),.PIECEWISE_BEZIER_KNOTS.);
#2884 = CARTESIAN_POINT('',(1.837933292982,-5.5000006));
#2885 = CARTESIAN_POINT('',(1.837933292982,-2.9999994));
#2886 = ( GEOMETRIC_REPRESENTATION_CONTEXT(2) 
PARAMETRIC_REPRESENTATION_CONTEXT() REPRESENTATION_CONTEXT('2D SPACE',''
  ) );
#2887 = PCURVE('',#1371,#2888);
#2888 = DEFINITIONAL_REPRESENTATION('',(#2889),#2892);
#2889 = B_SPLINE_CURVE_WITH_KNOTS('',1,(#2890,#2891),.UNSPECIFIED.,.F.,
  .F.,(2,2),(-2.5000006,5.999999999062E-07),.PIECEWISE_BEZIER_KNOTS.);
#2890 = CARTESIAN_POINT('',(4.788219208711,-2.5000006));
#2891 = CARTESIAN_POINT('',(4.788219208711,5.999999999062E-07));
#2892 = ( GEOMETRIC_REPRESENTATION_CONTEXT(2) 
PARAMETRIC_REPRESENTATION_CONTEXT() REPRESENTATION_CONTEXT('2D SPACE',''
  ) );
#2893 = ORIENTED_EDGE('',*,*,#1383,.F.);
#2894 = ORIENTED_EDGE('',*,*,#2895,.F.);
#2895 = EDGE_CURVE('',#360,#1384,#2896,.T.);
#2896 = SURFACE_CURVE('',#2897,(#2901,#2908),.PCURVE_S1.);
#2897 = LINE('',#2898,#2899);
#2898 = CARTESIAN_POINT('',(-8.,-11.00000005113,-1.));
#2899 = VECTOR('',#2900,1.);
#2900 = DIRECTION('',(0.,0.,1.));
#2901 = PCURVE('',#374,#2902);
#2902 = DEFINITIONAL_REPRESENTATION('',(#2903),#2907);
#2903 = LINE('',#2904,#2905);
#2904 = CARTESIAN_POINT('',(9.999999948861,0.));
#2905 = VECTOR('',#2906,1.);
#2906 = DIRECTION('',(0.,-1.));
#2907 = ( GEOMETRIC_REPRESENTATION_CONTEXT(2) 
PARAMETRIC_REPRESENTATION_CONTEXT() REPRESENTATION_CONTEXT('2D SPACE',''
  ) );
#2908 = PCURVE('',#406,#2909);
#2909 = DEFINITIONAL_REPRESENTATION('',(#2910),#2914);
#2910 = LINE('',#2911,#2912);
#2911 = CARTESIAN_POINT('',(0.,0.));
#2912 = VECTOR('',#2913,1.);
#2913 = DIRECTION('',(0.,-1.));
#2914 = ( GEOMETRIC_REPRESENTATION_CONTEXT(2) 
PARAMETRIC_REPRESENTATION_CONTEXT() REPRESENTATION_CONTEXT('2D SPACE',''
  ) );
#2915 = ADVANCED_FACE('',(#2916),#609,.F.);
#2916 = FACE_BOUND('',#2917,.F.);
#2917 = EDGE_LOOP('',(#2918,#2939,#2940,#2941));
#2918 = ORIENTED_EDGE('',*,*,#2919,.T.);
#2919 = EDGE_CURVE('',#565,#1674,#2920,.T.);
#2920 = SURFACE_CURVE('',#2921,(#2925,#2932),.PCURVE_S1.);
#2921 = LINE('',#2922,#2923);
#2922 = CARTESIAN_POINT('',(23.999999998961,-6.,0.));
#2923 = VECTOR('',#2924,1.);
#2924 = DIRECTION('',(0.,0.,1.));
#2925 = PCURVE('',#609,#2926);
#2926 = DEFINITIONAL_REPRESENTATION('',(#2927),#2931);
#2927 = LINE('',#2928,#2929);
#2928 = CARTESIAN_POINT('',(0.,0.));
#2929 = VECTOR('',#2930,1.);
#2930 = DIRECTION('',(0.,-1.));
#2931 = ( GEOMETRIC_REPRESENTATION_CONTEXT(2) 
PARAMETRIC_REPRESENTATION_CONTEXT() REPRESENTATION_CONTEXT('2D SPACE',''
  ) );
#2932 = PCURVE('',#581,#2933);
#2933 = DEFINITIONAL_REPRESENTATION('',(#2934),#2938);
#2934 = LINE('',#2935,#2936);
#2935 = CARTESIAN_POINT('',(-6.28318530718,0.));
#2936 = VECTOR('',#2937,1.);
#2937 = DIRECTION('',(-0.,-1.));
#2938 = ( GEOMETRIC_REPRESENTATION_CONTEXT(2) 
PARAMETRIC_REPRESENTATION_CONTEXT() REPRESENTATION_CONTEXT('2D SPACE',''
  ) );
#2939 = ORIENTED_EDGE('',*,*,#1697,.T.);
#2940 = ORIENTED_EDGE('',*,*,#2798,.F.);
#2941 = ORIENTED_EDGE('',*,*,#593,.F.);
#2942 = ADVANCED_FACE('',(#2943),#406,.F.);
#2943 = FACE_BOUND('',#2944,.F.);
#2944 = EDGE_LOOP('',(#2945,#2946,#2947,#2948));
#2945 = ORIENTED_EDGE('',*,*,#385,.F.);
#2946 = ORIENTED_EDGE('',*,*,#2895,.T.);
#2947 = ORIENTED_EDGE('',*,*,#1405,.T.);
#2948 = ORIENTED_EDGE('',*,*,#2949,.F.);
#2949 = EDGE_CURVE('',#386,#1406,#2950,.T.);
#2950 = SURFACE_CURVE('',#2951,(#2955,#2962),.PCURVE_S1.);
#2951 = LINE('',#2952,#2953);
#2952 = CARTESIAN_POINT('',(-6.,-9.00000002557,-1.));
#2953 = VECTOR('',#2954,1.);
#2954 = DIRECTION('',(0.,0.,1.));
#2955 = PCURVE('',#406,#2956);
#2956 = DEFINITIONAL_REPRESENTATION('',(#2957),#2961);
#2957 = LINE('',#2958,#2959);
#2958 = CARTESIAN_POINT('',(1.570796326795,0.));
#2959 = VECTOR('',#2960,1.);
#2960 = DIRECTION('',(0.,-1.));
#2961 = ( GEOMETRIC_REPRESENTATION_CONTEXT(2) 
PARAMETRIC_REPRESENTATION_CONTEXT() REPRESENTATION_CONTEXT('2D SPACE',''
  ) );
#2962 = PCURVE('',#433,#2963);
#2963 = DEFINITIONAL_REPRESENTATION('',(#2964),#2968);
#2964 = LINE('',#2965,#2966);
#2965 = CARTESIAN_POINT('',(0.,0.));
#2966 = VECTOR('',#2967,1.);
#2967 = DIRECTION('',(0.,-1.));
#2968 = ( GEOMETRIC_REPRESENTATION_CONTEXT(2) 
PARAMETRIC_REPRESENTATION_CONTEXT() REPRESENTATION_CONTEXT('2D SPACE',''
  ) );
#2969 = ADVANCED_FACE('',(#2970),#581,.T.);
#2970 = FACE_BOUND('',#2971,.F.);
#2971 = EDGE_LOOP('',(#2972,#2993,#2994,#2995));
#2972 = ORIENTED_EDGE('',*,*,#2973,.T.);
#2973 = EDGE_CURVE('',#537,#1651,#2974,.T.);
#2974 = SURFACE_CURVE('',#2975,(#2979,#2986),.PCURVE_S1.);
#2975 = LINE('',#2976,#2977);
#2976 = CARTESIAN_POINT('',(6.999999997923,-23.,0.));
#2977 = VECTOR('',#2978,1.);
#2978 = DIRECTION('',(0.,0.,1.));
#2979 = PCURVE('',#581,#2980);
#2980 = DEFINITIONAL_REPRESENTATION('',(#2981),#2985);
#2981 = LINE('',#2982,#2983);
#2982 = CARTESIAN_POINT('',(-4.712388980385,0.));
#2983 = VECTOR('',#2984,1.);
#2984 = DIRECTION('',(-0.,-1.));
#2985 = ( GEOMETRIC_REPRESENTATION_CONTEXT(2) 
PARAMETRIC_REPRESENTATION_CONTEXT() REPRESENTATION_CONTEXT('2D SPACE',''
  ) );
#2986 = PCURVE('',#552,#2987);
#2987 = DEFINITIONAL_REPRESENTATION('',(#2988),#2992);
#2988 = LINE('',#2989,#2990);
#2989 = CARTESIAN_POINT('',(13.999999997923,0.));
#2990 = VECTOR('',#2991,1.);
#2991 = DIRECTION('',(0.,-1.));
#2992 = ( GEOMETRIC_REPRESENTATION_CONTEXT(2) 
PARAMETRIC_REPRESENTATION_CONTEXT() REPRESENTATION_CONTEXT('2D SPACE',''
  ) );
#2993 = ORIENTED_EDGE('',*,*,#1673,.T.);
#2994 = ORIENTED_EDGE('',*,*,#2919,.F.);
#2995 = ORIENTED_EDGE('',*,*,#564,.F.);
#2996 = ADVANCED_FACE('',(#2997),#433,.F.);
#2997 = FACE_BOUND('',#2998,.F.);
#2998 = EDGE_LOOP('',(#2999,#3000,#3001,#3002));
#2999 = ORIENTED_EDGE('',*,*,#418,.T.);
#3000 = ORIENTED_EDGE('',*,*,#2949,.T.);
#3001 = ORIENTED_EDGE('',*,*,#1433,.F.);
#3002 = ORIENTED_EDGE('',*,*,#3003,.F.);
#3003 = EDGE_CURVE('',#419,#1434,#3004,.T.);
#3004 = SURFACE_CURVE('',#3005,(#3009,#3016),.PCURVE_S1.);
#3005 = LINE('',#3006,#3007);
#3006 = CARTESIAN_POINT('',(6.,-9.00000002557,-1.));
#3007 = VECTOR('',#3008,1.);
#3008 = DIRECTION('',(0.,0.,1.));
#3009 = PCURVE('',#433,#3010);
#3010 = DEFINITIONAL_REPRESENTATION('',(#3011),#3015);
#3011 = LINE('',#3012,#3013);
#3012 = CARTESIAN_POINT('',(12.,0.));
#3013 = VECTOR('',#3014,1.);
#3014 = DIRECTION('',(0.,-1.));
#3015 = ( GEOMETRIC_REPRESENTATION_CONTEXT(2) 
PARAMETRIC_REPRESENTATION_CONTEXT() REPRESENTATION_CONTEXT('2D SPACE',''
  ) );
#3016 = PCURVE('',#465,#3017);
#3017 = DEFINITIONAL_REPRESENTATION('',(#3018),#3022);
#3018 = LINE('',#3019,#3020);
#3019 = CARTESIAN_POINT('',(1.570796326795,0.));
#3020 = VECTOR('',#3021,1.);
#3021 = DIRECTION('',(0.,-1.));
#3022 = ( GEOMETRIC_REPRESENTATION_CONTEXT(2) 
PARAMETRIC_REPRESENTATION_CONTEXT() REPRESENTATION_CONTEXT('2D SPACE',''
  ) );
#3023 = ADVANCED_FACE('',(#3024),#552,.F.);
#3024 = FACE_BOUND('',#3025,.F.);
#3025 = EDGE_LOOP('',(#3026,#3027,#3048,#3049));
#3026 = ORIENTED_EDGE('',*,*,#536,.F.);
#3027 = ORIENTED_EDGE('',*,*,#3028,.T.);
#3028 = EDGE_CURVE('',#504,#1623,#3029,.T.);
#3029 = SURFACE_CURVE('',#3030,(#3034,#3041),.PCURVE_S1.);
#3030 = LINE('',#3031,#3032);
#3031 = CARTESIAN_POINT('',(5.999999927492,-23.,-1.));
#3032 = VECTOR('',#3033,1.);
#3033 = DIRECTION('',(0.,0.,1.));
#3034 = PCURVE('',#552,#3035);
#3035 = DEFINITIONAL_REPRESENTATION('',(#3036),#3040);
#3036 = LINE('',#3037,#3038);
#3037 = CARTESIAN_POINT('',(12.999999927492,1.));
#3038 = VECTOR('',#3039,1.);
#3039 = DIRECTION('',(0.,-1.));
#3040 = ( GEOMETRIC_REPRESENTATION_CONTEXT(2) 
PARAMETRIC_REPRESENTATION_CONTEXT() REPRESENTATION_CONTEXT('2D SPACE',''
  ) );
#3041 = PCURVE('',#524,#3042);
#3042 = DEFINITIONAL_REPRESENTATION('',(#3043),#3047);
#3043 = LINE('',#3044,#3045);
#3044 = CARTESIAN_POINT('',(4.712388980385,0.));
#3045 = VECTOR('',#3046,1.);
#3046 = DIRECTION('',(0.,-1.));
#3047 = ( GEOMETRIC_REPRESENTATION_CONTEXT(2) 
PARAMETRIC_REPRESENTATION_CONTEXT() REPRESENTATION_CONTEXT('2D SPACE',''
  ) );
#3048 = ORIENTED_EDGE('',*,*,#1650,.T.);
#3049 = ORIENTED_EDGE('',*,*,#2973,.F.);
#3050 = ADVANCED_FACE('',(#3051),#465,.F.);
#3051 = FACE_BOUND('',#3052,.F.);
#3052 = EDGE_LOOP('',(#3053,#3054,#3055,#3056));
#3053 = ORIENTED_EDGE('',*,*,#444,.F.);
#3054 = ORIENTED_EDGE('',*,*,#3003,.T.);
#3055 = ORIENTED_EDGE('',*,*,#1455,.T.);
#3056 = ORIENTED_EDGE('',*,*,#3057,.F.);
#3057 = EDGE_CURVE('',#445,#1456,#3058,.T.);
#3058 = SURFACE_CURVE('',#3059,(#3063,#3070),.PCURVE_S1.);
#3059 = LINE('',#3060,#3061);
#3060 = CARTESIAN_POINT('',(8.,-11.00000005113,-1.));
#3061 = VECTOR('',#3062,1.);
#3062 = DIRECTION('',(0.,0.,1.));
#3063 = PCURVE('',#465,#3064);
#3064 = DEFINITIONAL_REPRESENTATION('',(#3065),#3069);
#3065 = LINE('',#3066,#3067);
#3066 = CARTESIAN_POINT('',(3.14159265359,0.));
#3067 = VECTOR('',#3068,1.);
#3068 = DIRECTION('',(0.,-1.));
#3069 = ( GEOMETRIC_REPRESENTATION_CONTEXT(2) 
PARAMETRIC_REPRESENTATION_CONTEXT() REPRESENTATION_CONTEXT('2D SPACE',''
  ) );
#3070 = PCURVE('',#492,#3071);
#3071 = DEFINITIONAL_REPRESENTATION('',(#3072),#3076);
#3072 = LINE('',#3073,#3074);
#3073 = CARTESIAN_POINT('',(9.999999948861,0.));
#3074 = VECTOR('',#3075,1.);
#3075 = DIRECTION('',(0.,-1.));
#3076 = ( GEOMETRIC_REPRESENTATION_CONTEXT(2) 
PARAMETRIC_REPRESENTATION_CONTEXT() REPRESENTATION_CONTEXT('2D SPACE',''
  ) );
#3077 = ADVANCED_FACE('',(#3078),#524,.F.);
#3078 = FACE_BOUND('',#3079,.F.);
#3079 = EDGE_LOOP('',(#3080,#3081,#3102,#3103));
#3080 = ORIENTED_EDGE('',*,*,#503,.F.);
#3081 = ORIENTED_EDGE('',*,*,#3082,.T.);
#3082 = EDGE_CURVE('',#478,#1601,#3083,.T.);
#3083 = SURFACE_CURVE('',#3084,(#3088,#3095),.PCURVE_S1.);
#3084 = LINE('',#3085,#3086);
#3085 = CARTESIAN_POINT('',(7.999999963746,-21.,-1.));
#3086 = VECTOR('',#3087,1.);
#3087 = DIRECTION('',(0.,0.,1.));
#3088 = PCURVE('',#524,#3089);
#3089 = DEFINITIONAL_REPRESENTATION('',(#3090),#3094);
#3090 = LINE('',#3091,#3092);
#3091 = CARTESIAN_POINT('',(3.14159265359,0.));
#3092 = VECTOR('',#3093,1.);
#3093 = DIRECTION('',(0.,-1.));
#3094 = ( GEOMETRIC_REPRESENTATION_CONTEXT(2) 
PARAMETRIC_REPRESENTATION_CONTEXT() REPRESENTATION_CONTEXT('2D SPACE',''
  ) );
#3095 = PCURVE('',#492,#3096);
#3096 = DEFINITIONAL_REPRESENTATION('',(#3097),#3101);
#3097 = LINE('',#3098,#3099);
#3098 = CARTESIAN_POINT('',(0.,0.));
#3099 = VECTOR('',#3100,1.);
#3100 = DIRECTION('',(0.,-1.));
#3101 = ( GEOMETRIC_REPRESENTATION_CONTEXT(2) 
PARAMETRIC_REPRESENTATION_CONTEXT() REPRESENTATION_CONTEXT('2D SPACE',''
  ) );
#3102 = ORIENTED_EDGE('',*,*,#1622,.T.);
#3103 = ORIENTED_EDGE('',*,*,#3028,.F.);
#3104 = ADVANCED_FACE('',(#3105),#492,.T.);
#3105 = FACE_BOUND('',#3106,.T.);
#3106 = EDGE_LOOP('',(#3107,#3108,#3109,#3110,#3131,#3157,#3176,#3177));
#3107 = ORIENTED_EDGE('',*,*,#477,.T.);
#3108 = ORIENTED_EDGE('',*,*,#3082,.T.);
#3109 = ORIENTED_EDGE('',*,*,#1600,.F.);
#3110 = ORIENTED_EDGE('',*,*,#3111,.F.);
#3111 = EDGE_CURVE('',#3112,#1568,#3114,.T.);
#3112 = VERTEX_POINT('',#3113);
#3113 = CARTESIAN_POINT('',(8.,-20.66594695027,4.5));
#3114 = SURFACE_CURVE('',#3115,(#3119,#3125),.PCURVE_S1.);
#3115 = LINE('',#3116,#3117);
#3116 = CARTESIAN_POINT('',(8.,-20.66594695027,2.));
#3117 = VECTOR('',#3118,1.);
#3118 = DIRECTION('',(0.,0.,-1.));
#3119 = PCURVE('',#492,#3120);
#3120 = DEFINITIONAL_REPRESENTATION('',(#3121),#3124);
#3121 = B_SPLINE_CURVE_WITH_KNOTS('',1,(#3122,#3123),.UNSPECIFIED.,.F.,
  .F.,(2,2),(-2.5000006,5.999999999062E-07),.PIECEWISE_BEZIER_KNOTS.);
#3122 = CARTESIAN_POINT('',(0.334053049727,-5.5000006));
#3123 = CARTESIAN_POINT('',(0.334053049727,-2.9999994));
#3124 = ( GEOMETRIC_REPRESENTATION_CONTEXT(2) 
PARAMETRIC_REPRESENTATION_CONTEXT() REPRESENTATION_CONTEXT('2D SPACE',''
  ) );
#3125 = PCURVE('',#1588,#3126);
#3126 = DEFINITIONAL_REPRESENTATION('',(#3127),#3130);
#3127 = B_SPLINE_CURVE_WITH_KNOTS('',1,(#3128,#3129),.UNSPECIFIED.,.F.,
  .F.,(2,2),(-2.5000006,5.999999999062E-07),.PIECEWISE_BEZIER_KNOTS.);
#3128 = CARTESIAN_POINT('',(4.6443091899,-2.5000006));
#3129 = CARTESIAN_POINT('',(4.6443091899,5.999999999062E-07));
#3130 = ( GEOMETRIC_REPRESENTATION_CONTEXT(2) 
PARAMETRIC_REPRESENTATION_CONTEXT() REPRESENTATION_CONTEXT('2D SPACE',''
  ) );
#3131 = ORIENTED_EDGE('',*,*,#3132,.F.);
#3132 = EDGE_CURVE('',#3133,#3112,#3135,.T.);
#3133 = VERTEX_POINT('',#3134);
#3134 = CARTESIAN_POINT('',(8.,-19.16206670701,4.5));
#3135 = SURFACE_CURVE('',#3136,(#3140,#3146),.PCURVE_S1.);
#3136 = LINE('',#3137,#3138);
#3137 = CARTESIAN_POINT('',(8.,-10.49999999848,4.5));
#3138 = VECTOR('',#3139,1.);
#3139 = DIRECTION('',(0.,-1.,0.));
#3140 = PCURVE('',#492,#3141);
#3141 = DEFINITIONAL_REPRESENTATION('',(#3142),#3145);
#3142 = B_SPLINE_CURVE_WITH_KNOTS('',1,(#3143,#3144),.UNSPECIFIED.,.F.,
  .F.,(2,2),(0.500000052651,10.200000001512),.PIECEWISE_BEZIER_KNOTS.);
#3143 = CARTESIAN_POINT('',(9.999999948861,-5.5));
#3144 = CARTESIAN_POINT('',(0.3,-5.5));
#3145 = ( GEOMETRIC_REPRESENTATION_CONTEXT(2) 
PARAMETRIC_REPRESENTATION_CONTEXT() REPRESENTATION_CONTEXT('2D SPACE',''
  ) );
#3146 = PCURVE('',#3147,#3152);
#3147 = PLANE('',#3148);
#3148 = AXIS2_PLACEMENT_3D('',#3149,#3150,#3151);
#3149 = CARTESIAN_POINT('',(-5.387864022234E-09,3.023584858773E-09,4.5)
  );
#3150 = DIRECTION('',(0.,0.,1.));
#3151 = DIRECTION('',(1.,0.,-0.));
#3152 = DEFINITIONAL_REPRESENTATION('',(#3153),#3156);
#3153 = B_SPLINE_CURVE_WITH_KNOTS('',1,(#3154,#3155),.UNSPECIFIED.,.F.,
  .F.,(2,2),(0.500000052651,10.200000001512),.PIECEWISE_BEZIER_KNOTS.);
#3154 = CARTESIAN_POINT('',(8.000000005388,-11.00000005416));
#3155 = CARTESIAN_POINT('',(8.000000005388,-20.70000000302));
#3156 = ( GEOMETRIC_REPRESENTATION_CONTEXT(2) 
PARAMETRIC_REPRESENTATION_CONTEXT() REPRESENTATION_CONTEXT('2D SPACE',''
  ) );
#3157 = ORIENTED_EDGE('',*,*,#3158,.T.);
#3158 = EDGE_CURVE('',#3133,#1484,#3159,.T.);
#3159 = SURFACE_CURVE('',#3160,(#3164,#3170),.PCURVE_S1.);
#3160 = LINE('',#3161,#3162);
#3161 = CARTESIAN_POINT('',(8.,-19.16206670701,2.));
#3162 = VECTOR('',#3163,1.);
#3163 = DIRECTION('',(0.,0.,-1.));
#3164 = PCURVE('',#492,#3165);
#3165 = DEFINITIONAL_REPRESENTATION('',(#3166),#3169);
#3166 = B_SPLINE_CURVE_WITH_KNOTS('',1,(#3167,#3168),.UNSPECIFIED.,.F.,
  .F.,(2,2),(-2.5000006,5.999999999062E-07),.PIECEWISE_BEZIER_KNOTS.);
#3167 = CARTESIAN_POINT('',(1.837933292982,-5.5000006));
#3168 = CARTESIAN_POINT('',(1.837933292982,-2.9999994));
#3169 = ( GEOMETRIC_REPRESENTATION_CONTEXT(2) 
PARAMETRIC_REPRESENTATION_CONTEXT() REPRESENTATION_CONTEXT('2D SPACE',''
  ) );
#3170 = PCURVE('',#1526,#3171);
#3171 = DEFINITIONAL_REPRESENTATION('',(#3172),#3175);
#3172 = B_SPLINE_CURVE_WITH_KNOTS('',1,(#3173,#3174),.UNSPECIFIED.,.F.,
  .F.,(2,2),(-2.5000006,5.999999999062E-07),.PIECEWISE_BEZIER_KNOTS.);
#3173 = CARTESIAN_POINT('',(4.636558752058,-2.5000006));
#3174 = CARTESIAN_POINT('',(4.636558752058,5.999999999062E-07));
#3175 = ( GEOMETRIC_REPRESENTATION_CONTEXT(2) 
PARAMETRIC_REPRESENTATION_CONTEXT() REPRESENTATION_CONTEXT('2D SPACE',''
  ) );
#3176 = ORIENTED_EDGE('',*,*,#1483,.F.);
#3177 = ORIENTED_EDGE('',*,*,#3057,.F.);
#3178 = ADVANCED_FACE('',(#3179),#691,.F.);
#3179 = FACE_BOUND('',#3180,.F.);
#3180 = EDGE_LOOP('',(#3181,#3182,#3203,#3204));
#3181 = ORIENTED_EDGE('',*,*,#1768,.T.);
#3182 = ORIENTED_EDGE('',*,*,#3183,.F.);
#3183 = EDGE_CURVE('',#675,#1769,#3184,.T.);
#3184 = SEAM_CURVE('',#3185,(#3189,#3196),.PCURVE_S1.);
#3185 = LINE('',#3186,#3187);
#3186 = CARTESIAN_POINT('',(-16.8,-15.,-1.));
#3187 = VECTOR('',#3188,1.);
#3188 = DIRECTION('',(0.,0.,1.));
#3189 = PCURVE('',#691,#3190);
#3190 = DEFINITIONAL_REPRESENTATION('',(#3191),#3195);
#3191 = LINE('',#3192,#3193);
#3192 = CARTESIAN_POINT('',(0.,-0.));
#3193 = VECTOR('',#3194,1.);
#3194 = DIRECTION('',(0.,1.));
#3195 = ( GEOMETRIC_REPRESENTATION_CONTEXT(2) 
PARAMETRIC_REPRESENTATION_CONTEXT() REPRESENTATION_CONTEXT('2D SPACE',''
  ) );
#3196 = PCURVE('',#691,#3197);
#3197 = DEFINITIONAL_REPRESENTATION('',(#3198),#3202);
#3198 = LINE('',#3199,#3200);
#3199 = CARTESIAN_POINT('',(6.28318530718,-0.));
#3200 = VECTOR('',#3201,1.);
#3201 = DIRECTION('',(0.,1.));
#3202 = ( GEOMETRIC_REPRESENTATION_CONTEXT(2) 
PARAMETRIC_REPRESENTATION_CONTEXT() REPRESENTATION_CONTEXT('2D SPACE',''
  ) );
#3203 = ORIENTED_EDGE('',*,*,#674,.T.);
#3204 = ORIENTED_EDGE('',*,*,#3183,.T.);
#3205 = ADVANCED_FACE('',(#3206),#722,.F.);
#3206 = FACE_BOUND('',#3207,.F.);
#3207 = EDGE_LOOP('',(#3208,#3229,#3230,#3231));
#3208 = ORIENTED_EDGE('',*,*,#3209,.T.);
#3209 = EDGE_CURVE('',#706,#1799,#3210,.T.);
#3210 = SEAM_CURVE('',#3211,(#3215,#3222),.PCURVE_S1.);
#3211 = LINE('',#3212,#3213);
#3212 = CARTESIAN_POINT('',(19.2,-15.,-1.));
#3213 = VECTOR('',#3214,1.);
#3214 = DIRECTION('',(0.,0.,1.));
#3215 = PCURVE('',#722,#3216);
#3216 = DEFINITIONAL_REPRESENTATION('',(#3217),#3221);
#3217 = LINE('',#3218,#3219);
#3218 = CARTESIAN_POINT('',(6.28318530718,-0.));
#3219 = VECTOR('',#3220,1.);
#3220 = DIRECTION('',(0.,1.));
#3221 = ( GEOMETRIC_REPRESENTATION_CONTEXT(2) 
PARAMETRIC_REPRESENTATION_CONTEXT() REPRESENTATION_CONTEXT('2D SPACE',''
  ) );
#3222 = PCURVE('',#722,#3223);
#3223 = DEFINITIONAL_REPRESENTATION('',(#3224),#3228);
#3224 = LINE('',#3225,#3226);
#3225 = CARTESIAN_POINT('',(0.,-0.));
#3226 = VECTOR('',#3227,1.);
#3227 = DIRECTION('',(0.,1.));
#3228 = ( GEOMETRIC_REPRESENTATION_CONTEXT(2) 
PARAMETRIC_REPRESENTATION_CONTEXT() REPRESENTATION_CONTEXT('2D SPACE',''
  ) );
#3229 = ORIENTED_EDGE('',*,*,#1798,.T.);
#3230 = ORIENTED_EDGE('',*,*,#3209,.F.);
#3231 = ORIENTED_EDGE('',*,*,#705,.T.);
#3232 = ADVANCED_FACE('',(#3233),#753,.F.);
#3233 = FACE_BOUND('',#3234,.F.);
#3234 = EDGE_LOOP('',(#3235,#3236,#3257,#3258));
#3235 = ORIENTED_EDGE('',*,*,#736,.T.);
#3236 = ORIENTED_EDGE('',*,*,#3237,.T.);
#3237 = EDGE_CURVE('',#739,#1831,#3238,.T.);
#3238 = SURFACE_CURVE('',#3239,(#3243,#3250),.PCURVE_S1.);
#3239 = LINE('',#3240,#3241);
#3240 = CARTESIAN_POINT('',(-17.,0.9,-1.));
#3241 = VECTOR('',#3242,1.);
#3242 = DIRECTION('',(0.,0.,1.));
#3243 = PCURVE('',#753,#3244);
#3244 = DEFINITIONAL_REPRESENTATION('',(#3245),#3249);
#3245 = LINE('',#3246,#3247);
#3246 = CARTESIAN_POINT('',(0.,0.));
#3247 = VECTOR('',#3248,1.);
#3248 = DIRECTION('',(0.,-1.));
#3249 = ( GEOMETRIC_REPRESENTATION_CONTEXT(2) 
PARAMETRIC_REPRESENTATION_CONTEXT() REPRESENTATION_CONTEXT('2D SPACE',''
  ) );
#3250 = PCURVE('',#960,#3251);
#3251 = DEFINITIONAL_REPRESENTATION('',(#3252),#3256);
#3252 = LINE('',#3253,#3254);
#3253 = CARTESIAN_POINT('',(6.28318530718,0.));
#3254 = VECTOR('',#3255,1.);
#3255 = DIRECTION('',(0.,-1.));
#3256 = ( GEOMETRIC_REPRESENTATION_CONTEXT(2) 
PARAMETRIC_REPRESENTATION_CONTEXT() REPRESENTATION_CONTEXT('2D SPACE',''
  ) );
#3257 = ORIENTED_EDGE('',*,*,#1828,.F.);
#3258 = ORIENTED_EDGE('',*,*,#3259,.F.);
#3259 = EDGE_CURVE('',#737,#1829,#3260,.T.);
#3260 = SURFACE_CURVE('',#3261,(#3265,#3272),.PCURVE_S1.);
#3261 = LINE('',#3262,#3263);
#3262 = CARTESIAN_POINT('',(-17.,9.1,-1.));
#3263 = VECTOR('',#3264,1.);
#3264 = DIRECTION('',(0.,0.,1.));
#3265 = PCURVE('',#753,#3266);
#3266 = DEFINITIONAL_REPRESENTATION('',(#3267),#3271);
#3267 = LINE('',#3268,#3269);
#3268 = CARTESIAN_POINT('',(8.2,0.));
#3269 = VECTOR('',#3270,1.);
#3270 = DIRECTION('',(0.,-1.));
#3271 = ( GEOMETRIC_REPRESENTATION_CONTEXT(2) 
PARAMETRIC_REPRESENTATION_CONTEXT() REPRESENTATION_CONTEXT('2D SPACE',''
  ) );
#3272 = PCURVE('',#785,#3273);
#3273 = DEFINITIONAL_REPRESENTATION('',(#3274),#3278);
#3274 = LINE('',#3275,#3276);
#3275 = CARTESIAN_POINT('',(0.,0.));
#3276 = VECTOR('',#3277,1.);
#3277 = DIRECTION('',(0.,-1.));
#3278 = ( GEOMETRIC_REPRESENTATION_CONTEXT(2) 
PARAMETRIC_REPRESENTATION_CONTEXT() REPRESENTATION_CONTEXT('2D SPACE',''
  ) );
#3279 = ADVANCED_FACE('',(#3280),#785,.F.);
#3280 = FACE_BOUND('',#3281,.F.);
#3281 = EDGE_LOOP('',(#3282,#3283,#3284,#3285));
#3282 = ORIENTED_EDGE('',*,*,#764,.F.);
#3283 = ORIENTED_EDGE('',*,*,#3259,.T.);
#3284 = ORIENTED_EDGE('',*,*,#1851,.T.);
#3285 = ORIENTED_EDGE('',*,*,#3286,.F.);
#3286 = EDGE_CURVE('',#765,#1852,#3287,.T.);
#3287 = SURFACE_CURVE('',#3288,(#3292,#3299),.PCURVE_S1.);
#3288 = LINE('',#3289,#3290);
#3289 = CARTESIAN_POINT('',(-16.10000000104,10.,-1.));
#3290 = VECTOR('',#3291,1.);
#3291 = DIRECTION('',(0.,0.,1.));
#3292 = PCURVE('',#785,#3293);
#3293 = DEFINITIONAL_REPRESENTATION('',(#3294),#3298);
#3294 = LINE('',#3295,#3296);
#3295 = CARTESIAN_POINT('',(1.570796326795,0.));
#3296 = VECTOR('',#3297,1.);
#3297 = DIRECTION('',(0.,-1.));
#3298 = ( GEOMETRIC_REPRESENTATION_CONTEXT(2) 
PARAMETRIC_REPRESENTATION_CONTEXT() REPRESENTATION_CONTEXT('2D SPACE',''
  ) );
#3299 = PCURVE('',#812,#3300);
#3300 = DEFINITIONAL_REPRESENTATION('',(#3301),#3305);
#3301 = LINE('',#3302,#3303);
#3302 = CARTESIAN_POINT('',(-5.551115123126E-17,0.));
#3303 = VECTOR('',#3304,1.);
#3304 = DIRECTION('',(0.,-1.));
#3305 = ( GEOMETRIC_REPRESENTATION_CONTEXT(2) 
PARAMETRIC_REPRESENTATION_CONTEXT() REPRESENTATION_CONTEXT('2D SPACE',''
  ) );
#3306 = ADVANCED_FACE('',(#3307),#960,.F.);
#3307 = FACE_BOUND('',#3308,.F.);
#3308 = EDGE_LOOP('',(#3309,#3310,#3331,#3332));
#3309 = ORIENTED_EDGE('',*,*,#941,.F.);
#3310 = ORIENTED_EDGE('',*,*,#3311,.T.);
#3311 = EDGE_CURVE('',#916,#1978,#3312,.T.);
#3312 = SURFACE_CURVE('',#3313,(#3317,#3324),.PCURVE_S1.);
#3313 = LINE('',#3314,#3315);
#3314 = CARTESIAN_POINT('',(-16.10000000104,0.,-1.));
#3315 = VECTOR('',#3316,1.);
#3316 = DIRECTION('',(0.,0.,1.));
#3317 = PCURVE('',#960,#3318);
#3318 = DEFINITIONAL_REPRESENTATION('',(#3319),#3323);
#3319 = LINE('',#3320,#3321);
#3320 = CARTESIAN_POINT('',(4.712388980385,0.));
#3321 = VECTOR('',#3322,1.);
#3322 = DIRECTION('',(0.,-1.));
#3323 = ( GEOMETRIC_REPRESENTATION_CONTEXT(2) 
PARAMETRIC_REPRESENTATION_CONTEXT() REPRESENTATION_CONTEXT('2D SPACE',''
  ) );
#3324 = PCURVE('',#930,#3325);
#3325 = DEFINITIONAL_REPRESENTATION('',(#3326),#3330);
#3326 = LINE('',#3327,#3328);
#3327 = CARTESIAN_POINT('',(1.665334536938E-16,0.));
#3328 = VECTOR('',#3329,1.);
#3329 = DIRECTION('',(0.,-1.));
#3330 = ( GEOMETRIC_REPRESENTATION_CONTEXT(2) 
PARAMETRIC_REPRESENTATION_CONTEXT() REPRESENTATION_CONTEXT('2D SPACE',''
  ) );
#3331 = ORIENTED_EDGE('',*,*,#1998,.T.);
#3332 = ORIENTED_EDGE('',*,*,#3237,.F.);
#3333 = ADVANCED_FACE('',(#3334),#812,.F.);
#3334 = FACE_BOUND('',#3335,.F.);
#3335 = EDGE_LOOP('',(#3336,#3337,#3338,#3339));
#3336 = ORIENTED_EDGE('',*,*,#797,.T.);
#3337 = ORIENTED_EDGE('',*,*,#3286,.T.);
#3338 = ORIENTED_EDGE('',*,*,#1879,.F.);
#3339 = ORIENTED_EDGE('',*,*,#3340,.F.);
#3340 = EDGE_CURVE('',#798,#1880,#3341,.T.);
#3341 = SURFACE_CURVE('',#3342,(#3346,#3353),.PCURVE_S1.);
#3342 = LINE('',#3343,#3344);
#3343 = CARTESIAN_POINT('',(-15.90000001088,10.,-1.));
#3344 = VECTOR('',#3345,1.);
#3345 = DIRECTION('',(0.,0.,1.));
#3346 = PCURVE('',#812,#3347);
#3347 = DEFINITIONAL_REPRESENTATION('',(#3348),#3352);
#3348 = LINE('',#3349,#3350);
#3349 = CARTESIAN_POINT('',(0.199999990154,0.));
#3350 = VECTOR('',#3351,1.);
#3351 = DIRECTION('',(0.,-1.));
#3352 = ( GEOMETRIC_REPRESENTATION_CONTEXT(2) 
PARAMETRIC_REPRESENTATION_CONTEXT() REPRESENTATION_CONTEXT('2D SPACE',''
  ) );
#3353 = PCURVE('',#844,#3354);
#3354 = DEFINITIONAL_REPRESENTATION('',(#3355),#3359);
#3355 = LINE('',#3356,#3357);
#3356 = CARTESIAN_POINT('',(1.570796326795,0.));
#3357 = VECTOR('',#3358,1.);
#3358 = DIRECTION('',(0.,-1.));
#3359 = ( GEOMETRIC_REPRESENTATION_CONTEXT(2) 
PARAMETRIC_REPRESENTATION_CONTEXT() REPRESENTATION_CONTEXT('2D SPACE',''
  ) );
#3360 = ADVANCED_FACE('',(#3361),#930,.T.);
#3361 = FACE_BOUND('',#3362,.T.);
#3362 = EDGE_LOOP('',(#3363,#3364,#3365,#3366));
#3363 = ORIENTED_EDGE('',*,*,#915,.T.);
#3364 = ORIENTED_EDGE('',*,*,#3311,.T.);
#3365 = ORIENTED_EDGE('',*,*,#1977,.F.);
#3366 = ORIENTED_EDGE('',*,*,#3367,.F.);
#3367 = EDGE_CURVE('',#883,#1950,#3368,.T.);
#3368 = SURFACE_CURVE('',#3369,(#3373,#3380),.PCURVE_S1.);
#3369 = LINE('',#3370,#3371);
#3370 = CARTESIAN_POINT('',(-15.90000001088,0.,-1.));
#3371 = VECTOR('',#3372,1.);
#3372 = DIRECTION('',(0.,0.,1.));
#3373 = PCURVE('',#930,#3374);
#3374 = DEFINITIONAL_REPRESENTATION('',(#3375),#3379);
#3375 = LINE('',#3376,#3377);
#3376 = CARTESIAN_POINT('',(0.199999990154,0.));
#3377 = VECTOR('',#3378,1.);
#3378 = DIRECTION('',(0.,-1.));
#3379 = ( GEOMETRIC_REPRESENTATION_CONTEXT(2) 
PARAMETRIC_REPRESENTATION_CONTEXT() REPRESENTATION_CONTEXT('2D SPACE',''
  ) );
#3380 = PCURVE('',#903,#3381);
#3381 = DEFINITIONAL_REPRESENTATION('',(#3382),#3386);
#3382 = LINE('',#3383,#3384);
#3383 = CARTESIAN_POINT('',(4.712388980385,0.));
#3384 = VECTOR('',#3385,1.);
#3385 = DIRECTION('',(0.,-1.));
#3386 = ( GEOMETRIC_REPRESENTATION_CONTEXT(2) 
PARAMETRIC_REPRESENTATION_CONTEXT() REPRESENTATION_CONTEXT('2D SPACE',''
  ) );
#3387 = ADVANCED_FACE('',(#3388),#844,.F.);
#3388 = FACE_BOUND('',#3389,.F.);
#3389 = EDGE_LOOP('',(#3390,#3391,#3392,#3393));
#3390 = ORIENTED_EDGE('',*,*,#823,.F.);
#3391 = ORIENTED_EDGE('',*,*,#3340,.T.);
#3392 = ORIENTED_EDGE('',*,*,#1900,.T.);
#3393 = ORIENTED_EDGE('',*,*,#3394,.F.);
#3394 = EDGE_CURVE('',#824,#1901,#3395,.T.);
#3395 = SURFACE_CURVE('',#3396,(#3400,#3407),.PCURVE_S1.);
#3396 = LINE('',#3397,#3398);
#3397 = CARTESIAN_POINT('',(-15.00000000492,9.1,-1.));
#3398 = VECTOR('',#3399,1.);
#3399 = DIRECTION('',(0.,0.,1.));
#3400 = PCURVE('',#844,#3401);
#3401 = DEFINITIONAL_REPRESENTATION('',(#3402),#3406);
#3402 = LINE('',#3403,#3404);
#3403 = CARTESIAN_POINT('',(3.14159265359,0.));
#3404 = VECTOR('',#3405,1.);
#3405 = DIRECTION('',(0.,-1.));
#3406 = ( GEOMETRIC_REPRESENTATION_CONTEXT(2) 
PARAMETRIC_REPRESENTATION_CONTEXT() REPRESENTATION_CONTEXT('2D SPACE',''
  ) );
#3407 = PCURVE('',#871,#3408);
#3408 = DEFINITIONAL_REPRESENTATION('',(#3409),#3413);
#3409 = LINE('',#3410,#3411);
#3410 = CARTESIAN_POINT('',(8.2,0.));
#3411 = VECTOR('',#3412,1.);
#3412 = DIRECTION('',(0.,-1.));
#3413 = ( GEOMETRIC_REPRESENTATION_CONTEXT(2) 
PARAMETRIC_REPRESENTATION_CONTEXT() REPRESENTATION_CONTEXT('2D SPACE',''
  ) );
#3414 = ADVANCED_FACE('',(#3415),#903,.F.);
#3415 = FACE_BOUND('',#3416,.F.);
#3416 = EDGE_LOOP('',(#3417,#3418,#3439,#3440));
#3417 = ORIENTED_EDGE('',*,*,#882,.F.);
#3418 = ORIENTED_EDGE('',*,*,#3419,.T.);
#3419 = EDGE_CURVE('',#857,#1929,#3420,.T.);
#3420 = SURFACE_CURVE('',#3421,(#3425,#3432),.PCURVE_S1.);
#3421 = LINE('',#3422,#3423);
#3422 = CARTESIAN_POINT('',(-15.00000000492,0.9,-1.));
#3423 = VECTOR('',#3424,1.);
#3424 = DIRECTION('',(0.,0.,1.));
#3425 = PCURVE('',#903,#3426);
#3426 = DEFINITIONAL_REPRESENTATION('',(#3427),#3431);
#3427 = LINE('',#3428,#3429);
#3428 = CARTESIAN_POINT('',(3.14159265359,0.));
#3429 = VECTOR('',#3430,1.);
#3430 = DIRECTION('',(0.,-1.));
#3431 = ( GEOMETRIC_REPRESENTATION_CONTEXT(2) 
PARAMETRIC_REPRESENTATION_CONTEXT() REPRESENTATION_CONTEXT('2D SPACE',''
  ) );
#3432 = PCURVE('',#871,#3433);
#3433 = DEFINITIONAL_REPRESENTATION('',(#3434),#3438);
#3434 = LINE('',#3435,#3436);
#3435 = CARTESIAN_POINT('',(0.,0.));
#3436 = VECTOR('',#3437,1.);
#3437 = DIRECTION('',(0.,-1.));
#3438 = ( GEOMETRIC_REPRESENTATION_CONTEXT(2) 
PARAMETRIC_REPRESENTATION_CONTEXT() REPRESENTATION_CONTEXT('2D SPACE',''
  ) );
#3439 = ORIENTED_EDGE('',*,*,#1949,.T.);
#3440 = ORIENTED_EDGE('',*,*,#3367,.F.);
#3441 = ADVANCED_FACE('',(#3442),#871,.T.);
#3442 = FACE_BOUND('',#3443,.T.);
#3443 = EDGE_LOOP('',(#3444,#3445,#3446,#3447));
#3444 = ORIENTED_EDGE('',*,*,#856,.T.);
#3445 = ORIENTED_EDGE('',*,*,#3419,.T.);
#3446 = ORIENTED_EDGE('',*,*,#1928,.F.);
#3447 = ORIENTED_EDGE('',*,*,#3394,.F.);
#3448 = ADVANCED_FACE('',(#3449),#991,.F.);
#3449 = FACE_BOUND('',#3450,.F.);
#3450 = EDGE_LOOP('',(#3451,#3452,#3473,#3474));
#3451 = ORIENTED_EDGE('',*,*,#974,.T.);
#3452 = ORIENTED_EDGE('',*,*,#3453,.T.);
#3453 = EDGE_CURVE('',#977,#2521,#3454,.T.);
#3454 = SURFACE_CURVE('',#3455,(#3459,#3466),.PCURVE_S1.);
#3455 = LINE('',#3456,#3457);
#3456 = CARTESIAN_POINT('',(15.,0.9,-1.));
#3457 = VECTOR('',#3458,1.);
#3458 = DIRECTION('',(0.,0.,1.));
#3459 = PCURVE('',#991,#3460);
#3460 = DEFINITIONAL_REPRESENTATION('',(#3461),#3465);
#3461 = LINE('',#3462,#3463);
#3462 = CARTESIAN_POINT('',(0.,0.));
#3463 = VECTOR('',#3464,1.);
#3464 = DIRECTION('',(0.,-1.));
#3465 = ( GEOMETRIC_REPRESENTATION_CONTEXT(2) 
PARAMETRIC_REPRESENTATION_CONTEXT() REPRESENTATION_CONTEXT('2D SPACE',''
  ) );
#3466 = PCURVE('',#1198,#3467);
#3467 = DEFINITIONAL_REPRESENTATION('',(#3468),#3472);
#3468 = LINE('',#3469,#3470);
#3469 = CARTESIAN_POINT('',(6.28318530718,0.));
#3470 = VECTOR('',#3471,1.);
#3471 = DIRECTION('',(0.,-1.));
#3472 = ( GEOMETRIC_REPRESENTATION_CONTEXT(2) 
PARAMETRIC_REPRESENTATION_CONTEXT() REPRESENTATION_CONTEXT('2D SPACE',''
  ) );
#3473 = ORIENTED_EDGE('',*,*,#2518,.F.);
#3474 = ORIENTED_EDGE('',*,*,#3475,.F.);
#3475 = EDGE_CURVE('',#975,#2519,#3476,.T.);
#3476 = SURFACE_CURVE('',#3477,(#3481,#3488),.PCURVE_S1.);
#3477 = LINE('',#3478,#3479);
#3478 = CARTESIAN_POINT('',(15.,9.1,-1.));
#3479 = VECTOR('',#3480,1.);
#3480 = DIRECTION('',(0.,0.,1.));
#3481 = PCURVE('',#991,#3482);
#3482 = DEFINITIONAL_REPRESENTATION('',(#3483),#3487);
#3483 = LINE('',#3484,#3485);
#3484 = CARTESIAN_POINT('',(8.2,0.));
#3485 = VECTOR('',#3486,1.);
#3486 = DIRECTION('',(0.,-1.));
#3487 = ( GEOMETRIC_REPRESENTATION_CONTEXT(2) 
PARAMETRIC_REPRESENTATION_CONTEXT() REPRESENTATION_CONTEXT('2D SPACE',''
  ) );
#3488 = PCURVE('',#1023,#3489);
#3489 = DEFINITIONAL_REPRESENTATION('',(#3490),#3494);
#3490 = LINE('',#3491,#3492);
#3491 = CARTESIAN_POINT('',(0.,0.));
#3492 = VECTOR('',#3493,1.);
#3493 = DIRECTION('',(0.,-1.));
#3494 = ( GEOMETRIC_REPRESENTATION_CONTEXT(2) 
PARAMETRIC_REPRESENTATION_CONTEXT() REPRESENTATION_CONTEXT('2D SPACE',''
  ) );
#3495 = ADVANCED_FACE('',(#3496),#1198,.F.);
#3496 = FACE_BOUND('',#3497,.F.);
#3497 = EDGE_LOOP('',(#3498,#3499,#3520,#3521));
#3498 = ORIENTED_EDGE('',*,*,#1179,.F.);
#3499 = ORIENTED_EDGE('',*,*,#3500,.T.);
#3500 = EDGE_CURVE('',#1154,#2668,#3501,.T.);
#3501 = SURFACE_CURVE('',#3502,(#3506,#3513),.PCURVE_S1.);
#3502 = LINE('',#3503,#3504);
#3503 = CARTESIAN_POINT('',(15.899999998958,0.,-1.));
#3504 = VECTOR('',#3505,1.);
#3505 = DIRECTION('',(0.,0.,1.));
#3506 = PCURVE('',#1198,#3507);
#3507 = DEFINITIONAL_REPRESENTATION('',(#3508),#3512);
#3508 = LINE('',#3509,#3510);
#3509 = CARTESIAN_POINT('',(4.712388980385,0.));
#3510 = VECTOR('',#3511,1.);
#3511 = DIRECTION('',(0.,-1.));
#3512 = ( GEOMETRIC_REPRESENTATION_CONTEXT(2) 
PARAMETRIC_REPRESENTATION_CONTEXT() REPRESENTATION_CONTEXT('2D SPACE',''
  ) );
#3513 = PCURVE('',#1168,#3514);
#3514 = DEFINITIONAL_REPRESENTATION('',(#3515),#3519);
#3515 = LINE('',#3516,#3517);
#3516 = CARTESIAN_POINT('',(1.665334536938E-16,0.));
#3517 = VECTOR('',#3518,1.);
#3518 = DIRECTION('',(0.,-1.));
#3519 = ( GEOMETRIC_REPRESENTATION_CONTEXT(2) 
PARAMETRIC_REPRESENTATION_CONTEXT() REPRESENTATION_CONTEXT('2D SPACE',''
  ) );
#3520 = ORIENTED_EDGE('',*,*,#2688,.T.);
#3521 = ORIENTED_EDGE('',*,*,#3453,.F.);
#3522 = ADVANCED_FACE('',(#3523),#1168,.T.);
#3523 = FACE_BOUND('',#3524,.T.);
#3524 = EDGE_LOOP('',(#3525,#3526,#3527,#3528));
#3525 = ORIENTED_EDGE('',*,*,#1153,.T.);
#3526 = ORIENTED_EDGE('',*,*,#3500,.T.);
#3527 = ORIENTED_EDGE('',*,*,#2667,.F.);
#3528 = ORIENTED_EDGE('',*,*,#3529,.F.);
#3529 = EDGE_CURVE('',#1121,#2640,#3530,.T.);
#3530 = SURFACE_CURVE('',#3531,(#3535,#3542),.PCURVE_S1.);
#3531 = LINE('',#3532,#3533);
#3532 = CARTESIAN_POINT('',(16.099999989112,0.,-1.));
#3533 = VECTOR('',#3534,1.);
#3534 = DIRECTION('',(0.,0.,1.));
#3535 = PCURVE('',#1168,#3536);
#3536 = DEFINITIONAL_REPRESENTATION('',(#3537),#3541);
#3537 = LINE('',#3538,#3539);
#3538 = CARTESIAN_POINT('',(0.199999990154,0.));
#3539 = VECTOR('',#3540,1.);
#3540 = DIRECTION('',(0.,-1.));
#3541 = ( GEOMETRIC_REPRESENTATION_CONTEXT(2) 
PARAMETRIC_REPRESENTATION_CONTEXT() REPRESENTATION_CONTEXT('2D SPACE',''
  ) );
#3542 = PCURVE('',#1141,#3543);
#3543 = DEFINITIONAL_REPRESENTATION('',(#3544),#3548);
#3544 = LINE('',#3545,#3546);
#3545 = CARTESIAN_POINT('',(4.712388980385,0.));
#3546 = VECTOR('',#3547,1.);
#3547 = DIRECTION('',(0.,-1.));
#3548 = ( GEOMETRIC_REPRESENTATION_CONTEXT(2) 
PARAMETRIC_REPRESENTATION_CONTEXT() REPRESENTATION_CONTEXT('2D SPACE',''
  ) );
#3549 = ADVANCED_FACE('',(#3550),#1141,.F.);
#3550 = FACE_BOUND('',#3551,.F.);
#3551 = EDGE_LOOP('',(#3552,#3553,#3574,#3575));
#3552 = ORIENTED_EDGE('',*,*,#1120,.F.);
#3553 = ORIENTED_EDGE('',*,*,#3554,.T.);
#3554 = EDGE_CURVE('',#1095,#2619,#3555,.T.);
#3555 = SURFACE_CURVE('',#3556,(#3560,#3567),.PCURVE_S1.);
#3556 = LINE('',#3557,#3558);
#3557 = CARTESIAN_POINT('',(16.999999995077,0.9,-1.));
#3558 = VECTOR('',#3559,1.);
#3559 = DIRECTION('',(0.,0.,1.));
#3560 = PCURVE('',#1141,#3561);
#3561 = DEFINITIONAL_REPRESENTATION('',(#3562),#3566);
#3562 = LINE('',#3563,#3564);
#3563 = CARTESIAN_POINT('',(3.14159265359,0.));
#3564 = VECTOR('',#3565,1.);
#3565 = DIRECTION('',(0.,-1.));
#3566 = ( GEOMETRIC_REPRESENTATION_CONTEXT(2) 
PARAMETRIC_REPRESENTATION_CONTEXT() REPRESENTATION_CONTEXT('2D SPACE',''
  ) );
#3567 = PCURVE('',#1109,#3568);
#3568 = DEFINITIONAL_REPRESENTATION('',(#3569),#3573);
#3569 = LINE('',#3570,#3571);
#3570 = CARTESIAN_POINT('',(0.,0.));
#3571 = VECTOR('',#3572,1.);
#3572 = DIRECTION('',(0.,-1.));
#3573 = ( GEOMETRIC_REPRESENTATION_CONTEXT(2) 
PARAMETRIC_REPRESENTATION_CONTEXT() REPRESENTATION_CONTEXT('2D SPACE',''
  ) );
#3574 = ORIENTED_EDGE('',*,*,#2639,.T.);
#3575 = ORIENTED_EDGE('',*,*,#3529,.F.);
#3576 = ADVANCED_FACE('',(#3577),#1109,.T.);
#3577 = FACE_BOUND('',#3578,.T.);
#3578 = EDGE_LOOP('',(#3579,#3580,#3581,#3582));
#3579 = ORIENTED_EDGE('',*,*,#1094,.T.);
#3580 = ORIENTED_EDGE('',*,*,#3554,.T.);
#3581 = ORIENTED_EDGE('',*,*,#2618,.F.);
#3582 = ORIENTED_EDGE('',*,*,#3583,.F.);
#3583 = EDGE_CURVE('',#1062,#2591,#3584,.T.);
#3584 = SURFACE_CURVE('',#3585,(#3589,#3596),.PCURVE_S1.);
#3585 = LINE('',#3586,#3587);
#3586 = CARTESIAN_POINT('',(16.999999995077,9.1,-1.));
#3587 = VECTOR('',#3588,1.);
#3588 = DIRECTION('',(0.,0.,1.));
#3589 = PCURVE('',#1109,#3590);
#3590 = DEFINITIONAL_REPRESENTATION('',(#3591),#3595);
#3591 = LINE('',#3592,#3593);
#3592 = CARTESIAN_POINT('',(8.2,0.));
#3593 = VECTOR('',#3594,1.);
#3594 = DIRECTION('',(0.,-1.));
#3595 = ( GEOMETRIC_REPRESENTATION_CONTEXT(2) 
PARAMETRIC_REPRESENTATION_CONTEXT() REPRESENTATION_CONTEXT('2D SPACE',''
  ) );
#3596 = PCURVE('',#1082,#3597);
#3597 = DEFINITIONAL_REPRESENTATION('',(#3598),#3602);
#3598 = LINE('',#3599,#3600);
#3599 = CARTESIAN_POINT('',(3.14159265359,0.));
#3600 = VECTOR('',#3601,1.);
#3601 = DIRECTION('',(0.,-1.));
#3602 = ( GEOMETRIC_REPRESENTATION_CONTEXT(2) 
PARAMETRIC_REPRESENTATION_CONTEXT() REPRESENTATION_CONTEXT('2D SPACE',''
  ) );
#3603 = ADVANCED_FACE('',(#3604),#1082,.F.);
#3604 = FACE_BOUND('',#3605,.F.);
#3605 = EDGE_LOOP('',(#3606,#3607,#3628,#3629));
#3606 = ORIENTED_EDGE('',*,*,#1061,.F.);
#3607 = ORIENTED_EDGE('',*,*,#3608,.T.);
#3608 = EDGE_CURVE('',#1036,#2570,#3609,.T.);
#3609 = SURFACE_CURVE('',#3610,(#3614,#3621),.PCURVE_S1.);
#3610 = LINE('',#3611,#3612);
#3611 = CARTESIAN_POINT('',(16.099999989112,10.,-1.));
#3612 = VECTOR('',#3613,1.);
#3613 = DIRECTION('',(0.,0.,1.));
#3614 = PCURVE('',#1082,#3615);
#3615 = DEFINITIONAL_REPRESENTATION('',(#3616),#3620);
#3616 = LINE('',#3617,#3618);
#3617 = CARTESIAN_POINT('',(1.570796326795,0.));
#3618 = VECTOR('',#3619,1.);
#3619 = DIRECTION('',(0.,-1.));
#3620 = ( GEOMETRIC_REPRESENTATION_CONTEXT(2) 
PARAMETRIC_REPRESENTATION_CONTEXT() REPRESENTATION_CONTEXT('2D SPACE',''
  ) );
#3621 = PCURVE('',#1050,#3622);
#3622 = DEFINITIONAL_REPRESENTATION('',(#3623),#3627);
#3623 = LINE('',#3624,#3625);
#3624 = CARTESIAN_POINT('',(0.199999990154,0.));
#3625 = VECTOR('',#3626,1.);
#3626 = DIRECTION('',(0.,-1.));
#3627 = ( GEOMETRIC_REPRESENTATION_CONTEXT(2) 
PARAMETRIC_REPRESENTATION_CONTEXT() REPRESENTATION_CONTEXT('2D SPACE',''
  ) );
#3628 = ORIENTED_EDGE('',*,*,#2590,.T.);
#3629 = ORIENTED_EDGE('',*,*,#3583,.F.);
#3630 = ADVANCED_FACE('',(#3631),#1050,.F.);
#3631 = FACE_BOUND('',#3632,.F.);
#3632 = EDGE_LOOP('',(#3633,#3634,#3655,#3656));
#3633 = ORIENTED_EDGE('',*,*,#1035,.T.);
#3634 = ORIENTED_EDGE('',*,*,#3635,.T.);
#3635 = EDGE_CURVE('',#1003,#2542,#3636,.T.);
#3636 = SURFACE_CURVE('',#3637,(#3641,#3648),.PCURVE_S1.);
#3637 = LINE('',#3638,#3639);
#3638 = CARTESIAN_POINT('',(15.899999998958,10.,-1.));
#3639 = VECTOR('',#3640,1.);
#3640 = DIRECTION('',(0.,0.,1.));
#3641 = PCURVE('',#1050,#3642);
#3642 = DEFINITIONAL_REPRESENTATION('',(#3643),#3647);
#3643 = LINE('',#3644,#3645);
#3644 = CARTESIAN_POINT('',(-5.551115123126E-17,0.));
#3645 = VECTOR('',#3646,1.);
#3646 = DIRECTION('',(0.,-1.));
#3647 = ( GEOMETRIC_REPRESENTATION_CONTEXT(2) 
PARAMETRIC_REPRESENTATION_CONTEXT() REPRESENTATION_CONTEXT('2D SPACE',''
  ) );
#3648 = PCURVE('',#1023,#3649);
#3649 = DEFINITIONAL_REPRESENTATION('',(#3650),#3654);
#3650 = LINE('',#3651,#3652);
#3651 = CARTESIAN_POINT('',(1.570796326795,0.));
#3652 = VECTOR('',#3653,1.);
#3653 = DIRECTION('',(0.,-1.));
#3654 = ( GEOMETRIC_REPRESENTATION_CONTEXT(2) 
PARAMETRIC_REPRESENTATION_CONTEXT() REPRESENTATION_CONTEXT('2D SPACE',''
  ) );
#3655 = ORIENTED_EDGE('',*,*,#2569,.F.);
#3656 = ORIENTED_EDGE('',*,*,#3608,.F.);
#3657 = ADVANCED_FACE('',(#3658),#1023,.F.);
#3658 = FACE_BOUND('',#3659,.F.);
#3659 = EDGE_LOOP('',(#3660,#3661,#3662,#3663));
#3660 = ORIENTED_EDGE('',*,*,#1002,.F.);
#3661 = ORIENTED_EDGE('',*,*,#3475,.T.);
#3662 = ORIENTED_EDGE('',*,*,#2541,.T.);
#3663 = ORIENTED_EDGE('',*,*,#3635,.F.);
#3664 = ADVANCED_FACE('',(#3665),#1309,.T.);
#3665 = FACE_BOUND('',#3666,.T.);
#3666 = EDGE_LOOP('',(#3667,#3668,#3669,#3697));
#3667 = ORIENTED_EDGE('',*,*,#1288,.F.);
#3668 = ORIENTED_EDGE('',*,*,#2828,.F.);
#3669 = ORIENTED_EDGE('',*,*,#3670,.T.);
#3670 = EDGE_CURVE('',#2829,#3671,#3673,.T.);
#3671 = VERTEX_POINT('',#3672);
#3672 = CARTESIAN_POINT('',(-15.75125027486,-17.81124966406,4.5));
#3673 = SURFACE_CURVE('',#3674,(#3679,#3686),.PCURVE_S1.);
#3674 = CIRCLE('',#3675,14.7);
#3675 = AXIS2_PLACEMENT_3D('',#3676,#3677,#3678);
#3676 = CARTESIAN_POINT('',(-7.,-6.,4.5));
#3677 = DIRECTION('',(0.,0.,-1.));
#3678 = DIRECTION('',(-1.,0.,0.));
#3679 = PCURVE('',#1309,#3680);
#3680 = DEFINITIONAL_REPRESENTATION('',(#3681),#3685);
#3681 = LINE('',#3682,#3683);
#3682 = CARTESIAN_POINT('',(0.,-2.5));
#3683 = VECTOR('',#3684,1.);
#3684 = DIRECTION('',(1.,0.));
#3685 = ( GEOMETRIC_REPRESENTATION_CONTEXT(2) 
PARAMETRIC_REPRESENTATION_CONTEXT() REPRESENTATION_CONTEXT('2D SPACE',''
  ) );
#3686 = PCURVE('',#2864,#3687);
#3687 = DEFINITIONAL_REPRESENTATION('',(#3688),#3696);
#3688 = ( BOUNDED_CURVE() B_SPLINE_CURVE(2,(#3689,#3690,#3691,#3692,
#3693,#3694,#3695),.UNSPECIFIED.,.T.,.F.) B_SPLINE_CURVE_WITH_KNOTS((1,2
    ,2,2,2,1),(-2.094395102393,0.,2.094395102393,4.188790204786,
6.28318530718,8.377580409573),.UNSPECIFIED.) CURVE() 
GEOMETRIC_REPRESENTATION_ITEM() RATIONAL_B_SPLINE_CURVE((1.,0.5,1.,0.5,
1.,0.5,1.)) REPRESENTATION_ITEM('') );
#3689 = CARTESIAN_POINT('',(-21.69999999461,-6.000000003024));
#3690 = CARTESIAN_POINT('',(-21.69999999461,19.461146868239));
#3691 = CARTESIAN_POINT('',(0.350000005388,6.730573432608));
#3692 = CARTESIAN_POINT('',(22.400000005388,-6.000000003024));
#3693 = CARTESIAN_POINT('',(0.350000005388,-18.73057343865));
#3694 = CARTESIAN_POINT('',(-21.69999999461,-31.46114687428));
#3695 = CARTESIAN_POINT('',(-21.69999999461,-6.000000003024));
#3696 = ( GEOMETRIC_REPRESENTATION_CONTEXT(2) 
PARAMETRIC_REPRESENTATION_CONTEXT() REPRESENTATION_CONTEXT('2D SPACE',''
  ) );
#3697 = ORIENTED_EDGE('',*,*,#3698,.T.);
#3698 = EDGE_CURVE('',#3671,#1289,#3699,.T.);
#3699 = SURFACE_CURVE('',#3700,(#3704,#3710),.PCURVE_S1.);
#3700 = LINE('',#3701,#3702);
#3701 = CARTESIAN_POINT('',(-15.75125027486,-17.81124966406,2.));
#3702 = VECTOR('',#3703,1.);
#3703 = DIRECTION('',(0.,0.,-1.));
#3704 = PCURVE('',#1309,#3705);
#3705 = DEFINITIONAL_REPRESENTATION('',(#3706),#3709);
#3706 = B_SPLINE_CURVE_WITH_KNOTS('',1,(#3707,#3708),.UNSPECIFIED.,.F.,
  .F.,(2,2),(-2.5000006,5.999999999062E-07),.PIECEWISE_BEZIER_KNOTS.);
#3707 = CARTESIAN_POINT('',(5.350056751432,-2.5000006));
#3708 = CARTESIAN_POINT('',(5.350056751432,5.999999999062E-07));
#3709 = ( GEOMETRIC_REPRESENTATION_CONTEXT(2) 
PARAMETRIC_REPRESENTATION_CONTEXT() REPRESENTATION_CONTEXT('2D SPACE',''
  ) );
#3710 = PCURVE('',#1338,#3711);
#3711 = DEFINITIONAL_REPRESENTATION('',(#3712),#3715);
#3712 = B_SPLINE_CURVE_WITH_KNOTS('',1,(#3713,#3714),.UNSPECIFIED.,.F.,
  .F.,(2,2),(-2.5000006,5.999999999062E-07),.PIECEWISE_BEZIER_KNOTS.);
#3713 = CARTESIAN_POINT('',(5.387075694283,2.5000006));
#3714 = CARTESIAN_POINT('',(5.387075694283,-5.999999999062E-07));
#3715 = ( GEOMETRIC_REPRESENTATION_CONTEXT(2) 
PARAMETRIC_REPRESENTATION_CONTEXT() REPRESENTATION_CONTEXT('2D SPACE',''
  ) );
#3716 = ADVANCED_FACE('',(#3717),#1338,.F.);
#3717 = FACE_BOUND('',#3718,.F.);
#3718 = EDGE_LOOP('',(#3719,#3720,#3741,#3763));
#3719 = ORIENTED_EDGE('',*,*,#1321,.T.);
#3720 = ORIENTED_EDGE('',*,*,#3721,.F.);
#3721 = EDGE_CURVE('',#3722,#1322,#3724,.T.);
#3722 = VERTEX_POINT('',#3723);
#3723 = CARTESIAN_POINT('',(-14.79988827114,-16.64902544638,4.5));
#3724 = SURFACE_CURVE('',#3725,(#3729,#3735),.PCURVE_S1.);
#3725 = LINE('',#3726,#3727);
#3726 = CARTESIAN_POINT('',(-14.79988827114,-16.64902544638,2.));
#3727 = VECTOR('',#3728,1.);
#3728 = DIRECTION('',(0.,0.,-1.));
#3729 = PCURVE('',#1338,#3730);
#3730 = DEFINITIONAL_REPRESENTATION('',(#3731),#3734);
#3731 = B_SPLINE_CURVE_WITH_KNOTS('',1,(#3732,#3733),.UNSPECIFIED.,.F.,
  .F.,(2,2),(-2.5000006,5.999999999062E-07),.PIECEWISE_BEZIER_KNOTS.);
#3732 = CARTESIAN_POINT('',(5.807370807544,2.5000006));
#3733 = CARTESIAN_POINT('',(5.807370807544,-5.999999999062E-07));
#3734 = ( GEOMETRIC_REPRESENTATION_CONTEXT(2) 
PARAMETRIC_REPRESENTATION_CONTEXT() REPRESENTATION_CONTEXT('2D SPACE',''
  ) );
#3735 = PCURVE('',#1371,#3736);
#3736 = DEFINITIONAL_REPRESENTATION('',(#3737),#3740);
#3737 = B_SPLINE_CURVE_WITH_KNOTS('',1,(#3738,#3739),.UNSPECIFIED.,.F.,
  .F.,(2,2),(-2.5000006,5.999999999062E-07),.PIECEWISE_BEZIER_KNOTS.);
#3738 = CARTESIAN_POINT('',(5.344563737092,-2.5000006));
#3739 = CARTESIAN_POINT('',(5.344563737092,5.999999999062E-07));
#3740 = ( GEOMETRIC_REPRESENTATION_CONTEXT(2) 
PARAMETRIC_REPRESENTATION_CONTEXT() REPRESENTATION_CONTEXT('2D SPACE',''
  ) );
#3741 = ORIENTED_EDGE('',*,*,#3742,.F.);
#3742 = EDGE_CURVE('',#3671,#3722,#3743,.T.);
#3743 = SURFACE_CURVE('',#3744,(#3749,#3756),.PCURVE_S1.);
#3744 = CIRCLE('',#3745,3.6);
#3745 = AXIS2_PLACEMENT_3D('',#3746,#3747,#3748);
#3746 = CARTESIAN_POINT('',(-18.,-15.,4.5));
#3747 = DIRECTION('',(0.,0.,1.));
#3748 = DIRECTION('',(1.,0.,-0.));
#3749 = PCURVE('',#1338,#3750);
#3750 = DEFINITIONAL_REPRESENTATION('',(#3751),#3755);
#3751 = LINE('',#3752,#3753);
#3752 = CARTESIAN_POINT('',(0.,2.5));
#3753 = VECTOR('',#3754,1.);
#3754 = DIRECTION('',(1.,0.));
#3755 = ( GEOMETRIC_REPRESENTATION_CONTEXT(2) 
PARAMETRIC_REPRESENTATION_CONTEXT() REPRESENTATION_CONTEXT('2D SPACE',''
  ) );
#3756 = PCURVE('',#2864,#3757);
#3757 = DEFINITIONAL_REPRESENTATION('',(#3758),#3762);
#3758 = CIRCLE('',#3759,3.6);
#3759 = AXIS2_PLACEMENT_2D('',#3760,#3761);
#3760 = CARTESIAN_POINT('',(-17.99999999461,-15.00000000302));
#3761 = DIRECTION('',(1.,0.));
#3762 = ( GEOMETRIC_REPRESENTATION_CONTEXT(2) 
PARAMETRIC_REPRESENTATION_CONTEXT() REPRESENTATION_CONTEXT('2D SPACE',''
  ) );
#3763 = ORIENTED_EDGE('',*,*,#3698,.T.);
#3764 = ADVANCED_FACE('',(#3765),#1371,.F.);
#3765 = FACE_BOUND('',#3766,.F.);
#3766 = EDGE_LOOP('',(#3767,#3768,#3769,#3795));
#3767 = ORIENTED_EDGE('',*,*,#1350,.F.);
#3768 = ORIENTED_EDGE('',*,*,#2875,.F.);
#3769 = ORIENTED_EDGE('',*,*,#3770,.T.);
#3770 = EDGE_CURVE('',#2850,#3722,#3771,.T.);
#3771 = SURFACE_CURVE('',#3772,(#3777,#3784),.PCURVE_S1.);
#3772 = CIRCLE('',#3773,13.2);
#3773 = AXIS2_PLACEMENT_3D('',#3774,#3775,#3776);
#3774 = CARTESIAN_POINT('',(-7.,-6.,4.5));
#3775 = DIRECTION('',(0.,0.,-1.));
#3776 = DIRECTION('',(-1.,0.,0.));
#3777 = PCURVE('',#1371,#3778);
#3778 = DEFINITIONAL_REPRESENTATION('',(#3779),#3783);
#3779 = LINE('',#3780,#3781);
#3780 = CARTESIAN_POINT('',(0.,-2.5));
#3781 = VECTOR('',#3782,1.);
#3782 = DIRECTION('',(1.,0.));
#3783 = ( GEOMETRIC_REPRESENTATION_CONTEXT(2) 
PARAMETRIC_REPRESENTATION_CONTEXT() REPRESENTATION_CONTEXT('2D SPACE',''
  ) );
#3784 = PCURVE('',#2864,#3785);
#3785 = DEFINITIONAL_REPRESENTATION('',(#3786),#3794);
#3786 = ( BOUNDED_CURVE() B_SPLINE_CURVE(2,(#3787,#3788,#3789,#3790,
#3791,#3792,#3793),.UNSPECIFIED.,.T.,.F.) B_SPLINE_CURVE_WITH_KNOTS((1,2
    ,2,2,2,1),(-2.094395102393,0.,2.094395102393,4.188790204786,
6.28318530718,8.377580409573),.UNSPECIFIED.) CURVE() 
GEOMETRIC_REPRESENTATION_ITEM() RATIONAL_B_SPLINE_CURVE((1.,0.5,1.,0.5,
1.,0.5,1.)) REPRESENTATION_ITEM('') );
#3787 = CARTESIAN_POINT('',(-20.19999999461,-6.000000003024));
#3788 = CARTESIAN_POINT('',(-20.19999999461,16.863070656886));
#3789 = CARTESIAN_POINT('',(-0.399999994612,5.431535326931));
#3790 = CARTESIAN_POINT('',(19.400000005388,-6.000000003024));
#3791 = CARTESIAN_POINT('',(-0.399999994612,-17.43153533297));
#3792 = CARTESIAN_POINT('',(-20.19999999461,-28.86307066293));
#3793 = CARTESIAN_POINT('',(-20.19999999461,-6.000000003024));
#3794 = ( GEOMETRIC_REPRESENTATION_CONTEXT(2) 
PARAMETRIC_REPRESENTATION_CONTEXT() REPRESENTATION_CONTEXT('2D SPACE',''
  ) );
#3795 = ORIENTED_EDGE('',*,*,#3721,.T.);
#3796 = ADVANCED_FACE('',(#3797),#1588,.T.);
#3797 = FACE_BOUND('',#3798,.T.);
#3798 = EDGE_LOOP('',(#3799,#3800,#3821,#3847));
#3799 = ORIENTED_EDGE('',*,*,#1567,.F.);
#3800 = ORIENTED_EDGE('',*,*,#3801,.F.);
#3801 = EDGE_CURVE('',#3802,#1539,#3804,.T.);
#3802 = VERTEX_POINT('',#3803);
#3803 = CARTESIAN_POINT('',(15.751250262412,-17.8112496541,4.5));
#3804 = SURFACE_CURVE('',#3805,(#3809,#3815),.PCURVE_S1.);
#3805 = LINE('',#3806,#3807);
#3806 = CARTESIAN_POINT('',(15.751250262412,-17.8112496541,2.));
#3807 = VECTOR('',#3808,1.);
#3808 = DIRECTION('',(0.,0.,-1.));
#3809 = PCURVE('',#1588,#3810);
#3810 = DEFINITIONAL_REPRESENTATION('',(#3811),#3814);
#3811 = B_SPLINE_CURVE_WITH_KNOTS('',1,(#3812,#3813),.UNSPECIFIED.,.F.,
  .F.,(2,2),(-2.5000006,5.999999999062E-07),.PIECEWISE_BEZIER_KNOTS.);
#3812 = CARTESIAN_POINT('',(4.074721208199,-2.5000006));
#3813 = CARTESIAN_POINT('',(4.074721208199,5.999999999062E-07));
#3814 = ( GEOMETRIC_REPRESENTATION_CONTEXT(2) 
PARAMETRIC_REPRESENTATION_CONTEXT() REPRESENTATION_CONTEXT('2D SPACE',''
  ) );
#3815 = PCURVE('',#1555,#3816);
#3816 = DEFINITIONAL_REPRESENTATION('',(#3817),#3820);
#3817 = B_SPLINE_CURVE_WITH_KNOTS('',1,(#3818,#3819),.UNSPECIFIED.,.F.,
  .F.,(2,2),(-2.5000006,5.999999999062E-07),.PIECEWISE_BEZIER_KNOTS.);
#3818 = CARTESIAN_POINT('',(4.037702262059,2.5000006));
#3819 = CARTESIAN_POINT('',(4.037702262059,-5.999999999062E-07));
#3820 = ( GEOMETRIC_REPRESENTATION_CONTEXT(2) 
PARAMETRIC_REPRESENTATION_CONTEXT() REPRESENTATION_CONTEXT('2D SPACE',''
  ) );
#3821 = ORIENTED_EDGE('',*,*,#3822,.T.);
#3822 = EDGE_CURVE('',#3802,#3112,#3823,.T.);
#3823 = SURFACE_CURVE('',#3824,(#3829,#3836),.PCURVE_S1.);
#3824 = CIRCLE('',#3825,14.7);
#3825 = AXIS2_PLACEMENT_3D('',#3826,#3827,#3828);
#3826 = CARTESIAN_POINT('',(6.999999974113,-6.,4.5));
#3827 = DIRECTION('',(0.,0.,-1.));
#3828 = DIRECTION('',(-1.,0.,0.));
#3829 = PCURVE('',#1588,#3830);
#3830 = DEFINITIONAL_REPRESENTATION('',(#3831),#3835);
#3831 = LINE('',#3832,#3833);
#3832 = CARTESIAN_POINT('',(0.,-2.5));
#3833 = VECTOR('',#3834,1.);
#3834 = DIRECTION('',(1.,0.));
#3835 = ( GEOMETRIC_REPRESENTATION_CONTEXT(2) 
PARAMETRIC_REPRESENTATION_CONTEXT() REPRESENTATION_CONTEXT('2D SPACE',''
  ) );
#3836 = PCURVE('',#3147,#3837);
#3837 = DEFINITIONAL_REPRESENTATION('',(#3838),#3846);
#3838 = ( BOUNDED_CURVE() B_SPLINE_CURVE(2,(#3839,#3840,#3841,#3842,
#3843,#3844,#3845),.UNSPECIFIED.,.T.,.F.) B_SPLINE_CURVE_WITH_KNOTS((1,2
    ,2,2,2,1),(-2.094395102393,0.,2.094395102393,4.188790204786,
6.28318530718,8.377580409573),.UNSPECIFIED.) CURVE() 
GEOMETRIC_REPRESENTATION_ITEM() RATIONAL_B_SPLINE_CURVE((1.,0.5,1.,0.5,
1.,0.5,1.)) REPRESENTATION_ITEM('') );
#3839 = CARTESIAN_POINT('',(-7.700000020499,-6.000000003024));
#3840 = CARTESIAN_POINT('',(-7.700000020499,19.461146868239));
#3841 = CARTESIAN_POINT('',(14.349999979501,6.730573432608));
#3842 = CARTESIAN_POINT('',(36.399999979501,-6.000000003024));
#3843 = CARTESIAN_POINT('',(14.349999979501,-18.73057343865));
#3844 = CARTESIAN_POINT('',(-7.700000020499,-31.46114687428));
#3845 = CARTESIAN_POINT('',(-7.700000020499,-6.000000003024));
#3846 = ( GEOMETRIC_REPRESENTATION_CONTEXT(2) 
PARAMETRIC_REPRESENTATION_CONTEXT() REPRESENTATION_CONTEXT('2D SPACE',''
  ) );
#3847 = ORIENTED_EDGE('',*,*,#3111,.T.);
#3848 = ADVANCED_FACE('',(#3849),#1555,.F.);
#3849 = FACE_BOUND('',#3850,.F.);
#3850 = EDGE_LOOP('',(#3851,#3852,#3853,#3877));
#3851 = ORIENTED_EDGE('',*,*,#1538,.T.);
#3852 = ORIENTED_EDGE('',*,*,#3801,.F.);
#3853 = ORIENTED_EDGE('',*,*,#3854,.F.);
#3854 = EDGE_CURVE('',#3855,#3802,#3857,.T.);
#3855 = VERTEX_POINT('',#3856);
#3856 = CARTESIAN_POINT('',(14.799888271141,-16.64902544638,4.5));
#3857 = SURFACE_CURVE('',#3858,(#3863,#3870),.PCURVE_S1.);
#3858 = CIRCLE('',#3859,3.6);
#3859 = AXIS2_PLACEMENT_3D('',#3860,#3861,#3862);
#3860 = CARTESIAN_POINT('',(18.,-15.,4.5));
#3861 = DIRECTION('',(0.,0.,1.));
#3862 = DIRECTION('',(1.,0.,-0.));
#3863 = PCURVE('',#1555,#3864);
#3864 = DEFINITIONAL_REPRESENTATION('',(#3865),#3869);
#3865 = LINE('',#3866,#3867);
#3866 = CARTESIAN_POINT('',(0.,2.5));
#3867 = VECTOR('',#3868,1.);
#3868 = DIRECTION('',(1.,0.));
#3869 = ( GEOMETRIC_REPRESENTATION_CONTEXT(2) 
PARAMETRIC_REPRESENTATION_CONTEXT() REPRESENTATION_CONTEXT('2D SPACE',''
  ) );
#3870 = PCURVE('',#3147,#3871);
#3871 = DEFINITIONAL_REPRESENTATION('',(#3872),#3876);
#3872 = CIRCLE('',#3873,3.6);
#3873 = AXIS2_PLACEMENT_2D('',#3874,#3875);
#3874 = CARTESIAN_POINT('',(18.000000005388,-15.00000000302));
#3875 = DIRECTION('',(1.,0.));
#3876 = ( GEOMETRIC_REPRESENTATION_CONTEXT(2) 
PARAMETRIC_REPRESENTATION_CONTEXT() REPRESENTATION_CONTEXT('2D SPACE',''
  ) );
#3877 = ORIENTED_EDGE('',*,*,#3878,.T.);
#3878 = EDGE_CURVE('',#3855,#1506,#3879,.T.);
#3879 = SURFACE_CURVE('',#3880,(#3884,#3890),.PCURVE_S1.);
#3880 = LINE('',#3881,#3882);
#3881 = CARTESIAN_POINT('',(14.799888271141,-16.64902544638,2.));
#3882 = VECTOR('',#3883,1.);
#3883 = DIRECTION('',(0.,0.,-1.));
#3884 = PCURVE('',#1555,#3885);
#3885 = DEFINITIONAL_REPRESENTATION('',(#3886),#3889);
#3886 = B_SPLINE_CURVE_WITH_KNOTS('',1,(#3887,#3888),.UNSPECIFIED.,.F.,
  .F.,(2,2),(-2.5000006,5.999999999062E-07),.PIECEWISE_BEZIER_KNOTS.);
#3887 = CARTESIAN_POINT('',(3.617407153226,2.5000006));
#3888 = CARTESIAN_POINT('',(3.617407153226,-5.999999999062E-07));
#3889 = ( GEOMETRIC_REPRESENTATION_CONTEXT(2) 
PARAMETRIC_REPRESENTATION_CONTEXT() REPRESENTATION_CONTEXT('2D SPACE',''
  ) );
#3890 = PCURVE('',#1526,#3891);
#3891 = DEFINITIONAL_REPRESENTATION('',(#3892),#3895);
#3892 = B_SPLINE_CURVE_WITH_KNOTS('',1,(#3893,#3894),.UNSPECIFIED.,.F.,
  .F.,(2,2),(-2.5000006,5.999999999062E-07),.PIECEWISE_BEZIER_KNOTS.);
#3893 = CARTESIAN_POINT('',(4.080214223677,-2.5000006));
#3894 = CARTESIAN_POINT('',(4.080214223677,5.999999999062E-07));
#3895 = ( GEOMETRIC_REPRESENTATION_CONTEXT(2) 
PARAMETRIC_REPRESENTATION_CONTEXT() REPRESENTATION_CONTEXT('2D SPACE',''
  ) );
#3896 = ADVANCED_FACE('',(#3897),#1526,.F.);
#3897 = FACE_BOUND('',#3898,.F.);
#3898 = EDGE_LOOP('',(#3899,#3900,#3901,#3927));
#3899 = ORIENTED_EDGE('',*,*,#1505,.F.);
#3900 = ORIENTED_EDGE('',*,*,#3878,.F.);
#3901 = ORIENTED_EDGE('',*,*,#3902,.T.);
#3902 = EDGE_CURVE('',#3855,#3133,#3903,.T.);
#3903 = SURFACE_CURVE('',#3904,(#3909,#3916),.PCURVE_S1.);
#3904 = CIRCLE('',#3905,13.2);
#3905 = AXIS2_PLACEMENT_3D('',#3906,#3907,#3908);
#3906 = CARTESIAN_POINT('',(7.,-6.,4.5));
#3907 = DIRECTION('',(0.,0.,-1.));
#3908 = DIRECTION('',(-1.,0.,0.));
#3909 = PCURVE('',#1526,#3910);
#3910 = DEFINITIONAL_REPRESENTATION('',(#3911),#3915);
#3911 = LINE('',#3912,#3913);
#3912 = CARTESIAN_POINT('',(0.,-2.5));
#3913 = VECTOR('',#3914,1.);
#3914 = DIRECTION('',(1.,0.));
#3915 = ( GEOMETRIC_REPRESENTATION_CONTEXT(2) 
PARAMETRIC_REPRESENTATION_CONTEXT() REPRESENTATION_CONTEXT('2D SPACE',''
  ) );
#3916 = PCURVE('',#3147,#3917);
#3917 = DEFINITIONAL_REPRESENTATION('',(#3918),#3926);
#3918 = ( BOUNDED_CURVE() B_SPLINE_CURVE(2,(#3919,#3920,#3921,#3922,
#3923,#3924,#3925),.UNSPECIFIED.,.T.,.F.) B_SPLINE_CURVE_WITH_KNOTS((1,2
    ,2,2,2,1),(-2.094395102393,0.,2.094395102393,4.188790204786,
6.28318530718,8.377580409573),.UNSPECIFIED.) CURVE() 
GEOMETRIC_REPRESENTATION_ITEM() RATIONAL_B_SPLINE_CURVE((1.,0.5,1.,0.5,
1.,0.5,1.)) REPRESENTATION_ITEM('') );
#3919 = CARTESIAN_POINT('',(-6.199999994612,-6.000000003024));
#3920 = CARTESIAN_POINT('',(-6.199999994612,16.863070656886));
#3921 = CARTESIAN_POINT('',(13.600000005388,5.431535326931));
#3922 = CARTESIAN_POINT('',(33.400000005388,-6.000000003024));
#3923 = CARTESIAN_POINT('',(13.600000005388,-17.43153533297));
#3924 = CARTESIAN_POINT('',(-6.199999994612,-28.86307066293));
#3925 = CARTESIAN_POINT('',(-6.199999994612,-6.000000003024));
#3926 = ( GEOMETRIC_REPRESENTATION_CONTEXT(2) 
PARAMETRIC_REPRESENTATION_CONTEXT() REPRESENTATION_CONTEXT('2D SPACE',''
  ) );
#3927 = ORIENTED_EDGE('',*,*,#3158,.T.);
#3928 = ADVANCED_FACE('',(#3929),#2049,.T.);
#3929 = FACE_BOUND('',#3930,.T.);
#3930 = EDGE_LOOP('',(#3931,#3932,#3955,#3988));
#3931 = ORIENTED_EDGE('',*,*,#2026,.F.);
#3932 = ORIENTED_EDGE('',*,*,#3933,.T.);
#3933 = EDGE_CURVE('',#2027,#3934,#3936,.T.);
#3934 = VERTEX_POINT('',#3935);
#3935 = CARTESIAN_POINT('',(21.699999987057,-6.,4.5));
#3936 = SURFACE_CURVE('',#3937,(#3941,#3948),.PCURVE_S1.);
#3937 = LINE('',#3938,#3939);
#3938 = CARTESIAN_POINT('',(21.699999987057,-6.,2.));
#3939 = VECTOR('',#3940,1.);
#3940 = DIRECTION('',(0.,0.,1.));
#3941 = PCURVE('',#2049,#3942);
#3942 = DEFINITIONAL_REPRESENTATION('',(#3943),#3947);
#3943 = LINE('',#3944,#3945);
#3944 = CARTESIAN_POINT('',(3.14159265359,0.));
#3945 = VECTOR('',#3946,1.);
#3946 = DIRECTION('',(0.,-1.));
#3947 = ( GEOMETRIC_REPRESENTATION_CONTEXT(2) 
PARAMETRIC_REPRESENTATION_CONTEXT() REPRESENTATION_CONTEXT('2D SPACE',''
  ) );
#3948 = PCURVE('',#2504,#3949);
#3949 = DEFINITIONAL_REPRESENTATION('',(#3950),#3954);
#3950 = LINE('',#3951,#3952);
#3951 = CARTESIAN_POINT('',(0.,0.));
#3952 = VECTOR('',#3953,1.);
#3953 = DIRECTION('',(0.,-1.));
#3954 = ( GEOMETRIC_REPRESENTATION_CONTEXT(2) 
PARAMETRIC_REPRESENTATION_CONTEXT() REPRESENTATION_CONTEXT('2D SPACE',''
  ) );
#3955 = ORIENTED_EDGE('',*,*,#3956,.T.);
#3956 = EDGE_CURVE('',#3934,#3957,#3959,.T.);
#3957 = VERTEX_POINT('',#3958);
#3958 = CARTESIAN_POINT('',(20.310284360012,-12.23909685503,4.5));
#3959 = SURFACE_CURVE('',#3960,(#3965,#3972),.PCURVE_S1.);
#3960 = CIRCLE('',#3961,14.7);
#3961 = AXIS2_PLACEMENT_3D('',#3962,#3963,#3964);
#3962 = CARTESIAN_POINT('',(6.999999974113,-6.,4.5));
#3963 = DIRECTION('',(0.,0.,-1.));
#3964 = DIRECTION('',(-1.,0.,0.));
#3965 = PCURVE('',#2049,#3966);
#3966 = DEFINITIONAL_REPRESENTATION('',(#3967),#3971);
#3967 = LINE('',#3968,#3969);
#3968 = CARTESIAN_POINT('',(0.,-2.5));
#3969 = VECTOR('',#3970,1.);
#3970 = DIRECTION('',(1.,0.));
#3971 = ( GEOMETRIC_REPRESENTATION_CONTEXT(2) 
PARAMETRIC_REPRESENTATION_CONTEXT() REPRESENTATION_CONTEXT('2D SPACE',''
  ) );
#3972 = PCURVE('',#3973,#3978);
#3973 = PLANE('',#3974);
#3974 = AXIS2_PLACEMENT_3D('',#3975,#3976,#3977);
#3975 = CARTESIAN_POINT('',(-5.387864022234E-09,3.023584858773E-09,4.5)
  );
#3976 = DIRECTION('',(0.,0.,1.));
#3977 = DIRECTION('',(1.,0.,-0.));
#3978 = DEFINITIONAL_REPRESENTATION('',(#3979),#3987);
#3979 = ( BOUNDED_CURVE() B_SPLINE_CURVE(2,(#3980,#3981,#3982,#3983,
#3984,#3985,#3986),.UNSPECIFIED.,.T.,.F.) B_SPLINE_CURVE_WITH_KNOTS((1,2
    ,2,2,2,1),(-2.094395102393,0.,2.094395102393,4.188790204786,
6.28318530718,8.377580409573),.UNSPECIFIED.) CURVE() 
GEOMETRIC_REPRESENTATION_ITEM() RATIONAL_B_SPLINE_CURVE((1.,0.5,1.,0.5,
1.,0.5,1.)) REPRESENTATION_ITEM('') );
#3980 = CARTESIAN_POINT('',(-7.700000020499,-6.000000003024));
#3981 = CARTESIAN_POINT('',(-7.700000020499,19.461146868239));
#3982 = CARTESIAN_POINT('',(14.349999979501,6.730573432608));
#3983 = CARTESIAN_POINT('',(36.399999979501,-6.000000003024));
#3984 = CARTESIAN_POINT('',(14.349999979501,-18.73057343865));
#3985 = CARTESIAN_POINT('',(-7.700000020499,-31.46114687428));
#3986 = CARTESIAN_POINT('',(-7.700000020499,-6.000000003024));
#3987 = ( GEOMETRIC_REPRESENTATION_CONTEXT(2) 
PARAMETRIC_REPRESENTATION_CONTEXT() REPRESENTATION_CONTEXT('2D SPACE',''
  ) );
#3988 = ORIENTED_EDGE('',*,*,#3989,.T.);
#3989 = EDGE_CURVE('',#3957,#2029,#3990,.T.);
#3990 = SURFACE_CURVE('',#3991,(#3995,#4001),.PCURVE_S1.);
#3991 = LINE('',#3992,#3993);
#3992 = CARTESIAN_POINT('',(20.310284360012,-12.23909685503,2.));
#3993 = VECTOR('',#3994,1.);
#3994 = DIRECTION('',(0.,0.,-1.));
#3995 = PCURVE('',#2049,#3996);
#3996 = DEFINITIONAL_REPRESENTATION('',(#3997),#4000);
#3997 = B_SPLINE_CURVE_WITH_KNOTS('',1,(#3998,#3999),.UNSPECIFIED.,.F.,
  .F.,(2,2),(-2.5000006,5.999999999062E-07),.PIECEWISE_BEZIER_KNOTS.);
#3998 = CARTESIAN_POINT('',(3.579923118486,-2.5000006));
#3999 = CARTESIAN_POINT('',(3.579923118486,5.999999999062E-07));
#4000 = ( GEOMETRIC_REPRESENTATION_CONTEXT(2) 
PARAMETRIC_REPRESENTATION_CONTEXT() REPRESENTATION_CONTEXT('2D SPACE',''
  ) );
#4001 = PCURVE('',#2078,#4002);
#4002 = DEFINITIONAL_REPRESENTATION('',(#4003),#4006);
#4003 = B_SPLINE_CURVE_WITH_KNOTS('',1,(#4004,#4005),.UNSPECIFIED.,.F.,
  .F.,(2,2),(-2.5000006,5.999999999062E-07),.PIECEWISE_BEZIER_KNOTS.);
#4004 = CARTESIAN_POINT('',(0.874024025615,2.5000006));
#4005 = CARTESIAN_POINT('',(0.874024025615,-5.999999999062E-07));
#4006 = ( GEOMETRIC_REPRESENTATION_CONTEXT(2) 
PARAMETRIC_REPRESENTATION_CONTEXT() REPRESENTATION_CONTEXT('2D SPACE',''
  ) );
#4007 = ADVANCED_FACE('',(#4008),#2504,.F.);
#4008 = FACE_BOUND('',#4009,.F.);
#4009 = EDGE_LOOP('',(#4010,#4011,#4034,#4055));
#4010 = ORIENTED_EDGE('',*,*,#3933,.T.);
#4011 = ORIENTED_EDGE('',*,*,#4012,.T.);
#4012 = EDGE_CURVE('',#3934,#4013,#4015,.T.);
#4013 = VERTEX_POINT('',#4014);
#4014 = CARTESIAN_POINT('',(21.7,5.999999998222,4.5));
#4015 = SURFACE_CURVE('',#4016,(#4020,#4027),.PCURVE_S1.);
#4016 = LINE('',#4017,#4018);
#4017 = CARTESIAN_POINT('',(21.7,1.7763568394E-15,4.5));
#4018 = VECTOR('',#4019,1.);
#4019 = DIRECTION('',(0.,1.,0.));
#4020 = PCURVE('',#2504,#4021);
#4021 = DEFINITIONAL_REPRESENTATION('',(#4022),#4026);
#4022 = LINE('',#4023,#4024);
#4023 = CARTESIAN_POINT('',(6.,-2.5));
#4024 = VECTOR('',#4025,1.);
#4025 = DIRECTION('',(1.,0.));
#4026 = ( GEOMETRIC_REPRESENTATION_CONTEXT(2) 
PARAMETRIC_REPRESENTATION_CONTEXT() REPRESENTATION_CONTEXT('2D SPACE',''
  ) );
#4027 = PCURVE('',#3973,#4028);
#4028 = DEFINITIONAL_REPRESENTATION('',(#4029),#4033);
#4029 = LINE('',#4030,#4031);
#4030 = CARTESIAN_POINT('',(21.700000005388,-3.023583082416E-09));
#4031 = VECTOR('',#4032,1.);
#4032 = DIRECTION('',(0.,1.));
#4033 = ( GEOMETRIC_REPRESENTATION_CONTEXT(2) 
PARAMETRIC_REPRESENTATION_CONTEXT() REPRESENTATION_CONTEXT('2D SPACE',''
  ) );
#4034 = ORIENTED_EDGE('',*,*,#4035,.F.);
#4035 = EDGE_CURVE('',#2458,#4013,#4036,.T.);
#4036 = SURFACE_CURVE('',#4037,(#4041,#4048),.PCURVE_S1.);
#4037 = LINE('',#4038,#4039);
#4038 = CARTESIAN_POINT('',(21.7,5.999999998222,2.));
#4039 = VECTOR('',#4040,1.);
#4040 = DIRECTION('',(0.,0.,1.));
#4041 = PCURVE('',#2504,#4042);
#4042 = DEFINITIONAL_REPRESENTATION('',(#4043),#4047);
#4043 = LINE('',#4044,#4045);
#4044 = CARTESIAN_POINT('',(11.999999998222,0.));
#4045 = VECTOR('',#4046,1.);
#4046 = DIRECTION('',(0.,-1.));
#4047 = ( GEOMETRIC_REPRESENTATION_CONTEXT(2) 
PARAMETRIC_REPRESENTATION_CONTEXT() REPRESENTATION_CONTEXT('2D SPACE',''
  ) );
#4048 = PCURVE('',#2478,#4049);
#4049 = DEFINITIONAL_REPRESENTATION('',(#4050),#4054);
#4050 = LINE('',#4051,#4052);
#4051 = CARTESIAN_POINT('',(3.14159265359,0.));
#4052 = VECTOR('',#4053,1.);
#4053 = DIRECTION('',(0.,-1.));
#4054 = ( GEOMETRIC_REPRESENTATION_CONTEXT(2) 
PARAMETRIC_REPRESENTATION_CONTEXT() REPRESENTATION_CONTEXT('2D SPACE',''
  ) );
#4055 = ORIENTED_EDGE('',*,*,#2490,.F.);
#4056 = ADVANCED_FACE('',(#4057),#2078,.F.);
#4057 = FACE_BOUND('',#4058,.F.);
#4058 = EDGE_LOOP('',(#4059,#4060,#4061,#4082));
#4059 = ORIENTED_EDGE('',*,*,#3989,.T.);
#4060 = ORIENTED_EDGE('',*,*,#2061,.T.);
#4061 = ORIENTED_EDGE('',*,*,#4062,.F.);
#4062 = EDGE_CURVE('',#4063,#2062,#4065,.T.);
#4063 = VERTEX_POINT('',#4064);
#4064 = CARTESIAN_POINT('',(18.982685986285,-11.53671712787,4.5));
#4065 = SURFACE_CURVE('',#4066,(#4070,#4076),.PCURVE_S1.);
#4066 = LINE('',#4067,#4068);
#4067 = CARTESIAN_POINT('',(18.982685986285,-11.53671712787,2.));
#4068 = VECTOR('',#4069,1.);
#4069 = DIRECTION('',(0.,0.,-1.));
#4070 = PCURVE('',#2078,#4071);
#4071 = DEFINITIONAL_REPRESENTATION('',(#4072),#4075);
#4072 = B_SPLINE_CURVE_WITH_KNOTS('',1,(#4073,#4074),.UNSPECIFIED.,.F.,
  .F.,(2,2),(-2.5000006,5.999999999062E-07),.PIECEWISE_BEZIER_KNOTS.);
#4073 = CARTESIAN_POINT('',(1.294319132141,2.5000006));
#4074 = CARTESIAN_POINT('',(1.294319132141,-5.999999999062E-07));
#4075 = ( GEOMETRIC_REPRESENTATION_CONTEXT(2) 
PARAMETRIC_REPRESENTATION_CONTEXT() REPRESENTATION_CONTEXT('2D SPACE',''
  ) );
#4076 = PCURVE('',#2111,#4077);
#4077 = DEFINITIONAL_REPRESENTATION('',(#4078),#4081);
#4078 = B_SPLINE_CURVE_WITH_KNOTS('',1,(#4079,#4080),.UNSPECIFIED.,.F.,
  .F.,(2,2),(-2.5000006,5.999999999062E-07),.PIECEWISE_BEZIER_KNOTS.);
#4079 = CARTESIAN_POINT('',(3.574430105315,-2.5000006));
#4080 = CARTESIAN_POINT('',(3.574430105315,5.999999999062E-07));
#4081 = ( GEOMETRIC_REPRESENTATION_CONTEXT(2) 
PARAMETRIC_REPRESENTATION_CONTEXT() REPRESENTATION_CONTEXT('2D SPACE',''
  ) );
#4082 = ORIENTED_EDGE('',*,*,#4083,.F.);
#4083 = EDGE_CURVE('',#3957,#4063,#4084,.T.);
#4084 = SURFACE_CURVE('',#4085,(#4090,#4097),.PCURVE_S1.);
#4085 = CIRCLE('',#4086,3.6);
#4086 = AXIS2_PLACEMENT_3D('',#4087,#4088,#4089);
#4087 = CARTESIAN_POINT('',(18.,-15.,4.5));
#4088 = DIRECTION('',(0.,0.,1.));
#4089 = DIRECTION('',(1.,0.,-0.));
#4090 = PCURVE('',#2078,#4091);
#4091 = DEFINITIONAL_REPRESENTATION('',(#4092),#4096);
#4092 = LINE('',#4093,#4094);
#4093 = CARTESIAN_POINT('',(0.,2.5));
#4094 = VECTOR('',#4095,1.);
#4095 = DIRECTION('',(1.,0.));
#4096 = ( GEOMETRIC_REPRESENTATION_CONTEXT(2) 
PARAMETRIC_REPRESENTATION_CONTEXT() REPRESENTATION_CONTEXT('2D SPACE',''
  ) );
#4097 = PCURVE('',#3973,#4098);
#4098 = DEFINITIONAL_REPRESENTATION('',(#4099),#4103);
#4099 = CIRCLE('',#4100,3.6);
#4100 = AXIS2_PLACEMENT_2D('',#4101,#4102);
#4101 = CARTESIAN_POINT('',(18.000000005388,-15.00000000302));
#4102 = DIRECTION('',(1.,0.));
#4103 = ( GEOMETRIC_REPRESENTATION_CONTEXT(2) 
PARAMETRIC_REPRESENTATION_CONTEXT() REPRESENTATION_CONTEXT('2D SPACE',''
  ) );
#4104 = ADVANCED_FACE('',(#4105),#2478,.T.);
#4105 = FACE_BOUND('',#4106,.T.);
#4106 = EDGE_LOOP('',(#4107,#4130,#4156,#4157));
#4107 = ORIENTED_EDGE('',*,*,#4108,.T.);
#4108 = EDGE_CURVE('',#2430,#4109,#4111,.T.);
#4109 = VERTEX_POINT('',#4110);
#4110 = CARTESIAN_POINT('',(7.,20.699999999111,4.5));
#4111 = SURFACE_CURVE('',#4112,(#4116,#4123),.PCURVE_S1.);
#4112 = LINE('',#4113,#4114);
#4113 = CARTESIAN_POINT('',(7.,20.699999999111,2.));
#4114 = VECTOR('',#4115,1.);
#4115 = DIRECTION('',(0.,0.,1.));
#4116 = PCURVE('',#2478,#4117);
#4117 = DEFINITIONAL_REPRESENTATION('',(#4118),#4122);
#4118 = LINE('',#4119,#4120);
#4119 = CARTESIAN_POINT('',(1.570796326795,0.));
#4120 = VECTOR('',#4121,1.);
#4121 = DIRECTION('',(0.,-1.));
#4122 = ( GEOMETRIC_REPRESENTATION_CONTEXT(2) 
PARAMETRIC_REPRESENTATION_CONTEXT() REPRESENTATION_CONTEXT('2D SPACE',''
  ) );
#4123 = PCURVE('',#2445,#4124);
#4124 = DEFINITIONAL_REPRESENTATION('',(#4125),#4129);
#4125 = LINE('',#4126,#4127);
#4126 = CARTESIAN_POINT('',(14.,0.));
#4127 = VECTOR('',#4128,1.);
#4128 = DIRECTION('',(0.,-1.));
#4129 = ( GEOMETRIC_REPRESENTATION_CONTEXT(2) 
PARAMETRIC_REPRESENTATION_CONTEXT() REPRESENTATION_CONTEXT('2D SPACE',''
  ) );
#4130 = ORIENTED_EDGE('',*,*,#4131,.T.);
#4131 = EDGE_CURVE('',#4109,#4013,#4132,.T.);
#4132 = SURFACE_CURVE('',#4133,(#4138,#4145),.PCURVE_S1.);
#4133 = CIRCLE('',#4134,14.7);
#4134 = AXIS2_PLACEMENT_3D('',#4135,#4136,#4137);
#4135 = CARTESIAN_POINT('',(7.,5.999999998222,4.5));
#4136 = DIRECTION('',(0.,0.,-1.));
#4137 = DIRECTION('',(-1.,0.,0.));
#4138 = PCURVE('',#2478,#4139);
#4139 = DEFINITIONAL_REPRESENTATION('',(#4140),#4144);
#4140 = LINE('',#4141,#4142);
#4141 = CARTESIAN_POINT('',(0.,-2.5));
#4142 = VECTOR('',#4143,1.);
#4143 = DIRECTION('',(1.,0.));
#4144 = ( GEOMETRIC_REPRESENTATION_CONTEXT(2) 
PARAMETRIC_REPRESENTATION_CONTEXT() REPRESENTATION_CONTEXT('2D SPACE',''
  ) );
#4145 = PCURVE('',#3973,#4146);
#4146 = DEFINITIONAL_REPRESENTATION('',(#4147),#4155);
#4147 = ( BOUNDED_CURVE() B_SPLINE_CURVE(2,(#4148,#4149,#4150,#4151,
#4152,#4153,#4154),.UNSPECIFIED.,.T.,.F.) B_SPLINE_CURVE_WITH_KNOTS((1,2
    ,2,2,2,1),(-2.094395102393,0.,2.094395102393,4.188790204786,
6.28318530718,8.377580409573),.UNSPECIFIED.) CURVE() 
GEOMETRIC_REPRESENTATION_ITEM() RATIONAL_B_SPLINE_CURVE((1.,0.5,1.,0.5,
1.,0.5,1.)) REPRESENTATION_ITEM('') );
#4148 = CARTESIAN_POINT('',(-7.699999994612,5.999999995198));
#4149 = CARTESIAN_POINT('',(-7.699999994612,31.46114686646));
#4150 = CARTESIAN_POINT('',(14.350000005388,18.730573430829));
#4151 = CARTESIAN_POINT('',(36.400000005388,5.999999995198));
#4152 = CARTESIAN_POINT('',(14.350000005388,-6.730573440433));
#4153 = CARTESIAN_POINT('',(-7.699999994612,-19.46114687606));
#4154 = CARTESIAN_POINT('',(-7.699999994612,5.999999995198));
#4155 = ( GEOMETRIC_REPRESENTATION_CONTEXT(2) 
PARAMETRIC_REPRESENTATION_CONTEXT() REPRESENTATION_CONTEXT('2D SPACE',''
  ) );
#4156 = ORIENTED_EDGE('',*,*,#4035,.F.);
#4157 = ORIENTED_EDGE('',*,*,#2457,.F.);
#4158 = ADVANCED_FACE('',(#4159),#2111,.F.);
#4159 = FACE_BOUND('',#4160,.F.);
#4160 = EDGE_LOOP('',(#4161,#4162,#4185,#4211));
#4161 = ORIENTED_EDGE('',*,*,#2090,.F.);
#4162 = ORIENTED_EDGE('',*,*,#4163,.T.);
#4163 = EDGE_CURVE('',#2091,#4164,#4166,.T.);
#4164 = VERTEX_POINT('',#4165);
#4165 = CARTESIAN_POINT('',(20.2,-6.,4.5));
#4166 = SURFACE_CURVE('',#4167,(#4171,#4178),.PCURVE_S1.);
#4167 = LINE('',#4168,#4169);
#4168 = CARTESIAN_POINT('',(20.2,-6.,2.));
#4169 = VECTOR('',#4170,1.);
#4170 = DIRECTION('',(0.,0.,1.));
#4171 = PCURVE('',#2111,#4172);
#4172 = DEFINITIONAL_REPRESENTATION('',(#4173),#4177);
#4173 = LINE('',#4174,#4175);
#4174 = CARTESIAN_POINT('',(3.14159265359,0.));
#4175 = VECTOR('',#4176,1.);
#4176 = DIRECTION('',(0.,-1.));
#4177 = ( GEOMETRIC_REPRESENTATION_CONTEXT(2) 
PARAMETRIC_REPRESENTATION_CONTEXT() REPRESENTATION_CONTEXT('2D SPACE',''
  ) );
#4178 = PCURVE('',#2139,#4179);
#4179 = DEFINITIONAL_REPRESENTATION('',(#4180),#4184);
#4180 = LINE('',#4181,#4182);
#4181 = CARTESIAN_POINT('',(0.,0.));
#4182 = VECTOR('',#4183,1.);
#4183 = DIRECTION('',(0.,-1.));
#4184 = ( GEOMETRIC_REPRESENTATION_CONTEXT(2) 
PARAMETRIC_REPRESENTATION_CONTEXT() REPRESENTATION_CONTEXT('2D SPACE',''
  ) );
#4185 = ORIENTED_EDGE('',*,*,#4186,.T.);
#4186 = EDGE_CURVE('',#4164,#4063,#4187,.T.);
#4187 = SURFACE_CURVE('',#4188,(#4193,#4200),.PCURVE_S1.);
#4188 = CIRCLE('',#4189,13.2);
#4189 = AXIS2_PLACEMENT_3D('',#4190,#4191,#4192);
#4190 = CARTESIAN_POINT('',(7.,-6.,4.5));
#4191 = DIRECTION('',(0.,0.,-1.));
#4192 = DIRECTION('',(-1.,0.,0.));
#4193 = PCURVE('',#2111,#4194);
#4194 = DEFINITIONAL_REPRESENTATION('',(#4195),#4199);
#4195 = LINE('',#4196,#4197);
#4196 = CARTESIAN_POINT('',(0.,-2.5));
#4197 = VECTOR('',#4198,1.);
#4198 = DIRECTION('',(1.,0.));
#4199 = ( GEOMETRIC_REPRESENTATION_CONTEXT(2) 
PARAMETRIC_REPRESENTATION_CONTEXT() REPRESENTATION_CONTEXT('2D SPACE',''
  ) );
#4200 = PCURVE('',#3973,#4201);
#4201 = DEFINITIONAL_REPRESENTATION('',(#4202),#4210);
#4202 = ( BOUNDED_CURVE() B_SPLINE_CURVE(2,(#4203,#4204,#4205,#4206,
#4207,#4208,#4209),.UNSPECIFIED.,.T.,.F.) B_SPLINE_CURVE_WITH_KNOTS((1,2
    ,2,2,2,1),(-2.094395102393,0.,2.094395102393,4.188790204786,
6.28318530718,8.377580409573),.UNSPECIFIED.) CURVE() 
GEOMETRIC_REPRESENTATION_ITEM() RATIONAL_B_SPLINE_CURVE((1.,0.5,1.,0.5,
1.,0.5,1.)) REPRESENTATION_ITEM('') );
#4203 = CARTESIAN_POINT('',(-6.199999994612,-6.000000003024));
#4204 = CARTESIAN_POINT('',(-6.199999994612,16.863070656886));
#4205 = CARTESIAN_POINT('',(13.600000005388,5.431535326931));
#4206 = CARTESIAN_POINT('',(33.400000005388,-6.000000003024));
#4207 = CARTESIAN_POINT('',(13.600000005388,-17.43153533297));
#4208 = CARTESIAN_POINT('',(-6.199999994612,-28.86307066293));
#4209 = CARTESIAN_POINT('',(-6.199999994612,-6.000000003024));
#4210 = ( GEOMETRIC_REPRESENTATION_CONTEXT(2) 
PARAMETRIC_REPRESENTATION_CONTEXT() REPRESENTATION_CONTEXT('2D SPACE',''
  ) );
#4211 = ORIENTED_EDGE('',*,*,#4062,.T.);
#4212 = ADVANCED_FACE('',(#4213),#2445,.T.);
#4213 = FACE_BOUND('',#4214,.T.);
#4214 = EDGE_LOOP('',(#4215,#4238,#4259,#4260));
#4215 = ORIENTED_EDGE('',*,*,#4216,.T.);
#4216 = EDGE_CURVE('',#2397,#4217,#4219,.T.);
#4217 = VERTEX_POINT('',#4218);
#4218 = CARTESIAN_POINT('',(-7.,20.699999999111,4.5));
#4219 = SURFACE_CURVE('',#4220,(#4224,#4231),.PCURVE_S1.);
#4220 = LINE('',#4221,#4222);
#4221 = CARTESIAN_POINT('',(-7.,20.699999999111,2.));
#4222 = VECTOR('',#4223,1.);
#4223 = DIRECTION('',(0.,0.,1.));
#4224 = PCURVE('',#2445,#4225);
#4225 = DEFINITIONAL_REPRESENTATION('',(#4226),#4230);
#4226 = LINE('',#4227,#4228);
#4227 = CARTESIAN_POINT('',(0.,0.));
#4228 = VECTOR('',#4229,1.);
#4229 = DIRECTION('',(0.,-1.));
#4230 = ( GEOMETRIC_REPRESENTATION_CONTEXT(2) 
PARAMETRIC_REPRESENTATION_CONTEXT() REPRESENTATION_CONTEXT('2D SPACE',''
  ) );
#4231 = PCURVE('',#2417,#4232);
#4232 = DEFINITIONAL_REPRESENTATION('',(#4233),#4237);
#4233 = LINE('',#4234,#4235);
#4234 = CARTESIAN_POINT('',(1.570796326795,0.));
#4235 = VECTOR('',#4236,1.);
#4236 = DIRECTION('',(0.,-1.));
#4237 = ( GEOMETRIC_REPRESENTATION_CONTEXT(2) 
PARAMETRIC_REPRESENTATION_CONTEXT() REPRESENTATION_CONTEXT('2D SPACE',''
  ) );
#4238 = ORIENTED_EDGE('',*,*,#4239,.T.);
#4239 = EDGE_CURVE('',#4217,#4109,#4240,.T.);
#4240 = SURFACE_CURVE('',#4241,(#4245,#4252),.PCURVE_S1.);
#4241 = LINE('',#4242,#4243);
#4242 = CARTESIAN_POINT('',(0.,20.7,4.5));
#4243 = VECTOR('',#4244,1.);
#4244 = DIRECTION('',(1.,0.,0.));
#4245 = PCURVE('',#2445,#4246);
#4246 = DEFINITIONAL_REPRESENTATION('',(#4247),#4251);
#4247 = LINE('',#4248,#4249);
#4248 = CARTESIAN_POINT('',(7.,-2.5));
#4249 = VECTOR('',#4250,1.);
#4250 = DIRECTION('',(1.,0.));
#4251 = ( GEOMETRIC_REPRESENTATION_CONTEXT(2) 
PARAMETRIC_REPRESENTATION_CONTEXT() REPRESENTATION_CONTEXT('2D SPACE',''
  ) );
#4252 = PCURVE('',#3973,#4253);
#4253 = DEFINITIONAL_REPRESENTATION('',(#4254),#4258);
#4254 = LINE('',#4255,#4256);
#4255 = CARTESIAN_POINT('',(5.387864022234E-09,20.699999996976));
#4256 = VECTOR('',#4257,1.);
#4257 = DIRECTION('',(1.,0.));
#4258 = ( GEOMETRIC_REPRESENTATION_CONTEXT(2) 
PARAMETRIC_REPRESENTATION_CONTEXT() REPRESENTATION_CONTEXT('2D SPACE',''
  ) );
#4259 = ORIENTED_EDGE('',*,*,#4108,.F.);
#4260 = ORIENTED_EDGE('',*,*,#2429,.F.);
#4261 = ADVANCED_FACE('',(#4262),#2139,.T.);
#4262 = FACE_BOUND('',#4263,.T.);
#4263 = EDGE_LOOP('',(#4264,#4265,#4288,#4309));
#4264 = ORIENTED_EDGE('',*,*,#4163,.T.);
#4265 = ORIENTED_EDGE('',*,*,#4266,.T.);
#4266 = EDGE_CURVE('',#4164,#4267,#4269,.T.);
#4267 = VERTEX_POINT('',#4268);
#4268 = CARTESIAN_POINT('',(20.2,5.999999911083,4.5));
#4269 = SURFACE_CURVE('',#4270,(#4274,#4281),.PCURVE_S1.);
#4270 = LINE('',#4271,#4272);
#4271 = CARTESIAN_POINT('',(20.2,1.7763568394E-15,4.5));
#4272 = VECTOR('',#4273,1.);
#4273 = DIRECTION('',(0.,1.,0.));
#4274 = PCURVE('',#2139,#4275);
#4275 = DEFINITIONAL_REPRESENTATION('',(#4276),#4280);
#4276 = LINE('',#4277,#4278);
#4277 = CARTESIAN_POINT('',(6.,-2.5));
#4278 = VECTOR('',#4279,1.);
#4279 = DIRECTION('',(1.,0.));
#4280 = ( GEOMETRIC_REPRESENTATION_CONTEXT(2) 
PARAMETRIC_REPRESENTATION_CONTEXT() REPRESENTATION_CONTEXT('2D SPACE',''
  ) );
#4281 = PCURVE('',#3973,#4282);
#4282 = DEFINITIONAL_REPRESENTATION('',(#4283),#4287);
#4283 = LINE('',#4284,#4285);
#4284 = CARTESIAN_POINT('',(20.200000005388,-3.023583082416E-09));
#4285 = VECTOR('',#4286,1.);
#4286 = DIRECTION('',(0.,1.));
#4287 = ( GEOMETRIC_REPRESENTATION_CONTEXT(2) 
PARAMETRIC_REPRESENTATION_CONTEXT() REPRESENTATION_CONTEXT('2D SPACE',''
  ) );
#4288 = ORIENTED_EDGE('',*,*,#4289,.F.);
#4289 = EDGE_CURVE('',#2124,#4267,#4290,.T.);
#4290 = SURFACE_CURVE('',#4291,(#4295,#4302),.PCURVE_S1.);
#4291 = LINE('',#4292,#4293);
#4292 = CARTESIAN_POINT('',(20.2,5.999999911083,2.));
#4293 = VECTOR('',#4294,1.);
#4294 = DIRECTION('',(0.,0.,1.));
#4295 = PCURVE('',#2139,#4296);
#4296 = DEFINITIONAL_REPRESENTATION('',(#4297),#4301);
#4297 = LINE('',#4298,#4299);
#4298 = CARTESIAN_POINT('',(11.999999911083,0.));
#4299 = VECTOR('',#4300,1.);
#4300 = DIRECTION('',(0.,-1.));
#4301 = ( GEOMETRIC_REPRESENTATION_CONTEXT(2) 
PARAMETRIC_REPRESENTATION_CONTEXT() REPRESENTATION_CONTEXT('2D SPACE',''
  ) );
#4302 = PCURVE('',#2172,#4303);
#4303 = DEFINITIONAL_REPRESENTATION('',(#4304),#4308);
#4304 = LINE('',#4305,#4306);
#4305 = CARTESIAN_POINT('',(3.14159265359,0.));
#4306 = VECTOR('',#4307,1.);
#4307 = DIRECTION('',(0.,-1.));
#4308 = ( GEOMETRIC_REPRESENTATION_CONTEXT(2) 
PARAMETRIC_REPRESENTATION_CONTEXT() REPRESENTATION_CONTEXT('2D SPACE',''
  ) );
#4309 = ORIENTED_EDGE('',*,*,#2123,.F.);
#4310 = ADVANCED_FACE('',(#4311),#2417,.T.);
#4311 = FACE_BOUND('',#4312,.T.);
#4312 = EDGE_LOOP('',(#4313,#4336,#4362,#4363));
#4313 = ORIENTED_EDGE('',*,*,#4314,.T.);
#4314 = EDGE_CURVE('',#2369,#4315,#4317,.T.);
#4315 = VERTEX_POINT('',#4316);
#4316 = CARTESIAN_POINT('',(-21.7,5.999999998222,4.5));
#4317 = SURFACE_CURVE('',#4318,(#4322,#4329),.PCURVE_S1.);
#4318 = LINE('',#4319,#4320);
#4319 = CARTESIAN_POINT('',(-21.7,5.999999998222,2.));
#4320 = VECTOR('',#4321,1.);
#4321 = DIRECTION('',(0.,0.,1.));
#4322 = PCURVE('',#2417,#4323);
#4323 = DEFINITIONAL_REPRESENTATION('',(#4324),#4328);
#4324 = LINE('',#4325,#4326);
#4325 = CARTESIAN_POINT('',(0.,0.));
#4326 = VECTOR('',#4327,1.);
#4327 = DIRECTION('',(0.,-1.));
#4328 = ( GEOMETRIC_REPRESENTATION_CONTEXT(2) 
PARAMETRIC_REPRESENTATION_CONTEXT() REPRESENTATION_CONTEXT('2D SPACE',''
  ) );
#4329 = PCURVE('',#2384,#4330);
#4330 = DEFINITIONAL_REPRESENTATION('',(#4331),#4335);
#4331 = LINE('',#4332,#4333);
#4332 = CARTESIAN_POINT('',(11.999999998222,0.));
#4333 = VECTOR('',#4334,1.);
#4334 = DIRECTION('',(0.,-1.));
#4335 = ( GEOMETRIC_REPRESENTATION_CONTEXT(2) 
PARAMETRIC_REPRESENTATION_CONTEXT() REPRESENTATION_CONTEXT('2D SPACE',''
  ) );
#4336 = ORIENTED_EDGE('',*,*,#4337,.T.);
#4337 = EDGE_CURVE('',#4315,#4217,#4338,.T.);
#4338 = SURFACE_CURVE('',#4339,(#4344,#4351),.PCURVE_S1.);
#4339 = CIRCLE('',#4340,14.7);
#4340 = AXIS2_PLACEMENT_3D('',#4341,#4342,#4343);
#4341 = CARTESIAN_POINT('',(-7.,5.999999998222,4.5));
#4342 = DIRECTION('',(0.,0.,-1.));
#4343 = DIRECTION('',(-1.,0.,0.));
#4344 = PCURVE('',#2417,#4345);
#4345 = DEFINITIONAL_REPRESENTATION('',(#4346),#4350);
#4346 = LINE('',#4347,#4348);
#4347 = CARTESIAN_POINT('',(0.,-2.5));
#4348 = VECTOR('',#4349,1.);
#4349 = DIRECTION('',(1.,0.));
#4350 = ( GEOMETRIC_REPRESENTATION_CONTEXT(2) 
PARAMETRIC_REPRESENTATION_CONTEXT() REPRESENTATION_CONTEXT('2D SPACE',''
  ) );
#4351 = PCURVE('',#3973,#4352);
#4352 = DEFINITIONAL_REPRESENTATION('',(#4353),#4361);
#4353 = ( BOUNDED_CURVE() B_SPLINE_CURVE(2,(#4354,#4355,#4356,#4357,
#4358,#4359,#4360),.UNSPECIFIED.,.T.,.F.) B_SPLINE_CURVE_WITH_KNOTS((1,2
    ,2,2,2,1),(-2.094395102393,0.,2.094395102393,4.188790204786,
6.28318530718,8.377580409573),.UNSPECIFIED.) CURVE() 
GEOMETRIC_REPRESENTATION_ITEM() RATIONAL_B_SPLINE_CURVE((1.,0.5,1.,0.5,
1.,0.5,1.)) REPRESENTATION_ITEM('') );
#4354 = CARTESIAN_POINT('',(-21.69999999461,5.999999995198));
#4355 = CARTESIAN_POINT('',(-21.69999999461,31.46114686646));
#4356 = CARTESIAN_POINT('',(0.350000005388,18.730573430829));
#4357 = CARTESIAN_POINT('',(22.400000005388,5.999999995198));
#4358 = CARTESIAN_POINT('',(0.350000005388,-6.730573440433));
#4359 = CARTESIAN_POINT('',(-21.69999999461,-19.46114687606));
#4360 = CARTESIAN_POINT('',(-21.69999999461,5.999999995198));
#4361 = ( GEOMETRIC_REPRESENTATION_CONTEXT(2) 
PARAMETRIC_REPRESENTATION_CONTEXT() REPRESENTATION_CONTEXT('2D SPACE',''
  ) );
#4362 = ORIENTED_EDGE('',*,*,#4216,.F.);
#4363 = ORIENTED_EDGE('',*,*,#2396,.F.);
#4364 = ADVANCED_FACE('',(#4365),#2172,.F.);
#4365 = FACE_BOUND('',#4366,.F.);
#4366 = EDGE_LOOP('',(#4367,#4390,#4416,#4417));
#4367 = ORIENTED_EDGE('',*,*,#4368,.T.);
#4368 = EDGE_CURVE('',#2152,#4369,#4371,.T.);
#4369 = VERTEX_POINT('',#4370);
#4370 = CARTESIAN_POINT('',(7.,19.199999955541,4.5));
#4371 = SURFACE_CURVE('',#4372,(#4376,#4383),.PCURVE_S1.);
#4372 = LINE('',#4373,#4374);
#4373 = CARTESIAN_POINT('',(7.,19.199999955541,2.));
#4374 = VECTOR('',#4375,1.);
#4375 = DIRECTION('',(0.,0.,1.));
#4376 = PCURVE('',#2172,#4377);
#4377 = DEFINITIONAL_REPRESENTATION('',(#4378),#4382);
#4378 = LINE('',#4379,#4380);
#4379 = CARTESIAN_POINT('',(1.570796326795,0.));
#4380 = VECTOR('',#4381,1.);
#4381 = DIRECTION('',(0.,-1.));
#4382 = ( GEOMETRIC_REPRESENTATION_CONTEXT(2) 
PARAMETRIC_REPRESENTATION_CONTEXT() REPRESENTATION_CONTEXT('2D SPACE',''
  ) );
#4383 = PCURVE('',#2200,#4384);
#4384 = DEFINITIONAL_REPRESENTATION('',(#4385),#4389);
#4385 = LINE('',#4386,#4387);
#4386 = CARTESIAN_POINT('',(14.,0.));
#4387 = VECTOR('',#4388,1.);
#4388 = DIRECTION('',(0.,-1.));
#4389 = ( GEOMETRIC_REPRESENTATION_CONTEXT(2) 
PARAMETRIC_REPRESENTATION_CONTEXT() REPRESENTATION_CONTEXT('2D SPACE',''
  ) );
#4390 = ORIENTED_EDGE('',*,*,#4391,.T.);
#4391 = EDGE_CURVE('',#4369,#4267,#4392,.T.);
#4392 = SURFACE_CURVE('',#4393,(#4398,#4405),.PCURVE_S1.);
#4393 = CIRCLE('',#4394,13.2);
#4394 = AXIS2_PLACEMENT_3D('',#4395,#4396,#4397);
#4395 = CARTESIAN_POINT('',(7.,5.999999911083,4.5));
#4396 = DIRECTION('',(0.,0.,-1.));
#4397 = DIRECTION('',(-1.,0.,0.));
#4398 = PCURVE('',#2172,#4399);
#4399 = DEFINITIONAL_REPRESENTATION('',(#4400),#4404);
#4400 = LINE('',#4401,#4402);
#4401 = CARTESIAN_POINT('',(0.,-2.5));
#4402 = VECTOR('',#4403,1.);
#4403 = DIRECTION('',(1.,0.));
#4404 = ( GEOMETRIC_REPRESENTATION_CONTEXT(2) 
PARAMETRIC_REPRESENTATION_CONTEXT() REPRESENTATION_CONTEXT('2D SPACE',''
  ) );
#4405 = PCURVE('',#3973,#4406);
#4406 = DEFINITIONAL_REPRESENTATION('',(#4407),#4415);
#4407 = ( BOUNDED_CURVE() B_SPLINE_CURVE(2,(#4408,#4409,#4410,#4411,
#4412,#4413,#4414),.UNSPECIFIED.,.T.,.F.) B_SPLINE_CURVE_WITH_KNOTS((1,2
    ,2,2,2,1),(-2.094395102393,0.,2.094395102393,4.188790204786,
6.28318530718,8.377580409573),.UNSPECIFIED.) CURVE() 
GEOMETRIC_REPRESENTATION_ITEM() RATIONAL_B_SPLINE_CURVE((1.,0.5,1.,0.5,
1.,0.5,1.)) REPRESENTATION_ITEM('') );
#4408 = CARTESIAN_POINT('',(-6.199999994612,5.999999908059));
#4409 = CARTESIAN_POINT('',(-6.199999994612,28.863070567968));
#4410 = CARTESIAN_POINT('',(13.600000005388,17.431535238014));
#4411 = CARTESIAN_POINT('',(33.400000005388,5.999999908059));
#4412 = CARTESIAN_POINT('',(13.600000005388,-5.431535421896));
#4413 = CARTESIAN_POINT('',(-6.199999994612,-16.86307075185));
#4414 = CARTESIAN_POINT('',(-6.199999994612,5.999999908059));
#4415 = ( GEOMETRIC_REPRESENTATION_CONTEXT(2) 
PARAMETRIC_REPRESENTATION_CONTEXT() REPRESENTATION_CONTEXT('2D SPACE',''
  ) );
#4416 = ORIENTED_EDGE('',*,*,#4289,.F.);
#4417 = ORIENTED_EDGE('',*,*,#2151,.F.);
#4418 = ADVANCED_FACE('',(#4419),#2384,.T.);
#4419 = FACE_BOUND('',#4420,.T.);
#4420 = EDGE_LOOP('',(#4421,#4444,#4465,#4466));
#4421 = ORIENTED_EDGE('',*,*,#4422,.T.);
#4422 = EDGE_CURVE('',#2336,#4423,#4425,.T.);
#4423 = VERTEX_POINT('',#4424);
#4424 = CARTESIAN_POINT('',(-21.7,-6.,4.5));
#4425 = SURFACE_CURVE('',#4426,(#4430,#4437),.PCURVE_S1.);
#4426 = LINE('',#4427,#4428);
#4427 = CARTESIAN_POINT('',(-21.7,-6.,2.));
#4428 = VECTOR('',#4429,1.);
#4429 = DIRECTION('',(0.,0.,1.));
#4430 = PCURVE('',#2384,#4431);
#4431 = DEFINITIONAL_REPRESENTATION('',(#4432),#4436);
#4432 = LINE('',#4433,#4434);
#4433 = CARTESIAN_POINT('',(-2.6645352591E-15,0.));
#4434 = VECTOR('',#4435,1.);
#4435 = DIRECTION('',(0.,-1.));
#4436 = ( GEOMETRIC_REPRESENTATION_CONTEXT(2) 
PARAMETRIC_REPRESENTATION_CONTEXT() REPRESENTATION_CONTEXT('2D SPACE',''
  ) );
#4437 = PCURVE('',#2356,#4438);
#4438 = DEFINITIONAL_REPRESENTATION('',(#4439),#4443);
#4439 = LINE('',#4440,#4441);
#4440 = CARTESIAN_POINT('',(6.28318530718,0.));
#4441 = VECTOR('',#4442,1.);
#4442 = DIRECTION('',(0.,-1.));
#4443 = ( GEOMETRIC_REPRESENTATION_CONTEXT(2) 
PARAMETRIC_REPRESENTATION_CONTEXT() REPRESENTATION_CONTEXT('2D SPACE',''
  ) );
#4444 = ORIENTED_EDGE('',*,*,#4445,.T.);
#4445 = EDGE_CURVE('',#4423,#4315,#4446,.T.);
#4446 = SURFACE_CURVE('',#4447,(#4451,#4458),.PCURVE_S1.);
#4447 = LINE('',#4448,#4449);
#4448 = CARTESIAN_POINT('',(-21.7,1.7763568394E-15,4.5));
#4449 = VECTOR('',#4450,1.);
#4450 = DIRECTION('',(0.,1.,0.));
#4451 = PCURVE('',#2384,#4452);
#4452 = DEFINITIONAL_REPRESENTATION('',(#4453),#4457);
#4453 = LINE('',#4454,#4455);
#4454 = CARTESIAN_POINT('',(6.,-2.5));
#4455 = VECTOR('',#4456,1.);
#4456 = DIRECTION('',(1.,0.));
#4457 = ( GEOMETRIC_REPRESENTATION_CONTEXT(2) 
PARAMETRIC_REPRESENTATION_CONTEXT() REPRESENTATION_CONTEXT('2D SPACE',''
  ) );
#4458 = PCURVE('',#3973,#4459);
#4459 = DEFINITIONAL_REPRESENTATION('',(#4460),#4464);
#4460 = LINE('',#4461,#4462);
#4461 = CARTESIAN_POINT('',(-21.69999999461,-3.023583082416E-09));
#4462 = VECTOR('',#4463,1.);
#4463 = DIRECTION('',(0.,1.));
#4464 = ( GEOMETRIC_REPRESENTATION_CONTEXT(2) 
PARAMETRIC_REPRESENTATION_CONTEXT() REPRESENTATION_CONTEXT('2D SPACE',''
  ) );
#4465 = ORIENTED_EDGE('',*,*,#4314,.F.);
#4466 = ORIENTED_EDGE('',*,*,#2368,.F.);
#4467 = ADVANCED_FACE('',(#4468),#2200,.F.);
#4468 = FACE_BOUND('',#4469,.F.);
#4469 = EDGE_LOOP('',(#4470,#4493,#4514,#4515));
#4470 = ORIENTED_EDGE('',*,*,#4471,.T.);
#4471 = EDGE_CURVE('',#2185,#4472,#4474,.T.);
#4472 = VERTEX_POINT('',#4473);
#4473 = CARTESIAN_POINT('',(-7.,19.199999955541,4.5));
#4474 = SURFACE_CURVE('',#4475,(#4479,#4486),.PCURVE_S1.);
#4475 = LINE('',#4476,#4477);
#4476 = CARTESIAN_POINT('',(-7.,19.199999955541,2.));
#4477 = VECTOR('',#4478,1.);
#4478 = DIRECTION('',(0.,0.,1.));
#4479 = PCURVE('',#2200,#4480);
#4480 = DEFINITIONAL_REPRESENTATION('',(#4481),#4485);
#4481 = LINE('',#4482,#4483);
#4482 = CARTESIAN_POINT('',(0.,0.));
#4483 = VECTOR('',#4484,1.);
#4484 = DIRECTION('',(0.,-1.));
#4485 = ( GEOMETRIC_REPRESENTATION_CONTEXT(2) 
PARAMETRIC_REPRESENTATION_CONTEXT() REPRESENTATION_CONTEXT('2D SPACE',''
  ) );
#4486 = PCURVE('',#2233,#4487);
#4487 = DEFINITIONAL_REPRESENTATION('',(#4488),#4492);
#4488 = LINE('',#4489,#4490);
#4489 = CARTESIAN_POINT('',(1.570796326795,0.));
#4490 = VECTOR('',#4491,1.);
#4491 = DIRECTION('',(0.,-1.));
#4492 = ( GEOMETRIC_REPRESENTATION_CONTEXT(2) 
PARAMETRIC_REPRESENTATION_CONTEXT() REPRESENTATION_CONTEXT('2D SPACE',''
  ) );
#4493 = ORIENTED_EDGE('',*,*,#4494,.T.);
#4494 = EDGE_CURVE('',#4472,#4369,#4495,.T.);
#4495 = SURFACE_CURVE('',#4496,(#4500,#4507),.PCURVE_S1.);
#4496 = LINE('',#4497,#4498);
#4497 = CARTESIAN_POINT('',(0.,19.2,4.5));
#4498 = VECTOR('',#4499,1.);
#4499 = DIRECTION('',(1.,0.,0.));
#4500 = PCURVE('',#2200,#4501);
#4501 = DEFINITIONAL_REPRESENTATION('',(#4502),#4506);
#4502 = LINE('',#4503,#4504);
#4503 = CARTESIAN_POINT('',(7.,-2.5));
#4504 = VECTOR('',#4505,1.);
#4505 = DIRECTION('',(1.,0.));
#4506 = ( GEOMETRIC_REPRESENTATION_CONTEXT(2) 
PARAMETRIC_REPRESENTATION_CONTEXT() REPRESENTATION_CONTEXT('2D SPACE',''
  ) );
#4507 = PCURVE('',#3973,#4508);
#4508 = DEFINITIONAL_REPRESENTATION('',(#4509),#4513);
#4509 = LINE('',#4510,#4511);
#4510 = CARTESIAN_POINT('',(5.387864022234E-09,19.199999996976));
#4511 = VECTOR('',#4512,1.);
#4512 = DIRECTION('',(1.,0.));
#4513 = ( GEOMETRIC_REPRESENTATION_CONTEXT(2) 
PARAMETRIC_REPRESENTATION_CONTEXT() REPRESENTATION_CONTEXT('2D SPACE',''
  ) );
#4514 = ORIENTED_EDGE('',*,*,#4368,.F.);
#4515 = ORIENTED_EDGE('',*,*,#2184,.F.);
#4516 = ADVANCED_FACE('',(#4517),#2356,.T.);
#4517 = FACE_BOUND('',#4518,.T.);
#4518 = EDGE_LOOP('',(#4519,#4520,#4541,#4567));
#4519 = ORIENTED_EDGE('',*,*,#2335,.F.);
#4520 = ORIENTED_EDGE('',*,*,#4521,.F.);
#4521 = EDGE_CURVE('',#4522,#2307,#4524,.T.);
#4522 = VERTEX_POINT('',#4523);
#4523 = CARTESIAN_POINT('',(-20.3102843786,-12.23909687059,4.5));
#4524 = SURFACE_CURVE('',#4525,(#4529,#4535),.PCURVE_S1.);
#4525 = LINE('',#4526,#4527);
#4526 = CARTESIAN_POINT('',(-20.3102843786,-12.23909687059,2.));
#4527 = VECTOR('',#4528,1.);
#4528 = DIRECTION('',(0.,0.,-1.));
#4529 = PCURVE('',#2356,#4530);
#4530 = DEFINITIONAL_REPRESENTATION('',(#4531),#4534);
#4531 = B_SPLINE_CURVE_WITH_KNOTS('',1,(#4532,#4533),.UNSPECIFIED.,.F.,
  .F.,(2,2),(-2.5000006,5.999999999062E-07),.PIECEWISE_BEZIER_KNOTS.);
#4532 = CARTESIAN_POINT('',(5.844854841114,-2.5000006));
#4533 = CARTESIAN_POINT('',(5.844854841114,5.999999999062E-07));
#4534 = ( GEOMETRIC_REPRESENTATION_CONTEXT(2) 
PARAMETRIC_REPRESENTATION_CONTEXT() REPRESENTATION_CONTEXT('2D SPACE',''
  ) );
#4535 = PCURVE('',#2323,#4536);
#4536 = DEFINITIONAL_REPRESENTATION('',(#4537),#4540);
#4537 = B_SPLINE_CURVE_WITH_KNOTS('',1,(#4538,#4539),.UNSPECIFIED.,.F.,
  .F.,(2,2),(-2.5000006,5.999999999062E-07),.PIECEWISE_BEZIER_KNOTS.);
#4538 = CARTESIAN_POINT('',(2.267568634709,2.5000006));
#4539 = CARTESIAN_POINT('',(2.267568634709,-5.999999999062E-07));
#4540 = ( GEOMETRIC_REPRESENTATION_CONTEXT(2) 
PARAMETRIC_REPRESENTATION_CONTEXT() REPRESENTATION_CONTEXT('2D SPACE',''
  ) );
#4541 = ORIENTED_EDGE('',*,*,#4542,.T.);
#4542 = EDGE_CURVE('',#4522,#4423,#4543,.T.);
#4543 = SURFACE_CURVE('',#4544,(#4549,#4556),.PCURVE_S1.);
#4544 = CIRCLE('',#4545,14.7);
#4545 = AXIS2_PLACEMENT_3D('',#4546,#4547,#4548);
#4546 = CARTESIAN_POINT('',(-7.,-6.,4.5));
#4547 = DIRECTION('',(0.,0.,-1.));
#4548 = DIRECTION('',(-1.,0.,0.));
#4549 = PCURVE('',#2356,#4550);
#4550 = DEFINITIONAL_REPRESENTATION('',(#4551),#4555);
#4551 = LINE('',#4552,#4553);
#4552 = CARTESIAN_POINT('',(0.,-2.5));
#4553 = VECTOR('',#4554,1.);
#4554 = DIRECTION('',(1.,0.));
#4555 = ( GEOMETRIC_REPRESENTATION_CONTEXT(2) 
PARAMETRIC_REPRESENTATION_CONTEXT() REPRESENTATION_CONTEXT('2D SPACE',''
  ) );
#4556 = PCURVE('',#3973,#4557);
#4557 = DEFINITIONAL_REPRESENTATION('',(#4558),#4566);
#4558 = ( BOUNDED_CURVE() B_SPLINE_CURVE(2,(#4559,#4560,#4561,#4562,
#4563,#4564,#4565),.UNSPECIFIED.,.T.,.F.) B_SPLINE_CURVE_WITH_KNOTS((1,2
    ,2,2,2,1),(-2.094395102393,0.,2.094395102393,4.188790204786,
6.28318530718,8.377580409573),.UNSPECIFIED.) CURVE() 
GEOMETRIC_REPRESENTATION_ITEM() RATIONAL_B_SPLINE_CURVE((1.,0.5,1.,0.5,
1.,0.5,1.)) REPRESENTATION_ITEM('') );
#4559 = CARTESIAN_POINT('',(-21.69999999461,-6.000000003024));
#4560 = CARTESIAN_POINT('',(-21.69999999461,19.461146868239));
#4561 = CARTESIAN_POINT('',(0.350000005388,6.730573432608));
#4562 = CARTESIAN_POINT('',(22.400000005388,-6.000000003024));
#4563 = CARTESIAN_POINT('',(0.350000005388,-18.73057343865));
#4564 = CARTESIAN_POINT('',(-21.69999999461,-31.46114687428));
#4565 = CARTESIAN_POINT('',(-21.69999999461,-6.000000003024));
#4566 = ( GEOMETRIC_REPRESENTATION_CONTEXT(2) 
PARAMETRIC_REPRESENTATION_CONTEXT() REPRESENTATION_CONTEXT('2D SPACE',''
  ) );
#4567 = ORIENTED_EDGE('',*,*,#4422,.F.);
#4568 = ADVANCED_FACE('',(#4569),#2233,.F.);
#4569 = FACE_BOUND('',#4570,.F.);
#4570 = EDGE_LOOP('',(#4571,#4594,#4620,#4621));
#4571 = ORIENTED_EDGE('',*,*,#4572,.T.);
#4572 = EDGE_CURVE('',#2213,#4573,#4575,.T.);
#4573 = VERTEX_POINT('',#4574);
#4574 = CARTESIAN_POINT('',(-20.2,5.999999911083,4.5));
#4575 = SURFACE_CURVE('',#4576,(#4580,#4587),.PCURVE_S1.);
#4576 = LINE('',#4577,#4578);
#4577 = CARTESIAN_POINT('',(-20.2,5.999999911083,2.));
#4578 = VECTOR('',#4579,1.);
#4579 = DIRECTION('',(0.,0.,1.));
#4580 = PCURVE('',#2233,#4581);
#4581 = DEFINITIONAL_REPRESENTATION('',(#4582),#4586);
#4582 = LINE('',#4583,#4584);
#4583 = CARTESIAN_POINT('',(0.,0.));
#4584 = VECTOR('',#4585,1.);
#4585 = DIRECTION('',(0.,-1.));
#4586 = ( GEOMETRIC_REPRESENTATION_CONTEXT(2) 
PARAMETRIC_REPRESENTATION_CONTEXT() REPRESENTATION_CONTEXT('2D SPACE',''
  ) );
#4587 = PCURVE('',#2261,#4588);
#4588 = DEFINITIONAL_REPRESENTATION('',(#4589),#4593);
#4589 = LINE('',#4590,#4591);
#4590 = CARTESIAN_POINT('',(11.999999911083,0.));
#4591 = VECTOR('',#4592,1.);
#4592 = DIRECTION('',(0.,-1.));
#4593 = ( GEOMETRIC_REPRESENTATION_CONTEXT(2) 
PARAMETRIC_REPRESENTATION_CONTEXT() REPRESENTATION_CONTEXT('2D SPACE',''
  ) );
#4594 = ORIENTED_EDGE('',*,*,#4595,.T.);
#4595 = EDGE_CURVE('',#4573,#4472,#4596,.T.);
#4596 = SURFACE_CURVE('',#4597,(#4602,#4609),.PCURVE_S1.);
#4597 = CIRCLE('',#4598,13.2);
#4598 = AXIS2_PLACEMENT_3D('',#4599,#4600,#4601);
#4599 = CARTESIAN_POINT('',(-7.,5.999999911083,4.5));
#4600 = DIRECTION('',(0.,0.,-1.));
#4601 = DIRECTION('',(-1.,0.,0.));
#4602 = PCURVE('',#2233,#4603);
#4603 = DEFINITIONAL_REPRESENTATION('',(#4604),#4608);
#4604 = LINE('',#4605,#4606);
#4605 = CARTESIAN_POINT('',(0.,-2.5));
#4606 = VECTOR('',#4607,1.);
#4607 = DIRECTION('',(1.,0.));
#4608 = ( GEOMETRIC_REPRESENTATION_CONTEXT(2) 
PARAMETRIC_REPRESENTATION_CONTEXT() REPRESENTATION_CONTEXT('2D SPACE',''
  ) );
#4609 = PCURVE('',#3973,#4610);
#4610 = DEFINITIONAL_REPRESENTATION('',(#4611),#4619);
#4611 = ( BOUNDED_CURVE() B_SPLINE_CURVE(2,(#4612,#4613,#4614,#4615,
#4616,#4617,#4618),.UNSPECIFIED.,.T.,.F.) B_SPLINE_CURVE_WITH_KNOTS((1,2
    ,2,2,2,1),(-2.094395102393,0.,2.094395102393,4.188790204786,
6.28318530718,8.377580409573),.UNSPECIFIED.) CURVE() 
GEOMETRIC_REPRESENTATION_ITEM() RATIONAL_B_SPLINE_CURVE((1.,0.5,1.,0.5,
1.,0.5,1.)) REPRESENTATION_ITEM('') );
#4612 = CARTESIAN_POINT('',(-20.19999999461,5.999999908059));
#4613 = CARTESIAN_POINT('',(-20.19999999461,28.863070567968));
#4614 = CARTESIAN_POINT('',(-0.399999994612,17.431535238014));
#4615 = CARTESIAN_POINT('',(19.400000005388,5.999999908059));
#4616 = CARTESIAN_POINT('',(-0.399999994612,-5.431535421896));
#4617 = CARTESIAN_POINT('',(-20.19999999461,-16.86307075185));
#4618 = CARTESIAN_POINT('',(-20.19999999461,5.999999908059));
#4619 = ( GEOMETRIC_REPRESENTATION_CONTEXT(2) 
PARAMETRIC_REPRESENTATION_CONTEXT() REPRESENTATION_CONTEXT('2D SPACE',''
  ) );
#4620 = ORIENTED_EDGE('',*,*,#4471,.F.);
#4621 = ORIENTED_EDGE('',*,*,#2212,.F.);
#4622 = ADVANCED_FACE('',(#4623),#2323,.F.);
#4623 = FACE_BOUND('',#4624,.F.);
#4624 = EDGE_LOOP('',(#4625,#4646,#4647,#4648));
#4625 = ORIENTED_EDGE('',*,*,#4626,.T.);
#4626 = EDGE_CURVE('',#4627,#2274,#4629,.T.);
#4627 = VERTEX_POINT('',#4628);
#4628 = CARTESIAN_POINT('',(-18.98268598628,-11.53671712787,4.5));
#4629 = SURFACE_CURVE('',#4630,(#4634,#4640),.PCURVE_S1.);
#4630 = LINE('',#4631,#4632);
#4631 = CARTESIAN_POINT('',(-18.98268598628,-11.53671712787,2.));
#4632 = VECTOR('',#4633,1.);
#4633 = DIRECTION('',(0.,0.,-1.));
#4634 = PCURVE('',#2323,#4635);
#4635 = DEFINITIONAL_REPRESENTATION('',(#4636),#4639);
#4636 = B_SPLINE_CURVE_WITH_KNOTS('',1,(#4637,#4638),.UNSPECIFIED.,.F.,
  .F.,(2,2),(-2.5000006,5.999999999062E-07),.PIECEWISE_BEZIER_KNOTS.);
#4637 = CARTESIAN_POINT('',(1.847273521448,2.5000006));
#4638 = CARTESIAN_POINT('',(1.847273521448,-5.999999999062E-07));
#4639 = ( GEOMETRIC_REPRESENTATION_CONTEXT(2) 
PARAMETRIC_REPRESENTATION_CONTEXT() REPRESENTATION_CONTEXT('2D SPACE',''
  ) );
#4640 = PCURVE('',#2294,#4641);
#4641 = DEFINITIONAL_REPRESENTATION('',(#4642),#4645);
#4642 = B_SPLINE_CURVE_WITH_KNOTS('',1,(#4643,#4644),.UNSPECIFIED.,.F.,
  .F.,(2,2),(-2.5000006,5.999999999062E-07),.PIECEWISE_BEZIER_KNOTS.);
#4643 = CARTESIAN_POINT('',(5.850347855454,-2.5000006));
#4644 = CARTESIAN_POINT('',(5.850347855454,5.999999999062E-07));
#4645 = ( GEOMETRIC_REPRESENTATION_CONTEXT(2) 
PARAMETRIC_REPRESENTATION_CONTEXT() REPRESENTATION_CONTEXT('2D SPACE',''
  ) );
#4646 = ORIENTED_EDGE('',*,*,#2306,.T.);
#4647 = ORIENTED_EDGE('',*,*,#4521,.F.);
#4648 = ORIENTED_EDGE('',*,*,#4649,.F.);
#4649 = EDGE_CURVE('',#4627,#4522,#4650,.T.);
#4650 = SURFACE_CURVE('',#4651,(#4656,#4663),.PCURVE_S1.);
#4651 = CIRCLE('',#4652,3.6);
#4652 = AXIS2_PLACEMENT_3D('',#4653,#4654,#4655);
#4653 = CARTESIAN_POINT('',(-18.,-15.,4.5));
#4654 = DIRECTION('',(0.,0.,1.));
#4655 = DIRECTION('',(1.,0.,-0.));
#4656 = PCURVE('',#2323,#4657);
#4657 = DEFINITIONAL_REPRESENTATION('',(#4658),#4662);
#4658 = LINE('',#4659,#4660);
#4659 = CARTESIAN_POINT('',(0.,2.5));
#4660 = VECTOR('',#4661,1.);
#4661 = DIRECTION('',(1.,0.));
#4662 = ( GEOMETRIC_REPRESENTATION_CONTEXT(2) 
PARAMETRIC_REPRESENTATION_CONTEXT() REPRESENTATION_CONTEXT('2D SPACE',''
  ) );
#4663 = PCURVE('',#3973,#4664);
#4664 = DEFINITIONAL_REPRESENTATION('',(#4665),#4669);
#4665 = CIRCLE('',#4666,3.6);
#4666 = AXIS2_PLACEMENT_2D('',#4667,#4668);
#4667 = CARTESIAN_POINT('',(-17.99999999461,-15.00000000302));
#4668 = DIRECTION('',(1.,0.));
#4669 = ( GEOMETRIC_REPRESENTATION_CONTEXT(2) 
PARAMETRIC_REPRESENTATION_CONTEXT() REPRESENTATION_CONTEXT('2D SPACE',''
  ) );
#4670 = ADVANCED_FACE('',(#4671),#2261,.F.);
#4671 = FACE_BOUND('',#4672,.F.);
#4672 = EDGE_LOOP('',(#4673,#4696,#4717,#4718));
#4673 = ORIENTED_EDGE('',*,*,#4674,.T.);
#4674 = EDGE_CURVE('',#2246,#4675,#4677,.T.);
#4675 = VERTEX_POINT('',#4676);
#4676 = CARTESIAN_POINT('',(-20.2,-6.,4.5));
#4677 = SURFACE_CURVE('',#4678,(#4682,#4689),.PCURVE_S1.);
#4678 = LINE('',#4679,#4680);
#4679 = CARTESIAN_POINT('',(-20.2,-6.,2.));
#4680 = VECTOR('',#4681,1.);
#4681 = DIRECTION('',(0.,0.,1.));
#4682 = PCURVE('',#2261,#4683);
#4683 = DEFINITIONAL_REPRESENTATION('',(#4684),#4688);
#4684 = LINE('',#4685,#4686);
#4685 = CARTESIAN_POINT('',(-1.7763568394E-15,0.));
#4686 = VECTOR('',#4687,1.);
#4687 = DIRECTION('',(0.,-1.));
#4688 = ( GEOMETRIC_REPRESENTATION_CONTEXT(2) 
PARAMETRIC_REPRESENTATION_CONTEXT() REPRESENTATION_CONTEXT('2D SPACE',''
  ) );
#4689 = PCURVE('',#2294,#4690);
#4690 = DEFINITIONAL_REPRESENTATION('',(#4691),#4695);
#4691 = LINE('',#4692,#4693);
#4692 = CARTESIAN_POINT('',(6.28318530718,0.));
#4693 = VECTOR('',#4694,1.);
#4694 = DIRECTION('',(0.,-1.));
#4695 = ( GEOMETRIC_REPRESENTATION_CONTEXT(2) 
PARAMETRIC_REPRESENTATION_CONTEXT() REPRESENTATION_CONTEXT('2D SPACE',''
  ) );
#4696 = ORIENTED_EDGE('',*,*,#4697,.T.);
#4697 = EDGE_CURVE('',#4675,#4573,#4698,.T.);
#4698 = SURFACE_CURVE('',#4699,(#4703,#4710),.PCURVE_S1.);
#4699 = LINE('',#4700,#4701);
#4700 = CARTESIAN_POINT('',(-20.2,1.7763568394E-15,4.5));
#4701 = VECTOR('',#4702,1.);
#4702 = DIRECTION('',(0.,1.,0.));
#4703 = PCURVE('',#2261,#4704);
#4704 = DEFINITIONAL_REPRESENTATION('',(#4705),#4709);
#4705 = LINE('',#4706,#4707);
#4706 = CARTESIAN_POINT('',(6.,-2.5));
#4707 = VECTOR('',#4708,1.);
#4708 = DIRECTION('',(1.,0.));
#4709 = ( GEOMETRIC_REPRESENTATION_CONTEXT(2) 
PARAMETRIC_REPRESENTATION_CONTEXT() REPRESENTATION_CONTEXT('2D SPACE',''
  ) );
#4710 = PCURVE('',#3973,#4711);
#4711 = DEFINITIONAL_REPRESENTATION('',(#4712),#4716);
#4712 = LINE('',#4713,#4714);
#4713 = CARTESIAN_POINT('',(-20.19999999461,-3.023583082416E-09));
#4714 = VECTOR('',#4715,1.);
#4715 = DIRECTION('',(0.,1.));
#4716 = ( GEOMETRIC_REPRESENTATION_CONTEXT(2) 
PARAMETRIC_REPRESENTATION_CONTEXT() REPRESENTATION_CONTEXT('2D SPACE',''
  ) );
#4717 = ORIENTED_EDGE('',*,*,#4572,.F.);
#4718 = ORIENTED_EDGE('',*,*,#2245,.F.);
#4719 = ADVANCED_FACE('',(#4720),#2294,.F.);
#4720 = FACE_BOUND('',#4721,.F.);
#4721 = EDGE_LOOP('',(#4722,#4723,#4724,#4750));
#4722 = ORIENTED_EDGE('',*,*,#2273,.F.);
#4723 = ORIENTED_EDGE('',*,*,#4626,.F.);
#4724 = ORIENTED_EDGE('',*,*,#4725,.T.);
#4725 = EDGE_CURVE('',#4627,#4675,#4726,.T.);
#4726 = SURFACE_CURVE('',#4727,(#4732,#4739),.PCURVE_S1.);
#4727 = CIRCLE('',#4728,13.2);
#4728 = AXIS2_PLACEMENT_3D('',#4729,#4730,#4731);
#4729 = CARTESIAN_POINT('',(-7.,-6.,4.5));
#4730 = DIRECTION('',(0.,0.,-1.));
#4731 = DIRECTION('',(-1.,0.,0.));
#4732 = PCURVE('',#2294,#4733);
#4733 = DEFINITIONAL_REPRESENTATION('',(#4734),#4738);
#4734 = LINE('',#4735,#4736);
#4735 = CARTESIAN_POINT('',(0.,-2.5));
#4736 = VECTOR('',#4737,1.);
#4737 = DIRECTION('',(1.,0.));
#4738 = ( GEOMETRIC_REPRESENTATION_CONTEXT(2) 
PARAMETRIC_REPRESENTATION_CONTEXT() REPRESENTATION_CONTEXT('2D SPACE',''
  ) );
#4739 = PCURVE('',#3973,#4740);
#4740 = DEFINITIONAL_REPRESENTATION('',(#4741),#4749);
#4741 = ( BOUNDED_CURVE() B_SPLINE_CURVE(2,(#4742,#4743,#4744,#4745,
#4746,#4747,#4748),.UNSPECIFIED.,.T.,.F.) B_SPLINE_CURVE_WITH_KNOTS((1,2
    ,2,2,2,1),(-2.094395102393,0.,2.094395102393,4.188790204786,
6.28318530718,8.377580409573),.UNSPECIFIED.) CURVE() 
GEOMETRIC_REPRESENTATION_ITEM() RATIONAL_B_SPLINE_CURVE((1.,0.5,1.,0.5,
1.,0.5,1.)) REPRESENTATION_ITEM('') );
#4742 = CARTESIAN_POINT('',(-20.19999999461,-6.000000003024));
#4743 = CARTESIAN_POINT('',(-20.19999999461,16.863070656886));
#4744 = CARTESIAN_POINT('',(-0.399999994612,5.431535326931));
#4745 = CARTESIAN_POINT('',(19.400000005388,-6.000000003024));
#4746 = CARTESIAN_POINT('',(-0.399999994612,-17.43153533297));
#4747 = CARTESIAN_POINT('',(-20.19999999461,-28.86307066293));
#4748 = CARTESIAN_POINT('',(-20.19999999461,-6.000000003024));
#4749 = ( GEOMETRIC_REPRESENTATION_CONTEXT(2) 
PARAMETRIC_REPRESENTATION_CONTEXT() REPRESENTATION_CONTEXT('2D SPACE',''
  ) );
#4750 = ORIENTED_EDGE('',*,*,#4674,.F.);
#4751 = ADVANCED_FACE('',(#4752),#2864,.T.);
#4752 = FACE_BOUND('',#4753,.T.);
#4753 = EDGE_LOOP('',(#4754,#4755,#4756,#4757));
#4754 = ORIENTED_EDGE('',*,*,#3742,.F.);
#4755 = ORIENTED_EDGE('',*,*,#3670,.F.);
#4756 = ORIENTED_EDGE('',*,*,#2849,.F.);
#4757 = ORIENTED_EDGE('',*,*,#3770,.T.);
#4758 = ADVANCED_FACE('',(#4759),#3147,.T.);
#4759 = FACE_BOUND('',#4760,.T.);
#4760 = EDGE_LOOP('',(#4761,#4762,#4763,#4764));
#4761 = ORIENTED_EDGE('',*,*,#3822,.F.);
#4762 = ORIENTED_EDGE('',*,*,#3854,.F.);
#4763 = ORIENTED_EDGE('',*,*,#3902,.T.);
#4764 = ORIENTED_EDGE('',*,*,#3132,.T.);
#4765 = ADVANCED_FACE('',(#4766),#3973,.T.);
#4766 = FACE_BOUND('',#4767,.T.);
#4767 = EDGE_LOOP('',(#4768,#4769,#4770,#4771,#4772,#4773,#4774,#4775,
    #4776,#4777,#4778,#4779,#4780,#4781,#4782,#4783));
#4768 = ORIENTED_EDGE('',*,*,#4445,.F.);
#4769 = ORIENTED_EDGE('',*,*,#4542,.F.);
#4770 = ORIENTED_EDGE('',*,*,#4649,.F.);
#4771 = ORIENTED_EDGE('',*,*,#4725,.T.);
#4772 = ORIENTED_EDGE('',*,*,#4697,.T.);
#4773 = ORIENTED_EDGE('',*,*,#4595,.T.);
#4774 = ORIENTED_EDGE('',*,*,#4494,.T.);
#4775 = ORIENTED_EDGE('',*,*,#4391,.T.);
#4776 = ORIENTED_EDGE('',*,*,#4266,.F.);
#4777 = ORIENTED_EDGE('',*,*,#4186,.T.);
#4778 = ORIENTED_EDGE('',*,*,#4083,.F.);
#4779 = ORIENTED_EDGE('',*,*,#3956,.F.);
#4780 = ORIENTED_EDGE('',*,*,#4012,.T.);
#4781 = ORIENTED_EDGE('',*,*,#4131,.F.);
#4782 = ORIENTED_EDGE('',*,*,#4239,.F.);
#4783 = ORIENTED_EDGE('',*,*,#4337,.F.);
#4784 = ( GEOMETRIC_REPRESENTATION_CONTEXT(3) 
GLOBAL_UNCERTAINTY_ASSIGNED_CONTEXT((#4788)) 
GLOBAL_UNIT_ASSIGNED_CONTEXT((#4785,#4786,#4787)) REPRESENTATION_CONTEXT
('Context #1','3D Context with UNIT and UNCERTAINTY') );
#4785 = ( LENGTH_UNIT() NAMED_UNIT(*) SI_UNIT(.MILLI.,.METRE.) );
#4786 = ( NAMED_UNIT(*) PLANE_ANGLE_UNIT() SI_UNIT($,.RADIAN.) );
#4787 = ( NAMED_UNIT(*) SI_UNIT($,.STERADIAN.) SOLID_ANGLE_UNIT() );
#4788 = UNCERTAINTY_MEASURE_WITH_UNIT(LENGTH_MEASURE(1.E-07),#4785,
  'distance_accuracy_value','confusion accuracy');
#4789 = PRODUCT_RELATED_PRODUCT_CATEGORY('part',$,(#7));
#4790 = MECHANICAL_DESIGN_GEOMETRIC_PRESENTATION_REPRESENTATION('',(
    #4791),#4784);
#4791 = STYLED_ITEM('color',(#4792),#15);
#4792 = PRESENTATION_STYLE_ASSIGNMENT((#4793));
#4793 = SURFACE_STYLE_USAGE(.BOTH.,#4794);
#4794 = SURFACE_SIDE_STYLE('',(#4795));
#4795 = SURFACE_STYLE_FILL_AREA(#4796);
#4796 = FILL_AREA_STYLE('',(#4797));
#4797 = FILL_AREA_STYLE_COLOUR('',#4798);
#4798 = COLOUR_RGB('',0.78000000177,0.690000002877,0.599999994755);
ENDSEC;
END-ISO-10303-21;
