ISO-10303-21;
HEADER;
FILE_DESCRIPTION(('Open CASCADE Model'),'2;1');
FILE_NAME('Open CASCADE Shape Model','2026-09-11T20:14:13',('Author'),(
    'Open CASCADE'),'Open CASCADE STEP processor 7.9','Open CASCADE 7.9'
  ,'Unknown');
FILE_SCHEMA(('AUTOMOTIVE_DESIGN { 1 0 10303 214 1 1 1 1 }'));
ENDSEC;
DATA;
#1 = APPLICATION_PROTOCOL_DEFINITION('international standard',
  'automotive_design',2000,#2);
#2 = APPLICATION_CONTEXT(
  'core data for automotive mechanical design processes');
#3 = SHAPE_DEFINITION_REPRESENTATION(#4,#10);
#4 = PRODUCT_DEFINITION_SHAPE('','',#5);
#5 = PRODUCT_DEFINITION('design','',#6,#9);
#6 = PRODUCT_DEFINITION_FORMATION('','',#7);
#7 = PRODUCT('piku_back_with_touch_retaining_fingers',
  'piku_back_with_touch_retaining_fingers','',(#8));
#8 = PRODUCT_CONTEXT('',#2,'mechanical');
#9 = PRODUCT_DEFINITION_CONTEXT('part definition',#2,'design');
#10 = ADVANCED_BREP_SHAPE_REPRESENTATION('',(#11,#15),#5412);
#11 = AXIS2_PLACEMENT_3D('',#12,#13,#14);
#12 = CARTESIAN_POINT('',(0.,0.,0.));
#13 = DIRECTION('',(0.,0.,1.));
#14 = DIRECTION('',(1.,0.,-0.));
#15 = MANIFOLD_SOLID_BREP('',#16);
#16 = CLOSED_SHELL('',(#17,#137,#219,#297,#1209,#2925,#2952,#2979,#3006,
    #3033,#3127,#3154,#3181,#3208,#3235,#3262,#3289,#3316,#3390,#3417,
    #3444,#3491,#3518,#3545,#3572,#3599,#3626,#3653,#3660,#3707,#3734,
    #3761,#3788,#3815,#3842,#3869,#3876,#3928,#3976,#4008,#4060,#4108,
    #4140,#4216,#4265,#4314,#4341,#4420,#4469,#4517,#4571,#4625,#4674,
    #4723,#4777,#4831,#4880,#4929,#4981,#5035,#5083,#5132,#5164,#5240,
    #5289,#5338,#5365,#5372,#5379,#5386,#5405));
#17 = ADVANCED_FACE('',(#18),#32,.T.);
#18 = FACE_BOUND('',#19,.T.);
#19 = EDGE_LOOP('',(#20,#55,#83,#111));
#20 = ORIENTED_EDGE('',*,*,#21,.T.);
#21 = EDGE_CURVE('',#22,#24,#26,.T.);
#22 = VERTEX_POINT('',#23);
#23 = CARTESIAN_POINT('',(-24.,-6.,0.));
#24 = VERTEX_POINT('',#25);
#25 = CARTESIAN_POINT('',(-24.,-6.,2.));
#26 = SURFACE_CURVE('',#27,(#31,#43),.PCURVE_S1.);
#27 = LINE('',#28,#29);
#28 = CARTESIAN_POINT('',(-24.,-6.,0.));
#29 = VECTOR('',#30,1.);
#30 = DIRECTION('',(0.,0.,1.));
#31 = PCURVE('',#32,#37);
#32 = PLANE('',#33);
#33 = AXIS2_PLACEMENT_3D('',#34,#35,#36);
#34 = CARTESIAN_POINT('',(-24.,-6.,0.));
#35 = DIRECTION('',(-1.,0.,0.));
#36 = DIRECTION('',(0.,1.,0.));
#37 = DEFINITIONAL_REPRESENTATION('',(#38),#42);
#38 = LINE('',#39,#40);
#39 = CARTESIAN_POINT('',(2.6645352591E-15,0.));
#40 = VECTOR('',#41,1.);
#41 = DIRECTION('',(0.,-1.));
#42 = ( GEOMETRIC_REPRESENTATION_CONTEXT(2) 
PARAMETRIC_REPRESENTATION_CONTEXT() REPRESENTATION_CONTEXT('2D SPACE',''
  ) );
#43 = PCURVE('',#44,#49);
#44 = CYLINDRICAL_SURFACE('',#45,17.);
#45 = AXIS2_PLACEMENT_3D('',#46,#47,#48);
#46 = CARTESIAN_POINT('',(-7.,-6.,0.));
#47 = DIRECTION('',(-0.,-0.,-1.));
#48 = DIRECTION('',(1.,0.,0.));
#49 = DEFINITIONAL_REPRESENTATION('',(#50),#54);
#50 = LINE('',#51,#52);
#51 = CARTESIAN_POINT('',(-3.14159265359,0.));
#52 = VECTOR('',#53,1.);
#53 = DIRECTION('',(-0.,-1.));
#54 = ( GEOMETRIC_REPRESENTATION_CONTEXT(2) 
PARAMETRIC_REPRESENTATION_CONTEXT() REPRESENTATION_CONTEXT('2D SPACE',''
  ) );
#55 = ORIENTED_EDGE('',*,*,#56,.T.);
#56 = EDGE_CURVE('',#24,#57,#59,.T.);
#57 = VERTEX_POINT('',#58);
#58 = CARTESIAN_POINT('',(-24.,5.99999999642,2.));
#59 = SURFACE_CURVE('',#60,(#64,#71),.PCURVE_S1.);
#60 = LINE('',#61,#62);
#61 = CARTESIAN_POINT('',(-24.,1.7763568394E-15,2.));
#62 = VECTOR('',#63,1.);
#63 = DIRECTION('',(0.,1.,0.));
#64 = PCURVE('',#32,#65);
#65 = DEFINITIONAL_REPRESENTATION('',(#66),#70);
#66 = LINE('',#67,#68);
#67 = CARTESIAN_POINT('',(6.,-2.));
#68 = VECTOR('',#69,1.);
#69 = DIRECTION('',(1.,0.));
#70 = ( GEOMETRIC_REPRESENTATION_CONTEXT(2) 
PARAMETRIC_REPRESENTATION_CONTEXT() REPRESENTATION_CONTEXT('2D SPACE',''
  ) );
#71 = PCURVE('',#72,#77);
#72 = PLANE('',#73);
#73 = AXIS2_PLACEMENT_3D('',#74,#75,#76);
#74 = CARTESIAN_POINT('',(-4.401982376383E-10,-1.168974250944E-09,2.));
#75 = DIRECTION('',(0.,0.,1.));
#76 = DIRECTION('',(1.,0.,-0.));
#77 = DEFINITIONAL_REPRESENTATION('',(#78),#82);
#78 = LINE('',#79,#80);
#79 = CARTESIAN_POINT('',(-23.99999999956,1.168976027301E-09));
#80 = VECTOR('',#81,1.);
#81 = DIRECTION('',(0.,1.));
#82 = ( GEOMETRIC_REPRESENTATION_CONTEXT(2) 
PARAMETRIC_REPRESENTATION_CONTEXT() REPRESENTATION_CONTEXT('2D SPACE',''
  ) );
#83 = ORIENTED_EDGE('',*,*,#84,.F.);
#84 = EDGE_CURVE('',#85,#57,#87,.T.);
#85 = VERTEX_POINT('',#86);
#86 = CARTESIAN_POINT('',(-24.,5.99999999642,0.));
#87 = SURFACE_CURVE('',#88,(#92,#99),.PCURVE_S1.);
#88 = LINE('',#89,#90);
#89 = CARTESIAN_POINT('',(-24.,5.99999999642,0.));
#90 = VECTOR('',#91,1.);
#91 = DIRECTION('',(0.,0.,1.));
#92 = PCURVE('',#32,#93);
#93 = DEFINITIONAL_REPRESENTATION('',(#94),#98);
#94 = LINE('',#95,#96);
#95 = CARTESIAN_POINT('',(11.99999999642,0.));
#96 = VECTOR('',#97,1.);
#97 = DIRECTION('',(0.,-1.));
#98 = ( GEOMETRIC_REPRESENTATION_CONTEXT(2) 
PARAMETRIC_REPRESENTATION_CONTEXT() REPRESENTATION_CONTEXT('2D SPACE',''
  ) );
#99 = PCURVE('',#100,#105);
#100 = CYLINDRICAL_SURFACE('',#101,17.);
#101 = AXIS2_PLACEMENT_3D('',#102,#103,#104);
#102 = CARTESIAN_POINT('',(-7.,5.99999999642,0.));
#103 = DIRECTION('',(-0.,-0.,-1.));
#104 = DIRECTION('',(1.,0.,0.));
#105 = DEFINITIONAL_REPRESENTATION('',(#106),#110);
#106 = LINE('',#107,#108);
#107 = CARTESIAN_POINT('',(-3.14159265359,0.));
#108 = VECTOR('',#109,1.);
#109 = DIRECTION('',(-0.,-1.));
#110 = ( GEOMETRIC_REPRESENTATION_CONTEXT(2) 
PARAMETRIC_REPRESENTATION_CONTEXT() REPRESENTATION_CONTEXT('2D SPACE',''
  ) );
#111 = ORIENTED_EDGE('',*,*,#112,.F.);
#112 = EDGE_CURVE('',#22,#85,#113,.T.);
#113 = SURFACE_CURVE('',#114,(#118,#125),.PCURVE_S1.);
#114 = LINE('',#115,#116);
#115 = CARTESIAN_POINT('',(-24.,1.7763568394E-15,0.));
#116 = VECTOR('',#117,1.);
#117 = DIRECTION('',(0.,1.,0.));
#118 = PCURVE('',#32,#119);
#119 = DEFINITIONAL_REPRESENTATION('',(#120),#124);
#120 = LINE('',#121,#122);
#121 = CARTESIAN_POINT('',(6.,0.));
#122 = VECTOR('',#123,1.);
#123 = DIRECTION('',(1.,0.));
#124 = ( GEOMETRIC_REPRESENTATION_CONTEXT(2) 
PARAMETRIC_REPRESENTATION_CONTEXT() REPRESENTATION_CONTEXT('2D SPACE',''
  ) );
#125 = PCURVE('',#126,#131);
#126 = PLANE('',#127);
#127 = AXIS2_PLACEMENT_3D('',#128,#129,#130);
#128 = CARTESIAN_POINT('',(-4.401982376383E-10,-1.168974250944E-09,0.));
#129 = DIRECTION('',(0.,0.,1.));
#130 = DIRECTION('',(1.,0.,-0.));
#131 = DEFINITIONAL_REPRESENTATION('',(#132),#136);
#132 = LINE('',#133,#134);
#133 = CARTESIAN_POINT('',(-23.99999999956,1.168976027301E-09));
#134 = VECTOR('',#135,1.);
#135 = DIRECTION('',(0.,1.));
#136 = ( GEOMETRIC_REPRESENTATION_CONTEXT(2) 
PARAMETRIC_REPRESENTATION_CONTEXT() REPRESENTATION_CONTEXT('2D SPACE',''
  ) );
#137 = ADVANCED_FACE('',(#138),#44,.T.);
#138 = FACE_BOUND('',#139,.F.);
#139 = EDGE_LOOP('',(#140,#141,#169,#197));
#140 = ORIENTED_EDGE('',*,*,#21,.T.);
#141 = ORIENTED_EDGE('',*,*,#142,.F.);
#142 = EDGE_CURVE('',#143,#24,#145,.T.);
#143 = VERTEX_POINT('',#144);
#144 = CARTESIAN_POINT('',(-7.,-23.,2.));
#145 = SURFACE_CURVE('',#146,(#151,#158),.PCURVE_S1.);
#146 = CIRCLE('',#147,17.);
#147 = AXIS2_PLACEMENT_3D('',#148,#149,#150);
#148 = CARTESIAN_POINT('',(-7.,-6.,2.));
#149 = DIRECTION('',(0.,-0.,-1.));
#150 = DIRECTION('',(0.,-1.,0.));
#151 = PCURVE('',#44,#152);
#152 = DEFINITIONAL_REPRESENTATION('',(#153),#157);
#153 = LINE('',#154,#155);
#154 = CARTESIAN_POINT('',(-4.712388980385,-2.));
#155 = VECTOR('',#156,1.);
#156 = DIRECTION('',(1.,-0.));
#157 = ( GEOMETRIC_REPRESENTATION_CONTEXT(2) 
PARAMETRIC_REPRESENTATION_CONTEXT() REPRESENTATION_CONTEXT('2D SPACE',''
  ) );
#158 = PCURVE('',#72,#159);
#159 = DEFINITIONAL_REPRESENTATION('',(#160),#168);
#160 = ( BOUNDED_CURVE() B_SPLINE_CURVE(2,(#161,#162,#163,#164,#165,#166
,#167),.UNSPECIFIED.,.T.,.F.) B_SPLINE_CURVE_WITH_KNOTS((1,2,2,2,2,1),(
    -2.094395102393,0.,2.094395102393,4.188790204786,6.28318530718,
8.377580409573),.UNSPECIFIED.) CURVE() GEOMETRIC_REPRESENTATION_ITEM() 
RATIONAL_B_SPLINE_CURVE((1.,0.5,1.,0.5,1.,0.5,1.)) REPRESENTATION_ITEM(
  '') );
#161 = CARTESIAN_POINT('',(-6.99999999956,-22.99999999883));
#162 = CARTESIAN_POINT('',(-36.44486372823,-22.99999999883));
#163 = CARTESIAN_POINT('',(-21.72243186389,2.500000001169));
#164 = CARTESIAN_POINT('',(-6.99999999956,28.000000001169));
#165 = CARTESIAN_POINT('',(7.722431864776,2.500000001169));
#166 = CARTESIAN_POINT('',(22.444863729111,-22.99999999883));
#167 = CARTESIAN_POINT('',(-6.99999999956,-22.99999999883));
#168 = ( GEOMETRIC_REPRESENTATION_CONTEXT(2) 
PARAMETRIC_REPRESENTATION_CONTEXT() REPRESENTATION_CONTEXT('2D SPACE',''
  ) );
#169 = ORIENTED_EDGE('',*,*,#170,.F.);
#170 = EDGE_CURVE('',#171,#143,#173,.T.);
#171 = VERTEX_POINT('',#172);
#172 = CARTESIAN_POINT('',(-7.,-23.,0.));
#173 = SURFACE_CURVE('',#174,(#178,#185),.PCURVE_S1.);
#174 = LINE('',#175,#176);
#175 = CARTESIAN_POINT('',(-7.,-23.,0.));
#176 = VECTOR('',#177,1.);
#177 = DIRECTION('',(0.,0.,1.));
#178 = PCURVE('',#44,#179);
#179 = DEFINITIONAL_REPRESENTATION('',(#180),#184);
#180 = LINE('',#181,#182);
#181 = CARTESIAN_POINT('',(-4.712388980385,0.));
#182 = VECTOR('',#183,1.);
#183 = DIRECTION('',(-0.,-1.));
#184 = ( GEOMETRIC_REPRESENTATION_CONTEXT(2) 
PARAMETRIC_REPRESENTATION_CONTEXT() REPRESENTATION_CONTEXT('2D SPACE',''
  ) );
#185 = PCURVE('',#186,#191);
#186 = PLANE('',#187);
#187 = AXIS2_PLACEMENT_3D('',#188,#189,#190);
#188 = CARTESIAN_POINT('',(-7.,-23.,0.));
#189 = DIRECTION('',(0.,1.,0.));
#190 = DIRECTION('',(1.,0.,0.));
#191 = DEFINITIONAL_REPRESENTATION('',(#192),#196);
#192 = LINE('',#193,#194);
#193 = CARTESIAN_POINT('',(0.,0.));
#194 = VECTOR('',#195,1.);
#195 = DIRECTION('',(0.,-1.));
#196 = ( GEOMETRIC_REPRESENTATION_CONTEXT(2) 
PARAMETRIC_REPRESENTATION_CONTEXT() REPRESENTATION_CONTEXT('2D SPACE',''
  ) );
#197 = ORIENTED_EDGE('',*,*,#198,.F.);
#198 = EDGE_CURVE('',#22,#171,#199,.T.);
#199 = SURFACE_CURVE('',#200,(#205,#212),.PCURVE_S1.);
#200 = CIRCLE('',#201,17.);
#201 = AXIS2_PLACEMENT_3D('',#202,#203,#204);
#202 = CARTESIAN_POINT('',(-7.,-6.,0.));
#203 = DIRECTION('',(0.,0.,1.));
#204 = DIRECTION('',(1.,0.,0.));
#205 = PCURVE('',#44,#206);
#206 = DEFINITIONAL_REPRESENTATION('',(#207),#211);
#207 = LINE('',#208,#209);
#208 = CARTESIAN_POINT('',(-0.,0.));
#209 = VECTOR('',#210,1.);
#210 = DIRECTION('',(-1.,0.));
#211 = ( GEOMETRIC_REPRESENTATION_CONTEXT(2) 
PARAMETRIC_REPRESENTATION_CONTEXT() REPRESENTATION_CONTEXT('2D SPACE',''
  ) );
#212 = PCURVE('',#126,#213);
#213 = DEFINITIONAL_REPRESENTATION('',(#214),#218);
#214 = CIRCLE('',#215,17.);
#215 = AXIS2_PLACEMENT_2D('',#216,#217);
#216 = CARTESIAN_POINT('',(-6.99999999956,-5.999999998831));
#217 = DIRECTION('',(1.,0.));
#218 = ( GEOMETRIC_REPRESENTATION_CONTEXT(2) 
PARAMETRIC_REPRESENTATION_CONTEXT() REPRESENTATION_CONTEXT('2D SPACE',''
  ) );
#219 = ADVANCED_FACE('',(#220),#100,.T.);
#220 = FACE_BOUND('',#221,.F.);
#221 = EDGE_LOOP('',(#222,#252,#274,#275));
#222 = ORIENTED_EDGE('',*,*,#223,.T.);
#223 = EDGE_CURVE('',#224,#226,#228,.T.);
#224 = VERTEX_POINT('',#225);
#225 = CARTESIAN_POINT('',(-7.,22.99999999821,0.));
#226 = VERTEX_POINT('',#227);
#227 = CARTESIAN_POINT('',(-7.,22.99999999821,2.));
#228 = SURFACE_CURVE('',#229,(#233,#240),.PCURVE_S1.);
#229 = LINE('',#230,#231);
#230 = CARTESIAN_POINT('',(-7.,22.99999999821,0.));
#231 = VECTOR('',#232,1.);
#232 = DIRECTION('',(0.,0.,1.));
#233 = PCURVE('',#100,#234);
#234 = DEFINITIONAL_REPRESENTATION('',(#235),#239);
#235 = LINE('',#236,#237);
#236 = CARTESIAN_POINT('',(-1.570796326795,0.));
#237 = VECTOR('',#238,1.);
#238 = DIRECTION('',(-0.,-1.));
#239 = ( GEOMETRIC_REPRESENTATION_CONTEXT(2) 
PARAMETRIC_REPRESENTATION_CONTEXT() REPRESENTATION_CONTEXT('2D SPACE',''
  ) );
#240 = PCURVE('',#241,#246);
#241 = PLANE('',#242);
#242 = AXIS2_PLACEMENT_3D('',#243,#244,#245);
#243 = CARTESIAN_POINT('',(-7.,23.,0.));
#244 = DIRECTION('',(0.,1.,0.));
#245 = DIRECTION('',(1.,0.,0.));
#246 = DEFINITIONAL_REPRESENTATION('',(#247),#251);
#247 = LINE('',#248,#249);
#248 = CARTESIAN_POINT('',(0.,0.));
#249 = VECTOR('',#250,1.);
#250 = DIRECTION('',(0.,-1.));
#251 = ( GEOMETRIC_REPRESENTATION_CONTEXT(2) 
PARAMETRIC_REPRESENTATION_CONTEXT() REPRESENTATION_CONTEXT('2D SPACE',''
  ) );
#252 = ORIENTED_EDGE('',*,*,#253,.T.);
#253 = EDGE_CURVE('',#226,#57,#254,.T.);
#254 = SURFACE_CURVE('',#255,(#260,#267),.PCURVE_S1.);
#255 = CIRCLE('',#256,17.);
#256 = AXIS2_PLACEMENT_3D('',#257,#258,#259);
#257 = CARTESIAN_POINT('',(-7.,5.99999999642,2.));
#258 = DIRECTION('',(0.,0.,1.));
#259 = DIRECTION('',(1.,0.,0.));
#260 = PCURVE('',#100,#261);
#261 = DEFINITIONAL_REPRESENTATION('',(#262),#266);
#262 = LINE('',#263,#264);
#263 = CARTESIAN_POINT('',(-0.,-2.));
#264 = VECTOR('',#265,1.);
#265 = DIRECTION('',(-1.,0.));
#266 = ( GEOMETRIC_REPRESENTATION_CONTEXT(2) 
PARAMETRIC_REPRESENTATION_CONTEXT() REPRESENTATION_CONTEXT('2D SPACE',''
  ) );
#267 = PCURVE('',#72,#268);
#268 = DEFINITIONAL_REPRESENTATION('',(#269),#273);
#269 = CIRCLE('',#270,17.);
#270 = AXIS2_PLACEMENT_2D('',#271,#272);
#271 = CARTESIAN_POINT('',(-6.99999999956,5.999999997589));
#272 = DIRECTION('',(1.,0.));
#273 = ( GEOMETRIC_REPRESENTATION_CONTEXT(2) 
PARAMETRIC_REPRESENTATION_CONTEXT() REPRESENTATION_CONTEXT('2D SPACE',''
  ) );
#274 = ORIENTED_EDGE('',*,*,#84,.F.);
#275 = ORIENTED_EDGE('',*,*,#276,.F.);
#276 = EDGE_CURVE('',#224,#85,#277,.T.);
#277 = SURFACE_CURVE('',#278,(#283,#290),.PCURVE_S1.);
#278 = CIRCLE('',#279,17.);
#279 = AXIS2_PLACEMENT_3D('',#280,#281,#282);
#280 = CARTESIAN_POINT('',(-7.,5.99999999642,0.));
#281 = DIRECTION('',(0.,0.,1.));
#282 = DIRECTION('',(1.,0.,0.));
#283 = PCURVE('',#100,#284);
#284 = DEFINITIONAL_REPRESENTATION('',(#285),#289);
#285 = LINE('',#286,#287);
#286 = CARTESIAN_POINT('',(-0.,0.));
#287 = VECTOR('',#288,1.);
#288 = DIRECTION('',(-1.,0.));
#289 = ( GEOMETRIC_REPRESENTATION_CONTEXT(2) 
PARAMETRIC_REPRESENTATION_CONTEXT() REPRESENTATION_CONTEXT('2D SPACE',''
  ) );
#290 = PCURVE('',#126,#291);
#291 = DEFINITIONAL_REPRESENTATION('',(#292),#296);
#292 = CIRCLE('',#293,17.);
#293 = AXIS2_PLACEMENT_2D('',#294,#295);
#294 = CARTESIAN_POINT('',(-6.99999999956,5.999999997589));
#295 = DIRECTION('',(1.,0.));
#296 = ( GEOMETRIC_REPRESENTATION_CONTEXT(2) 
PARAMETRIC_REPRESENTATION_CONTEXT() REPRESENTATION_CONTEXT('2D SPACE',''
  ) );
#297 = ADVANCED_FACE('',(#298,#671,#702,#733,#971),#126,.F.);
#298 = FACE_BOUND('',#299,.F.);
#299 = EDGE_LOOP('',(#300,#301,#302,#325,#358,#384,#417,#443,#476,#502,
    #535,#563,#592,#620,#649,#670));
#300 = ORIENTED_EDGE('',*,*,#112,.F.);
#301 = ORIENTED_EDGE('',*,*,#198,.T.);
#302 = ORIENTED_EDGE('',*,*,#303,.T.);
#303 = EDGE_CURVE('',#171,#304,#306,.T.);
#304 = VERTEX_POINT('',#305);
#305 = CARTESIAN_POINT('',(-6.,-23.,0.));
#306 = SURFACE_CURVE('',#307,(#311,#318),.PCURVE_S1.);
#307 = LINE('',#308,#309);
#308 = CARTESIAN_POINT('',(0.,-23.,0.));
#309 = VECTOR('',#310,1.);
#310 = DIRECTION('',(1.,0.,0.));
#311 = PCURVE('',#126,#312);
#312 = DEFINITIONAL_REPRESENTATION('',(#313),#317);
#313 = LINE('',#314,#315);
#314 = CARTESIAN_POINT('',(4.401982376383E-10,-22.99999999883));
#315 = VECTOR('',#316,1.);
#316 = DIRECTION('',(1.,0.));
#317 = ( GEOMETRIC_REPRESENTATION_CONTEXT(2) 
PARAMETRIC_REPRESENTATION_CONTEXT() REPRESENTATION_CONTEXT('2D SPACE',''
  ) );
#318 = PCURVE('',#186,#319);
#319 = DEFINITIONAL_REPRESENTATION('',(#320),#324);
#320 = LINE('',#321,#322);
#321 = CARTESIAN_POINT('',(7.,0.));
#322 = VECTOR('',#323,1.);
#323 = DIRECTION('',(1.,0.));
#324 = ( GEOMETRIC_REPRESENTATION_CONTEXT(2) 
PARAMETRIC_REPRESENTATION_CONTEXT() REPRESENTATION_CONTEXT('2D SPACE',''
  ) );
#325 = ORIENTED_EDGE('',*,*,#326,.T.);
#326 = EDGE_CURVE('',#304,#327,#329,.T.);
#327 = VERTEX_POINT('',#328);
#328 = CARTESIAN_POINT('',(-8.,-21.,0.));
#329 = SURFACE_CURVE('',#330,(#335,#346),.PCURVE_S1.);
#330 = CIRCLE('',#331,2.);
#331 = AXIS2_PLACEMENT_3D('',#332,#333,#334);
#332 = CARTESIAN_POINT('',(-6.,-21.,0.));
#333 = DIRECTION('',(0.,0.,-1.));
#334 = DIRECTION('',(-1.,0.,0.));
#335 = PCURVE('',#126,#336);
#336 = DEFINITIONAL_REPRESENTATION('',(#337),#345);
#337 = ( BOUNDED_CURVE() B_SPLINE_CURVE(2,(#338,#339,#340,#341,#342,#343
,#344),.UNSPECIFIED.,.T.,.F.) B_SPLINE_CURVE_WITH_KNOTS((1,2,2,2,2,1),(
    -2.094395102393,0.,2.094395102393,4.188790204786,6.28318530718,
8.377580409573),.UNSPECIFIED.) CURVE() GEOMETRIC_REPRESENTATION_ITEM() 
RATIONAL_B_SPLINE_CURVE((1.,0.5,1.,0.5,1.,0.5,1.)) REPRESENTATION_ITEM(
  '') );
#338 = CARTESIAN_POINT('',(-7.99999999956,-20.99999999883));
#339 = CARTESIAN_POINT('',(-7.99999999956,-17.53589838369));
#340 = CARTESIAN_POINT('',(-4.99999999956,-19.26794919126));
#341 = CARTESIAN_POINT('',(-1.99999999956,-20.99999999883));
#342 = CARTESIAN_POINT('',(-4.99999999956,-22.7320508064));
#343 = CARTESIAN_POINT('',(-7.99999999956,-24.46410161396));
#344 = CARTESIAN_POINT('',(-7.99999999956,-20.99999999883));
#345 = ( GEOMETRIC_REPRESENTATION_CONTEXT(2) 
PARAMETRIC_REPRESENTATION_CONTEXT() REPRESENTATION_CONTEXT('2D SPACE',''
  ) );
#346 = PCURVE('',#347,#352);
#347 = CYLINDRICAL_SURFACE('',#348,2.);
#348 = AXIS2_PLACEMENT_3D('',#349,#350,#351);
#349 = CARTESIAN_POINT('',(-6.,-21.,-1.));
#350 = DIRECTION('',(0.,0.,-1.));
#351 = DIRECTION('',(-1.,0.,0.));
#352 = DEFINITIONAL_REPRESENTATION('',(#353),#357);
#353 = LINE('',#354,#355);
#354 = CARTESIAN_POINT('',(0.,-1.));
#355 = VECTOR('',#356,1.);
#356 = DIRECTION('',(1.,0.));
#357 = ( GEOMETRIC_REPRESENTATION_CONTEXT(2) 
PARAMETRIC_REPRESENTATION_CONTEXT() REPRESENTATION_CONTEXT('2D SPACE',''
  ) );
#358 = ORIENTED_EDGE('',*,*,#359,.F.);
#359 = EDGE_CURVE('',#360,#327,#362,.T.);
#360 = VERTEX_POINT('',#361);
#361 = CARTESIAN_POINT('',(-8.,-11.00000005113,0.));
#362 = SURFACE_CURVE('',#363,(#367,#373),.PCURVE_S1.);
#363 = LINE('',#364,#365);
#364 = CARTESIAN_POINT('',(-8.,-10.50000000058,0.));
#365 = VECTOR('',#366,1.);
#366 = DIRECTION('',(0.,-1.,0.));
#367 = PCURVE('',#126,#368);
#368 = DEFINITIONAL_REPRESENTATION('',(#369),#372);
#369 = B_SPLINE_CURVE_WITH_KNOTS('',1,(#370,#371),.UNSPECIFIED.,.F.,.F.,
  (2,2),(0.500000050555,10.499999999416),.PIECEWISE_BEZIER_KNOTS.);
#370 = CARTESIAN_POINT('',(-7.99999999956,-11.00000004997));
#371 = CARTESIAN_POINT('',(-7.99999999956,-20.99999999883));
#372 = ( GEOMETRIC_REPRESENTATION_CONTEXT(2) 
PARAMETRIC_REPRESENTATION_CONTEXT() REPRESENTATION_CONTEXT('2D SPACE',''
  ) );
#373 = PCURVE('',#374,#379);
#374 = PLANE('',#375);
#375 = AXIS2_PLACEMENT_3D('',#376,#377,#378);
#376 = CARTESIAN_POINT('',(-8.,-21.,-1.));
#377 = DIRECTION('',(-1.,0.,0.));
#378 = DIRECTION('',(0.,1.,0.));
#379 = DEFINITIONAL_REPRESENTATION('',(#380),#383);
#380 = B_SPLINE_CURVE_WITH_KNOTS('',1,(#381,#382),.UNSPECIFIED.,.F.,.F.,
  (2,2),(0.500000050555,10.499999999416),.PIECEWISE_BEZIER_KNOTS.);
#381 = CARTESIAN_POINT('',(9.999999948861,-1.));
#382 = CARTESIAN_POINT('',(0.,-1.));
#383 = ( GEOMETRIC_REPRESENTATION_CONTEXT(2) 
PARAMETRIC_REPRESENTATION_CONTEXT() REPRESENTATION_CONTEXT('2D SPACE',''
  ) );
#384 = ORIENTED_EDGE('',*,*,#385,.T.);
#385 = EDGE_CURVE('',#360,#386,#388,.T.);
#386 = VERTEX_POINT('',#387);
#387 = CARTESIAN_POINT('',(-6.,-9.00000002557,0.));
#388 = SURFACE_CURVE('',#389,(#394,#405),.PCURVE_S1.);
#389 = CIRCLE('',#390,2.);
#390 = AXIS2_PLACEMENT_3D('',#391,#392,#393);
#391 = CARTESIAN_POINT('',(-6.,-11.00000005113,0.));
#392 = DIRECTION('',(0.,0.,-1.));
#393 = DIRECTION('',(-1.,0.,0.));
#394 = PCURVE('',#126,#395);
#395 = DEFINITIONAL_REPRESENTATION('',(#396),#404);
#396 = ( BOUNDED_CURVE() B_SPLINE_CURVE(2,(#397,#398,#399,#400,#401,#402
,#403),.UNSPECIFIED.,.T.,.F.) B_SPLINE_CURVE_WITH_KNOTS((1,2,2,2,2,1),(
    -2.094395102393,0.,2.094395102393,4.188790204786,6.28318530718,
8.377580409573),.UNSPECIFIED.) CURVE() GEOMETRIC_REPRESENTATION_ITEM() 
RATIONAL_B_SPLINE_CURVE((1.,0.5,1.,0.5,1.,0.5,1.)) REPRESENTATION_ITEM(
  '') );
#397 = CARTESIAN_POINT('',(-7.99999999956,-11.00000004997));
#398 = CARTESIAN_POINT('',(-7.99999999956,-7.535898434833));
#399 = CARTESIAN_POINT('',(-4.99999999956,-9.267949242402));
#400 = CARTESIAN_POINT('',(-1.99999999956,-11.00000004997));
#401 = CARTESIAN_POINT('',(-4.99999999956,-12.73205085753));
#402 = CARTESIAN_POINT('',(-7.99999999956,-14.4641016651));
#403 = CARTESIAN_POINT('',(-7.99999999956,-11.00000004997));
#404 = ( GEOMETRIC_REPRESENTATION_CONTEXT(2) 
PARAMETRIC_REPRESENTATION_CONTEXT() REPRESENTATION_CONTEXT('2D SPACE',''
  ) );
#405 = PCURVE('',#406,#411);
#406 = CYLINDRICAL_SURFACE('',#407,2.);
#407 = AXIS2_PLACEMENT_3D('',#408,#409,#410);
#408 = CARTESIAN_POINT('',(-6.,-11.00000005113,-1.));
#409 = DIRECTION('',(0.,0.,-1.));
#410 = DIRECTION('',(-1.,0.,0.));
#411 = DEFINITIONAL_REPRESENTATION('',(#412),#416);
#412 = LINE('',#413,#414);
#413 = CARTESIAN_POINT('',(0.,-1.));
#414 = VECTOR('',#415,1.);
#415 = DIRECTION('',(1.,0.));
#416 = ( GEOMETRIC_REPRESENTATION_CONTEXT(2) 
PARAMETRIC_REPRESENTATION_CONTEXT() REPRESENTATION_CONTEXT('2D SPACE',''
  ) );
#417 = ORIENTED_EDGE('',*,*,#418,.F.);
#418 = EDGE_CURVE('',#419,#386,#421,.T.);
#419 = VERTEX_POINT('',#420);
#420 = CARTESIAN_POINT('',(6.,-9.00000002557,0.));
#421 = SURFACE_CURVE('',#422,(#426,#432),.PCURVE_S1.);
#422 = LINE('',#423,#424);
#423 = CARTESIAN_POINT('',(-3.00000000022,-9.,0.));
#424 = VECTOR('',#425,1.);
#425 = DIRECTION('',(-1.,0.,0.));
#426 = PCURVE('',#126,#427);
#427 = DEFINITIONAL_REPRESENTATION('',(#428),#431);
#428 = B_SPLINE_CURVE_WITH_KNOTS('',1,(#429,#430),.UNSPECIFIED.,.F.,.F.,
  (2,2),(-9.00000000022,2.99999999978),.PIECEWISE_BEZIER_KNOTS.);
#429 = CARTESIAN_POINT('',(6.00000000044,-8.999999998831));
#430 = CARTESIAN_POINT('',(-5.99999999956,-8.999999998831));
#431 = ( GEOMETRIC_REPRESENTATION_CONTEXT(2) 
PARAMETRIC_REPRESENTATION_CONTEXT() REPRESENTATION_CONTEXT('2D SPACE',''
  ) );
#432 = PCURVE('',#433,#438);
#433 = PLANE('',#434);
#434 = AXIS2_PLACEMENT_3D('',#435,#436,#437);
#435 = CARTESIAN_POINT('',(-6.,-9.,-1.));
#436 = DIRECTION('',(0.,1.,0.));
#437 = DIRECTION('',(1.,0.,0.));
#438 = DEFINITIONAL_REPRESENTATION('',(#439),#442);
#439 = B_SPLINE_CURVE_WITH_KNOTS('',1,(#440,#441),.UNSPECIFIED.,.F.,.F.,
  (2,2),(-9.00000000022,2.99999999978),.PIECEWISE_BEZIER_KNOTS.);
#440 = CARTESIAN_POINT('',(12.,-1.));
#441 = CARTESIAN_POINT('',(0.,-1.));
#442 = ( GEOMETRIC_REPRESENTATION_CONTEXT(2) 
PARAMETRIC_REPRESENTATION_CONTEXT() REPRESENTATION_CONTEXT('2D SPACE',''
  ) );
#443 = ORIENTED_EDGE('',*,*,#444,.T.);
#444 = EDGE_CURVE('',#419,#445,#447,.T.);
#445 = VERTEX_POINT('',#446);
#446 = CARTESIAN_POINT('',(8.,-11.00000005113,0.));
#447 = SURFACE_CURVE('',#448,(#453,#464),.PCURVE_S1.);
#448 = CIRCLE('',#449,2.);
#449 = AXIS2_PLACEMENT_3D('',#450,#451,#452);
#450 = CARTESIAN_POINT('',(6.,-11.00000005113,0.));
#451 = DIRECTION('',(0.,0.,-1.));
#452 = DIRECTION('',(-1.,0.,0.));
#453 = PCURVE('',#126,#454);
#454 = DEFINITIONAL_REPRESENTATION('',(#455),#463);
#455 = ( BOUNDED_CURVE() B_SPLINE_CURVE(2,(#456,#457,#458,#459,#460,#461
,#462),.UNSPECIFIED.,.T.,.F.) B_SPLINE_CURVE_WITH_KNOTS((1,2,2,2,2,1),(
    -2.094395102393,0.,2.094395102393,4.188790204786,6.28318530718,
8.377580409573),.UNSPECIFIED.) CURVE() GEOMETRIC_REPRESENTATION_ITEM() 
RATIONAL_B_SPLINE_CURVE((1.,0.5,1.,0.5,1.,0.5,1.)) REPRESENTATION_ITEM(
  '') );
#456 = CARTESIAN_POINT('',(4.00000000044,-11.00000004997));
#457 = CARTESIAN_POINT('',(4.00000000044,-7.535898434833));
#458 = CARTESIAN_POINT('',(7.00000000044,-9.267949242402));
#459 = CARTESIAN_POINT('',(10.00000000044,-11.00000004997));
#460 = CARTESIAN_POINT('',(7.00000000044,-12.73205085753));
#461 = CARTESIAN_POINT('',(4.00000000044,-14.4641016651));
#462 = CARTESIAN_POINT('',(4.00000000044,-11.00000004997));
#463 = ( GEOMETRIC_REPRESENTATION_CONTEXT(2) 
PARAMETRIC_REPRESENTATION_CONTEXT() REPRESENTATION_CONTEXT('2D SPACE',''
  ) );
#464 = PCURVE('',#465,#470);
#465 = CYLINDRICAL_SURFACE('',#466,2.);
#466 = AXIS2_PLACEMENT_3D('',#467,#468,#469);
#467 = CARTESIAN_POINT('',(6.,-11.00000005113,-1.));
#468 = DIRECTION('',(0.,0.,-1.));
#469 = DIRECTION('',(-1.,0.,0.));
#470 = DEFINITIONAL_REPRESENTATION('',(#471),#475);
#471 = LINE('',#472,#473);
#472 = CARTESIAN_POINT('',(0.,-1.));
#473 = VECTOR('',#474,1.);
#474 = DIRECTION('',(1.,0.));
#475 = ( GEOMETRIC_REPRESENTATION_CONTEXT(2) 
PARAMETRIC_REPRESENTATION_CONTEXT() REPRESENTATION_CONTEXT('2D SPACE',''
  ) );
#476 = ORIENTED_EDGE('',*,*,#477,.T.);
#477 = EDGE_CURVE('',#445,#478,#480,.T.);
#478 = VERTEX_POINT('',#479);
#479 = CARTESIAN_POINT('',(7.999999963746,-21.,0.));
#480 = SURFACE_CURVE('',#481,(#485,#491),.PCURVE_S1.);
#481 = LINE('',#482,#483);
#482 = CARTESIAN_POINT('',(8.,-10.50000000058,0.));
#483 = VECTOR('',#484,1.);
#484 = DIRECTION('',(0.,-1.,0.));
#485 = PCURVE('',#126,#486);
#486 = DEFINITIONAL_REPRESENTATION('',(#487),#490);
#487 = B_SPLINE_CURVE_WITH_KNOTS('',1,(#488,#489),.UNSPECIFIED.,.F.,.F.,
  (2,2),(0.500000050555,10.499999999416),.PIECEWISE_BEZIER_KNOTS.);
#488 = CARTESIAN_POINT('',(8.00000000044,-11.00000004997));
#489 = CARTESIAN_POINT('',(8.00000000044,-20.99999999883));
#490 = ( GEOMETRIC_REPRESENTATION_CONTEXT(2) 
PARAMETRIC_REPRESENTATION_CONTEXT() REPRESENTATION_CONTEXT('2D SPACE',''
  ) );
#491 = PCURVE('',#492,#497);
#492 = PLANE('',#493);
#493 = AXIS2_PLACEMENT_3D('',#494,#495,#496);
#494 = CARTESIAN_POINT('',(8.,-21.,-1.));
#495 = DIRECTION('',(-1.,0.,0.));
#496 = DIRECTION('',(0.,1.,0.));
#497 = DEFINITIONAL_REPRESENTATION('',(#498),#501);
#498 = B_SPLINE_CURVE_WITH_KNOTS('',1,(#499,#500),.UNSPECIFIED.,.F.,.F.,
  (2,2),(0.500000050555,10.499999999416),.PIECEWISE_BEZIER_KNOTS.);
#499 = CARTESIAN_POINT('',(9.999999948861,-1.));
#500 = CARTESIAN_POINT('',(0.,-1.));
#501 = ( GEOMETRIC_REPRESENTATION_CONTEXT(2) 
PARAMETRIC_REPRESENTATION_CONTEXT() REPRESENTATION_CONTEXT('2D SPACE',''
  ) );
#502 = ORIENTED_EDGE('',*,*,#503,.T.);
#503 = EDGE_CURVE('',#478,#504,#506,.T.);
#504 = VERTEX_POINT('',#505);
#505 = CARTESIAN_POINT('',(5.999999927492,-23.,0.));
#506 = SURFACE_CURVE('',#507,(#512,#523),.PCURVE_S1.);
#507 = CIRCLE('',#508,2.);
#508 = AXIS2_PLACEMENT_3D('',#509,#510,#511);
#509 = CARTESIAN_POINT('',(5.999999927492,-21.,0.));
#510 = DIRECTION('',(0.,0.,-1.));
#511 = DIRECTION('',(-1.,0.,0.));
#512 = PCURVE('',#126,#513);
#513 = DEFINITIONAL_REPRESENTATION('',(#514),#522);
#514 = ( BOUNDED_CURVE() B_SPLINE_CURVE(2,(#515,#516,#517,#518,#519,#520
,#521),.UNSPECIFIED.,.T.,.F.) B_SPLINE_CURVE_WITH_KNOTS((1,2,2,2,2,1),(
    -2.094395102393,0.,2.094395102393,4.188790204786,6.28318530718,
8.377580409573),.UNSPECIFIED.) CURVE() GEOMETRIC_REPRESENTATION_ITEM() 
RATIONAL_B_SPLINE_CURVE((1.,0.5,1.,0.5,1.,0.5,1.)) REPRESENTATION_ITEM(
  '') );
#515 = CARTESIAN_POINT('',(3.999999927933,-20.99999999883));
#516 = CARTESIAN_POINT('',(3.999999927933,-17.53589838369));
#517 = CARTESIAN_POINT('',(6.999999927933,-19.26794919126));
#518 = CARTESIAN_POINT('',(9.999999927933,-20.99999999883));
#519 = CARTESIAN_POINT('',(6.999999927933,-22.7320508064));
#520 = CARTESIAN_POINT('',(3.999999927933,-24.46410161396));
#521 = CARTESIAN_POINT('',(3.999999927933,-20.99999999883));
#522 = ( GEOMETRIC_REPRESENTATION_CONTEXT(2) 
PARAMETRIC_REPRESENTATION_CONTEXT() REPRESENTATION_CONTEXT('2D SPACE',''
  ) );
#523 = PCURVE('',#524,#529);
#524 = CYLINDRICAL_SURFACE('',#525,2.);
#525 = AXIS2_PLACEMENT_3D('',#526,#527,#528);
#526 = CARTESIAN_POINT('',(5.999999927492,-21.,-1.));
#527 = DIRECTION('',(0.,0.,-1.));
#528 = DIRECTION('',(-1.,0.,0.));
#529 = DEFINITIONAL_REPRESENTATION('',(#530),#534);
#530 = LINE('',#531,#532);
#531 = CARTESIAN_POINT('',(0.,-1.));
#532 = VECTOR('',#533,1.);
#533 = DIRECTION('',(1.,0.));
#534 = ( GEOMETRIC_REPRESENTATION_CONTEXT(2) 
PARAMETRIC_REPRESENTATION_CONTEXT() REPRESENTATION_CONTEXT('2D SPACE',''
  ) );
#535 = ORIENTED_EDGE('',*,*,#536,.T.);
#536 = EDGE_CURVE('',#504,#537,#539,.T.);
#537 = VERTEX_POINT('',#538);
#538 = CARTESIAN_POINT('',(6.999999997923,-23.,0.));
#539 = SURFACE_CURVE('',#540,(#544,#551),.PCURVE_S1.);
#540 = LINE('',#541,#542);
#541 = CARTESIAN_POINT('',(0.,-23.,0.));
#542 = VECTOR('',#543,1.);
#543 = DIRECTION('',(1.,0.,0.));
#544 = PCURVE('',#126,#545);
#545 = DEFINITIONAL_REPRESENTATION('',(#546),#550);
#546 = LINE('',#547,#548);
#547 = CARTESIAN_POINT('',(4.401982376383E-10,-22.99999999883));
#548 = VECTOR('',#549,1.);
#549 = DIRECTION('',(1.,0.));
#550 = ( GEOMETRIC_REPRESENTATION_CONTEXT(2) 
PARAMETRIC_REPRESENTATION_CONTEXT() REPRESENTATION_CONTEXT('2D SPACE',''
  ) );
#551 = PCURVE('',#552,#557);
#552 = PLANE('',#553);
#553 = AXIS2_PLACEMENT_3D('',#554,#555,#556);
#554 = CARTESIAN_POINT('',(-7.,-23.,0.));
#555 = DIRECTION('',(0.,1.,0.));
#556 = DIRECTION('',(1.,0.,0.));
#557 = DEFINITIONAL_REPRESENTATION('',(#558),#562);
#558 = LINE('',#559,#560);
#559 = CARTESIAN_POINT('',(7.,0.));
#560 = VECTOR('',#561,1.);
#561 = DIRECTION('',(1.,0.));
#562 = ( GEOMETRIC_REPRESENTATION_CONTEXT(2) 
PARAMETRIC_REPRESENTATION_CONTEXT() REPRESENTATION_CONTEXT('2D SPACE',''
  ) );
#563 = ORIENTED_EDGE('',*,*,#564,.T.);
#564 = EDGE_CURVE('',#537,#565,#567,.T.);
#565 = VERTEX_POINT('',#566);
#566 = CARTESIAN_POINT('',(23.999999998961,-6.,0.));
#567 = SURFACE_CURVE('',#568,(#573,#580),.PCURVE_S1.);
#568 = CIRCLE('',#569,17.);
#569 = AXIS2_PLACEMENT_3D('',#570,#571,#572);
#570 = CARTESIAN_POINT('',(6.999999997923,-6.,0.));
#571 = DIRECTION('',(0.,0.,1.));
#572 = DIRECTION('',(1.,0.,0.));
#573 = PCURVE('',#126,#574);
#574 = DEFINITIONAL_REPRESENTATION('',(#575),#579);
#575 = CIRCLE('',#576,17.);
#576 = AXIS2_PLACEMENT_2D('',#577,#578);
#577 = CARTESIAN_POINT('',(6.999999998363,-5.999999998831));
#578 = DIRECTION('',(1.,0.));
#579 = ( GEOMETRIC_REPRESENTATION_CONTEXT(2) 
PARAMETRIC_REPRESENTATION_CONTEXT() REPRESENTATION_CONTEXT('2D SPACE',''
  ) );
#580 = PCURVE('',#581,#586);
#581 = CYLINDRICAL_SURFACE('',#582,17.);
#582 = AXIS2_PLACEMENT_3D('',#583,#584,#585);
#583 = CARTESIAN_POINT('',(6.999999997923,-6.,0.));
#584 = DIRECTION('',(-0.,-0.,-1.));
#585 = DIRECTION('',(1.,0.,0.));
#586 = DEFINITIONAL_REPRESENTATION('',(#587),#591);
#587 = LINE('',#588,#589);
#588 = CARTESIAN_POINT('',(-0.,0.));
#589 = VECTOR('',#590,1.);
#590 = DIRECTION('',(-1.,0.));
#591 = ( GEOMETRIC_REPRESENTATION_CONTEXT(2) 
PARAMETRIC_REPRESENTATION_CONTEXT() REPRESENTATION_CONTEXT('2D SPACE',''
  ) );
#592 = ORIENTED_EDGE('',*,*,#593,.T.);
#593 = EDGE_CURVE('',#565,#594,#596,.T.);
#594 = VERTEX_POINT('',#595);
#595 = CARTESIAN_POINT('',(24.,5.99999999642,0.));
#596 = SURFACE_CURVE('',#597,(#601,#608),.PCURVE_S1.);
#597 = LINE('',#598,#599);
#598 = CARTESIAN_POINT('',(24.,1.7763568394E-15,0.));
#599 = VECTOR('',#600,1.);
#600 = DIRECTION('',(0.,1.,0.));
#601 = PCURVE('',#126,#602);
#602 = DEFINITIONAL_REPRESENTATION('',(#603),#607);
#603 = LINE('',#604,#605);
#604 = CARTESIAN_POINT('',(24.00000000044,1.168976027301E-09));
#605 = VECTOR('',#606,1.);
#606 = DIRECTION('',(0.,1.));
#607 = ( GEOMETRIC_REPRESENTATION_CONTEXT(2) 
PARAMETRIC_REPRESENTATION_CONTEXT() REPRESENTATION_CONTEXT('2D SPACE',''
  ) );
#608 = PCURVE('',#609,#614);
#609 = PLANE('',#610);
#610 = AXIS2_PLACEMENT_3D('',#611,#612,#613);
#611 = CARTESIAN_POINT('',(24.,-6.,0.));
#612 = DIRECTION('',(-1.,0.,0.));
#613 = DIRECTION('',(0.,1.,0.));
#614 = DEFINITIONAL_REPRESENTATION('',(#615),#619);
#615 = LINE('',#616,#617);
#616 = CARTESIAN_POINT('',(6.,0.));
#617 = VECTOR('',#618,1.);
#618 = DIRECTION('',(1.,0.));
#619 = ( GEOMETRIC_REPRESENTATION_CONTEXT(2) 
PARAMETRIC_REPRESENTATION_CONTEXT() REPRESENTATION_CONTEXT('2D SPACE',''
  ) );
#620 = ORIENTED_EDGE('',*,*,#621,.T.);
#621 = EDGE_CURVE('',#594,#622,#624,.T.);
#622 = VERTEX_POINT('',#623);
#623 = CARTESIAN_POINT('',(7.,22.99999999821,0.));
#624 = SURFACE_CURVE('',#625,(#630,#637),.PCURVE_S1.);
#625 = CIRCLE('',#626,17.);
#626 = AXIS2_PLACEMENT_3D('',#627,#628,#629);
#627 = CARTESIAN_POINT('',(7.,5.99999999642,0.));
#628 = DIRECTION('',(0.,0.,1.));
#629 = DIRECTION('',(1.,0.,0.));
#630 = PCURVE('',#126,#631);
#631 = DEFINITIONAL_REPRESENTATION('',(#632),#636);
#632 = CIRCLE('',#633,17.);
#633 = AXIS2_PLACEMENT_2D('',#634,#635);
#634 = CARTESIAN_POINT('',(7.00000000044,5.999999997589));
#635 = DIRECTION('',(1.,0.));
#636 = ( GEOMETRIC_REPRESENTATION_CONTEXT(2) 
PARAMETRIC_REPRESENTATION_CONTEXT() REPRESENTATION_CONTEXT('2D SPACE',''
  ) );
#637 = PCURVE('',#638,#643);
#638 = CYLINDRICAL_SURFACE('',#639,17.);
#639 = AXIS2_PLACEMENT_3D('',#640,#641,#642);
#640 = CARTESIAN_POINT('',(7.,5.99999999642,0.));
#641 = DIRECTION('',(-0.,-0.,-1.));
#642 = DIRECTION('',(1.,0.,0.));
#643 = DEFINITIONAL_REPRESENTATION('',(#644),#648);
#644 = LINE('',#645,#646);
#645 = CARTESIAN_POINT('',(-0.,0.));
#646 = VECTOR('',#647,1.);
#647 = DIRECTION('',(-1.,0.));
#648 = ( GEOMETRIC_REPRESENTATION_CONTEXT(2) 
PARAMETRIC_REPRESENTATION_CONTEXT() REPRESENTATION_CONTEXT('2D SPACE',''
  ) );
#649 = ORIENTED_EDGE('',*,*,#650,.F.);
#650 = EDGE_CURVE('',#224,#622,#651,.T.);
#651 = SURFACE_CURVE('',#652,(#656,#663),.PCURVE_S1.);
#652 = LINE('',#653,#654);
#653 = CARTESIAN_POINT('',(0.,23.,0.));
#654 = VECTOR('',#655,1.);
#655 = DIRECTION('',(1.,0.,0.));
#656 = PCURVE('',#126,#657);
#657 = DEFINITIONAL_REPRESENTATION('',(#658),#662);
#658 = LINE('',#659,#660);
#659 = CARTESIAN_POINT('',(4.401982376383E-10,23.000000001169));
#660 = VECTOR('',#661,1.);
#661 = DIRECTION('',(1.,0.));
#662 = ( GEOMETRIC_REPRESENTATION_CONTEXT(2) 
PARAMETRIC_REPRESENTATION_CONTEXT() REPRESENTATION_CONTEXT('2D SPACE',''
  ) );
#663 = PCURVE('',#241,#664);
#664 = DEFINITIONAL_REPRESENTATION('',(#665),#669);
#665 = LINE('',#666,#667);
#666 = CARTESIAN_POINT('',(7.,0.));
#667 = VECTOR('',#668,1.);
#668 = DIRECTION('',(1.,0.));
#669 = ( GEOMETRIC_REPRESENTATION_CONTEXT(2) 
PARAMETRIC_REPRESENTATION_CONTEXT() REPRESENTATION_CONTEXT('2D SPACE',''
  ) );
#670 = ORIENTED_EDGE('',*,*,#276,.T.);
#671 = FACE_BOUND('',#672,.F.);
#672 = EDGE_LOOP('',(#673));
#673 = ORIENTED_EDGE('',*,*,#674,.F.);
#674 = EDGE_CURVE('',#675,#675,#677,.T.);
#675 = VERTEX_POINT('',#676);
#676 = CARTESIAN_POINT('',(-16.8,-15.,0.));
#677 = SURFACE_CURVE('',#678,(#683,#690),.PCURVE_S1.);
#678 = CIRCLE('',#679,1.2);
#679 = AXIS2_PLACEMENT_3D('',#680,#681,#682);
#680 = CARTESIAN_POINT('',(-18.,-15.,0.));
#681 = DIRECTION('',(0.,0.,1.));
#682 = DIRECTION('',(1.,0.,-0.));
#683 = PCURVE('',#126,#684);
#684 = DEFINITIONAL_REPRESENTATION('',(#685),#689);
#685 = CIRCLE('',#686,1.2);
#686 = AXIS2_PLACEMENT_2D('',#687,#688);
#687 = CARTESIAN_POINT('',(-17.99999999956,-14.99999999883));
#688 = DIRECTION('',(1.,0.));
#689 = ( GEOMETRIC_REPRESENTATION_CONTEXT(2) 
PARAMETRIC_REPRESENTATION_CONTEXT() REPRESENTATION_CONTEXT('2D SPACE',''
  ) );
#690 = PCURVE('',#691,#696);
#691 = CYLINDRICAL_SURFACE('',#692,1.2);
#692 = AXIS2_PLACEMENT_3D('',#693,#694,#695);
#693 = CARTESIAN_POINT('',(-18.,-15.,-1.));
#694 = DIRECTION('',(0.,0.,1.));
#695 = DIRECTION('',(1.,0.,-0.));
#696 = DEFINITIONAL_REPRESENTATION('',(#697),#701);
#697 = LINE('',#698,#699);
#698 = CARTESIAN_POINT('',(0.,1.));
#699 = VECTOR('',#700,1.);
#700 = DIRECTION('',(1.,0.));
#701 = ( GEOMETRIC_REPRESENTATION_CONTEXT(2) 
PARAMETRIC_REPRESENTATION_CONTEXT() REPRESENTATION_CONTEXT('2D SPACE',''
  ) );
#702 = FACE_BOUND('',#703,.F.);
#703 = EDGE_LOOP('',(#704));
#704 = ORIENTED_EDGE('',*,*,#705,.F.);
#705 = EDGE_CURVE('',#706,#706,#708,.T.);
#706 = VERTEX_POINT('',#707);
#707 = CARTESIAN_POINT('',(19.2,-15.,0.));
#708 = SURFACE_CURVE('',#709,(#714,#721),.PCURVE_S1.);
#709 = CIRCLE('',#710,1.2);
#710 = AXIS2_PLACEMENT_3D('',#711,#712,#713);
#711 = CARTESIAN_POINT('',(18.,-15.,0.));
#712 = DIRECTION('',(0.,0.,1.));
#713 = DIRECTION('',(1.,0.,-0.));
#714 = PCURVE('',#126,#715);
#715 = DEFINITIONAL_REPRESENTATION('',(#716),#720);
#716 = CIRCLE('',#717,1.2);
#717 = AXIS2_PLACEMENT_2D('',#718,#719);
#718 = CARTESIAN_POINT('',(18.00000000044,-14.99999999883));
#719 = DIRECTION('',(1.,0.));
#720 = ( GEOMETRIC_REPRESENTATION_CONTEXT(2) 
PARAMETRIC_REPRESENTATION_CONTEXT() REPRESENTATION_CONTEXT('2D SPACE',''
  ) );
#721 = PCURVE('',#722,#727);
#722 = CYLINDRICAL_SURFACE('',#723,1.2);
#723 = AXIS2_PLACEMENT_3D('',#724,#725,#726);
#724 = CARTESIAN_POINT('',(18.,-15.,-1.));
#725 = DIRECTION('',(0.,0.,1.));
#726 = DIRECTION('',(1.,0.,-0.));
#727 = DEFINITIONAL_REPRESENTATION('',(#728),#732);
#728 = LINE('',#729,#730);
#729 = CARTESIAN_POINT('',(0.,1.));
#730 = VECTOR('',#731,1.);
#731 = DIRECTION('',(1.,0.));
#732 = ( GEOMETRIC_REPRESENTATION_CONTEXT(2) 
PARAMETRIC_REPRESENTATION_CONTEXT() REPRESENTATION_CONTEXT('2D SPACE',''
  ) );
#733 = FACE_BOUND('',#734,.F.);
#734 = EDGE_LOOP('',(#735,#763,#796,#822,#855,#881,#914,#940));
#735 = ORIENTED_EDGE('',*,*,#736,.F.);
#736 = EDGE_CURVE('',#737,#739,#741,.T.);
#737 = VERTEX_POINT('',#738);
#738 = CARTESIAN_POINT('',(-17.,9.1,0.));
#739 = VERTEX_POINT('',#740);
#740 = CARTESIAN_POINT('',(-17.,0.9,0.));
#741 = SURFACE_CURVE('',#742,(#746,#752),.PCURVE_S1.);
#742 = LINE('',#743,#744);
#743 = CARTESIAN_POINT('',(-16.99999999895,0.449999999416,0.));
#744 = VECTOR('',#745,1.);
#745 = DIRECTION('',(0.,-1.,0.));
#746 = PCURVE('',#126,#747);
#747 = DEFINITIONAL_REPRESENTATION('',(#748),#751);
#748 = B_SPLINE_CURVE_WITH_KNOTS('',1,(#749,#750),.UNSPECIFIED.,.F.,.F.,
  (2,2),(-8.650000000584,-0.450000000584),.PIECEWISE_BEZIER_KNOTS.);
#749 = CARTESIAN_POINT('',(-16.99999999851,9.100000001169));
#750 = CARTESIAN_POINT('',(-16.99999999851,0.900000001169));
#751 = ( GEOMETRIC_REPRESENTATION_CONTEXT(2) 
PARAMETRIC_REPRESENTATION_CONTEXT() REPRESENTATION_CONTEXT('2D SPACE',''
  ) );
#752 = PCURVE('',#753,#758);
#753 = PLANE('',#754);
#754 = AXIS2_PLACEMENT_3D('',#755,#756,#757);
#755 = CARTESIAN_POINT('',(-16.99999999895,0.9,-1.));
#756 = DIRECTION('',(-1.,0.,0.));
#757 = DIRECTION('',(0.,1.,0.));
#758 = DEFINITIONAL_REPRESENTATION('',(#759),#762);
#759 = B_SPLINE_CURVE_WITH_KNOTS('',1,(#760,#761),.UNSPECIFIED.,.F.,.F.,
  (2,2),(-8.650000000584,-0.450000000584),.PIECEWISE_BEZIER_KNOTS.);
#760 = CARTESIAN_POINT('',(8.2,-1.));
#761 = CARTESIAN_POINT('',(0.,-1.));
#762 = ( GEOMETRIC_REPRESENTATION_CONTEXT(2) 
PARAMETRIC_REPRESENTATION_CONTEXT() REPRESENTATION_CONTEXT('2D SPACE',''
  ) );
#763 = ORIENTED_EDGE('',*,*,#764,.T.);
#764 = EDGE_CURVE('',#737,#765,#767,.T.);
#765 = VERTEX_POINT('',#766);
#766 = CARTESIAN_POINT('',(-16.10000000104,10.,0.));
#767 = SURFACE_CURVE('',#768,(#773,#784),.PCURVE_S1.);
#768 = CIRCLE('',#769,0.9);
#769 = AXIS2_PLACEMENT_3D('',#770,#771,#772);
#770 = CARTESIAN_POINT('',(-16.10000000104,9.1,0.));
#771 = DIRECTION('',(0.,0.,-1.));
#772 = DIRECTION('',(-1.,0.,0.));
#773 = PCURVE('',#126,#774);
#774 = DEFINITIONAL_REPRESENTATION('',(#775),#783);
#775 = ( BOUNDED_CURVE() B_SPLINE_CURVE(2,(#776,#777,#778,#779,#780,#781
,#782),.UNSPECIFIED.,.T.,.F.) B_SPLINE_CURVE_WITH_KNOTS((1,2,2,2,2,1),(
    -2.094395102393,0.,2.094395102393,4.188790204786,6.28318530718,
8.377580409573),.UNSPECIFIED.) CURVE() GEOMETRIC_REPRESENTATION_ITEM() 
RATIONAL_B_SPLINE_CURVE((1.,0.5,1.,0.5,1.,0.5,1.)) REPRESENTATION_ITEM(
  '') );
#776 = CARTESIAN_POINT('',(-17.0000000006,9.100000001169));
#777 = CARTESIAN_POINT('',(-17.0000000006,10.658845727981));
#778 = CARTESIAN_POINT('',(-15.6500000006,9.879422864575));
#779 = CARTESIAN_POINT('',(-14.3000000006,9.100000001169));
#780 = CARTESIAN_POINT('',(-15.6500000006,8.320577137763));
#781 = CARTESIAN_POINT('',(-17.0000000006,7.541154274357));
#782 = CARTESIAN_POINT('',(-17.0000000006,9.100000001169));
#783 = ( GEOMETRIC_REPRESENTATION_CONTEXT(2) 
PARAMETRIC_REPRESENTATION_CONTEXT() REPRESENTATION_CONTEXT('2D SPACE',''
  ) );
#784 = PCURVE('',#785,#790);
#785 = CYLINDRICAL_SURFACE('',#786,0.9);
#786 = AXIS2_PLACEMENT_3D('',#787,#788,#789);
#787 = CARTESIAN_POINT('',(-16.10000000104,9.1,-1.));
#788 = DIRECTION('',(0.,0.,-1.));
#789 = DIRECTION('',(-1.,0.,0.));
#790 = DEFINITIONAL_REPRESENTATION('',(#791),#795);
#791 = LINE('',#792,#793);
#792 = CARTESIAN_POINT('',(0.,-1.));
#793 = VECTOR('',#794,1.);
#794 = DIRECTION('',(1.,0.));
#795 = ( GEOMETRIC_REPRESENTATION_CONTEXT(2) 
PARAMETRIC_REPRESENTATION_CONTEXT() REPRESENTATION_CONTEXT('2D SPACE',''
  ) );
#796 = ORIENTED_EDGE('',*,*,#797,.F.);
#797 = EDGE_CURVE('',#798,#765,#800,.T.);
#798 = VERTEX_POINT('',#799);
#799 = CARTESIAN_POINT('',(-15.90000001088,10.,0.));
#800 = SURFACE_CURVE('',#801,(#805,#811),.PCURVE_S1.);
#801 = LINE('',#802,#803);
#802 = CARTESIAN_POINT('',(-8.050000000741,10.,0.));
#803 = VECTOR('',#804,1.);
#804 = DIRECTION('',(-1.,0.,0.));
#805 = PCURVE('',#126,#806);
#806 = DEFINITIONAL_REPRESENTATION('',(#807),#810);
#807 = B_SPLINE_CURVE_WITH_KNOTS('',1,(#808,#809),.UNSPECIFIED.,.F.,.F.,
  (2,2),(7.850000010147,8.050000000301),.PIECEWISE_BEZIER_KNOTS.);
#808 = CARTESIAN_POINT('',(-15.90000001044,10.000000001169));
#809 = CARTESIAN_POINT('',(-16.1000000006,10.000000001169));
#810 = ( GEOMETRIC_REPRESENTATION_CONTEXT(2) 
PARAMETRIC_REPRESENTATION_CONTEXT() REPRESENTATION_CONTEXT('2D SPACE',''
  ) );
#811 = PCURVE('',#812,#817);
#812 = PLANE('',#813);
#813 = AXIS2_PLACEMENT_3D('',#814,#815,#816);
#814 = CARTESIAN_POINT('',(-16.10000000104,10.,-1.));
#815 = DIRECTION('',(0.,1.,0.));
#816 = DIRECTION('',(1.,0.,0.));
#817 = DEFINITIONAL_REPRESENTATION('',(#818),#821);
#818 = B_SPLINE_CURVE_WITH_KNOTS('',1,(#819,#820),.UNSPECIFIED.,.F.,.F.,
  (2,2),(7.850000010147,8.050000000301),.PIECEWISE_BEZIER_KNOTS.);
#819 = CARTESIAN_POINT('',(0.199999990154,-1.));
#820 = CARTESIAN_POINT('',(0.,-1.));
#821 = ( GEOMETRIC_REPRESENTATION_CONTEXT(2) 
PARAMETRIC_REPRESENTATION_CONTEXT() REPRESENTATION_CONTEXT('2D SPACE',''
  ) );
#822 = ORIENTED_EDGE('',*,*,#823,.T.);
#823 = EDGE_CURVE('',#798,#824,#826,.T.);
#824 = VERTEX_POINT('',#825);
#825 = CARTESIAN_POINT('',(-15.00000000492,9.1,0.));
#826 = SURFACE_CURVE('',#827,(#832,#843),.PCURVE_S1.);
#827 = CIRCLE('',#828,0.9);
#828 = AXIS2_PLACEMENT_3D('',#829,#830,#831);
#829 = CARTESIAN_POINT('',(-15.90000001088,9.1,0.));
#830 = DIRECTION('',(0.,0.,-1.));
#831 = DIRECTION('',(-1.,0.,0.));
#832 = PCURVE('',#126,#833);
#833 = DEFINITIONAL_REPRESENTATION('',(#834),#842);
#834 = ( BOUNDED_CURVE() B_SPLINE_CURVE(2,(#835,#836,#837,#838,#839,#840
,#841),.UNSPECIFIED.,.T.,.F.) B_SPLINE_CURVE_WITH_KNOTS((1,2,2,2,2,1),(
    -2.094395102393,0.,2.094395102393,4.188790204786,6.28318530718,
8.377580409573),.UNSPECIFIED.) CURVE() GEOMETRIC_REPRESENTATION_ITEM() 
RATIONAL_B_SPLINE_CURVE((1.,0.5,1.,0.5,1.,0.5,1.)) REPRESENTATION_ITEM(
  '') );
#835 = CARTESIAN_POINT('',(-16.80000001044,9.100000001169));
#836 = CARTESIAN_POINT('',(-16.80000001044,10.658845727981));
#837 = CARTESIAN_POINT('',(-15.45000001044,9.879422864575));
#838 = CARTESIAN_POINT('',(-14.10000001044,9.100000001169));
#839 = CARTESIAN_POINT('',(-15.45000001044,8.320577137763));
#840 = CARTESIAN_POINT('',(-16.80000001044,7.541154274357));
#841 = CARTESIAN_POINT('',(-16.80000001044,9.100000001169));
#842 = ( GEOMETRIC_REPRESENTATION_CONTEXT(2) 
PARAMETRIC_REPRESENTATION_CONTEXT() REPRESENTATION_CONTEXT('2D SPACE',''
  ) );
#843 = PCURVE('',#844,#849);
#844 = CYLINDRICAL_SURFACE('',#845,0.9);
#845 = AXIS2_PLACEMENT_3D('',#846,#847,#848);
#846 = CARTESIAN_POINT('',(-15.90000001088,9.1,-1.));
#847 = DIRECTION('',(0.,0.,-1.));
#848 = DIRECTION('',(-1.,0.,0.));
#849 = DEFINITIONAL_REPRESENTATION('',(#850),#854);
#850 = LINE('',#851,#852);
#851 = CARTESIAN_POINT('',(0.,-1.));
#852 = VECTOR('',#853,1.);
#853 = DIRECTION('',(1.,0.));
#854 = ( GEOMETRIC_REPRESENTATION_CONTEXT(2) 
PARAMETRIC_REPRESENTATION_CONTEXT() REPRESENTATION_CONTEXT('2D SPACE',''
  ) );
#855 = ORIENTED_EDGE('',*,*,#856,.T.);
#856 = EDGE_CURVE('',#824,#857,#859,.T.);
#857 = VERTEX_POINT('',#858);
#858 = CARTESIAN_POINT('',(-15.00000000492,0.9,0.));
#859 = SURFACE_CURVE('',#860,(#864,#870),.PCURVE_S1.);
#860 = LINE('',#861,#862);
#861 = CARTESIAN_POINT('',(-14.99999999895,0.449999999416,0.));
#862 = VECTOR('',#863,1.);
#863 = DIRECTION('',(0.,-1.,0.));
#864 = PCURVE('',#126,#865);
#865 = DEFINITIONAL_REPRESENTATION('',(#866),#869);
#866 = B_SPLINE_CURVE_WITH_KNOTS('',1,(#867,#868),.UNSPECIFIED.,.F.,.F.,
  (2,2),(-8.650000000584,-0.450000000584),.PIECEWISE_BEZIER_KNOTS.);
#867 = CARTESIAN_POINT('',(-14.99999999851,9.100000001169));
#868 = CARTESIAN_POINT('',(-14.99999999851,0.900000001169));
#869 = ( GEOMETRIC_REPRESENTATION_CONTEXT(2) 
PARAMETRIC_REPRESENTATION_CONTEXT() REPRESENTATION_CONTEXT('2D SPACE',''
  ) );
#870 = PCURVE('',#871,#876);
#871 = PLANE('',#872);
#872 = AXIS2_PLACEMENT_3D('',#873,#874,#875);
#873 = CARTESIAN_POINT('',(-14.99999999895,0.9,-1.));
#874 = DIRECTION('',(-1.,0.,0.));
#875 = DIRECTION('',(0.,1.,0.));
#876 = DEFINITIONAL_REPRESENTATION('',(#877),#880);
#877 = B_SPLINE_CURVE_WITH_KNOTS('',1,(#878,#879),.UNSPECIFIED.,.F.,.F.,
  (2,2),(-8.650000000584,-0.450000000584),.PIECEWISE_BEZIER_KNOTS.);
#878 = CARTESIAN_POINT('',(8.2,-1.));
#879 = CARTESIAN_POINT('',(0.,-1.));
#880 = ( GEOMETRIC_REPRESENTATION_CONTEXT(2) 
PARAMETRIC_REPRESENTATION_CONTEXT() REPRESENTATION_CONTEXT('2D SPACE',''
  ) );
#881 = ORIENTED_EDGE('',*,*,#882,.T.);
#882 = EDGE_CURVE('',#857,#883,#885,.T.);
#883 = VERTEX_POINT('',#884);
#884 = CARTESIAN_POINT('',(-15.90000001088,0.,0.));
#885 = SURFACE_CURVE('',#886,(#891,#902),.PCURVE_S1.);
#886 = CIRCLE('',#887,0.9);
#887 = AXIS2_PLACEMENT_3D('',#888,#889,#890);
#888 = CARTESIAN_POINT('',(-15.90000001088,0.9,0.));
#889 = DIRECTION('',(0.,0.,-1.));
#890 = DIRECTION('',(-1.,0.,0.));
#891 = PCURVE('',#126,#892);
#892 = DEFINITIONAL_REPRESENTATION('',(#893),#901);
#893 = ( BOUNDED_CURVE() B_SPLINE_CURVE(2,(#894,#895,#896,#897,#898,#899
,#900),.UNSPECIFIED.,.T.,.F.) B_SPLINE_CURVE_WITH_KNOTS((1,2,2,2,2,1),(
    -2.094395102393,0.,2.094395102393,4.188790204786,6.28318530718,
8.377580409573),.UNSPECIFIED.) CURVE() GEOMETRIC_REPRESENTATION_ITEM() 
RATIONAL_B_SPLINE_CURVE((1.,0.5,1.,0.5,1.,0.5,1.)) REPRESENTATION_ITEM(
  '') );
#894 = CARTESIAN_POINT('',(-16.80000001044,0.900000001169));
#895 = CARTESIAN_POINT('',(-16.80000001044,2.458845727981));
#896 = CARTESIAN_POINT('',(-15.45000001044,1.679422864575));
#897 = CARTESIAN_POINT('',(-14.10000001044,0.900000001169));
#898 = CARTESIAN_POINT('',(-15.45000001044,0.120577137763));
#899 = CARTESIAN_POINT('',(-16.80000001044,-0.658845725643));
#900 = CARTESIAN_POINT('',(-16.80000001044,0.900000001169));
#901 = ( GEOMETRIC_REPRESENTATION_CONTEXT(2) 
PARAMETRIC_REPRESENTATION_CONTEXT() REPRESENTATION_CONTEXT('2D SPACE',''
  ) );
#902 = PCURVE('',#903,#908);
#903 = CYLINDRICAL_SURFACE('',#904,0.9);
#904 = AXIS2_PLACEMENT_3D('',#905,#906,#907);
#905 = CARTESIAN_POINT('',(-15.90000001088,0.9,-1.));
#906 = DIRECTION('',(0.,0.,-1.));
#907 = DIRECTION('',(-1.,0.,0.));
#908 = DEFINITIONAL_REPRESENTATION('',(#909),#913);
#909 = LINE('',#910,#911);
#910 = CARTESIAN_POINT('',(0.,-1.));
#911 = VECTOR('',#912,1.);
#912 = DIRECTION('',(1.,0.));
#913 = ( GEOMETRIC_REPRESENTATION_CONTEXT(2) 
PARAMETRIC_REPRESENTATION_CONTEXT() REPRESENTATION_CONTEXT('2D SPACE',''
  ) );
#914 = ORIENTED_EDGE('',*,*,#915,.T.);
#915 = EDGE_CURVE('',#883,#916,#918,.T.);
#916 = VERTEX_POINT('',#917);
#917 = CARTESIAN_POINT('',(-16.10000000104,0.,0.));
#918 = SURFACE_CURVE('',#919,(#923,#929),.PCURVE_S1.);
#919 = LINE('',#920,#921);
#920 = CARTESIAN_POINT('',(-8.050000000741,0.,0.));
#921 = VECTOR('',#922,1.);
#922 = DIRECTION('',(-1.,0.,0.));
#923 = PCURVE('',#126,#924);
#924 = DEFINITIONAL_REPRESENTATION('',(#925),#928);
#925 = B_SPLINE_CURVE_WITH_KNOTS('',1,(#926,#927),.UNSPECIFIED.,.F.,.F.,
  (2,2),(7.850000010147,8.050000000301),.PIECEWISE_BEZIER_KNOTS.);
#926 = CARTESIAN_POINT('',(-15.90000001044,1.168974250944E-09));
#927 = CARTESIAN_POINT('',(-16.1000000006,1.168974250944E-09));
#928 = ( GEOMETRIC_REPRESENTATION_CONTEXT(2) 
PARAMETRIC_REPRESENTATION_CONTEXT() REPRESENTATION_CONTEXT('2D SPACE',''
  ) );
#929 = PCURVE('',#930,#935);
#930 = PLANE('',#931);
#931 = AXIS2_PLACEMENT_3D('',#932,#933,#934);
#932 = CARTESIAN_POINT('',(-16.10000000104,0.,-1.));
#933 = DIRECTION('',(0.,1.,0.));
#934 = DIRECTION('',(1.,0.,0.));
#935 = DEFINITIONAL_REPRESENTATION('',(#936),#939);
#936 = B_SPLINE_CURVE_WITH_KNOTS('',1,(#937,#938),.UNSPECIFIED.,.F.,.F.,
  (2,2),(7.850000010147,8.050000000301),.PIECEWISE_BEZIER_KNOTS.);
#937 = CARTESIAN_POINT('',(0.199999990154,-1.));
#938 = CARTESIAN_POINT('',(0.,-1.));
#939 = ( GEOMETRIC_REPRESENTATION_CONTEXT(2) 
PARAMETRIC_REPRESENTATION_CONTEXT() REPRESENTATION_CONTEXT('2D SPACE',''
  ) );
#940 = ORIENTED_EDGE('',*,*,#941,.T.);
#941 = EDGE_CURVE('',#916,#739,#942,.T.);
#942 = SURFACE_CURVE('',#943,(#948,#959),.PCURVE_S1.);
#943 = CIRCLE('',#944,0.9);
#944 = AXIS2_PLACEMENT_3D('',#945,#946,#947);
#945 = CARTESIAN_POINT('',(-16.10000000104,0.9,0.));
#946 = DIRECTION('',(0.,0.,-1.));
#947 = DIRECTION('',(-1.,0.,0.));
#948 = PCURVE('',#126,#949);
#949 = DEFINITIONAL_REPRESENTATION('',(#950),#958);
#950 = ( BOUNDED_CURVE() B_SPLINE_CURVE(2,(#951,#952,#953,#954,#955,#956
,#957),.UNSPECIFIED.,.T.,.F.) B_SPLINE_CURVE_WITH_KNOTS((1,2,2,2,2,1),(
    -2.094395102393,0.,2.094395102393,4.188790204786,6.28318530718,
8.377580409573),.UNSPECIFIED.) CURVE() GEOMETRIC_REPRESENTATION_ITEM() 
RATIONAL_B_SPLINE_CURVE((1.,0.5,1.,0.5,1.,0.5,1.)) REPRESENTATION_ITEM(
  '') );
#951 = CARTESIAN_POINT('',(-17.0000000006,0.900000001169));
#952 = CARTESIAN_POINT('',(-17.0000000006,2.458845727981));
#953 = CARTESIAN_POINT('',(-15.6500000006,1.679422864575));
#954 = CARTESIAN_POINT('',(-14.3000000006,0.900000001169));
#955 = CARTESIAN_POINT('',(-15.6500000006,0.120577137763));
#956 = CARTESIAN_POINT('',(-17.0000000006,-0.658845725643));
#957 = CARTESIAN_POINT('',(-17.0000000006,0.900000001169));
#958 = ( GEOMETRIC_REPRESENTATION_CONTEXT(2) 
PARAMETRIC_REPRESENTATION_CONTEXT() REPRESENTATION_CONTEXT('2D SPACE',''
  ) );
#959 = PCURVE('',#960,#965);
#960 = CYLINDRICAL_SURFACE('',#961,0.9);
#961 = AXIS2_PLACEMENT_3D('',#962,#963,#964);
#962 = CARTESIAN_POINT('',(-16.10000000104,0.9,-1.));
#963 = DIRECTION('',(0.,0.,-1.));
#964 = DIRECTION('',(-1.,0.,0.));
#965 = DEFINITIONAL_REPRESENTATION('',(#966),#970);
#966 = LINE('',#967,#968);
#967 = CARTESIAN_POINT('',(0.,-1.));
#968 = VECTOR('',#969,1.);
#969 = DIRECTION('',(1.,0.));
#970 = ( GEOMETRIC_REPRESENTATION_CONTEXT(2) 
PARAMETRIC_REPRESENTATION_CONTEXT() REPRESENTATION_CONTEXT('2D SPACE',''
  ) );
#971 = FACE_BOUND('',#972,.F.);
#972 = EDGE_LOOP('',(#973,#1001,#1034,#1060,#1093,#1119,#1152,#1178));
#973 = ORIENTED_EDGE('',*,*,#974,.F.);
#974 = EDGE_CURVE('',#975,#977,#979,.T.);
#975 = VERTEX_POINT('',#976);
#976 = CARTESIAN_POINT('',(15.,9.1,0.));
#977 = VERTEX_POINT('',#978);
#978 = CARTESIAN_POINT('',(15.,0.9,0.));
#979 = SURFACE_CURVE('',#980,(#984,#990),.PCURVE_S1.);
#980 = LINE('',#981,#982);
#981 = CARTESIAN_POINT('',(15.000000001042,0.449999999416,0.));
#982 = VECTOR('',#983,1.);
#983 = DIRECTION('',(0.,-1.,0.));
#984 = PCURVE('',#126,#985);
#985 = DEFINITIONAL_REPRESENTATION('',(#986),#989);
#986 = B_SPLINE_CURVE_WITH_KNOTS('',1,(#987,#988),.UNSPECIFIED.,.F.,.F.,
  (2,2),(-8.650000000584,-0.450000000584),.PIECEWISE_BEZIER_KNOTS.);
#987 = CARTESIAN_POINT('',(15.000000001482,9.100000001169));
#988 = CARTESIAN_POINT('',(15.000000001482,0.900000001169));
#989 = ( GEOMETRIC_REPRESENTATION_CONTEXT(2) 
PARAMETRIC_REPRESENTATION_CONTEXT() REPRESENTATION_CONTEXT('2D SPACE',''
  ) );
#990 = PCURVE('',#991,#996);
#991 = PLANE('',#992);
#992 = AXIS2_PLACEMENT_3D('',#993,#994,#995);
#993 = CARTESIAN_POINT('',(15.000000001042,0.9,-1.));
#994 = DIRECTION('',(-1.,0.,0.));
#995 = DIRECTION('',(0.,1.,0.));
#996 = DEFINITIONAL_REPRESENTATION('',(#997),#1000);
#997 = B_SPLINE_CURVE_WITH_KNOTS('',1,(#998,#999),.UNSPECIFIED.,.F.,.F.,
  (2,2),(-8.650000000584,-0.450000000584),.PIECEWISE_BEZIER_KNOTS.);
#998 = CARTESIAN_POINT('',(8.2,-1.));
#999 = CARTESIAN_POINT('',(0.,-1.));
#1000 = ( GEOMETRIC_REPRESENTATION_CONTEXT(2) 
PARAMETRIC_REPRESENTATION_CONTEXT() REPRESENTATION_CONTEXT('2D SPACE',''
  ) );
#1001 = ORIENTED_EDGE('',*,*,#1002,.T.);
#1002 = EDGE_CURVE('',#975,#1003,#1005,.T.);
#1003 = VERTEX_POINT('',#1004);
#1004 = CARTESIAN_POINT('',(15.899999998958,10.,0.));
#1005 = SURFACE_CURVE('',#1006,(#1011,#1022),.PCURVE_S1.);
#1006 = CIRCLE('',#1007,0.9);
#1007 = AXIS2_PLACEMENT_3D('',#1008,#1009,#1010);
#1008 = CARTESIAN_POINT('',(15.899999998958,9.1,0.));
#1009 = DIRECTION('',(0.,0.,-1.));
#1010 = DIRECTION('',(-1.,0.,0.));
#1011 = PCURVE('',#126,#1012);
#1012 = DEFINITIONAL_REPRESENTATION('',(#1013),#1021);
#1013 = ( BOUNDED_CURVE() B_SPLINE_CURVE(2,(#1014,#1015,#1016,#1017,
#1018,#1019,#1020),.UNSPECIFIED.,.T.,.F.) B_SPLINE_CURVE_WITH_KNOTS((1,2
    ,2,2,2,1),(-2.094395102393,0.,2.094395102393,4.188790204786,
6.28318530718,8.377580409573),.UNSPECIFIED.) CURVE() 
GEOMETRIC_REPRESENTATION_ITEM() RATIONAL_B_SPLINE_CURVE((1.,0.5,1.,0.5,
1.,0.5,1.)) REPRESENTATION_ITEM('') );
#1014 = CARTESIAN_POINT('',(14.999999999398,9.100000001169));
#1015 = CARTESIAN_POINT('',(14.999999999398,10.658845727981));
#1016 = CARTESIAN_POINT('',(16.349999999398,9.879422864575));
#1017 = CARTESIAN_POINT('',(17.699999999398,9.100000001169));
#1018 = CARTESIAN_POINT('',(16.349999999398,8.320577137763));
#1019 = CARTESIAN_POINT('',(14.999999999398,7.541154274357));
#1020 = CARTESIAN_POINT('',(14.999999999398,9.100000001169));
#1021 = ( GEOMETRIC_REPRESENTATION_CONTEXT(2) 
PARAMETRIC_REPRESENTATION_CONTEXT() REPRESENTATION_CONTEXT('2D SPACE',''
  ) );
#1022 = PCURVE('',#1023,#1028);
#1023 = CYLINDRICAL_SURFACE('',#1024,0.9);
#1024 = AXIS2_PLACEMENT_3D('',#1025,#1026,#1027);
#1025 = CARTESIAN_POINT('',(15.899999998958,9.1,-1.));
#1026 = DIRECTION('',(0.,0.,-1.));
#1027 = DIRECTION('',(-1.,0.,0.));
#1028 = DEFINITIONAL_REPRESENTATION('',(#1029),#1033);
#1029 = LINE('',#1030,#1031);
#1030 = CARTESIAN_POINT('',(0.,-1.));
#1031 = VECTOR('',#1032,1.);
#1032 = DIRECTION('',(1.,0.));
#1033 = ( GEOMETRIC_REPRESENTATION_CONTEXT(2) 
PARAMETRIC_REPRESENTATION_CONTEXT() REPRESENTATION_CONTEXT('2D SPACE',''
  ) );
#1034 = ORIENTED_EDGE('',*,*,#1035,.F.);
#1035 = EDGE_CURVE('',#1036,#1003,#1038,.T.);
#1036 = VERTEX_POINT('',#1037);
#1037 = CARTESIAN_POINT('',(16.099999989112,10.,0.));
#1038 = SURFACE_CURVE('',#1039,(#1043,#1049),.PCURVE_S1.);
#1039 = LINE('',#1040,#1041);
#1040 = CARTESIAN_POINT('',(7.949999999259,10.,0.));
#1041 = VECTOR('',#1042,1.);
#1042 = DIRECTION('',(-1.,0.,0.));
#1043 = PCURVE('',#126,#1044);
#1044 = DEFINITIONAL_REPRESENTATION('',(#1045),#1048);
#1045 = B_SPLINE_CURVE_WITH_KNOTS('',1,(#1046,#1047),.UNSPECIFIED.,.F.,
  .F.,(2,2),(-8.149999989853,-7.949999999699),.PIECEWISE_BEZIER_KNOTS.);
#1046 = CARTESIAN_POINT('',(16.099999989553,10.000000001169));
#1047 = CARTESIAN_POINT('',(15.899999999398,10.000000001169));
#1048 = ( GEOMETRIC_REPRESENTATION_CONTEXT(2) 
PARAMETRIC_REPRESENTATION_CONTEXT() REPRESENTATION_CONTEXT('2D SPACE',''
  ) );
#1049 = PCURVE('',#1050,#1055);
#1050 = PLANE('',#1051);
#1051 = AXIS2_PLACEMENT_3D('',#1052,#1053,#1054);
#1052 = CARTESIAN_POINT('',(15.899999998958,10.,-1.));
#1053 = DIRECTION('',(0.,1.,0.));
#1054 = DIRECTION('',(1.,0.,0.));
#1055 = DEFINITIONAL_REPRESENTATION('',(#1056),#1059);
#1056 = B_SPLINE_CURVE_WITH_KNOTS('',1,(#1057,#1058),.UNSPECIFIED.,.F.,
  .F.,(2,2),(-8.149999989853,-7.949999999699),.PIECEWISE_BEZIER_KNOTS.);
#1057 = CARTESIAN_POINT('',(0.199999990154,-1.));
#1058 = CARTESIAN_POINT('',(0.,-1.));
#1059 = ( GEOMETRIC_REPRESENTATION_CONTEXT(2) 
PARAMETRIC_REPRESENTATION_CONTEXT() REPRESENTATION_CONTEXT('2D SPACE',''
  ) );
#1060 = ORIENTED_EDGE('',*,*,#1061,.T.);
#1061 = EDGE_CURVE('',#1036,#1062,#1064,.T.);
#1062 = VERTEX_POINT('',#1063);
#1063 = CARTESIAN_POINT('',(16.999999995077,9.1,0.));
#1064 = SURFACE_CURVE('',#1065,(#1070,#1081),.PCURVE_S1.);
#1065 = CIRCLE('',#1066,0.9);
#1066 = AXIS2_PLACEMENT_3D('',#1067,#1068,#1069);
#1067 = CARTESIAN_POINT('',(16.099999989112,9.1,0.));
#1068 = DIRECTION('',(0.,0.,-1.));
#1069 = DIRECTION('',(-1.,0.,0.));
#1070 = PCURVE('',#126,#1071);
#1071 = DEFINITIONAL_REPRESENTATION('',(#1072),#1080);
#1072 = ( BOUNDED_CURVE() B_SPLINE_CURVE(2,(#1073,#1074,#1075,#1076,
#1077,#1078,#1079),.UNSPECIFIED.,.T.,.F.) B_SPLINE_CURVE_WITH_KNOTS((1,2
    ,2,2,2,1),(-2.094395102393,0.,2.094395102393,4.188790204786,
6.28318530718,8.377580409573),.UNSPECIFIED.) CURVE() 
GEOMETRIC_REPRESENTATION_ITEM() RATIONAL_B_SPLINE_CURVE((1.,0.5,1.,0.5,
1.,0.5,1.)) REPRESENTATION_ITEM('') );
#1073 = CARTESIAN_POINT('',(15.199999989553,9.100000001169));
#1074 = CARTESIAN_POINT('',(15.199999989553,10.658845727981));
#1075 = CARTESIAN_POINT('',(16.549999989553,9.879422864575));
#1076 = CARTESIAN_POINT('',(17.899999989553,9.100000001169));
#1077 = CARTESIAN_POINT('',(16.549999989553,8.320577137763));
#1078 = CARTESIAN_POINT('',(15.199999989553,7.541154274357));
#1079 = CARTESIAN_POINT('',(15.199999989553,9.100000001169));
#1080 = ( GEOMETRIC_REPRESENTATION_CONTEXT(2) 
PARAMETRIC_REPRESENTATION_CONTEXT() REPRESENTATION_CONTEXT('2D SPACE',''
  ) );
#1081 = PCURVE('',#1082,#1087);
#1082 = CYLINDRICAL_SURFACE('',#1083,0.9);
#1083 = AXIS2_PLACEMENT_3D('',#1084,#1085,#1086);
#1084 = CARTESIAN_POINT('',(16.099999989112,9.1,-1.));
#1085 = DIRECTION('',(0.,0.,-1.));
#1086 = DIRECTION('',(-1.,0.,0.));
#1087 = DEFINITIONAL_REPRESENTATION('',(#1088),#1092);
#1088 = LINE('',#1089,#1090);
#1089 = CARTESIAN_POINT('',(0.,-1.));
#1090 = VECTOR('',#1091,1.);
#1091 = DIRECTION('',(1.,0.));
#1092 = ( GEOMETRIC_REPRESENTATION_CONTEXT(2) 
PARAMETRIC_REPRESENTATION_CONTEXT() REPRESENTATION_CONTEXT('2D SPACE',''
  ) );
#1093 = ORIENTED_EDGE('',*,*,#1094,.T.);
#1094 = EDGE_CURVE('',#1062,#1095,#1097,.T.);
#1095 = VERTEX_POINT('',#1096);
#1096 = CARTESIAN_POINT('',(16.999999995077,0.9,0.));
#1097 = SURFACE_CURVE('',#1098,(#1102,#1108),.PCURVE_S1.);
#1098 = LINE('',#1099,#1100);
#1099 = CARTESIAN_POINT('',(17.000000001042,0.449999999416,0.));
#1100 = VECTOR('',#1101,1.);
#1101 = DIRECTION('',(0.,-1.,0.));
#1102 = PCURVE('',#126,#1103);
#1103 = DEFINITIONAL_REPRESENTATION('',(#1104),#1107);
#1104 = B_SPLINE_CURVE_WITH_KNOTS('',1,(#1105,#1106),.UNSPECIFIED.,.F.,
  .F.,(2,2),(-8.650000000584,-0.450000000584),.PIECEWISE_BEZIER_KNOTS.);
#1105 = CARTESIAN_POINT('',(17.000000001482,9.100000001169));
#1106 = CARTESIAN_POINT('',(17.000000001482,0.900000001169));
#1107 = ( GEOMETRIC_REPRESENTATION_CONTEXT(2) 
PARAMETRIC_REPRESENTATION_CONTEXT() REPRESENTATION_CONTEXT('2D SPACE',''
  ) );
#1108 = PCURVE('',#1109,#1114);
#1109 = PLANE('',#1110);
#1110 = AXIS2_PLACEMENT_3D('',#1111,#1112,#1113);
#1111 = CARTESIAN_POINT('',(17.000000001042,0.9,-1.));
#1112 = DIRECTION('',(-1.,0.,0.));
#1113 = DIRECTION('',(0.,1.,0.));
#1114 = DEFINITIONAL_REPRESENTATION('',(#1115),#1118);
#1115 = B_SPLINE_CURVE_WITH_KNOTS('',1,(#1116,#1117),.UNSPECIFIED.,.F.,
  .F.,(2,2),(-8.650000000584,-0.450000000584),.PIECEWISE_BEZIER_KNOTS.);
#1116 = CARTESIAN_POINT('',(8.2,-1.));
#1117 = CARTESIAN_POINT('',(0.,-1.));
#1118 = ( GEOMETRIC_REPRESENTATION_CONTEXT(2) 
PARAMETRIC_REPRESENTATION_CONTEXT() REPRESENTATION_CONTEXT('2D SPACE',''
  ) );
#1119 = ORIENTED_EDGE('',*,*,#1120,.T.);
#1120 = EDGE_CURVE('',#1095,#1121,#1123,.T.);
#1121 = VERTEX_POINT('',#1122);
#1122 = CARTESIAN_POINT('',(16.099999989112,0.,0.));
#1123 = SURFACE_CURVE('',#1124,(#1129,#1140),.PCURVE_S1.);
#1124 = CIRCLE('',#1125,0.9);
#1125 = AXIS2_PLACEMENT_3D('',#1126,#1127,#1128);
#1126 = CARTESIAN_POINT('',(16.099999989112,0.9,0.));
#1127 = DIRECTION('',(0.,0.,-1.));
#1128 = DIRECTION('',(-1.,0.,0.));
#1129 = PCURVE('',#126,#1130);
#1130 = DEFINITIONAL_REPRESENTATION('',(#1131),#1139);
#1131 = ( BOUNDED_CURVE() B_SPLINE_CURVE(2,(#1132,#1133,#1134,#1135,
#1136,#1137,#1138),.UNSPECIFIED.,.T.,.F.) B_SPLINE_CURVE_WITH_KNOTS((1,2
    ,2,2,2,1),(-2.094395102393,0.,2.094395102393,4.188790204786,
6.28318530718,8.377580409573),.UNSPECIFIED.) CURVE() 
GEOMETRIC_REPRESENTATION_ITEM() RATIONAL_B_SPLINE_CURVE((1.,0.5,1.,0.5,
1.,0.5,1.)) REPRESENTATION_ITEM('') );
#1132 = CARTESIAN_POINT('',(15.199999989553,0.900000001169));
#1133 = CARTESIAN_POINT('',(15.199999989553,2.458845727981));
#1134 = CARTESIAN_POINT('',(16.549999989553,1.679422864575));
#1135 = CARTESIAN_POINT('',(17.899999989553,0.900000001169));
#1136 = CARTESIAN_POINT('',(16.549999989553,0.120577137763));
#1137 = CARTESIAN_POINT('',(15.199999989553,-0.658845725643));
#1138 = CARTESIAN_POINT('',(15.199999989553,0.900000001169));
#1139 = ( GEOMETRIC_REPRESENTATION_CONTEXT(2) 
PARAMETRIC_REPRESENTATION_CONTEXT() REPRESENTATION_CONTEXT('2D SPACE',''
  ) );
#1140 = PCURVE('',#1141,#1146);
#1141 = CYLINDRICAL_SURFACE('',#1142,0.9);
#1142 = AXIS2_PLACEMENT_3D('',#1143,#1144,#1145);
#1143 = CARTESIAN_POINT('',(16.099999989112,0.9,-1.));
#1144 = DIRECTION('',(0.,0.,-1.));
#1145 = DIRECTION('',(-1.,0.,0.));
#1146 = DEFINITIONAL_REPRESENTATION('',(#1147),#1151);
#1147 = LINE('',#1148,#1149);
#1148 = CARTESIAN_POINT('',(0.,-1.));
#1149 = VECTOR('',#1150,1.);
#1150 = DIRECTION('',(1.,0.));
#1151 = ( GEOMETRIC_REPRESENTATION_CONTEXT(2) 
PARAMETRIC_REPRESENTATION_CONTEXT() REPRESENTATION_CONTEXT('2D SPACE',''
  ) );
#1152 = ORIENTED_EDGE('',*,*,#1153,.T.);
#1153 = EDGE_CURVE('',#1121,#1154,#1156,.T.);
#1154 = VERTEX_POINT('',#1155);
#1155 = CARTESIAN_POINT('',(15.899999998958,0.,0.));
#1156 = SURFACE_CURVE('',#1157,(#1161,#1167),.PCURVE_S1.);
#1157 = LINE('',#1158,#1159);
#1158 = CARTESIAN_POINT('',(7.949999999259,0.,0.));
#1159 = VECTOR('',#1160,1.);
#1160 = DIRECTION('',(-1.,0.,0.));
#1161 = PCURVE('',#126,#1162);
#1162 = DEFINITIONAL_REPRESENTATION('',(#1163),#1166);
#1163 = B_SPLINE_CURVE_WITH_KNOTS('',1,(#1164,#1165),.UNSPECIFIED.,.F.,
  .F.,(2,2),(-8.149999989853,-7.949999999699),.PIECEWISE_BEZIER_KNOTS.);
#1164 = CARTESIAN_POINT('',(16.099999989553,1.168974250944E-09));
#1165 = CARTESIAN_POINT('',(15.899999999398,1.168974250944E-09));
#1166 = ( GEOMETRIC_REPRESENTATION_CONTEXT(2) 
PARAMETRIC_REPRESENTATION_CONTEXT() REPRESENTATION_CONTEXT('2D SPACE',''
  ) );
#1167 = PCURVE('',#1168,#1173);
#1168 = PLANE('',#1169);
#1169 = AXIS2_PLACEMENT_3D('',#1170,#1171,#1172);
#1170 = CARTESIAN_POINT('',(15.899999998958,0.,-1.));
#1171 = DIRECTION('',(0.,1.,0.));
#1172 = DIRECTION('',(1.,0.,0.));
#1173 = DEFINITIONAL_REPRESENTATION('',(#1174),#1177);
#1174 = B_SPLINE_CURVE_WITH_KNOTS('',1,(#1175,#1176),.UNSPECIFIED.,.F.,
  .F.,(2,2),(-8.149999989853,-7.949999999699),.PIECEWISE_BEZIER_KNOTS.);
#1175 = CARTESIAN_POINT('',(0.199999990154,-1.));
#1176 = CARTESIAN_POINT('',(0.,-1.));
#1177 = ( GEOMETRIC_REPRESENTATION_CONTEXT(2) 
PARAMETRIC_REPRESENTATION_CONTEXT() REPRESENTATION_CONTEXT('2D SPACE',''
  ) );
#1178 = ORIENTED_EDGE('',*,*,#1179,.T.);
#1179 = EDGE_CURVE('',#1154,#977,#1180,.T.);
#1180 = SURFACE_CURVE('',#1181,(#1186,#1197),.PCURVE_S1.);
#1181 = CIRCLE('',#1182,0.9);
#1182 = AXIS2_PLACEMENT_3D('',#1183,#1184,#1185);
#1183 = CARTESIAN_POINT('',(15.899999998958,0.9,0.));
#1184 = DIRECTION('',(0.,0.,-1.));
#1185 = DIRECTION('',(-1.,0.,0.));
#1186 = PCURVE('',#126,#1187);
#1187 = DEFINITIONAL_REPRESENTATION('',(#1188),#1196);
#1188 = ( BOUNDED_CURVE() B_SPLINE_CURVE(2,(#1189,#1190,#1191,#1192,
#1193,#1194,#1195),.UNSPECIFIED.,.T.,.F.) B_SPLINE_CURVE_WITH_KNOTS((1,2
    ,2,2,2,1),(-2.094395102393,0.,2.094395102393,4.188790204786,
6.28318530718,8.377580409573),.UNSPECIFIED.) CURVE() 
GEOMETRIC_REPRESENTATION_ITEM() RATIONAL_B_SPLINE_CURVE((1.,0.5,1.,0.5,
1.,0.5,1.)) REPRESENTATION_ITEM('') );
#1189 = CARTESIAN_POINT('',(14.999999999398,0.900000001169));
#1190 = CARTESIAN_POINT('',(14.999999999398,2.458845727981));
#1191 = CARTESIAN_POINT('',(16.349999999398,1.679422864575));
#1192 = CARTESIAN_POINT('',(17.699999999398,0.900000001169));
#1193 = CARTESIAN_POINT('',(16.349999999398,0.120577137763));
#1194 = CARTESIAN_POINT('',(14.999999999398,-0.658845725643));
#1195 = CARTESIAN_POINT('',(14.999999999398,0.900000001169));
#1196 = ( GEOMETRIC_REPRESENTATION_CONTEXT(2) 
PARAMETRIC_REPRESENTATION_CONTEXT() REPRESENTATION_CONTEXT('2D SPACE',''
  ) );
#1197 = PCURVE('',#1198,#1203);
#1198 = CYLINDRICAL_SURFACE('',#1199,0.9);
#1199 = AXIS2_PLACEMENT_3D('',#1200,#1201,#1202);
#1200 = CARTESIAN_POINT('',(15.899999998958,0.9,-1.));
#1201 = DIRECTION('',(0.,0.,-1.));
#1202 = DIRECTION('',(-1.,0.,0.));
#1203 = DEFINITIONAL_REPRESENTATION('',(#1204),#1208);
#1204 = LINE('',#1205,#1206);
#1205 = CARTESIAN_POINT('',(0.,-1.));
#1206 = VECTOR('',#1207,1.);
#1207 = DIRECTION('',(1.,0.));
#1208 = ( GEOMETRIC_REPRESENTATION_CONTEXT(2) 
PARAMETRIC_REPRESENTATION_CONTEXT() REPRESENTATION_CONTEXT('2D SPACE',''
  ) );
#1209 = ADVANCED_FACE('',(#1210,#1765,#1795,#1825,#2023,#2129,#2621,
    #2819),#72,.T.);
#1210 = FACE_BOUND('',#1211,.T.);
#1211 = EDGE_LOOP('',(#1212,#1213,#1214,#1237,#1265,#1287,#1320,#1349,
    #1382,#1404,#1432,#1454,#1482,#1504,#1537,#1566,#1599,#1621,#1649,
    #1672,#1696,#1719,#1743,#1764));
#1212 = ORIENTED_EDGE('',*,*,#56,.F.);
#1213 = ORIENTED_EDGE('',*,*,#142,.F.);
#1214 = ORIENTED_EDGE('',*,*,#1215,.T.);
#1215 = EDGE_CURVE('',#143,#1216,#1218,.T.);
#1216 = VERTEX_POINT('',#1217);
#1217 = CARTESIAN_POINT('',(-6.,-23.,2.));
#1218 = SURFACE_CURVE('',#1219,(#1223,#1230),.PCURVE_S1.);
#1219 = LINE('',#1220,#1221);
#1220 = CARTESIAN_POINT('',(0.,-23.,2.));
#1221 = VECTOR('',#1222,1.);
#1222 = DIRECTION('',(1.,0.,0.));
#1223 = PCURVE('',#72,#1224);
#1224 = DEFINITIONAL_REPRESENTATION('',(#1225),#1229);
#1225 = LINE('',#1226,#1227);
#1226 = CARTESIAN_POINT('',(4.401982376383E-10,-22.99999999883));
#1227 = VECTOR('',#1228,1.);
#1228 = DIRECTION('',(1.,0.));
#1229 = ( GEOMETRIC_REPRESENTATION_CONTEXT(2) 
PARAMETRIC_REPRESENTATION_CONTEXT() REPRESENTATION_CONTEXT('2D SPACE',''
  ) );
#1230 = PCURVE('',#186,#1231);
#1231 = DEFINITIONAL_REPRESENTATION('',(#1232),#1236);
#1232 = LINE('',#1233,#1234);
#1233 = CARTESIAN_POINT('',(7.,-2.));
#1234 = VECTOR('',#1235,1.);
#1235 = DIRECTION('',(1.,0.));
#1236 = ( GEOMETRIC_REPRESENTATION_CONTEXT(2) 
PARAMETRIC_REPRESENTATION_CONTEXT() REPRESENTATION_CONTEXT('2D SPACE',''
  ) );
#1237 = ORIENTED_EDGE('',*,*,#1238,.T.);
#1238 = EDGE_CURVE('',#1216,#1239,#1241,.T.);
#1239 = VERTEX_POINT('',#1240);
#1240 = CARTESIAN_POINT('',(-8.,-21.,2.));
#1241 = SURFACE_CURVE('',#1242,(#1247,#1258),.PCURVE_S1.);
#1242 = CIRCLE('',#1243,2.);
#1243 = AXIS2_PLACEMENT_3D('',#1244,#1245,#1246);
#1244 = CARTESIAN_POINT('',(-6.,-21.,2.));
#1245 = DIRECTION('',(0.,0.,-1.));
#1246 = DIRECTION('',(-1.,0.,0.));
#1247 = PCURVE('',#72,#1248);
#1248 = DEFINITIONAL_REPRESENTATION('',(#1249),#1257);
#1249 = ( BOUNDED_CURVE() B_SPLINE_CURVE(2,(#1250,#1251,#1252,#1253,
#1254,#1255,#1256),.UNSPECIFIED.,.T.,.F.) B_SPLINE_CURVE_WITH_KNOTS((1,2
    ,2,2,2,1),(-2.094395102393,0.,2.094395102393,4.188790204786,
6.28318530718,8.377580409573),.UNSPECIFIED.) CURVE() 
GEOMETRIC_REPRESENTATION_ITEM() RATIONAL_B_SPLINE_CURVE((1.,0.5,1.,0.5,
1.,0.5,1.)) REPRESENTATION_ITEM('') );
#1250 = CARTESIAN_POINT('',(-7.99999999956,-20.99999999883));
#1251 = CARTESIAN_POINT('',(-7.99999999956,-17.53589838369));
#1252 = CARTESIAN_POINT('',(-4.99999999956,-19.26794919126));
#1253 = CARTESIAN_POINT('',(-1.99999999956,-20.99999999883));
#1254 = CARTESIAN_POINT('',(-4.99999999956,-22.7320508064));
#1255 = CARTESIAN_POINT('',(-7.99999999956,-24.46410161396));
#1256 = CARTESIAN_POINT('',(-7.99999999956,-20.99999999883));
#1257 = ( GEOMETRIC_REPRESENTATION_CONTEXT(2) 
PARAMETRIC_REPRESENTATION_CONTEXT() REPRESENTATION_CONTEXT('2D SPACE',''
  ) );
#1258 = PCURVE('',#347,#1259);
#1259 = DEFINITIONAL_REPRESENTATION('',(#1260),#1264);
#1260 = LINE('',#1261,#1262);
#1261 = CARTESIAN_POINT('',(0.,-3.));
#1262 = VECTOR('',#1263,1.);
#1263 = DIRECTION('',(1.,0.));
#1264 = ( GEOMETRIC_REPRESENTATION_CONTEXT(2) 
PARAMETRIC_REPRESENTATION_CONTEXT() REPRESENTATION_CONTEXT('2D SPACE',''
  ) );
#1265 = ORIENTED_EDGE('',*,*,#1266,.F.);
#1266 = EDGE_CURVE('',#1267,#1239,#1269,.T.);
#1267 = VERTEX_POINT('',#1268);
#1268 = CARTESIAN_POINT('',(-8.,-20.66594695203,2.));
#1269 = SURFACE_CURVE('',#1270,(#1274,#1281),.PCURVE_S1.);
#1270 = LINE('',#1271,#1272);
#1271 = CARTESIAN_POINT('',(-8.,-10.50000000058,2.));
#1272 = VECTOR('',#1273,1.);
#1273 = DIRECTION('',(0.,-1.,0.));
#1274 = PCURVE('',#72,#1275);
#1275 = DEFINITIONAL_REPRESENTATION('',(#1276),#1280);
#1276 = LINE('',#1277,#1278);
#1277 = CARTESIAN_POINT('',(-7.99999999956,-10.49999999941));
#1278 = VECTOR('',#1279,1.);
#1279 = DIRECTION('',(0.,-1.));
#1280 = ( GEOMETRIC_REPRESENTATION_CONTEXT(2) 
PARAMETRIC_REPRESENTATION_CONTEXT() REPRESENTATION_CONTEXT('2D SPACE',''
  ) );
#1281 = PCURVE('',#374,#1282);
#1282 = DEFINITIONAL_REPRESENTATION('',(#1283),#1286);
#1283 = B_SPLINE_CURVE_WITH_KNOTS('',1,(#1284,#1285),.UNSPECIFIED.,.F.,
  .F.,(2,2),(0.500000050555,10.499999999416),.PIECEWISE_BEZIER_KNOTS.);
#1284 = CARTESIAN_POINT('',(9.999999948861,-3.));
#1285 = CARTESIAN_POINT('',(0.,-3.));
#1286 = ( GEOMETRIC_REPRESENTATION_CONTEXT(2) 
PARAMETRIC_REPRESENTATION_CONTEXT() REPRESENTATION_CONTEXT('2D SPACE',''
  ) );
#1287 = ORIENTED_EDGE('',*,*,#1288,.T.);
#1288 = EDGE_CURVE('',#1267,#1289,#1291,.T.);
#1289 = VERTEX_POINT('',#1290);
#1290 = CARTESIAN_POINT('',(-15.75125027486,-17.81124966406,2.));
#1291 = SURFACE_CURVE('',#1292,(#1297,#1308),.PCURVE_S1.);
#1292 = CIRCLE('',#1293,14.7);
#1293 = AXIS2_PLACEMENT_3D('',#1294,#1295,#1296);
#1294 = CARTESIAN_POINT('',(-7.,-6.,2.));
#1295 = DIRECTION('',(0.,0.,-1.));
#1296 = DIRECTION('',(-1.,0.,0.));
#1297 = PCURVE('',#72,#1298);
#1298 = DEFINITIONAL_REPRESENTATION('',(#1299),#1307);
#1299 = ( BOUNDED_CURVE() B_SPLINE_CURVE(2,(#1300,#1301,#1302,#1303,
#1304,#1305,#1306),.UNSPECIFIED.,.T.,.F.) B_SPLINE_CURVE_WITH_KNOTS((1,2
    ,2,2,2,1),(-2.094395102393,0.,2.094395102393,4.188790204786,
6.28318530718,8.377580409573),.UNSPECIFIED.) CURVE() 
GEOMETRIC_REPRESENTATION_ITEM() RATIONAL_B_SPLINE_CURVE((1.,0.5,1.,0.5,
1.,0.5,1.)) REPRESENTATION_ITEM('') );
#1300 = CARTESIAN_POINT('',(-21.69999999956,-5.999999998831));
#1301 = CARTESIAN_POINT('',(-21.69999999956,19.461146872431));
#1302 = CARTESIAN_POINT('',(0.35000000044,6.7305734368));
#1303 = CARTESIAN_POINT('',(22.40000000044,-5.999999998831));
#1304 = CARTESIAN_POINT('',(0.35000000044,-18.73057343446));
#1305 = CARTESIAN_POINT('',(-21.69999999956,-31.46114687009));
#1306 = CARTESIAN_POINT('',(-21.69999999956,-5.999999998831));
#1307 = ( GEOMETRIC_REPRESENTATION_CONTEXT(2) 
PARAMETRIC_REPRESENTATION_CONTEXT() REPRESENTATION_CONTEXT('2D SPACE',''
  ) );
#1308 = PCURVE('',#1309,#1314);
#1309 = CYLINDRICAL_SURFACE('',#1310,14.7);
#1310 = AXIS2_PLACEMENT_3D('',#1311,#1312,#1313);
#1311 = CARTESIAN_POINT('',(-7.,-6.,2.));
#1312 = DIRECTION('',(0.,0.,-1.));
#1313 = DIRECTION('',(-1.,0.,0.));
#1314 = DEFINITIONAL_REPRESENTATION('',(#1315),#1319);
#1315 = LINE('',#1316,#1317);
#1316 = CARTESIAN_POINT('',(0.,0.));
#1317 = VECTOR('',#1318,1.);
#1318 = DIRECTION('',(1.,0.));
#1319 = ( GEOMETRIC_REPRESENTATION_CONTEXT(2) 
PARAMETRIC_REPRESENTATION_CONTEXT() REPRESENTATION_CONTEXT('2D SPACE',''
  ) );
#1320 = ORIENTED_EDGE('',*,*,#1321,.T.);
#1321 = EDGE_CURVE('',#1289,#1322,#1324,.T.);
#1322 = VERTEX_POINT('',#1323);
#1323 = CARTESIAN_POINT('',(-14.79988827114,-16.64902544638,2.));
#1324 = SURFACE_CURVE('',#1325,(#1330,#1337),.PCURVE_S1.);
#1325 = CIRCLE('',#1326,3.6);
#1326 = AXIS2_PLACEMENT_3D('',#1327,#1328,#1329);
#1327 = CARTESIAN_POINT('',(-18.,-15.,2.));
#1328 = DIRECTION('',(0.,0.,1.));
#1329 = DIRECTION('',(1.,0.,-0.));
#1330 = PCURVE('',#72,#1331);
#1331 = DEFINITIONAL_REPRESENTATION('',(#1332),#1336);
#1332 = CIRCLE('',#1333,3.6);
#1333 = AXIS2_PLACEMENT_2D('',#1334,#1335);
#1334 = CARTESIAN_POINT('',(-17.99999999956,-14.99999999883));
#1335 = DIRECTION('',(1.,0.));
#1336 = ( GEOMETRIC_REPRESENTATION_CONTEXT(2) 
PARAMETRIC_REPRESENTATION_CONTEXT() REPRESENTATION_CONTEXT('2D SPACE',''
  ) );
#1337 = PCURVE('',#1338,#1343);
#1338 = CYLINDRICAL_SURFACE('',#1339,3.6);
#1339 = AXIS2_PLACEMENT_3D('',#1340,#1341,#1342);
#1340 = CARTESIAN_POINT('',(-18.,-15.,2.));
#1341 = DIRECTION('',(0.,0.,1.));
#1342 = DIRECTION('',(1.,0.,-0.));
#1343 = DEFINITIONAL_REPRESENTATION('',(#1344),#1348);
#1344 = LINE('',#1345,#1346);
#1345 = CARTESIAN_POINT('',(0.,0.));
#1346 = VECTOR('',#1347,1.);
#1347 = DIRECTION('',(1.,0.));
#1348 = ( GEOMETRIC_REPRESENTATION_CONTEXT(2) 
PARAMETRIC_REPRESENTATION_CONTEXT() REPRESENTATION_CONTEXT('2D SPACE',''
  ) );
#1349 = ORIENTED_EDGE('',*,*,#1350,.F.);
#1350 = EDGE_CURVE('',#1351,#1322,#1353,.T.);
#1351 = VERTEX_POINT('',#1352);
#1352 = CARTESIAN_POINT('',(-8.,-19.16206670701,2.));
#1353 = SURFACE_CURVE('',#1354,(#1359,#1370),.PCURVE_S1.);
#1354 = CIRCLE('',#1355,13.2);
#1355 = AXIS2_PLACEMENT_3D('',#1356,#1357,#1358);
#1356 = CARTESIAN_POINT('',(-7.,-6.,2.));
#1357 = DIRECTION('',(0.,0.,-1.));
#1358 = DIRECTION('',(-1.,0.,0.));
#1359 = PCURVE('',#72,#1360);
#1360 = DEFINITIONAL_REPRESENTATION('',(#1361),#1369);
#1361 = ( BOUNDED_CURVE() B_SPLINE_CURVE(2,(#1362,#1363,#1364,#1365,
#1366,#1367,#1368),.UNSPECIFIED.,.T.,.F.) B_SPLINE_CURVE_WITH_KNOTS((1,2
    ,2,2,2,1),(-2.094395102393,0.,2.094395102393,4.188790204786,
6.28318530718,8.377580409573),.UNSPECIFIED.) CURVE() 
GEOMETRIC_REPRESENTATION_ITEM() RATIONAL_B_SPLINE_CURVE((1.,0.5,1.,0.5,
1.,0.5,1.)) REPRESENTATION_ITEM('') );
#1362 = CARTESIAN_POINT('',(-20.19999999956,-5.999999998831));
#1363 = CARTESIAN_POINT('',(-20.19999999956,16.863070661078));
#1364 = CARTESIAN_POINT('',(-0.39999999956,5.431535331124));
#1365 = CARTESIAN_POINT('',(19.40000000044,-5.999999998831));
#1366 = CARTESIAN_POINT('',(-0.39999999956,-17.43153532878));
#1367 = CARTESIAN_POINT('',(-20.19999999956,-28.86307065874));
#1368 = CARTESIAN_POINT('',(-20.19999999956,-5.999999998831));
#1369 = ( GEOMETRIC_REPRESENTATION_CONTEXT(2) 
PARAMETRIC_REPRESENTATION_CONTEXT() REPRESENTATION_CONTEXT('2D SPACE',''
  ) );
#1370 = PCURVE('',#1371,#1376);
#1371 = CYLINDRICAL_SURFACE('',#1372,13.2);
#1372 = AXIS2_PLACEMENT_3D('',#1373,#1374,#1375);
#1373 = CARTESIAN_POINT('',(-7.,-6.,2.));
#1374 = DIRECTION('',(0.,0.,-1.));
#1375 = DIRECTION('',(-1.,0.,0.));
#1376 = DEFINITIONAL_REPRESENTATION('',(#1377),#1381);
#1377 = LINE('',#1378,#1379);
#1378 = CARTESIAN_POINT('',(0.,0.));
#1379 = VECTOR('',#1380,1.);
#1380 = DIRECTION('',(1.,0.));
#1381 = ( GEOMETRIC_REPRESENTATION_CONTEXT(2) 
PARAMETRIC_REPRESENTATION_CONTEXT() REPRESENTATION_CONTEXT('2D SPACE',''
  ) );
#1382 = ORIENTED_EDGE('',*,*,#1383,.F.);
#1383 = EDGE_CURVE('',#1384,#1351,#1386,.T.);
#1384 = VERTEX_POINT('',#1385);
#1385 = CARTESIAN_POINT('',(-8.,-11.00000005113,2.));
#1386 = SURFACE_CURVE('',#1387,(#1391,#1398),.PCURVE_S1.);
#1387 = LINE('',#1388,#1389);
#1388 = CARTESIAN_POINT('',(-8.,-10.50000000058,2.));
#1389 = VECTOR('',#1390,1.);
#1390 = DIRECTION('',(0.,-1.,0.));
#1391 = PCURVE('',#72,#1392);
#1392 = DEFINITIONAL_REPRESENTATION('',(#1393),#1397);
#1393 = LINE('',#1394,#1395);
#1394 = CARTESIAN_POINT('',(-7.99999999956,-10.49999999941));
#1395 = VECTOR('',#1396,1.);
#1396 = DIRECTION('',(0.,-1.));
#1397 = ( GEOMETRIC_REPRESENTATION_CONTEXT(2) 
PARAMETRIC_REPRESENTATION_CONTEXT() REPRESENTATION_CONTEXT('2D SPACE',''
  ) );
#1398 = PCURVE('',#374,#1399);
#1399 = DEFINITIONAL_REPRESENTATION('',(#1400),#1403);
#1400 = B_SPLINE_CURVE_WITH_KNOTS('',1,(#1401,#1402),.UNSPECIFIED.,.F.,
  .F.,(2,2),(0.500000050555,8.699999999416),.PIECEWISE_BEZIER_KNOTS.);
#1401 = CARTESIAN_POINT('',(9.999999948861,-3.));
#1402 = CARTESIAN_POINT('',(1.8,-3.));
#1403 = ( GEOMETRIC_REPRESENTATION_CONTEXT(2) 
PARAMETRIC_REPRESENTATION_CONTEXT() REPRESENTATION_CONTEXT('2D SPACE',''
  ) );
#1404 = ORIENTED_EDGE('',*,*,#1405,.T.);
#1405 = EDGE_CURVE('',#1384,#1406,#1408,.T.);
#1406 = VERTEX_POINT('',#1407);
#1407 = CARTESIAN_POINT('',(-6.,-9.00000002557,2.));
#1408 = SURFACE_CURVE('',#1409,(#1414,#1425),.PCURVE_S1.);
#1409 = CIRCLE('',#1410,2.);
#1410 = AXIS2_PLACEMENT_3D('',#1411,#1412,#1413);
#1411 = CARTESIAN_POINT('',(-6.,-11.00000005113,2.));
#1412 = DIRECTION('',(0.,0.,-1.));
#1413 = DIRECTION('',(-1.,0.,0.));
#1414 = PCURVE('',#72,#1415);
#1415 = DEFINITIONAL_REPRESENTATION('',(#1416),#1424);
#1416 = ( BOUNDED_CURVE() B_SPLINE_CURVE(2,(#1417,#1418,#1419,#1420,
#1421,#1422,#1423),.UNSPECIFIED.,.T.,.F.) B_SPLINE_CURVE_WITH_KNOTS((1,2
    ,2,2,2,1),(-2.094395102393,0.,2.094395102393,4.188790204786,
6.28318530718,8.377580409573),.UNSPECIFIED.) CURVE() 
GEOMETRIC_REPRESENTATION_ITEM() RATIONAL_B_SPLINE_CURVE((1.,0.5,1.,0.5,
1.,0.5,1.)) REPRESENTATION_ITEM('') );
#1417 = CARTESIAN_POINT('',(-7.99999999956,-11.00000004997));
#1418 = CARTESIAN_POINT('',(-7.99999999956,-7.535898434833));
#1419 = CARTESIAN_POINT('',(-4.99999999956,-9.267949242402));
#1420 = CARTESIAN_POINT('',(-1.99999999956,-11.00000004997));
#1421 = CARTESIAN_POINT('',(-4.99999999956,-12.73205085753));
#1422 = CARTESIAN_POINT('',(-7.99999999956,-14.4641016651));
#1423 = CARTESIAN_POINT('',(-7.99999999956,-11.00000004997));
#1424 = ( GEOMETRIC_REPRESENTATION_CONTEXT(2) 
PARAMETRIC_REPRESENTATION_CONTEXT() REPRESENTATION_CONTEXT('2D SPACE',''
  ) );
#1425 = PCURVE('',#406,#1426);
#1426 = DEFINITIONAL_REPRESENTATION('',(#1427),#1431);
#1427 = LINE('',#1428,#1429);
#1428 = CARTESIAN_POINT('',(0.,-3.));
#1429 = VECTOR('',#1430,1.);
#1430 = DIRECTION('',(1.,0.));
#1431 = ( GEOMETRIC_REPRESENTATION_CONTEXT(2) 
PARAMETRIC_REPRESENTATION_CONTEXT() REPRESENTATION_CONTEXT('2D SPACE',''
  ) );
#1432 = ORIENTED_EDGE('',*,*,#1433,.F.);
#1433 = EDGE_CURVE('',#1434,#1406,#1436,.T.);
#1434 = VERTEX_POINT('',#1435);
#1435 = CARTESIAN_POINT('',(6.,-9.00000002557,2.));
#1436 = SURFACE_CURVE('',#1437,(#1441,#1448),.PCURVE_S1.);
#1437 = LINE('',#1438,#1439);
#1438 = CARTESIAN_POINT('',(-3.00000000022,-9.,2.));
#1439 = VECTOR('',#1440,1.);
#1440 = DIRECTION('',(-1.,0.,0.));
#1441 = PCURVE('',#72,#1442);
#1442 = DEFINITIONAL_REPRESENTATION('',(#1443),#1447);
#1443 = LINE('',#1444,#1445);
#1444 = CARTESIAN_POINT('',(-2.99999999978,-8.999999998831));
#1445 = VECTOR('',#1446,1.);
#1446 = DIRECTION('',(-1.,0.));
#1447 = ( GEOMETRIC_REPRESENTATION_CONTEXT(2) 
PARAMETRIC_REPRESENTATION_CONTEXT() REPRESENTATION_CONTEXT('2D SPACE',''
  ) );
#1448 = PCURVE('',#433,#1449);
#1449 = DEFINITIONAL_REPRESENTATION('',(#1450),#1453);
#1450 = B_SPLINE_CURVE_WITH_KNOTS('',1,(#1451,#1452),.UNSPECIFIED.,.F.,
  .F.,(2,2),(-9.00000000022,2.99999999978),.PIECEWISE_BEZIER_KNOTS.);
#1451 = CARTESIAN_POINT('',(12.,-3.));
#1452 = CARTESIAN_POINT('',(0.,-3.));
#1453 = ( GEOMETRIC_REPRESENTATION_CONTEXT(2) 
PARAMETRIC_REPRESENTATION_CONTEXT() REPRESENTATION_CONTEXT('2D SPACE',''
  ) );
#1454 = ORIENTED_EDGE('',*,*,#1455,.T.);
#1455 = EDGE_CURVE('',#1434,#1456,#1458,.T.);
#1456 = VERTEX_POINT('',#1457);
#1457 = CARTESIAN_POINT('',(8.,-11.00000005113,2.));
#1458 = SURFACE_CURVE('',#1459,(#1464,#1475),.PCURVE_S1.);
#1459 = CIRCLE('',#1460,2.);
#1460 = AXIS2_PLACEMENT_3D('',#1461,#1462,#1463);
#1461 = CARTESIAN_POINT('',(6.,-11.00000005113,2.));
#1462 = DIRECTION('',(0.,0.,-1.));
#1463 = DIRECTION('',(-1.,0.,0.));
#1464 = PCURVE('',#72,#1465);
#1465 = DEFINITIONAL_REPRESENTATION('',(#1466),#1474);
#1466 = ( BOUNDED_CURVE() B_SPLINE_CURVE(2,(#1467,#1468,#1469,#1470,
#1471,#1472,#1473),.UNSPECIFIED.,.T.,.F.) B_SPLINE_CURVE_WITH_KNOTS((1,2
    ,2,2,2,1),(-2.094395102393,0.,2.094395102393,4.188790204786,
6.28318530718,8.377580409573),.UNSPECIFIED.) CURVE() 
GEOMETRIC_REPRESENTATION_ITEM() RATIONAL_B_SPLINE_CURVE((1.,0.5,1.,0.5,
1.,0.5,1.)) REPRESENTATION_ITEM('') );
#1467 = CARTESIAN_POINT('',(4.00000000044,-11.00000004997));
#1468 = CARTESIAN_POINT('',(4.00000000044,-7.535898434833));
#1469 = CARTESIAN_POINT('',(7.00000000044,-9.267949242402));
#1470 = CARTESIAN_POINT('',(10.00000000044,-11.00000004997));
#1471 = CARTESIAN_POINT('',(7.00000000044,-12.73205085753));
#1472 = CARTESIAN_POINT('',(4.00000000044,-14.4641016651));
#1473 = CARTESIAN_POINT('',(4.00000000044,-11.00000004997));
#1474 = ( GEOMETRIC_REPRESENTATION_CONTEXT(2) 
PARAMETRIC_REPRESENTATION_CONTEXT() REPRESENTATION_CONTEXT('2D SPACE',''
  ) );
#1475 = PCURVE('',#465,#1476);
#1476 = DEFINITIONAL_REPRESENTATION('',(#1477),#1481);
#1477 = LINE('',#1478,#1479);
#1478 = CARTESIAN_POINT('',(0.,-3.));
#1479 = VECTOR('',#1480,1.);
#1480 = DIRECTION('',(1.,0.));
#1481 = ( GEOMETRIC_REPRESENTATION_CONTEXT(2) 
PARAMETRIC_REPRESENTATION_CONTEXT() REPRESENTATION_CONTEXT('2D SPACE',''
  ) );
#1482 = ORIENTED_EDGE('',*,*,#1483,.T.);
#1483 = EDGE_CURVE('',#1456,#1484,#1486,.T.);
#1484 = VERTEX_POINT('',#1485);
#1485 = CARTESIAN_POINT('',(8.,-19.16206670701,2.));
#1486 = SURFACE_CURVE('',#1487,(#1491,#1498),.PCURVE_S1.);
#1487 = LINE('',#1488,#1489);
#1488 = CARTESIAN_POINT('',(8.,-10.50000000058,2.));
#1489 = VECTOR('',#1490,1.);
#1490 = DIRECTION('',(0.,-1.,0.));
#1491 = PCURVE('',#72,#1492);
#1492 = DEFINITIONAL_REPRESENTATION('',(#1493),#1497);
#1493 = LINE('',#1494,#1495);
#1494 = CARTESIAN_POINT('',(8.00000000044,-10.49999999941));
#1495 = VECTOR('',#1496,1.);
#1496 = DIRECTION('',(0.,-1.));
#1497 = ( GEOMETRIC_REPRESENTATION_CONTEXT(2) 
PARAMETRIC_REPRESENTATION_CONTEXT() REPRESENTATION_CONTEXT('2D SPACE',''
  ) );
#1498 = PCURVE('',#492,#1499);
#1499 = DEFINITIONAL_REPRESENTATION('',(#1500),#1503);
#1500 = B_SPLINE_CURVE_WITH_KNOTS('',1,(#1501,#1502),.UNSPECIFIED.,.F.,
  .F.,(2,2),(0.500000050555,8.699999999416),.PIECEWISE_BEZIER_KNOTS.);
#1501 = CARTESIAN_POINT('',(9.999999948861,-3.));
#1502 = CARTESIAN_POINT('',(1.8,-3.));
#1503 = ( GEOMETRIC_REPRESENTATION_CONTEXT(2) 
PARAMETRIC_REPRESENTATION_CONTEXT() REPRESENTATION_CONTEXT('2D SPACE',''
  ) );
#1504 = ORIENTED_EDGE('',*,*,#1505,.F.);
#1505 = EDGE_CURVE('',#1506,#1484,#1508,.T.);
#1506 = VERTEX_POINT('',#1507);
#1507 = CARTESIAN_POINT('',(14.799888271141,-16.64902544638,2.));
#1508 = SURFACE_CURVE('',#1509,(#1514,#1525),.PCURVE_S1.);
#1509 = CIRCLE('',#1510,13.2);
#1510 = AXIS2_PLACEMENT_3D('',#1511,#1512,#1513);
#1511 = CARTESIAN_POINT('',(7.,-6.,2.));
#1512 = DIRECTION('',(0.,0.,-1.));
#1513 = DIRECTION('',(-1.,0.,0.));
#1514 = PCURVE('',#72,#1515);
#1515 = DEFINITIONAL_REPRESENTATION('',(#1516),#1524);
#1516 = ( BOUNDED_CURVE() B_SPLINE_CURVE(2,(#1517,#1518,#1519,#1520,
#1521,#1522,#1523),.UNSPECIFIED.,.T.,.F.) B_SPLINE_CURVE_WITH_KNOTS((1,2
    ,2,2,2,1),(-2.094395102393,0.,2.094395102393,4.188790204786,
6.28318530718,8.377580409573),.UNSPECIFIED.) CURVE() 
GEOMETRIC_REPRESENTATION_ITEM() RATIONAL_B_SPLINE_CURVE((1.,0.5,1.,0.5,
1.,0.5,1.)) REPRESENTATION_ITEM('') );
#1517 = CARTESIAN_POINT('',(-6.19999999956,-5.999999998831));
#1518 = CARTESIAN_POINT('',(-6.19999999956,16.863070661078));
#1519 = CARTESIAN_POINT('',(13.60000000044,5.431535331124));
#1520 = CARTESIAN_POINT('',(33.40000000044,-5.999999998831));
#1521 = CARTESIAN_POINT('',(13.60000000044,-17.43153532878));
#1522 = CARTESIAN_POINT('',(-6.19999999956,-28.86307065874));
#1523 = CARTESIAN_POINT('',(-6.19999999956,-5.999999998831));
#1524 = ( GEOMETRIC_REPRESENTATION_CONTEXT(2) 
PARAMETRIC_REPRESENTATION_CONTEXT() REPRESENTATION_CONTEXT('2D SPACE',''
  ) );
#1525 = PCURVE('',#1526,#1531);
#1526 = CYLINDRICAL_SURFACE('',#1527,13.2);
#1527 = AXIS2_PLACEMENT_3D('',#1528,#1529,#1530);
#1528 = CARTESIAN_POINT('',(7.,-6.,2.));
#1529 = DIRECTION('',(0.,0.,-1.));
#1530 = DIRECTION('',(-1.,0.,0.));
#1531 = DEFINITIONAL_REPRESENTATION('',(#1532),#1536);
#1532 = LINE('',#1533,#1534);
#1533 = CARTESIAN_POINT('',(0.,0.));
#1534 = VECTOR('',#1535,1.);
#1535 = DIRECTION('',(1.,0.));
#1536 = ( GEOMETRIC_REPRESENTATION_CONTEXT(2) 
PARAMETRIC_REPRESENTATION_CONTEXT() REPRESENTATION_CONTEXT('2D SPACE',''
  ) );
#1537 = ORIENTED_EDGE('',*,*,#1538,.T.);
#1538 = EDGE_CURVE('',#1506,#1539,#1541,.T.);
#1539 = VERTEX_POINT('',#1540);
#1540 = CARTESIAN_POINT('',(15.751250262412,-17.8112496541,2.));
#1541 = SURFACE_CURVE('',#1542,(#1547,#1554),.PCURVE_S1.);
#1542 = CIRCLE('',#1543,3.6);
#1543 = AXIS2_PLACEMENT_3D('',#1544,#1545,#1546);
#1544 = CARTESIAN_POINT('',(18.,-15.,2.));
#1545 = DIRECTION('',(0.,0.,1.));
#1546 = DIRECTION('',(1.,0.,-0.));
#1547 = PCURVE('',#72,#1548);
#1548 = DEFINITIONAL_REPRESENTATION('',(#1549),#1553);
#1549 = CIRCLE('',#1550,3.6);
#1550 = AXIS2_PLACEMENT_2D('',#1551,#1552);
#1551 = CARTESIAN_POINT('',(18.00000000044,-14.99999999883));
#1552 = DIRECTION('',(1.,0.));
#1553 = ( GEOMETRIC_REPRESENTATION_CONTEXT(2) 
PARAMETRIC_REPRESENTATION_CONTEXT() REPRESENTATION_CONTEXT('2D SPACE',''
  ) );
#1554 = PCURVE('',#1555,#1560);
#1555 = CYLINDRICAL_SURFACE('',#1556,3.6);
#1556 = AXIS2_PLACEMENT_3D('',#1557,#1558,#1559);
#1557 = CARTESIAN_POINT('',(18.,-15.,2.));
#1558 = DIRECTION('',(0.,0.,1.));
#1559 = DIRECTION('',(1.,0.,-0.));
#1560 = DEFINITIONAL_REPRESENTATION('',(#1561),#1565);
#1561 = LINE('',#1562,#1563);
#1562 = CARTESIAN_POINT('',(0.,0.));
#1563 = VECTOR('',#1564,1.);
#1564 = DIRECTION('',(1.,0.));
#1565 = ( GEOMETRIC_REPRESENTATION_CONTEXT(2) 
PARAMETRIC_REPRESENTATION_CONTEXT() REPRESENTATION_CONTEXT('2D SPACE',''
  ) );
#1566 = ORIENTED_EDGE('',*,*,#1567,.T.);
#1567 = EDGE_CURVE('',#1539,#1568,#1570,.T.);
#1568 = VERTEX_POINT('',#1569);
#1569 = CARTESIAN_POINT('',(8.,-20.66594695027,2.));
#1570 = SURFACE_CURVE('',#1571,(#1576,#1587),.PCURVE_S1.);
#1571 = CIRCLE('',#1572,14.7);
#1572 = AXIS2_PLACEMENT_3D('',#1573,#1574,#1575);
#1573 = CARTESIAN_POINT('',(6.999999974113,-6.,2.));
#1574 = DIRECTION('',(0.,0.,-1.));
#1575 = DIRECTION('',(-1.,0.,0.));
#1576 = PCURVE('',#72,#1577);
#1577 = DEFINITIONAL_REPRESENTATION('',(#1578),#1586);
#1578 = ( BOUNDED_CURVE() B_SPLINE_CURVE(2,(#1579,#1580,#1581,#1582,
#1583,#1584,#1585),.UNSPECIFIED.,.T.,.F.) B_SPLINE_CURVE_WITH_KNOTS((1,2
    ,2,2,2,1),(-2.094395102393,0.,2.094395102393,4.188790204786,
6.28318530718,8.377580409573),.UNSPECIFIED.) CURVE() 
GEOMETRIC_REPRESENTATION_ITEM() RATIONAL_B_SPLINE_CURVE((1.,0.5,1.,0.5,
1.,0.5,1.)) REPRESENTATION_ITEM('') );
#1579 = CARTESIAN_POINT('',(-7.700000025446,-5.999999998831));
#1580 = CARTESIAN_POINT('',(-7.700000025446,19.461146872431));
#1581 = CARTESIAN_POINT('',(14.349999974554,6.7305734368));
#1582 = CARTESIAN_POINT('',(36.399999974554,-5.999999998831));
#1583 = CARTESIAN_POINT('',(14.349999974554,-18.73057343446));
#1584 = CARTESIAN_POINT('',(-7.700000025446,-31.46114687009));
#1585 = CARTESIAN_POINT('',(-7.700000025446,-5.999999998831));
#1586 = ( GEOMETRIC_REPRESENTATION_CONTEXT(2) 
PARAMETRIC_REPRESENTATION_CONTEXT() REPRESENTATION_CONTEXT('2D SPACE',''
  ) );
#1587 = PCURVE('',#1588,#1593);
#1588 = CYLINDRICAL_SURFACE('',#1589,14.7);
#1589 = AXIS2_PLACEMENT_3D('',#1590,#1591,#1592);
#1590 = CARTESIAN_POINT('',(6.999999974113,-6.,2.));
#1591 = DIRECTION('',(0.,0.,-1.));
#1592 = DIRECTION('',(-1.,0.,0.));
#1593 = DEFINITIONAL_REPRESENTATION('',(#1594),#1598);
#1594 = LINE('',#1595,#1596);
#1595 = CARTESIAN_POINT('',(0.,0.));
#1596 = VECTOR('',#1597,1.);
#1597 = DIRECTION('',(1.,0.));
#1598 = ( GEOMETRIC_REPRESENTATION_CONTEXT(2) 
PARAMETRIC_REPRESENTATION_CONTEXT() REPRESENTATION_CONTEXT('2D SPACE',''
  ) );
#1599 = ORIENTED_EDGE('',*,*,#1600,.T.);
#1600 = EDGE_CURVE('',#1568,#1601,#1603,.T.);
#1601 = VERTEX_POINT('',#1602);
#1602 = CARTESIAN_POINT('',(7.999999963746,-21.,2.));
#1603 = SURFACE_CURVE('',#1604,(#1608,#1615),.PCURVE_S1.);
#1604 = LINE('',#1605,#1606);
#1605 = CARTESIAN_POINT('',(8.,-10.50000000058,2.));
#1606 = VECTOR('',#1607,1.);
#1607 = DIRECTION('',(0.,-1.,0.));
#1608 = PCURVE('',#72,#1609);
#1609 = DEFINITIONAL_REPRESENTATION('',(#1610),#1614);
#1610 = LINE('',#1611,#1612);
#1611 = CARTESIAN_POINT('',(8.00000000044,-10.49999999941));
#1612 = VECTOR('',#1613,1.);
#1613 = DIRECTION('',(0.,-1.));
#1614 = ( GEOMETRIC_REPRESENTATION_CONTEXT(2) 
PARAMETRIC_REPRESENTATION_CONTEXT() REPRESENTATION_CONTEXT('2D SPACE',''
  ) );
#1615 = PCURVE('',#492,#1616);
#1616 = DEFINITIONAL_REPRESENTATION('',(#1617),#1620);
#1617 = B_SPLINE_CURVE_WITH_KNOTS('',1,(#1618,#1619),.UNSPECIFIED.,.F.,
  .F.,(2,2),(0.500000050555,10.499999999416),.PIECEWISE_BEZIER_KNOTS.);
#1618 = CARTESIAN_POINT('',(9.999999948861,-3.));
#1619 = CARTESIAN_POINT('',(0.,-3.));
#1620 = ( GEOMETRIC_REPRESENTATION_CONTEXT(2) 
PARAMETRIC_REPRESENTATION_CONTEXT() REPRESENTATION_CONTEXT('2D SPACE',''
  ) );
#1621 = ORIENTED_EDGE('',*,*,#1622,.T.);
#1622 = EDGE_CURVE('',#1601,#1623,#1625,.T.);
#1623 = VERTEX_POINT('',#1624);
#1624 = CARTESIAN_POINT('',(5.999999927492,-23.,2.));
#1625 = SURFACE_CURVE('',#1626,(#1631,#1642),.PCURVE_S1.);
#1626 = CIRCLE('',#1627,2.);
#1627 = AXIS2_PLACEMENT_3D('',#1628,#1629,#1630);
#1628 = CARTESIAN_POINT('',(5.999999927492,-21.,2.));
#1629 = DIRECTION('',(0.,0.,-1.));
#1630 = DIRECTION('',(-1.,0.,0.));
#1631 = PCURVE('',#72,#1632);
#1632 = DEFINITIONAL_REPRESENTATION('',(#1633),#1641);
#1633 = ( BOUNDED_CURVE() B_SPLINE_CURVE(2,(#1634,#1635,#1636,#1637,
#1638,#1639,#1640),.UNSPECIFIED.,.T.,.F.) B_SPLINE_CURVE_WITH_KNOTS((1,2
    ,2,2,2,1),(-2.094395102393,0.,2.094395102393,4.188790204786,
6.28318530718,8.377580409573),.UNSPECIFIED.) CURVE() 
GEOMETRIC_REPRESENTATION_ITEM() RATIONAL_B_SPLINE_CURVE((1.,0.5,1.,0.5,
1.,0.5,1.)) REPRESENTATION_ITEM('') );
#1634 = CARTESIAN_POINT('',(3.999999927933,-20.99999999883));
#1635 = CARTESIAN_POINT('',(3.999999927933,-17.53589838369));
#1636 = CARTESIAN_POINT('',(6.999999927933,-19.26794919126));
#1637 = CARTESIAN_POINT('',(9.999999927933,-20.99999999883));
#1638 = CARTESIAN_POINT('',(6.999999927933,-22.7320508064));
#1639 = CARTESIAN_POINT('',(3.999999927933,-24.46410161396));
#1640 = CARTESIAN_POINT('',(3.999999927933,-20.99999999883));
#1641 = ( GEOMETRIC_REPRESENTATION_CONTEXT(2) 
PARAMETRIC_REPRESENTATION_CONTEXT() REPRESENTATION_CONTEXT('2D SPACE',''
  ) );
#1642 = PCURVE('',#524,#1643);
#1643 = DEFINITIONAL_REPRESENTATION('',(#1644),#1648);
#1644 = LINE('',#1645,#1646);
#1645 = CARTESIAN_POINT('',(0.,-3.));
#1646 = VECTOR('',#1647,1.);
#1647 = DIRECTION('',(1.,0.));
#1648 = ( GEOMETRIC_REPRESENTATION_CONTEXT(2) 
PARAMETRIC_REPRESENTATION_CONTEXT() REPRESENTATION_CONTEXT('2D SPACE',''
  ) );
#1649 = ORIENTED_EDGE('',*,*,#1650,.T.);
#1650 = EDGE_CURVE('',#1623,#1651,#1653,.T.);
#1651 = VERTEX_POINT('',#1652);
#1652 = CARTESIAN_POINT('',(6.999999997923,-23.,2.));
#1653 = SURFACE_CURVE('',#1654,(#1658,#1665),.PCURVE_S1.);
#1654 = LINE('',#1655,#1656);
#1655 = CARTESIAN_POINT('',(0.,-23.,2.));
#1656 = VECTOR('',#1657,1.);
#1657 = DIRECTION('',(1.,0.,0.));
#1658 = PCURVE('',#72,#1659);
#1659 = DEFINITIONAL_REPRESENTATION('',(#1660),#1664);
#1660 = LINE('',#1661,#1662);
#1661 = CARTESIAN_POINT('',(4.401982376383E-10,-22.99999999883));
#1662 = VECTOR('',#1663,1.);
#1663 = DIRECTION('',(1.,0.));
#1664 = ( GEOMETRIC_REPRESENTATION_CONTEXT(2) 
PARAMETRIC_REPRESENTATION_CONTEXT() REPRESENTATION_CONTEXT('2D SPACE',''
  ) );
#1665 = PCURVE('',#552,#1666);
#1666 = DEFINITIONAL_REPRESENTATION('',(#1667),#1671);
#1667 = LINE('',#1668,#1669);
#1668 = CARTESIAN_POINT('',(7.,-2.));
#1669 = VECTOR('',#1670,1.);
#1670 = DIRECTION('',(1.,0.));
#1671 = ( GEOMETRIC_REPRESENTATION_CONTEXT(2) 
PARAMETRIC_REPRESENTATION_CONTEXT() REPRESENTATION_CONTEXT('2D SPACE',''
  ) );
#1672 = ORIENTED_EDGE('',*,*,#1673,.T.);
#1673 = EDGE_CURVE('',#1651,#1674,#1676,.T.);
#1674 = VERTEX_POINT('',#1675);
#1675 = CARTESIAN_POINT('',(23.999999998961,-6.,2.));
#1676 = SURFACE_CURVE('',#1677,(#1682,#1689),.PCURVE_S1.);
#1677 = CIRCLE('',#1678,17.);
#1678 = AXIS2_PLACEMENT_3D('',#1679,#1680,#1681);
#1679 = CARTESIAN_POINT('',(6.999999997923,-6.,2.));
#1680 = DIRECTION('',(0.,0.,1.));
#1681 = DIRECTION('',(0.,-1.,0.));
#1682 = PCURVE('',#72,#1683);
#1683 = DEFINITIONAL_REPRESENTATION('',(#1684),#1688);
#1684 = CIRCLE('',#1685,17.);
#1685 = AXIS2_PLACEMENT_2D('',#1686,#1687);
#1686 = CARTESIAN_POINT('',(6.999999998363,-5.999999998831));
#1687 = DIRECTION('',(0.,-1.));
#1688 = ( GEOMETRIC_REPRESENTATION_CONTEXT(2) 
PARAMETRIC_REPRESENTATION_CONTEXT() REPRESENTATION_CONTEXT('2D SPACE',''
  ) );
#1689 = PCURVE('',#581,#1690);
#1690 = DEFINITIONAL_REPRESENTATION('',(#1691),#1695);
#1691 = LINE('',#1692,#1693);
#1692 = CARTESIAN_POINT('',(-4.712388980385,-2.));
#1693 = VECTOR('',#1694,1.);
#1694 = DIRECTION('',(-1.,0.));
#1695 = ( GEOMETRIC_REPRESENTATION_CONTEXT(2) 
PARAMETRIC_REPRESENTATION_CONTEXT() REPRESENTATION_CONTEXT('2D SPACE',''
  ) );
#1696 = ORIENTED_EDGE('',*,*,#1697,.T.);
#1697 = EDGE_CURVE('',#1674,#1698,#1700,.T.);
#1698 = VERTEX_POINT('',#1699);
#1699 = CARTESIAN_POINT('',(24.,5.99999999642,2.));
#1700 = SURFACE_CURVE('',#1701,(#1705,#1712),.PCURVE_S1.);
#1701 = LINE('',#1702,#1703);
#1702 = CARTESIAN_POINT('',(24.,1.7763568394E-15,2.));
#1703 = VECTOR('',#1704,1.);
#1704 = DIRECTION('',(0.,1.,0.));
#1705 = PCURVE('',#72,#1706);
#1706 = DEFINITIONAL_REPRESENTATION('',(#1707),#1711);
#1707 = LINE('',#1708,#1709);
#1708 = CARTESIAN_POINT('',(24.00000000044,1.168976027301E-09));
#1709 = VECTOR('',#1710,1.);
#1710 = DIRECTION('',(0.,1.));
#1711 = ( GEOMETRIC_REPRESENTATION_CONTEXT(2) 
PARAMETRIC_REPRESENTATION_CONTEXT() REPRESENTATION_CONTEXT('2D SPACE',''
  ) );
#1712 = PCURVE('',#609,#1713);
#1713 = DEFINITIONAL_REPRESENTATION('',(#1714),#1718);
#1714 = LINE('',#1715,#1716);
#1715 = CARTESIAN_POINT('',(6.,-2.));
#1716 = VECTOR('',#1717,1.);
#1717 = DIRECTION('',(1.,0.));
#1718 = ( GEOMETRIC_REPRESENTATION_CONTEXT(2) 
PARAMETRIC_REPRESENTATION_CONTEXT() REPRESENTATION_CONTEXT('2D SPACE',''
  ) );
#1719 = ORIENTED_EDGE('',*,*,#1720,.T.);
#1720 = EDGE_CURVE('',#1698,#1721,#1723,.T.);
#1721 = VERTEX_POINT('',#1722);
#1722 = CARTESIAN_POINT('',(7.,22.99999999821,2.));
#1723 = SURFACE_CURVE('',#1724,(#1729,#1736),.PCURVE_S1.);
#1724 = CIRCLE('',#1725,17.);
#1725 = AXIS2_PLACEMENT_3D('',#1726,#1727,#1728);
#1726 = CARTESIAN_POINT('',(7.,5.99999999642,2.));
#1727 = DIRECTION('',(0.,0.,1.));
#1728 = DIRECTION('',(1.,0.,0.));
#1729 = PCURVE('',#72,#1730);
#1730 = DEFINITIONAL_REPRESENTATION('',(#1731),#1735);
#1731 = CIRCLE('',#1732,17.);
#1732 = AXIS2_PLACEMENT_2D('',#1733,#1734);
#1733 = CARTESIAN_POINT('',(7.00000000044,5.999999997589));
#1734 = DIRECTION('',(1.,0.));
#1735 = ( GEOMETRIC_REPRESENTATION_CONTEXT(2) 
PARAMETRIC_REPRESENTATION_CONTEXT() REPRESENTATION_CONTEXT('2D SPACE',''
  ) );
#1736 = PCURVE('',#638,#1737);
#1737 = DEFINITIONAL_REPRESENTATION('',(#1738),#1742);
#1738 = LINE('',#1739,#1740);
#1739 = CARTESIAN_POINT('',(-0.,-2.));
#1740 = VECTOR('',#1741,1.);
#1741 = DIRECTION('',(-1.,0.));
#1742 = ( GEOMETRIC_REPRESENTATION_CONTEXT(2) 
PARAMETRIC_REPRESENTATION_CONTEXT() REPRESENTATION_CONTEXT('2D SPACE',''
  ) );
#1743 = ORIENTED_EDGE('',*,*,#1744,.F.);
#1744 = EDGE_CURVE('',#226,#1721,#1745,.T.);
#1745 = SURFACE_CURVE('',#1746,(#1750,#1757),.PCURVE_S1.);
#1746 = LINE('',#1747,#1748);
#1747 = CARTESIAN_POINT('',(0.,23.,2.));
#1748 = VECTOR('',#1749,1.);
#1749 = DIRECTION('',(1.,0.,0.));
#1750 = PCURVE('',#72,#1751);
#1751 = DEFINITIONAL_REPRESENTATION('',(#1752),#1756);
#1752 = LINE('',#1753,#1754);
#1753 = CARTESIAN_POINT('',(4.401982376383E-10,23.000000001169));
#1754 = VECTOR('',#1755,1.);
#1755 = DIRECTION('',(1.,0.));
#1756 = ( GEOMETRIC_REPRESENTATION_CONTEXT(2) 
PARAMETRIC_REPRESENTATION_CONTEXT() REPRESENTATION_CONTEXT('2D SPACE',''
  ) );
#1757 = PCURVE('',#241,#1758);
#1758 = DEFINITIONAL_REPRESENTATION('',(#1759),#1763);
#1759 = LINE('',#1760,#1761);
#1760 = CARTESIAN_POINT('',(7.,-2.));
#1761 = VECTOR('',#1762,1.);
#1762 = DIRECTION('',(1.,0.));
#1763 = ( GEOMETRIC_REPRESENTATION_CONTEXT(2) 
PARAMETRIC_REPRESENTATION_CONTEXT() REPRESENTATION_CONTEXT('2D SPACE',''
  ) );
#1764 = ORIENTED_EDGE('',*,*,#253,.T.);
#1765 = FACE_BOUND('',#1766,.T.);
#1766 = EDGE_LOOP('',(#1767));
#1767 = ORIENTED_EDGE('',*,*,#1768,.T.);
#1768 = EDGE_CURVE('',#1769,#1769,#1771,.T.);
#1769 = VERTEX_POINT('',#1770);
#1770 = CARTESIAN_POINT('',(-16.8,-15.,2.));
#1771 = SURFACE_CURVE('',#1772,(#1777,#1788),.PCURVE_S1.);
#1772 = CIRCLE('',#1773,1.2);
#1773 = AXIS2_PLACEMENT_3D('',#1774,#1775,#1776);
#1774 = CARTESIAN_POINT('',(-18.,-15.,2.));
#1775 = DIRECTION('',(0.,0.,-1.));
#1776 = DIRECTION('',(1.,0.,0.));
#1777 = PCURVE('',#72,#1778);
#1778 = DEFINITIONAL_REPRESENTATION('',(#1779),#1787);
#1779 = ( BOUNDED_CURVE() B_SPLINE_CURVE(2,(#1780,#1781,#1782,#1783,
#1784,#1785,#1786),.UNSPECIFIED.,.T.,.F.) B_SPLINE_CURVE_WITH_KNOTS((1,2
    ,2,2,2,1),(-2.094395102393,0.,2.094395102393,4.188790204786,
6.28318530718,8.377580409573),.UNSPECIFIED.) CURVE() 
GEOMETRIC_REPRESENTATION_ITEM() RATIONAL_B_SPLINE_CURVE((1.,0.5,1.,0.5,
1.,0.5,1.)) REPRESENTATION_ITEM('') );
#1780 = CARTESIAN_POINT('',(-16.79999999956,-14.99999999883));
#1781 = CARTESIAN_POINT('',(-16.79999999956,-17.07846096791));
#1782 = CARTESIAN_POINT('',(-18.59999999956,-16.03923048337));
#1783 = CARTESIAN_POINT('',(-20.39999999956,-14.99999999883));
#1784 = CARTESIAN_POINT('',(-18.59999999956,-13.96076951429));
#1785 = CARTESIAN_POINT('',(-16.79999999956,-12.92153902974));
#1786 = CARTESIAN_POINT('',(-16.79999999956,-14.99999999883));
#1787 = ( GEOMETRIC_REPRESENTATION_CONTEXT(2) 
PARAMETRIC_REPRESENTATION_CONTEXT() REPRESENTATION_CONTEXT('2D SPACE',''
  ) );
#1788 = PCURVE('',#691,#1789);
#1789 = DEFINITIONAL_REPRESENTATION('',(#1790),#1794);
#1790 = LINE('',#1791,#1792);
#1791 = CARTESIAN_POINT('',(6.28318530718,3.));
#1792 = VECTOR('',#1793,1.);
#1793 = DIRECTION('',(-1.,-0.));
#1794 = ( GEOMETRIC_REPRESENTATION_CONTEXT(2) 
PARAMETRIC_REPRESENTATION_CONTEXT() REPRESENTATION_CONTEXT('2D SPACE',''
  ) );
#1795 = FACE_BOUND('',#1796,.T.);
#1796 = EDGE_LOOP('',(#1797));
#1797 = ORIENTED_EDGE('',*,*,#1798,.T.);
#1798 = EDGE_CURVE('',#1799,#1799,#1801,.T.);
#1799 = VERTEX_POINT('',#1800);
#1800 = CARTESIAN_POINT('',(19.2,-15.,2.));
#1801 = SURFACE_CURVE('',#1802,(#1807,#1818),.PCURVE_S1.);
#1802 = CIRCLE('',#1803,1.2);
#1803 = AXIS2_PLACEMENT_3D('',#1804,#1805,#1806);
#1804 = CARTESIAN_POINT('',(18.,-15.,2.));
#1805 = DIRECTION('',(0.,0.,-1.));
#1806 = DIRECTION('',(1.,2.960594732334E-15,0.));
#1807 = PCURVE('',#72,#1808);
#1808 = DEFINITIONAL_REPRESENTATION('',(#1809),#1817);
#1809 = ( BOUNDED_CURVE() B_SPLINE_CURVE(2,(#1810,#1811,#1812,#1813,
#1814,#1815,#1816),.UNSPECIFIED.,.T.,.F.) B_SPLINE_CURVE_WITH_KNOTS((1,2
    ,2,2,2,1),(-2.094395102393,0.,2.094395102393,4.188790204786,
6.28318530718,8.377580409573),.UNSPECIFIED.) CURVE() 
GEOMETRIC_REPRESENTATION_ITEM() RATIONAL_B_SPLINE_CURVE((1.,0.5,1.,0.5,
1.,0.5,1.)) REPRESENTATION_ITEM('') );
#1810 = CARTESIAN_POINT('',(19.20000000044,-14.99999999883));
#1811 = CARTESIAN_POINT('',(19.20000000044,-17.07846096791));
#1812 = CARTESIAN_POINT('',(17.40000000044,-16.03923048337));
#1813 = CARTESIAN_POINT('',(15.60000000044,-14.99999999883));
#1814 = CARTESIAN_POINT('',(17.40000000044,-13.96076951429));
#1815 = CARTESIAN_POINT('',(19.20000000044,-12.92153902974));
#1816 = CARTESIAN_POINT('',(19.20000000044,-14.99999999883));
#1817 = ( GEOMETRIC_REPRESENTATION_CONTEXT(2) 
PARAMETRIC_REPRESENTATION_CONTEXT() REPRESENTATION_CONTEXT('2D SPACE',''
  ) );
#1818 = PCURVE('',#722,#1819);
#1819 = DEFINITIONAL_REPRESENTATION('',(#1820),#1824);
#1820 = LINE('',#1821,#1822);
#1821 = CARTESIAN_POINT('',(6.28318530718,3.));
#1822 = VECTOR('',#1823,1.);
#1823 = DIRECTION('',(-1.,-0.));
#1824 = ( GEOMETRIC_REPRESENTATION_CONTEXT(2) 
PARAMETRIC_REPRESENTATION_CONTEXT() REPRESENTATION_CONTEXT('2D SPACE',''
  ) );
#1825 = FACE_BOUND('',#1826,.T.);
#1826 = EDGE_LOOP('',(#1827,#1850,#1878,#1899,#1927,#1948,#1976,#1997));
#1827 = ORIENTED_EDGE('',*,*,#1828,.F.);
#1828 = EDGE_CURVE('',#1829,#1831,#1833,.T.);
#1829 = VERTEX_POINT('',#1830);
#1830 = CARTESIAN_POINT('',(-17.,9.1,2.));
#1831 = VERTEX_POINT('',#1832);
#1832 = CARTESIAN_POINT('',(-17.,0.9,2.));
#1833 = SURFACE_CURVE('',#1834,(#1838,#1844),.PCURVE_S1.);
#1834 = LINE('',#1835,#1836);
#1835 = CARTESIAN_POINT('',(-16.99999999895,0.449999999416,2.));
#1836 = VECTOR('',#1837,1.);
#1837 = DIRECTION('',(0.,-1.,0.));
#1838 = PCURVE('',#72,#1839);
#1839 = DEFINITIONAL_REPRESENTATION('',(#1840),#1843);
#1840 = B_SPLINE_CURVE_WITH_KNOTS('',1,(#1841,#1842),.UNSPECIFIED.,.F.,
  .F.,(2,2),(-8.650000000584,-0.450000000584),.PIECEWISE_BEZIER_KNOTS.);
#1841 = CARTESIAN_POINT('',(-16.99999999851,9.100000001169));
#1842 = CARTESIAN_POINT('',(-16.99999999851,0.900000001169));
#1843 = ( GEOMETRIC_REPRESENTATION_CONTEXT(2) 
PARAMETRIC_REPRESENTATION_CONTEXT() REPRESENTATION_CONTEXT('2D SPACE',''
  ) );
#1844 = PCURVE('',#753,#1845);
#1845 = DEFINITIONAL_REPRESENTATION('',(#1846),#1849);
#1846 = B_SPLINE_CURVE_WITH_KNOTS('',1,(#1847,#1848),.UNSPECIFIED.,.F.,
  .F.,(2,2),(-8.650000000584,-0.450000000584),.PIECEWISE_BEZIER_KNOTS.);
#1847 = CARTESIAN_POINT('',(8.2,-3.));
#1848 = CARTESIAN_POINT('',(0.,-3.));
#1849 = ( GEOMETRIC_REPRESENTATION_CONTEXT(2) 
PARAMETRIC_REPRESENTATION_CONTEXT() REPRESENTATION_CONTEXT('2D SPACE',''
  ) );
#1850 = ORIENTED_EDGE('',*,*,#1851,.T.);
#1851 = EDGE_CURVE('',#1829,#1852,#1854,.T.);
#1852 = VERTEX_POINT('',#1853);
#1853 = CARTESIAN_POINT('',(-16.10000000104,10.,2.));
#1854 = SURFACE_CURVE('',#1855,(#1860,#1871),.PCURVE_S1.);
#1855 = CIRCLE('',#1856,0.9);
#1856 = AXIS2_PLACEMENT_3D('',#1857,#1858,#1859);
#1857 = CARTESIAN_POINT('',(-16.10000000104,9.1,2.));
#1858 = DIRECTION('',(0.,0.,-1.));
#1859 = DIRECTION('',(-1.,0.,0.));
#1860 = PCURVE('',#72,#1861);
#1861 = DEFINITIONAL_REPRESENTATION('',(#1862),#1870);
#1862 = ( BOUNDED_CURVE() B_SPLINE_CURVE(2,(#1863,#1864,#1865,#1866,
#1867,#1868,#1869),.UNSPECIFIED.,.T.,.F.) B_SPLINE_CURVE_WITH_KNOTS((1,2
    ,2,2,2,1),(-2.094395102393,0.,2.094395102393,4.188790204786,
6.28318530718,8.377580409573),.UNSPECIFIED.) CURVE() 
GEOMETRIC_REPRESENTATION_ITEM() RATIONAL_B_SPLINE_CURVE((1.,0.5,1.,0.5,
1.,0.5,1.)) REPRESENTATION_ITEM('') );
#1863 = CARTESIAN_POINT('',(-17.0000000006,9.100000001169));
#1864 = CARTESIAN_POINT('',(-17.0000000006,10.658845727981));
#1865 = CARTESIAN_POINT('',(-15.6500000006,9.879422864575));
#1866 = CARTESIAN_POINT('',(-14.3000000006,9.100000001169));
#1867 = CARTESIAN_POINT('',(-15.6500000006,8.320577137763));
#1868 = CARTESIAN_POINT('',(-17.0000000006,7.541154274357));
#1869 = CARTESIAN_POINT('',(-17.0000000006,9.100000001169));
#1870 = ( GEOMETRIC_REPRESENTATION_CONTEXT(2) 
PARAMETRIC_REPRESENTATION_CONTEXT() REPRESENTATION_CONTEXT('2D SPACE',''
  ) );
#1871 = PCURVE('',#785,#1872);
#1872 = DEFINITIONAL_REPRESENTATION('',(#1873),#1877);
#1873 = LINE('',#1874,#1875);
#1874 = CARTESIAN_POINT('',(0.,-3.));
#1875 = VECTOR('',#1876,1.);
#1876 = DIRECTION('',(1.,0.));
#1877 = ( GEOMETRIC_REPRESENTATION_CONTEXT(2) 
PARAMETRIC_REPRESENTATION_CONTEXT() REPRESENTATION_CONTEXT('2D SPACE',''
  ) );
#1878 = ORIENTED_EDGE('',*,*,#1879,.F.);
#1879 = EDGE_CURVE('',#1880,#1852,#1882,.T.);
#1880 = VERTEX_POINT('',#1881);
#1881 = CARTESIAN_POINT('',(-15.90000001088,10.,2.));
#1882 = SURFACE_CURVE('',#1883,(#1887,#1893),.PCURVE_S1.);
#1883 = LINE('',#1884,#1885);
#1884 = CARTESIAN_POINT('',(-8.050000000741,10.,2.));
#1885 = VECTOR('',#1886,1.);
#1886 = DIRECTION('',(-1.,0.,0.));
#1887 = PCURVE('',#72,#1888);
#1888 = DEFINITIONAL_REPRESENTATION('',(#1889),#1892);
#1889 = B_SPLINE_CURVE_WITH_KNOTS('',1,(#1890,#1891),.UNSPECIFIED.,.F.,
  .F.,(2,2),(7.850000010147,8.050000000301),.PIECEWISE_BEZIER_KNOTS.);
#1890 = CARTESIAN_POINT('',(-15.90000001044,10.000000001169));
#1891 = CARTESIAN_POINT('',(-16.1000000006,10.000000001169));
#1892 = ( GEOMETRIC_REPRESENTATION_CONTEXT(2) 
PARAMETRIC_REPRESENTATION_CONTEXT() REPRESENTATION_CONTEXT('2D SPACE',''
  ) );
#1893 = PCURVE('',#812,#1894);
#1894 = DEFINITIONAL_REPRESENTATION('',(#1895),#1898);
#1895 = B_SPLINE_CURVE_WITH_KNOTS('',1,(#1896,#1897),.UNSPECIFIED.,.F.,
  .F.,(2,2),(7.850000010147,8.050000000301),.PIECEWISE_BEZIER_KNOTS.);
#1896 = CARTESIAN_POINT('',(0.199999990154,-3.));
#1897 = CARTESIAN_POINT('',(0.,-3.));
#1898 = ( GEOMETRIC_REPRESENTATION_CONTEXT(2) 
PARAMETRIC_REPRESENTATION_CONTEXT() REPRESENTATION_CONTEXT('2D SPACE',''
  ) );
#1899 = ORIENTED_EDGE('',*,*,#1900,.T.);
#1900 = EDGE_CURVE('',#1880,#1901,#1903,.T.);
#1901 = VERTEX_POINT('',#1902);
#1902 = CARTESIAN_POINT('',(-15.00000000492,9.1,2.));
#1903 = SURFACE_CURVE('',#1904,(#1909,#1920),.PCURVE_S1.);
#1904 = CIRCLE('',#1905,0.9);
#1905 = AXIS2_PLACEMENT_3D('',#1906,#1907,#1908);
#1906 = CARTESIAN_POINT('',(-15.90000001088,9.1,2.));
#1907 = DIRECTION('',(0.,0.,-1.));
#1908 = DIRECTION('',(-1.,0.,0.));
#1909 = PCURVE('',#72,#1910);
#1910 = DEFINITIONAL_REPRESENTATION('',(#1911),#1919);
#1911 = ( BOUNDED_CURVE() B_SPLINE_CURVE(2,(#1912,#1913,#1914,#1915,
#1916,#1917,#1918),.UNSPECIFIED.,.T.,.F.) B_SPLINE_CURVE_WITH_KNOTS((1,2
    ,2,2,2,1),(-2.094395102393,0.,2.094395102393,4.188790204786,
6.28318530718,8.377580409573),.UNSPECIFIED.) CURVE() 
GEOMETRIC_REPRESENTATION_ITEM() RATIONAL_B_SPLINE_CURVE((1.,0.5,1.,0.5,
1.,0.5,1.)) REPRESENTATION_ITEM('') );
#1912 = CARTESIAN_POINT('',(-16.80000001044,9.100000001169));
#1913 = CARTESIAN_POINT('',(-16.80000001044,10.658845727981));
#1914 = CARTESIAN_POINT('',(-15.45000001044,9.879422864575));
#1915 = CARTESIAN_POINT('',(-14.10000001044,9.100000001169));
#1916 = CARTESIAN_POINT('',(-15.45000001044,8.320577137763));
#1917 = CARTESIAN_POINT('',(-16.80000001044,7.541154274357));
#1918 = CARTESIAN_POINT('',(-16.80000001044,9.100000001169));
#1919 = ( GEOMETRIC_REPRESENTATION_CONTEXT(2) 
PARAMETRIC_REPRESENTATION_CONTEXT() REPRESENTATION_CONTEXT('2D SPACE',''
  ) );
#1920 = PCURVE('',#844,#1921);
#1921 = DEFINITIONAL_REPRESENTATION('',(#1922),#1926);
#1922 = LINE('',#1923,#1924);
#1923 = CARTESIAN_POINT('',(0.,-3.));
#1924 = VECTOR('',#1925,1.);
#1925 = DIRECTION('',(1.,0.));
#1926 = ( GEOMETRIC_REPRESENTATION_CONTEXT(2) 
PARAMETRIC_REPRESENTATION_CONTEXT() REPRESENTATION_CONTEXT('2D SPACE',''
  ) );
#1927 = ORIENTED_EDGE('',*,*,#1928,.T.);
#1928 = EDGE_CURVE('',#1901,#1929,#1931,.T.);
#1929 = VERTEX_POINT('',#1930);
#1930 = CARTESIAN_POINT('',(-15.00000000492,0.9,2.));
#1931 = SURFACE_CURVE('',#1932,(#1936,#1942),.PCURVE_S1.);
#1932 = LINE('',#1933,#1934);
#1933 = CARTESIAN_POINT('',(-14.99999999895,0.449999999416,2.));
#1934 = VECTOR('',#1935,1.);
#1935 = DIRECTION('',(0.,-1.,0.));
#1936 = PCURVE('',#72,#1937);
#1937 = DEFINITIONAL_REPRESENTATION('',(#1938),#1941);
#1938 = B_SPLINE_CURVE_WITH_KNOTS('',1,(#1939,#1940),.UNSPECIFIED.,.F.,
  .F.,(2,2),(-8.650000000584,-0.450000000584),.PIECEWISE_BEZIER_KNOTS.);
#1939 = CARTESIAN_POINT('',(-14.99999999851,9.100000001169));
#1940 = CARTESIAN_POINT('',(-14.99999999851,0.900000001169));
#1941 = ( GEOMETRIC_REPRESENTATION_CONTEXT(2) 
PARAMETRIC_REPRESENTATION_CONTEXT() REPRESENTATION_CONTEXT('2D SPACE',''
  ) );
#1942 = PCURVE('',#871,#1943);
#1943 = DEFINITIONAL_REPRESENTATION('',(#1944),#1947);
#1944 = B_SPLINE_CURVE_WITH_KNOTS('',1,(#1945,#1946),.UNSPECIFIED.,.F.,
  .F.,(2,2),(-8.650000000584,-0.450000000584),.PIECEWISE_BEZIER_KNOTS.);
#1945 = CARTESIAN_POINT('',(8.2,-3.));
#1946 = CARTESIAN_POINT('',(0.,-3.));
#1947 = ( GEOMETRIC_REPRESENTATION_CONTEXT(2) 
PARAMETRIC_REPRESENTATION_CONTEXT() REPRESENTATION_CONTEXT('2D SPACE',''
  ) );
#1948 = ORIENTED_EDGE('',*,*,#1949,.T.);
#1949 = EDGE_CURVE('',#1929,#1950,#1952,.T.);
#1950 = VERTEX_POINT('',#1951);
#1951 = CARTESIAN_POINT('',(-15.90000001088,0.,2.));
#1952 = SURFACE_CURVE('',#1953,(#1958,#1969),.PCURVE_S1.);
#1953 = CIRCLE('',#1954,0.9);
#1954 = AXIS2_PLACEMENT_3D('',#1955,#1956,#1957);
#1955 = CARTESIAN_POINT('',(-15.90000001088,0.9,2.));
#1956 = DIRECTION('',(0.,0.,-1.));
#1957 = DIRECTION('',(-1.,0.,0.));
#1958 = PCURVE('',#72,#1959);
#1959 = DEFINITIONAL_REPRESENTATION('',(#1960),#1968);
#1960 = ( BOUNDED_CURVE() B_SPLINE_CURVE(2,(#1961,#1962,#1963,#1964,
#1965,#1966,#1967),.UNSPECIFIED.,.T.,.F.) B_SPLINE_CURVE_WITH_KNOTS((1,2
    ,2,2,2,1),(-2.094395102393,0.,2.094395102393,4.188790204786,
6.28318530718,8.377580409573),.UNSPECIFIED.) CURVE() 
GEOMETRIC_REPRESENTATION_ITEM() RATIONAL_B_SPLINE_CURVE((1.,0.5,1.,0.5,
1.,0.5,1.)) REPRESENTATION_ITEM('') );
#1961 = CARTESIAN_POINT('',(-16.80000001044,0.900000001169));
#1962 = CARTESIAN_POINT('',(-16.80000001044,2.458845727981));
#1963 = CARTESIAN_POINT('',(-15.45000001044,1.679422864575));
#1964 = CARTESIAN_POINT('',(-14.10000001044,0.900000001169));
#1965 = CARTESIAN_POINT('',(-15.45000001044,0.120577137763));
#1966 = CARTESIAN_POINT('',(-16.80000001044,-0.658845725643));
#1967 = CARTESIAN_POINT('',(-16.80000001044,0.900000001169));
#1968 = ( GEOMETRIC_REPRESENTATION_CONTEXT(2) 
PARAMETRIC_REPRESENTATION_CONTEXT() REPRESENTATION_CONTEXT('2D SPACE',''
  ) );
#1969 = PCURVE('',#903,#1970);
#1970 = DEFINITIONAL_REPRESENTATION('',(#1971),#1975);
#1971 = LINE('',#1972,#1973);
#1972 = CARTESIAN_POINT('',(0.,-3.));
#1973 = VECTOR('',#1974,1.);
#1974 = DIRECTION('',(1.,0.));
#1975 = ( GEOMETRIC_REPRESENTATION_CONTEXT(2) 
PARAMETRIC_REPRESENTATION_CONTEXT() REPRESENTATION_CONTEXT('2D SPACE',''
  ) );
#1976 = ORIENTED_EDGE('',*,*,#1977,.T.);
#1977 = EDGE_CURVE('',#1950,#1978,#1980,.T.);
#1978 = VERTEX_POINT('',#1979);
#1979 = CARTESIAN_POINT('',(-16.10000000104,0.,2.));
#1980 = SURFACE_CURVE('',#1981,(#1985,#1991),.PCURVE_S1.);
#1981 = LINE('',#1982,#1983);
#1982 = CARTESIAN_POINT('',(-8.050000000741,0.,2.));
#1983 = VECTOR('',#1984,1.);
#1984 = DIRECTION('',(-1.,0.,0.));
#1985 = PCURVE('',#72,#1986);
#1986 = DEFINITIONAL_REPRESENTATION('',(#1987),#1990);
#1987 = B_SPLINE_CURVE_WITH_KNOTS('',1,(#1988,#1989),.UNSPECIFIED.,.F.,
  .F.,(2,2),(7.850000010147,8.050000000301),.PIECEWISE_BEZIER_KNOTS.);
#1988 = CARTESIAN_POINT('',(-15.90000001044,1.168974250944E-09));
#1989 = CARTESIAN_POINT('',(-16.1000000006,1.168974250944E-09));
#1990 = ( GEOMETRIC_REPRESENTATION_CONTEXT(2) 
PARAMETRIC_REPRESENTATION_CONTEXT() REPRESENTATION_CONTEXT('2D SPACE',''
  ) );
#1991 = PCURVE('',#930,#1992);
#1992 = DEFINITIONAL_REPRESENTATION('',(#1993),#1996);
#1993 = B_SPLINE_CURVE_WITH_KNOTS('',1,(#1994,#1995),.UNSPECIFIED.,.F.,
  .F.,(2,2),(7.850000010147,8.050000000301),.PIECEWISE_BEZIER_KNOTS.);
#1994 = CARTESIAN_POINT('',(0.199999990154,-3.));
#1995 = CARTESIAN_POINT('',(0.,-3.));
#1996 = ( GEOMETRIC_REPRESENTATION_CONTEXT(2) 
PARAMETRIC_REPRESENTATION_CONTEXT() REPRESENTATION_CONTEXT('2D SPACE',''
  ) );
#1997 = ORIENTED_EDGE('',*,*,#1998,.T.);
#1998 = EDGE_CURVE('',#1978,#1831,#1999,.T.);
#1999 = SURFACE_CURVE('',#2000,(#2005,#2016),.PCURVE_S1.);
#2000 = CIRCLE('',#2001,0.9);
#2001 = AXIS2_PLACEMENT_3D('',#2002,#2003,#2004);
#2002 = CARTESIAN_POINT('',(-16.10000000104,0.9,2.));
#2003 = DIRECTION('',(0.,0.,-1.));
#2004 = DIRECTION('',(-1.,0.,0.));
#2005 = PCURVE('',#72,#2006);
#2006 = DEFINITIONAL_REPRESENTATION('',(#2007),#2015);
#2007 = ( BOUNDED_CURVE() B_SPLINE_CURVE(2,(#2008,#2009,#2010,#2011,
#2012,#2013,#2014),.UNSPECIFIED.,.T.,.F.) B_SPLINE_CURVE_WITH_KNOTS((1,2
    ,2,2,2,1),(-2.094395102393,0.,2.094395102393,4.188790204786,
6.28318530718,8.377580409573),.UNSPECIFIED.) CURVE() 
GEOMETRIC_REPRESENTATION_ITEM() RATIONAL_B_SPLINE_CURVE((1.,0.5,1.,0.5,
1.,0.5,1.)) REPRESENTATION_ITEM('') );
#2008 = CARTESIAN_POINT('',(-17.0000000006,0.900000001169));
#2009 = CARTESIAN_POINT('',(-17.0000000006,2.458845727981));
#2010 = CARTESIAN_POINT('',(-15.6500000006,1.679422864575));
#2011 = CARTESIAN_POINT('',(-14.3000000006,0.900000001169));
#2012 = CARTESIAN_POINT('',(-15.6500000006,0.120577137763));
#2013 = CARTESIAN_POINT('',(-17.0000000006,-0.658845725643));
#2014 = CARTESIAN_POINT('',(-17.0000000006,0.900000001169));
#2015 = ( GEOMETRIC_REPRESENTATION_CONTEXT(2) 
PARAMETRIC_REPRESENTATION_CONTEXT() REPRESENTATION_CONTEXT('2D SPACE',''
  ) );
#2016 = PCURVE('',#960,#2017);
#2017 = DEFINITIONAL_REPRESENTATION('',(#2018),#2022);
#2018 = LINE('',#2019,#2020);
#2019 = CARTESIAN_POINT('',(0.,-3.));
#2020 = VECTOR('',#2021,1.);
#2021 = DIRECTION('',(1.,0.));
#2022 = ( GEOMETRIC_REPRESENTATION_CONTEXT(2) 
PARAMETRIC_REPRESENTATION_CONTEXT() REPRESENTATION_CONTEXT('2D SPACE',''
  ) );
#2023 = FACE_BOUND('',#2024,.T.);
#2024 = EDGE_LOOP('',(#2025,#2053,#2079,#2105));
#2025 = ORIENTED_EDGE('',*,*,#2026,.T.);
#2026 = EDGE_CURVE('',#2027,#2029,#2031,.T.);
#2027 = VERTEX_POINT('',#2028);
#2028 = CARTESIAN_POINT('',(-4.1,21.,2.));
#2029 = VERTEX_POINT('',#2030);
#2030 = CARTESIAN_POINT('',(-5.5,21.,2.));
#2031 = SURFACE_CURVE('',#2032,(#2036,#2042),.PCURVE_S1.);
#2032 = LINE('',#2033,#2034);
#2033 = CARTESIAN_POINT('',(-2.75000000022,21.,2.));
#2034 = VECTOR('',#2035,1.);
#2035 = DIRECTION('',(-1.,-0.,0.));
#2036 = PCURVE('',#72,#2037);
#2037 = DEFINITIONAL_REPRESENTATION('',(#2038),#2041);
#2038 = B_SPLINE_CURVE_WITH_KNOTS('',1,(#2039,#2040),.UNSPECIFIED.,.F.,
  .F.,(2,2),(1.34999999978,2.74999999978),.PIECEWISE_BEZIER_KNOTS.);
#2039 = CARTESIAN_POINT('',(-4.09999999956,21.000000001169));
#2040 = CARTESIAN_POINT('',(-5.49999999956,21.000000001169));
#2041 = ( GEOMETRIC_REPRESENTATION_CONTEXT(2) 
PARAMETRIC_REPRESENTATION_CONTEXT() REPRESENTATION_CONTEXT('2D SPACE',''
  ) );
#2042 = PCURVE('',#2043,#2048);
#2043 = PLANE('',#2044);
#2044 = AXIS2_PLACEMENT_3D('',#2045,#2046,#2047);
#2045 = CARTESIAN_POINT('',(-5.5,21.,1.8));
#2046 = DIRECTION('',(-0.,1.,0.));
#2047 = DIRECTION('',(0.,0.,1.));
#2048 = DEFINITIONAL_REPRESENTATION('',(#2049),#2052);
#2049 = B_SPLINE_CURVE_WITH_KNOTS('',1,(#2050,#2051),.UNSPECIFIED.,.F.,
  .F.,(2,2),(1.34999999978,2.74999999978),.PIECEWISE_BEZIER_KNOTS.);
#2050 = CARTESIAN_POINT('',(0.2,1.4));
#2051 = CARTESIAN_POINT('',(0.2,0.));
#2052 = ( GEOMETRIC_REPRESENTATION_CONTEXT(2) 
PARAMETRIC_REPRESENTATION_CONTEXT() REPRESENTATION_CONTEXT('2D SPACE',''
  ) );
#2053 = ORIENTED_EDGE('',*,*,#2054,.T.);
#2054 = EDGE_CURVE('',#2029,#2055,#2057,.T.);
#2055 = VERTEX_POINT('',#2056);
#2056 = CARTESIAN_POINT('',(-5.5,22.1,2.));
#2057 = SURFACE_CURVE('',#2058,(#2062,#2068),.PCURVE_S1.);
#2058 = LINE('',#2059,#2060);
#2059 = CARTESIAN_POINT('',(-5.5,10.499999999416,2.));
#2060 = VECTOR('',#2061,1.);
#2061 = DIRECTION('',(-0.,1.,0.));
#2062 = PCURVE('',#72,#2063);
#2063 = DEFINITIONAL_REPRESENTATION('',(#2064),#2067);
#2064 = B_SPLINE_CURVE_WITH_KNOTS('',1,(#2065,#2066),.UNSPECIFIED.,.F.,
  .F.,(2,2),(10.500000000584,11.600000000584),.PIECEWISE_BEZIER_KNOTS.);
#2065 = CARTESIAN_POINT('',(-5.49999999956,21.000000001169));
#2066 = CARTESIAN_POINT('',(-5.49999999956,22.100000001169));
#2067 = ( GEOMETRIC_REPRESENTATION_CONTEXT(2) 
PARAMETRIC_REPRESENTATION_CONTEXT() REPRESENTATION_CONTEXT('2D SPACE',''
  ) );
#2068 = PCURVE('',#2069,#2074);
#2069 = PLANE('',#2070);
#2070 = AXIS2_PLACEMENT_3D('',#2071,#2072,#2073);
#2071 = CARTESIAN_POINT('',(-5.5,21.,1.8));
#2072 = DIRECTION('',(1.,0.,-0.));
#2073 = DIRECTION('',(0.,0.,1.));
#2074 = DEFINITIONAL_REPRESENTATION('',(#2075),#2078);
#2075 = B_SPLINE_CURVE_WITH_KNOTS('',1,(#2076,#2077),.UNSPECIFIED.,.F.,
  .F.,(2,2),(10.500000000584,11.600000000584),.PIECEWISE_BEZIER_KNOTS.);
#2076 = CARTESIAN_POINT('',(0.2,0.));
#2077 = CARTESIAN_POINT('',(0.2,-1.1));
#2078 = ( GEOMETRIC_REPRESENTATION_CONTEXT(2) 
PARAMETRIC_REPRESENTATION_CONTEXT() REPRESENTATION_CONTEXT('2D SPACE',''
  ) );
#2079 = ORIENTED_EDGE('',*,*,#2080,.F.);
#2080 = EDGE_CURVE('',#2081,#2055,#2083,.T.);
#2081 = VERTEX_POINT('',#2082);
#2082 = CARTESIAN_POINT('',(-4.1,22.1,2.));
#2083 = SURFACE_CURVE('',#2084,(#2088,#2094),.PCURVE_S1.);
#2084 = LINE('',#2085,#2086);
#2085 = CARTESIAN_POINT('',(-2.75000000022,22.1,2.));
#2086 = VECTOR('',#2087,1.);
#2087 = DIRECTION('',(-1.,-0.,0.));
#2088 = PCURVE('',#72,#2089);
#2089 = DEFINITIONAL_REPRESENTATION('',(#2090),#2093);
#2090 = B_SPLINE_CURVE_WITH_KNOTS('',1,(#2091,#2092),.UNSPECIFIED.,.F.,
  .F.,(2,2),(1.34999999978,2.74999999978),.PIECEWISE_BEZIER_KNOTS.);
#2091 = CARTESIAN_POINT('',(-4.09999999956,22.100000001169));
#2092 = CARTESIAN_POINT('',(-5.49999999956,22.100000001169));
#2093 = ( GEOMETRIC_REPRESENTATION_CONTEXT(2) 
PARAMETRIC_REPRESENTATION_CONTEXT() REPRESENTATION_CONTEXT('2D SPACE',''
  ) );
#2094 = PCURVE('',#2095,#2100);
#2095 = PLANE('',#2096);
#2096 = AXIS2_PLACEMENT_3D('',#2097,#2098,#2099);
#2097 = CARTESIAN_POINT('',(-5.5,22.1,1.8));
#2098 = DIRECTION('',(-0.,1.,0.));
#2099 = DIRECTION('',(0.,0.,1.));
#2100 = DEFINITIONAL_REPRESENTATION('',(#2101),#2104);
#2101 = B_SPLINE_CURVE_WITH_KNOTS('',1,(#2102,#2103),.UNSPECIFIED.,.F.,
  .F.,(2,2),(1.34999999978,2.74999999978),.PIECEWISE_BEZIER_KNOTS.);
#2102 = CARTESIAN_POINT('',(0.2,1.4));
#2103 = CARTESIAN_POINT('',(0.2,0.));
#2104 = ( GEOMETRIC_REPRESENTATION_CONTEXT(2) 
PARAMETRIC_REPRESENTATION_CONTEXT() REPRESENTATION_CONTEXT('2D SPACE',''
  ) );
#2105 = ORIENTED_EDGE('',*,*,#2106,.F.);
#2106 = EDGE_CURVE('',#2027,#2081,#2107,.T.);
#2107 = SURFACE_CURVE('',#2108,(#2112,#2118),.PCURVE_S1.);
#2108 = LINE('',#2109,#2110);
#2109 = CARTESIAN_POINT('',(-4.1,10.499999999416,2.));
#2110 = VECTOR('',#2111,1.);
#2111 = DIRECTION('',(-0.,1.,0.));
#2112 = PCURVE('',#72,#2113);
#2113 = DEFINITIONAL_REPRESENTATION('',(#2114),#2117);
#2114 = B_SPLINE_CURVE_WITH_KNOTS('',1,(#2115,#2116),.UNSPECIFIED.,.F.,
  .F.,(2,2),(10.500000000584,11.600000000584),.PIECEWISE_BEZIER_KNOTS.);
#2115 = CARTESIAN_POINT('',(-4.09999999956,21.000000001169));
#2116 = CARTESIAN_POINT('',(-4.09999999956,22.100000001169));
#2117 = ( GEOMETRIC_REPRESENTATION_CONTEXT(2) 
PARAMETRIC_REPRESENTATION_CONTEXT() REPRESENTATION_CONTEXT('2D SPACE',''
  ) );
#2118 = PCURVE('',#2119,#2124);
#2119 = PLANE('',#2120);
#2120 = AXIS2_PLACEMENT_3D('',#2121,#2122,#2123);
#2121 = CARTESIAN_POINT('',(-4.1,21.,1.8));
#2122 = DIRECTION('',(1.,0.,-0.));
#2123 = DIRECTION('',(0.,0.,1.));
#2124 = DEFINITIONAL_REPRESENTATION('',(#2125),#2128);
#2125 = B_SPLINE_CURVE_WITH_KNOTS('',1,(#2126,#2127),.UNSPECIFIED.,.F.,
  .F.,(2,2),(10.500000000584,11.600000000584),.PIECEWISE_BEZIER_KNOTS.);
#2126 = CARTESIAN_POINT('',(0.2,0.));
#2127 = CARTESIAN_POINT('',(0.2,-1.1));
#2128 = ( GEOMETRIC_REPRESENTATION_CONTEXT(2) 
PARAMETRIC_REPRESENTATION_CONTEXT() REPRESENTATION_CONTEXT('2D SPACE',''
  ) );
#2129 = FACE_BOUND('',#2130,.T.);
#2130 = EDGE_LOOP('',(#2131,#2166,#2195,#2228,#2256,#2289,#2317,#2350,
    #2378,#2411,#2440,#2473,#2501,#2534,#2562,#2595));
#2131 = ORIENTED_EDGE('',*,*,#2132,.T.);
#2132 = EDGE_CURVE('',#2133,#2135,#2137,.T.);
#2133 = VERTEX_POINT('',#2134);
#2134 = CARTESIAN_POINT('',(21.699999987057,-6.,2.));
#2135 = VERTEX_POINT('',#2136);
#2136 = CARTESIAN_POINT('',(20.310284360012,-12.23909685503,2.));
#2137 = SURFACE_CURVE('',#2138,(#2143,#2154),.PCURVE_S1.);
#2138 = CIRCLE('',#2139,14.7);
#2139 = AXIS2_PLACEMENT_3D('',#2140,#2141,#2142);
#2140 = CARTESIAN_POINT('',(6.999999974113,-6.,2.));
#2141 = DIRECTION('',(0.,0.,-1.));
#2142 = DIRECTION('',(-1.,0.,0.));
#2143 = PCURVE('',#72,#2144);
#2144 = DEFINITIONAL_REPRESENTATION('',(#2145),#2153);
#2145 = ( BOUNDED_CURVE() B_SPLINE_CURVE(2,(#2146,#2147,#2148,#2149,
#2150,#2151,#2152),.UNSPECIFIED.,.T.,.F.) B_SPLINE_CURVE_WITH_KNOTS((1,2
    ,2,2,2,1),(-2.094395102393,0.,2.094395102393,4.188790204786,
6.28318530718,8.377580409573),.UNSPECIFIED.) CURVE() 
GEOMETRIC_REPRESENTATION_ITEM() RATIONAL_B_SPLINE_CURVE((1.,0.5,1.,0.5,
1.,0.5,1.)) REPRESENTATION_ITEM('') );
#2146 = CARTESIAN_POINT('',(-7.700000025446,-5.999999998831));
#2147 = CARTESIAN_POINT('',(-7.700000025446,19.461146872431));
#2148 = CARTESIAN_POINT('',(14.349999974554,6.7305734368));
#2149 = CARTESIAN_POINT('',(36.399999974554,-5.999999998831));
#2150 = CARTESIAN_POINT('',(14.349999974554,-18.73057343446));
#2151 = CARTESIAN_POINT('',(-7.700000025446,-31.46114687009));
#2152 = CARTESIAN_POINT('',(-7.700000025446,-5.999999998831));
#2153 = ( GEOMETRIC_REPRESENTATION_CONTEXT(2) 
PARAMETRIC_REPRESENTATION_CONTEXT() REPRESENTATION_CONTEXT('2D SPACE',''
  ) );
#2154 = PCURVE('',#2155,#2160);
#2155 = CYLINDRICAL_SURFACE('',#2156,14.7);
#2156 = AXIS2_PLACEMENT_3D('',#2157,#2158,#2159);
#2157 = CARTESIAN_POINT('',(6.999999974113,-6.,2.));
#2158 = DIRECTION('',(0.,0.,-1.));
#2159 = DIRECTION('',(-1.,0.,0.));
#2160 = DEFINITIONAL_REPRESENTATION('',(#2161),#2165);
#2161 = LINE('',#2162,#2163);
#2162 = CARTESIAN_POINT('',(0.,0.));
#2163 = VECTOR('',#2164,1.);
#2164 = DIRECTION('',(1.,0.));
#2165 = ( GEOMETRIC_REPRESENTATION_CONTEXT(2) 
PARAMETRIC_REPRESENTATION_CONTEXT() REPRESENTATION_CONTEXT('2D SPACE',''
  ) );
#2166 = ORIENTED_EDGE('',*,*,#2167,.T.);
#2167 = EDGE_CURVE('',#2135,#2168,#2170,.T.);
#2168 = VERTEX_POINT('',#2169);
#2169 = CARTESIAN_POINT('',(18.982685986285,-11.53671712787,2.));
#2170 = SURFACE_CURVE('',#2171,(#2176,#2183),.PCURVE_S1.);
#2171 = CIRCLE('',#2172,3.6);
#2172 = AXIS2_PLACEMENT_3D('',#2173,#2174,#2175);
#2173 = CARTESIAN_POINT('',(18.,-15.,2.));
#2174 = DIRECTION('',(0.,0.,1.));
#2175 = DIRECTION('',(1.,0.,-0.));
#2176 = PCURVE('',#72,#2177);
#2177 = DEFINITIONAL_REPRESENTATION('',(#2178),#2182);
#2178 = CIRCLE('',#2179,3.6);
#2179 = AXIS2_PLACEMENT_2D('',#2180,#2181);
#2180 = CARTESIAN_POINT('',(18.00000000044,-14.99999999883));
#2181 = DIRECTION('',(1.,0.));
#2182 = ( GEOMETRIC_REPRESENTATION_CONTEXT(2) 
PARAMETRIC_REPRESENTATION_CONTEXT() REPRESENTATION_CONTEXT('2D SPACE',''
  ) );
#2183 = PCURVE('',#2184,#2189);
#2184 = CYLINDRICAL_SURFACE('',#2185,3.6);
#2185 = AXIS2_PLACEMENT_3D('',#2186,#2187,#2188);
#2186 = CARTESIAN_POINT('',(18.,-15.,2.));
#2187 = DIRECTION('',(0.,0.,1.));
#2188 = DIRECTION('',(1.,0.,-0.));
#2189 = DEFINITIONAL_REPRESENTATION('',(#2190),#2194);
#2190 = LINE('',#2191,#2192);
#2191 = CARTESIAN_POINT('',(0.,0.));
#2192 = VECTOR('',#2193,1.);
#2193 = DIRECTION('',(1.,0.));
#2194 = ( GEOMETRIC_REPRESENTATION_CONTEXT(2) 
PARAMETRIC_REPRESENTATION_CONTEXT() REPRESENTATION_CONTEXT('2D SPACE',''
  ) );
#2195 = ORIENTED_EDGE('',*,*,#2196,.F.);
#2196 = EDGE_CURVE('',#2197,#2168,#2199,.T.);
#2197 = VERTEX_POINT('',#2198);
#2198 = CARTESIAN_POINT('',(20.2,-6.,2.));
#2199 = SURFACE_CURVE('',#2200,(#2205,#2216),.PCURVE_S1.);
#2200 = CIRCLE('',#2201,13.2);
#2201 = AXIS2_PLACEMENT_3D('',#2202,#2203,#2204);
#2202 = CARTESIAN_POINT('',(7.,-6.,2.));
#2203 = DIRECTION('',(0.,0.,-1.));
#2204 = DIRECTION('',(-1.,0.,0.));
#2205 = PCURVE('',#72,#2206);
#2206 = DEFINITIONAL_REPRESENTATION('',(#2207),#2215);
#2207 = ( BOUNDED_CURVE() B_SPLINE_CURVE(2,(#2208,#2209,#2210,#2211,
#2212,#2213,#2214),.UNSPECIFIED.,.T.,.F.) B_SPLINE_CURVE_WITH_KNOTS((1,2
    ,2,2,2,1),(-2.094395102393,0.,2.094395102393,4.188790204786,
6.28318530718,8.377580409573),.UNSPECIFIED.) CURVE() 
GEOMETRIC_REPRESENTATION_ITEM() RATIONAL_B_SPLINE_CURVE((1.,0.5,1.,0.5,
1.,0.5,1.)) REPRESENTATION_ITEM('') );
#2208 = CARTESIAN_POINT('',(-6.19999999956,-5.999999998831));
#2209 = CARTESIAN_POINT('',(-6.19999999956,16.863070661078));
#2210 = CARTESIAN_POINT('',(13.60000000044,5.431535331124));
#2211 = CARTESIAN_POINT('',(33.40000000044,-5.999999998831));
#2212 = CARTESIAN_POINT('',(13.60000000044,-17.43153532878));
#2213 = CARTESIAN_POINT('',(-6.19999999956,-28.86307065874));
#2214 = CARTESIAN_POINT('',(-6.19999999956,-5.999999998831));
#2215 = ( GEOMETRIC_REPRESENTATION_CONTEXT(2) 
PARAMETRIC_REPRESENTATION_CONTEXT() REPRESENTATION_CONTEXT('2D SPACE',''
  ) );
#2216 = PCURVE('',#2217,#2222);
#2217 = CYLINDRICAL_SURFACE('',#2218,13.2);
#2218 = AXIS2_PLACEMENT_3D('',#2219,#2220,#2221);
#2219 = CARTESIAN_POINT('',(7.,-6.,2.));
#2220 = DIRECTION('',(0.,0.,-1.));
#2221 = DIRECTION('',(-1.,0.,0.));
#2222 = DEFINITIONAL_REPRESENTATION('',(#2223),#2227);
#2223 = LINE('',#2224,#2225);
#2224 = CARTESIAN_POINT('',(0.,0.));
#2225 = VECTOR('',#2226,1.);
#2226 = DIRECTION('',(1.,0.));
#2227 = ( GEOMETRIC_REPRESENTATION_CONTEXT(2) 
PARAMETRIC_REPRESENTATION_CONTEXT() REPRESENTATION_CONTEXT('2D SPACE',''
  ) );
#2228 = ORIENTED_EDGE('',*,*,#2229,.T.);
#2229 = EDGE_CURVE('',#2197,#2230,#2232,.T.);
#2230 = VERTEX_POINT('',#2231);
#2231 = CARTESIAN_POINT('',(20.2,5.999999911083,2.));
#2232 = SURFACE_CURVE('',#2233,(#2237,#2244),.PCURVE_S1.);
#2233 = LINE('',#2234,#2235);
#2234 = CARTESIAN_POINT('',(20.2,1.7763568394E-15,2.));
#2235 = VECTOR('',#2236,1.);
#2236 = DIRECTION('',(0.,1.,0.));
#2237 = PCURVE('',#72,#2238);
#2238 = DEFINITIONAL_REPRESENTATION('',(#2239),#2243);
#2239 = LINE('',#2240,#2241);
#2240 = CARTESIAN_POINT('',(20.20000000044,1.168976027301E-09));
#2241 = VECTOR('',#2242,1.);
#2242 = DIRECTION('',(0.,1.));
#2243 = ( GEOMETRIC_REPRESENTATION_CONTEXT(2) 
PARAMETRIC_REPRESENTATION_CONTEXT() REPRESENTATION_CONTEXT('2D SPACE',''
  ) );
#2244 = PCURVE('',#2245,#2250);
#2245 = PLANE('',#2246);
#2246 = AXIS2_PLACEMENT_3D('',#2247,#2248,#2249);
#2247 = CARTESIAN_POINT('',(20.2,-6.,2.));
#2248 = DIRECTION('',(-1.,0.,0.));
#2249 = DIRECTION('',(0.,1.,0.));
#2250 = DEFINITIONAL_REPRESENTATION('',(#2251),#2255);
#2251 = LINE('',#2252,#2253);
#2252 = CARTESIAN_POINT('',(6.,0.));
#2253 = VECTOR('',#2254,1.);
#2254 = DIRECTION('',(1.,0.));
#2255 = ( GEOMETRIC_REPRESENTATION_CONTEXT(2) 
PARAMETRIC_REPRESENTATION_CONTEXT() REPRESENTATION_CONTEXT('2D SPACE',''
  ) );
#2256 = ORIENTED_EDGE('',*,*,#2257,.F.);
#2257 = EDGE_CURVE('',#2258,#2230,#2260,.T.);
#2258 = VERTEX_POINT('',#2259);
#2259 = CARTESIAN_POINT('',(7.,19.199999955541,2.));
#2260 = SURFACE_CURVE('',#2261,(#2266,#2277),.PCURVE_S1.);
#2261 = CIRCLE('',#2262,13.2);
#2262 = AXIS2_PLACEMENT_3D('',#2263,#2264,#2265);
#2263 = CARTESIAN_POINT('',(7.,5.999999911083,2.));
#2264 = DIRECTION('',(0.,0.,-1.));
#2265 = DIRECTION('',(-1.,0.,0.));
#2266 = PCURVE('',#72,#2267);
#2267 = DEFINITIONAL_REPRESENTATION('',(#2268),#2276);
#2268 = ( BOUNDED_CURVE() B_SPLINE_CURVE(2,(#2269,#2270,#2271,#2272,
#2273,#2274,#2275),.UNSPECIFIED.,.T.,.F.) B_SPLINE_CURVE_WITH_KNOTS((1,2
    ,2,2,2,1),(-2.094395102393,0.,2.094395102393,4.188790204786,
6.28318530718,8.377580409573),.UNSPECIFIED.) CURVE() 
GEOMETRIC_REPRESENTATION_ITEM() RATIONAL_B_SPLINE_CURVE((1.,0.5,1.,0.5,
1.,0.5,1.)) REPRESENTATION_ITEM('') );
#2269 = CARTESIAN_POINT('',(-6.19999999956,5.999999912252));
#2270 = CARTESIAN_POINT('',(-6.19999999956,28.863070572161));
#2271 = CARTESIAN_POINT('',(13.60000000044,17.431535242206));
#2272 = CARTESIAN_POINT('',(33.40000000044,5.999999912252));
#2273 = CARTESIAN_POINT('',(13.60000000044,-5.431535417703));
#2274 = CARTESIAN_POINT('',(-6.19999999956,-16.86307074765));
#2275 = CARTESIAN_POINT('',(-6.19999999956,5.999999912252));
#2276 = ( GEOMETRIC_REPRESENTATION_CONTEXT(2) 
PARAMETRIC_REPRESENTATION_CONTEXT() REPRESENTATION_CONTEXT('2D SPACE',''
  ) );
#2277 = PCURVE('',#2278,#2283);
#2278 = CYLINDRICAL_SURFACE('',#2279,13.2);
#2279 = AXIS2_PLACEMENT_3D('',#2280,#2281,#2282);
#2280 = CARTESIAN_POINT('',(7.,5.999999911083,2.));
#2281 = DIRECTION('',(0.,0.,-1.));
#2282 = DIRECTION('',(-1.,0.,0.));
#2283 = DEFINITIONAL_REPRESENTATION('',(#2284),#2288);
#2284 = LINE('',#2285,#2286);
#2285 = CARTESIAN_POINT('',(0.,0.));
#2286 = VECTOR('',#2287,1.);
#2287 = DIRECTION('',(1.,0.));
#2288 = ( GEOMETRIC_REPRESENTATION_CONTEXT(2) 
PARAMETRIC_REPRESENTATION_CONTEXT() REPRESENTATION_CONTEXT('2D SPACE',''
  ) );
#2289 = ORIENTED_EDGE('',*,*,#2290,.F.);
#2290 = EDGE_CURVE('',#2291,#2258,#2293,.T.);
#2291 = VERTEX_POINT('',#2292);
#2292 = CARTESIAN_POINT('',(-7.,19.199999955541,2.));
#2293 = SURFACE_CURVE('',#2294,(#2298,#2305),.PCURVE_S1.);
#2294 = LINE('',#2295,#2296);
#2295 = CARTESIAN_POINT('',(0.,19.2,2.));
#2296 = VECTOR('',#2297,1.);
#2297 = DIRECTION('',(1.,0.,0.));
#2298 = PCURVE('',#72,#2299);
#2299 = DEFINITIONAL_REPRESENTATION('',(#2300),#2304);
#2300 = LINE('',#2301,#2302);
#2301 = CARTESIAN_POINT('',(4.401982376383E-10,19.200000001169));
#2302 = VECTOR('',#2303,1.);
#2303 = DIRECTION('',(1.,0.));
#2304 = ( GEOMETRIC_REPRESENTATION_CONTEXT(2) 
PARAMETRIC_REPRESENTATION_CONTEXT() REPRESENTATION_CONTEXT('2D SPACE',''
  ) );
#2305 = PCURVE('',#2306,#2311);
#2306 = PLANE('',#2307);
#2307 = AXIS2_PLACEMENT_3D('',#2308,#2309,#2310);
#2308 = CARTESIAN_POINT('',(-7.,19.2,2.));
#2309 = DIRECTION('',(0.,1.,0.));
#2310 = DIRECTION('',(1.,0.,0.));
#2311 = DEFINITIONAL_REPRESENTATION('',(#2312),#2316);
#2312 = LINE('',#2313,#2314);
#2313 = CARTESIAN_POINT('',(7.,0.));
#2314 = VECTOR('',#2315,1.);
#2315 = DIRECTION('',(1.,0.));
#2316 = ( GEOMETRIC_REPRESENTATION_CONTEXT(2) 
PARAMETRIC_REPRESENTATION_CONTEXT() REPRESENTATION_CONTEXT('2D SPACE',''
  ) );
#2317 = ORIENTED_EDGE('',*,*,#2318,.F.);
#2318 = EDGE_CURVE('',#2319,#2291,#2321,.T.);
#2319 = VERTEX_POINT('',#2320);
#2320 = CARTESIAN_POINT('',(-20.2,5.999999911083,2.));
#2321 = SURFACE_CURVE('',#2322,(#2327,#2338),.PCURVE_S1.);
#2322 = CIRCLE('',#2323,13.2);
#2323 = AXIS2_PLACEMENT_3D('',#2324,#2325,#2326);
#2324 = CARTESIAN_POINT('',(-7.,5.999999911083,2.));
#2325 = DIRECTION('',(0.,0.,-1.));
#2326 = DIRECTION('',(-1.,0.,0.));
#2327 = PCURVE('',#72,#2328);
#2328 = DEFINITIONAL_REPRESENTATION('',(#2329),#2337);
#2329 = ( BOUNDED_CURVE() B_SPLINE_CURVE(2,(#2330,#2331,#2332,#2333,
#2334,#2335,#2336),.UNSPECIFIED.,.T.,.F.) B_SPLINE_CURVE_WITH_KNOTS((1,2
    ,2,2,2,1),(-2.094395102393,0.,2.094395102393,4.188790204786,
6.28318530718,8.377580409573),.UNSPECIFIED.) CURVE() 
GEOMETRIC_REPRESENTATION_ITEM() RATIONAL_B_SPLINE_CURVE((1.,0.5,1.,0.5,
1.,0.5,1.)) REPRESENTATION_ITEM('') );
#2330 = CARTESIAN_POINT('',(-20.19999999956,5.999999912252));
#2331 = CARTESIAN_POINT('',(-20.19999999956,28.863070572161));
#2332 = CARTESIAN_POINT('',(-0.39999999956,17.431535242206));
#2333 = CARTESIAN_POINT('',(19.40000000044,5.999999912252));
#2334 = CARTESIAN_POINT('',(-0.39999999956,-5.431535417703));
#2335 = CARTESIAN_POINT('',(-20.19999999956,-16.86307074765));
#2336 = CARTESIAN_POINT('',(-20.19999999956,5.999999912252));
#2337 = ( GEOMETRIC_REPRESENTATION_CONTEXT(2) 
PARAMETRIC_REPRESENTATION_CONTEXT() REPRESENTATION_CONTEXT('2D SPACE',''
  ) );
#2338 = PCURVE('',#2339,#2344);
#2339 = CYLINDRICAL_SURFACE('',#2340,13.2);
#2340 = AXIS2_PLACEMENT_3D('',#2341,#2342,#2343);
#2341 = CARTESIAN_POINT('',(-7.,5.999999911083,2.));
#2342 = DIRECTION('',(0.,0.,-1.));
#2343 = DIRECTION('',(-1.,0.,0.));
#2344 = DEFINITIONAL_REPRESENTATION('',(#2345),#2349);
#2345 = LINE('',#2346,#2347);
#2346 = CARTESIAN_POINT('',(0.,0.));
#2347 = VECTOR('',#2348,1.);
#2348 = DIRECTION('',(1.,0.));
#2349 = ( GEOMETRIC_REPRESENTATION_CONTEXT(2) 
PARAMETRIC_REPRESENTATION_CONTEXT() REPRESENTATION_CONTEXT('2D SPACE',''
  ) );
#2350 = ORIENTED_EDGE('',*,*,#2351,.F.);
#2351 = EDGE_CURVE('',#2352,#2319,#2354,.T.);
#2352 = VERTEX_POINT('',#2353);
#2353 = CARTESIAN_POINT('',(-20.2,-6.,2.));
#2354 = SURFACE_CURVE('',#2355,(#2359,#2366),.PCURVE_S1.);
#2355 = LINE('',#2356,#2357);
#2356 = CARTESIAN_POINT('',(-20.2,1.7763568394E-15,2.));
#2357 = VECTOR('',#2358,1.);
#2358 = DIRECTION('',(0.,1.,0.));
#2359 = PCURVE('',#72,#2360);
#2360 = DEFINITIONAL_REPRESENTATION('',(#2361),#2365);
#2361 = LINE('',#2362,#2363);
#2362 = CARTESIAN_POINT('',(-20.19999999956,1.168976027301E-09));
#2363 = VECTOR('',#2364,1.);
#2364 = DIRECTION('',(0.,1.));
#2365 = ( GEOMETRIC_REPRESENTATION_CONTEXT(2) 
PARAMETRIC_REPRESENTATION_CONTEXT() REPRESENTATION_CONTEXT('2D SPACE',''
  ) );
#2366 = PCURVE('',#2367,#2372);
#2367 = PLANE('',#2368);
#2368 = AXIS2_PLACEMENT_3D('',#2369,#2370,#2371);
#2369 = CARTESIAN_POINT('',(-20.2,-6.,2.));
#2370 = DIRECTION('',(-1.,0.,0.));
#2371 = DIRECTION('',(0.,1.,0.));
#2372 = DEFINITIONAL_REPRESENTATION('',(#2373),#2377);
#2373 = LINE('',#2374,#2375);
#2374 = CARTESIAN_POINT('',(6.,0.));
#2375 = VECTOR('',#2376,1.);
#2376 = DIRECTION('',(1.,0.));
#2377 = ( GEOMETRIC_REPRESENTATION_CONTEXT(2) 
PARAMETRIC_REPRESENTATION_CONTEXT() REPRESENTATION_CONTEXT('2D SPACE',''
  ) );
#2378 = ORIENTED_EDGE('',*,*,#2379,.F.);
#2379 = EDGE_CURVE('',#2380,#2352,#2382,.T.);
#2380 = VERTEX_POINT('',#2381);
#2381 = CARTESIAN_POINT('',(-18.98268598628,-11.53671712787,2.));
#2382 = SURFACE_CURVE('',#2383,(#2388,#2399),.PCURVE_S1.);
#2383 = CIRCLE('',#2384,13.2);
#2384 = AXIS2_PLACEMENT_3D('',#2385,#2386,#2387);
#2385 = CARTESIAN_POINT('',(-7.,-6.,2.));
#2386 = DIRECTION('',(0.,0.,-1.));
#2387 = DIRECTION('',(-1.,0.,0.));
#2388 = PCURVE('',#72,#2389);
#2389 = DEFINITIONAL_REPRESENTATION('',(#2390),#2398);
#2390 = ( BOUNDED_CURVE() B_SPLINE_CURVE(2,(#2391,#2392,#2393,#2394,
#2395,#2396,#2397),.UNSPECIFIED.,.T.,.F.) B_SPLINE_CURVE_WITH_KNOTS((1,2
    ,2,2,2,1),(-2.094395102393,0.,2.094395102393,4.188790204786,
6.28318530718,8.377580409573),.UNSPECIFIED.) CURVE() 
GEOMETRIC_REPRESENTATION_ITEM() RATIONAL_B_SPLINE_CURVE((1.,0.5,1.,0.5,
1.,0.5,1.)) REPRESENTATION_ITEM('') );
#2391 = CARTESIAN_POINT('',(-20.19999999956,-5.999999998831));
#2392 = CARTESIAN_POINT('',(-20.19999999956,16.863070661078));
#2393 = CARTESIAN_POINT('',(-0.39999999956,5.431535331124));
#2394 = CARTESIAN_POINT('',(19.40000000044,-5.999999998831));
#2395 = CARTESIAN_POINT('',(-0.39999999956,-17.43153532878));
#2396 = CARTESIAN_POINT('',(-20.19999999956,-28.86307065874));
#2397 = CARTESIAN_POINT('',(-20.19999999956,-5.999999998831));
#2398 = ( GEOMETRIC_REPRESENTATION_CONTEXT(2) 
PARAMETRIC_REPRESENTATION_CONTEXT() REPRESENTATION_CONTEXT('2D SPACE',''
  ) );
#2399 = PCURVE('',#2400,#2405);
#2400 = CYLINDRICAL_SURFACE('',#2401,13.2);
#2401 = AXIS2_PLACEMENT_3D('',#2402,#2403,#2404);
#2402 = CARTESIAN_POINT('',(-7.,-6.,2.));
#2403 = DIRECTION('',(0.,0.,-1.));
#2404 = DIRECTION('',(-1.,0.,0.));
#2405 = DEFINITIONAL_REPRESENTATION('',(#2406),#2410);
#2406 = LINE('',#2407,#2408);
#2407 = CARTESIAN_POINT('',(0.,0.));
#2408 = VECTOR('',#2409,1.);
#2409 = DIRECTION('',(1.,0.));
#2410 = ( GEOMETRIC_REPRESENTATION_CONTEXT(2) 
PARAMETRIC_REPRESENTATION_CONTEXT() REPRESENTATION_CONTEXT('2D SPACE',''
  ) );
#2411 = ORIENTED_EDGE('',*,*,#2412,.T.);
#2412 = EDGE_CURVE('',#2380,#2413,#2415,.T.);
#2413 = VERTEX_POINT('',#2414);
#2414 = CARTESIAN_POINT('',(-20.3102843786,-12.23909687059,2.));
#2415 = SURFACE_CURVE('',#2416,(#2421,#2428),.PCURVE_S1.);
#2416 = CIRCLE('',#2417,3.6);
#2417 = AXIS2_PLACEMENT_3D('',#2418,#2419,#2420);
#2418 = CARTESIAN_POINT('',(-18.,-15.,2.));
#2419 = DIRECTION('',(0.,0.,1.));
#2420 = DIRECTION('',(1.,0.,-0.));
#2421 = PCURVE('',#72,#2422);
#2422 = DEFINITIONAL_REPRESENTATION('',(#2423),#2427);
#2423 = CIRCLE('',#2424,3.6);
#2424 = AXIS2_PLACEMENT_2D('',#2425,#2426);
#2425 = CARTESIAN_POINT('',(-17.99999999956,-14.99999999883));
#2426 = DIRECTION('',(1.,0.));
#2427 = ( GEOMETRIC_REPRESENTATION_CONTEXT(2) 
PARAMETRIC_REPRESENTATION_CONTEXT() REPRESENTATION_CONTEXT('2D SPACE',''
  ) );
#2428 = PCURVE('',#2429,#2434);
#2429 = CYLINDRICAL_SURFACE('',#2430,3.6);
#2430 = AXIS2_PLACEMENT_3D('',#2431,#2432,#2433);
#2431 = CARTESIAN_POINT('',(-18.,-15.,2.));
#2432 = DIRECTION('',(0.,0.,1.));
#2433 = DIRECTION('',(1.,0.,-0.));
#2434 = DEFINITIONAL_REPRESENTATION('',(#2435),#2439);
#2435 = LINE('',#2436,#2437);
#2436 = CARTESIAN_POINT('',(0.,0.));
#2437 = VECTOR('',#2438,1.);
#2438 = DIRECTION('',(1.,0.));
#2439 = ( GEOMETRIC_REPRESENTATION_CONTEXT(2) 
PARAMETRIC_REPRESENTATION_CONTEXT() REPRESENTATION_CONTEXT('2D SPACE',''
  ) );
#2440 = ORIENTED_EDGE('',*,*,#2441,.T.);
#2441 = EDGE_CURVE('',#2413,#2442,#2444,.T.);
#2442 = VERTEX_POINT('',#2443);
#2443 = CARTESIAN_POINT('',(-21.7,-6.,2.));
#2444 = SURFACE_CURVE('',#2445,(#2450,#2461),.PCURVE_S1.);
#2445 = CIRCLE('',#2446,14.7);
#2446 = AXIS2_PLACEMENT_3D('',#2447,#2448,#2449);
#2447 = CARTESIAN_POINT('',(-7.,-6.,2.));
#2448 = DIRECTION('',(0.,0.,-1.));
#2449 = DIRECTION('',(-1.,0.,0.));
#2450 = PCURVE('',#72,#2451);
#2451 = DEFINITIONAL_REPRESENTATION('',(#2452),#2460);
#2452 = ( BOUNDED_CURVE() B_SPLINE_CURVE(2,(#2453,#2454,#2455,#2456,
#2457,#2458,#2459),.UNSPECIFIED.,.T.,.F.) B_SPLINE_CURVE_WITH_KNOTS((1,2
    ,2,2,2,1),(-2.094395102393,0.,2.094395102393,4.188790204786,
6.28318530718,8.377580409573),.UNSPECIFIED.) CURVE() 
GEOMETRIC_REPRESENTATION_ITEM() RATIONAL_B_SPLINE_CURVE((1.,0.5,1.,0.5,
1.,0.5,1.)) REPRESENTATION_ITEM('') );
#2453 = CARTESIAN_POINT('',(-21.69999999956,-5.999999998831));
#2454 = CARTESIAN_POINT('',(-21.69999999956,19.461146872431));
#2455 = CARTESIAN_POINT('',(0.35000000044,6.7305734368));
#2456 = CARTESIAN_POINT('',(22.40000000044,-5.999999998831));
#2457 = CARTESIAN_POINT('',(0.35000000044,-18.73057343446));
#2458 = CARTESIAN_POINT('',(-21.69999999956,-31.46114687009));
#2459 = CARTESIAN_POINT('',(-21.69999999956,-5.999999998831));
#2460 = ( GEOMETRIC_REPRESENTATION_CONTEXT(2) 
PARAMETRIC_REPRESENTATION_CONTEXT() REPRESENTATION_CONTEXT('2D SPACE',''
  ) );
#2461 = PCURVE('',#2462,#2467);
#2462 = CYLINDRICAL_SURFACE('',#2463,14.7);
#2463 = AXIS2_PLACEMENT_3D('',#2464,#2465,#2466);
#2464 = CARTESIAN_POINT('',(-7.,-6.,2.));
#2465 = DIRECTION('',(0.,0.,-1.));
#2466 = DIRECTION('',(-1.,0.,0.));
#2467 = DEFINITIONAL_REPRESENTATION('',(#2468),#2472);
#2468 = LINE('',#2469,#2470);
#2469 = CARTESIAN_POINT('',(0.,0.));
#2470 = VECTOR('',#2471,1.);
#2471 = DIRECTION('',(1.,0.));
#2472 = ( GEOMETRIC_REPRESENTATION_CONTEXT(2) 
PARAMETRIC_REPRESENTATION_CONTEXT() REPRESENTATION_CONTEXT('2D SPACE',''
  ) );
#2473 = ORIENTED_EDGE('',*,*,#2474,.T.);
#2474 = EDGE_CURVE('',#2442,#2475,#2477,.T.);
#2475 = VERTEX_POINT('',#2476);
#2476 = CARTESIAN_POINT('',(-21.7,5.999999998222,2.));
#2477 = SURFACE_CURVE('',#2478,(#2482,#2489),.PCURVE_S1.);
#2478 = LINE('',#2479,#2480);
#2479 = CARTESIAN_POINT('',(-21.7,1.7763568394E-15,2.));
#2480 = VECTOR('',#2481,1.);
#2481 = DIRECTION('',(0.,1.,0.));
#2482 = PCURVE('',#72,#2483);
#2483 = DEFINITIONAL_REPRESENTATION('',(#2484),#2488);
#2484 = LINE('',#2485,#2486);
#2485 = CARTESIAN_POINT('',(-21.69999999956,1.168976027301E-09));
#2486 = VECTOR('',#2487,1.);
#2487 = DIRECTION('',(0.,1.));
#2488 = ( GEOMETRIC_REPRESENTATION_CONTEXT(2) 
PARAMETRIC_REPRESENTATION_CONTEXT() REPRESENTATION_CONTEXT('2D SPACE',''
  ) );
#2489 = PCURVE('',#2490,#2495);
#2490 = PLANE('',#2491);
#2491 = AXIS2_PLACEMENT_3D('',#2492,#2493,#2494);
#2492 = CARTESIAN_POINT('',(-21.7,-6.,2.));
#2493 = DIRECTION('',(-1.,0.,0.));
#2494 = DIRECTION('',(0.,1.,0.));
#2495 = DEFINITIONAL_REPRESENTATION('',(#2496),#2500);
#2496 = LINE('',#2497,#2498);
#2497 = CARTESIAN_POINT('',(6.,0.));
#2498 = VECTOR('',#2499,1.);
#2499 = DIRECTION('',(1.,0.));
#2500 = ( GEOMETRIC_REPRESENTATION_CONTEXT(2) 
PARAMETRIC_REPRESENTATION_CONTEXT() REPRESENTATION_CONTEXT('2D SPACE',''
  ) );
#2501 = ORIENTED_EDGE('',*,*,#2502,.T.);
#2502 = EDGE_CURVE('',#2475,#2503,#2505,.T.);
#2503 = VERTEX_POINT('',#2504);
#2504 = CARTESIAN_POINT('',(-7.,20.699999999111,2.));
#2505 = SURFACE_CURVE('',#2506,(#2511,#2522),.PCURVE_S1.);
#2506 = CIRCLE('',#2507,14.7);
#2507 = AXIS2_PLACEMENT_3D('',#2508,#2509,#2510);
#2508 = CARTESIAN_POINT('',(-7.,5.999999998222,2.));
#2509 = DIRECTION('',(0.,0.,-1.));
#2510 = DIRECTION('',(-1.,0.,0.));
#2511 = PCURVE('',#72,#2512);
#2512 = DEFINITIONAL_REPRESENTATION('',(#2513),#2521);
#2513 = ( BOUNDED_CURVE() B_SPLINE_CURVE(2,(#2514,#2515,#2516,#2517,
#2518,#2519,#2520),.UNSPECIFIED.,.T.,.F.) B_SPLINE_CURVE_WITH_KNOTS((1,2
    ,2,2,2,1),(-2.094395102393,0.,2.094395102393,4.188790204786,
6.28318530718,8.377580409573),.UNSPECIFIED.) CURVE() 
GEOMETRIC_REPRESENTATION_ITEM() RATIONAL_B_SPLINE_CURVE((1.,0.5,1.,0.5,
1.,0.5,1.)) REPRESENTATION_ITEM('') );
#2514 = CARTESIAN_POINT('',(-21.69999999956,5.999999999391));
#2515 = CARTESIAN_POINT('',(-21.69999999956,31.461146870653));
#2516 = CARTESIAN_POINT('',(0.35000000044,18.730573435022));
#2517 = CARTESIAN_POINT('',(22.40000000044,5.999999999391));
#2518 = CARTESIAN_POINT('',(0.35000000044,-6.730573436241));
#2519 = CARTESIAN_POINT('',(-21.69999999956,-19.46114687187));
#2520 = CARTESIAN_POINT('',(-21.69999999956,5.999999999391));
#2521 = ( GEOMETRIC_REPRESENTATION_CONTEXT(2) 
PARAMETRIC_REPRESENTATION_CONTEXT() REPRESENTATION_CONTEXT('2D SPACE',''
  ) );
#2522 = PCURVE('',#2523,#2528);
#2523 = CYLINDRICAL_SURFACE('',#2524,14.7);
#2524 = AXIS2_PLACEMENT_3D('',#2525,#2526,#2527);
#2525 = CARTESIAN_POINT('',(-7.,5.999999998222,2.));
#2526 = DIRECTION('',(0.,0.,-1.));
#2527 = DIRECTION('',(-1.,0.,0.));
#2528 = DEFINITIONAL_REPRESENTATION('',(#2529),#2533);
#2529 = LINE('',#2530,#2531);
#2530 = CARTESIAN_POINT('',(0.,0.));
#2531 = VECTOR('',#2532,1.);
#2532 = DIRECTION('',(1.,0.));
#2533 = ( GEOMETRIC_REPRESENTATION_CONTEXT(2) 
PARAMETRIC_REPRESENTATION_CONTEXT() REPRESENTATION_CONTEXT('2D SPACE',''
  ) );
#2534 = ORIENTED_EDGE('',*,*,#2535,.T.);
#2535 = EDGE_CURVE('',#2503,#2536,#2538,.T.);
#2536 = VERTEX_POINT('',#2537);
#2537 = CARTESIAN_POINT('',(7.,20.699999999111,2.));
#2538 = SURFACE_CURVE('',#2539,(#2543,#2550),.PCURVE_S1.);
#2539 = LINE('',#2540,#2541);
#2540 = CARTESIAN_POINT('',(0.,20.7,2.));
#2541 = VECTOR('',#2542,1.);
#2542 = DIRECTION('',(1.,0.,0.));
#2543 = PCURVE('',#72,#2544);
#2544 = DEFINITIONAL_REPRESENTATION('',(#2545),#2549);
#2545 = LINE('',#2546,#2547);
#2546 = CARTESIAN_POINT('',(4.401982376383E-10,20.700000001169));
#2547 = VECTOR('',#2548,1.);
#2548 = DIRECTION('',(1.,0.));
#2549 = ( GEOMETRIC_REPRESENTATION_CONTEXT(2) 
PARAMETRIC_REPRESENTATION_CONTEXT() REPRESENTATION_CONTEXT('2D SPACE',''
  ) );
#2550 = PCURVE('',#2551,#2556);
#2551 = PLANE('',#2552);
#2552 = AXIS2_PLACEMENT_3D('',#2553,#2554,#2555);
#2553 = CARTESIAN_POINT('',(-7.,20.7,2.));
#2554 = DIRECTION('',(0.,1.,0.));
#2555 = DIRECTION('',(1.,0.,0.));
#2556 = DEFINITIONAL_REPRESENTATION('',(#2557),#2561);
#2557 = LINE('',#2558,#2559);
#2558 = CARTESIAN_POINT('',(7.,0.));
#2559 = VECTOR('',#2560,1.);
#2560 = DIRECTION('',(1.,0.));
#2561 = ( GEOMETRIC_REPRESENTATION_CONTEXT(2) 
PARAMETRIC_REPRESENTATION_CONTEXT() REPRESENTATION_CONTEXT('2D SPACE',''
  ) );
#2562 = ORIENTED_EDGE('',*,*,#2563,.T.);
#2563 = EDGE_CURVE('',#2536,#2564,#2566,.T.);
#2564 = VERTEX_POINT('',#2565);
#2565 = CARTESIAN_POINT('',(21.7,5.999999998222,2.));
#2566 = SURFACE_CURVE('',#2567,(#2572,#2583),.PCURVE_S1.);
#2567 = CIRCLE('',#2568,14.7);
#2568 = AXIS2_PLACEMENT_3D('',#2569,#2570,#2571);
#2569 = CARTESIAN_POINT('',(7.,5.999999998222,2.));
#2570 = DIRECTION('',(0.,0.,-1.));
#2571 = DIRECTION('',(-1.,0.,0.));
#2572 = PCURVE('',#72,#2573);
#2573 = DEFINITIONAL_REPRESENTATION('',(#2574),#2582);
#2574 = ( BOUNDED_CURVE() B_SPLINE_CURVE(2,(#2575,#2576,#2577,#2578,
#2579,#2580,#2581),.UNSPECIFIED.,.T.,.F.) B_SPLINE_CURVE_WITH_KNOTS((1,2
    ,2,2,2,1),(-2.094395102393,0.,2.094395102393,4.188790204786,
6.28318530718,8.377580409573),.UNSPECIFIED.) CURVE() 
GEOMETRIC_REPRESENTATION_ITEM() RATIONAL_B_SPLINE_CURVE((1.,0.5,1.,0.5,
1.,0.5,1.)) REPRESENTATION_ITEM('') );
#2575 = CARTESIAN_POINT('',(-7.69999999956,5.99999999939));
#2576 = CARTESIAN_POINT('',(-7.69999999956,31.461146870653));
#2577 = CARTESIAN_POINT('',(14.35000000044,18.730573435022));
#2578 = CARTESIAN_POINT('',(36.40000000044,5.99999999939));
#2579 = CARTESIAN_POINT('',(14.35000000044,-6.730573436241));
#2580 = CARTESIAN_POINT('',(-7.69999999956,-19.46114687187));
#2581 = CARTESIAN_POINT('',(-7.69999999956,5.99999999939));
#2582 = ( GEOMETRIC_REPRESENTATION_CONTEXT(2) 
PARAMETRIC_REPRESENTATION_CONTEXT() REPRESENTATION_CONTEXT('2D SPACE',''
  ) );
#2583 = PCURVE('',#2584,#2589);
#2584 = CYLINDRICAL_SURFACE('',#2585,14.7);
#2585 = AXIS2_PLACEMENT_3D('',#2586,#2587,#2588);
#2586 = CARTESIAN_POINT('',(7.,5.999999998222,2.));
#2587 = DIRECTION('',(0.,0.,-1.));
#2588 = DIRECTION('',(-1.,0.,0.));
#2589 = DEFINITIONAL_REPRESENTATION('',(#2590),#2594);
#2590 = LINE('',#2591,#2592);
#2591 = CARTESIAN_POINT('',(0.,0.));
#2592 = VECTOR('',#2593,1.);
#2593 = DIRECTION('',(1.,0.));
#2594 = ( GEOMETRIC_REPRESENTATION_CONTEXT(2) 
PARAMETRIC_REPRESENTATION_CONTEXT() REPRESENTATION_CONTEXT('2D SPACE',''
  ) );
#2595 = ORIENTED_EDGE('',*,*,#2596,.F.);
#2596 = EDGE_CURVE('',#2133,#2564,#2597,.T.);
#2597 = SURFACE_CURVE('',#2598,(#2602,#2609),.PCURVE_S1.);
#2598 = LINE('',#2599,#2600);
#2599 = CARTESIAN_POINT('',(21.7,1.7763568394E-15,2.));
#2600 = VECTOR('',#2601,1.);
#2601 = DIRECTION('',(0.,1.,0.));
#2602 = PCURVE('',#72,#2603);
#2603 = DEFINITIONAL_REPRESENTATION('',(#2604),#2608);
#2604 = LINE('',#2605,#2606);
#2605 = CARTESIAN_POINT('',(21.70000000044,1.168976027301E-09));
#2606 = VECTOR('',#2607,1.);
#2607 = DIRECTION('',(0.,1.));
#2608 = ( GEOMETRIC_REPRESENTATION_CONTEXT(2) 
PARAMETRIC_REPRESENTATION_CONTEXT() REPRESENTATION_CONTEXT('2D SPACE',''
  ) );
#2609 = PCURVE('',#2610,#2615);
#2610 = PLANE('',#2611);
#2611 = AXIS2_PLACEMENT_3D('',#2612,#2613,#2614);
#2612 = CARTESIAN_POINT('',(21.7,-6.,2.));
#2613 = DIRECTION('',(-1.,0.,0.));
#2614 = DIRECTION('',(0.,1.,0.));
#2615 = DEFINITIONAL_REPRESENTATION('',(#2616),#2620);
#2616 = LINE('',#2617,#2618);
#2617 = CARTESIAN_POINT('',(6.,0.));
#2618 = VECTOR('',#2619,1.);
#2619 = DIRECTION('',(1.,0.));
#2620 = ( GEOMETRIC_REPRESENTATION_CONTEXT(2) 
PARAMETRIC_REPRESENTATION_CONTEXT() REPRESENTATION_CONTEXT('2D SPACE',''
  ) );
#2621 = FACE_BOUND('',#2622,.T.);
#2622 = EDGE_LOOP('',(#2623,#2646,#2674,#2695,#2723,#2744,#2772,#2793));
#2623 = ORIENTED_EDGE('',*,*,#2624,.F.);
#2624 = EDGE_CURVE('',#2625,#2627,#2629,.T.);
#2625 = VERTEX_POINT('',#2626);
#2626 = CARTESIAN_POINT('',(15.,9.1,2.));
#2627 = VERTEX_POINT('',#2628);
#2628 = CARTESIAN_POINT('',(15.,0.9,2.));
#2629 = SURFACE_CURVE('',#2630,(#2634,#2640),.PCURVE_S1.);
#2630 = LINE('',#2631,#2632);
#2631 = CARTESIAN_POINT('',(15.000000001042,0.449999999416,2.));
#2632 = VECTOR('',#2633,1.);
#2633 = DIRECTION('',(0.,-1.,0.));
#2634 = PCURVE('',#72,#2635);
#2635 = DEFINITIONAL_REPRESENTATION('',(#2636),#2639);
#2636 = B_SPLINE_CURVE_WITH_KNOTS('',1,(#2637,#2638),.UNSPECIFIED.,.F.,
  .F.,(2,2),(-8.650000000584,-0.450000000584),.PIECEWISE_BEZIER_KNOTS.);
#2637 = CARTESIAN_POINT('',(15.000000001482,9.100000001169));
#2638 = CARTESIAN_POINT('',(15.000000001482,0.900000001169));
#2639 = ( GEOMETRIC_REPRESENTATION_CONTEXT(2) 
PARAMETRIC_REPRESENTATION_CONTEXT() REPRESENTATION_CONTEXT('2D SPACE',''
  ) );
#2640 = PCURVE('',#991,#2641);
#2641 = DEFINITIONAL_REPRESENTATION('',(#2642),#2645);
#2642 = B_SPLINE_CURVE_WITH_KNOTS('',1,(#2643,#2644),.UNSPECIFIED.,.F.,
  .F.,(2,2),(-8.650000000584,-0.450000000584),.PIECEWISE_BEZIER_KNOTS.);
#2643 = CARTESIAN_POINT('',(8.2,-3.));
#2644 = CARTESIAN_POINT('',(0.,-3.));
#2645 = ( GEOMETRIC_REPRESENTATION_CONTEXT(2) 
PARAMETRIC_REPRESENTATION_CONTEXT() REPRESENTATION_CONTEXT('2D SPACE',''
  ) );
#2646 = ORIENTED_EDGE('',*,*,#2647,.T.);
#2647 = EDGE_CURVE('',#2625,#2648,#2650,.T.);
#2648 = VERTEX_POINT('',#2649);
#2649 = CARTESIAN_POINT('',(15.899999998958,10.,2.));
#2650 = SURFACE_CURVE('',#2651,(#2656,#2667),.PCURVE_S1.);
#2651 = CIRCLE('',#2652,0.9);
#2652 = AXIS2_PLACEMENT_3D('',#2653,#2654,#2655);
#2653 = CARTESIAN_POINT('',(15.899999998958,9.1,2.));
#2654 = DIRECTION('',(0.,0.,-1.));
#2655 = DIRECTION('',(-1.,0.,0.));
#2656 = PCURVE('',#72,#2657);
#2657 = DEFINITIONAL_REPRESENTATION('',(#2658),#2666);
#2658 = ( BOUNDED_CURVE() B_SPLINE_CURVE(2,(#2659,#2660,#2661,#2662,
#2663,#2664,#2665),.UNSPECIFIED.,.T.,.F.) B_SPLINE_CURVE_WITH_KNOTS((1,2
    ,2,2,2,1),(-2.094395102393,0.,2.094395102393,4.188790204786,
6.28318530718,8.377580409573),.UNSPECIFIED.) CURVE() 
GEOMETRIC_REPRESENTATION_ITEM() RATIONAL_B_SPLINE_CURVE((1.,0.5,1.,0.5,
1.,0.5,1.)) REPRESENTATION_ITEM('') );
#2659 = CARTESIAN_POINT('',(14.999999999398,9.100000001169));
#2660 = CARTESIAN_POINT('',(14.999999999398,10.658845727981));
#2661 = CARTESIAN_POINT('',(16.349999999398,9.879422864575));
#2662 = CARTESIAN_POINT('',(17.699999999398,9.100000001169));
#2663 = CARTESIAN_POINT('',(16.349999999398,8.320577137763));
#2664 = CARTESIAN_POINT('',(14.999999999398,7.541154274357));
#2665 = CARTESIAN_POINT('',(14.999999999398,9.100000001169));
#2666 = ( GEOMETRIC_REPRESENTATION_CONTEXT(2) 
PARAMETRIC_REPRESENTATION_CONTEXT() REPRESENTATION_CONTEXT('2D SPACE',''
  ) );
#2667 = PCURVE('',#1023,#2668);
#2668 = DEFINITIONAL_REPRESENTATION('',(#2669),#2673);
#2669 = LINE('',#2670,#2671);
#2670 = CARTESIAN_POINT('',(0.,-3.));
#2671 = VECTOR('',#2672,1.);
#2672 = DIRECTION('',(1.,0.));
#2673 = ( GEOMETRIC_REPRESENTATION_CONTEXT(2) 
PARAMETRIC_REPRESENTATION_CONTEXT() REPRESENTATION_CONTEXT('2D SPACE',''
  ) );
#2674 = ORIENTED_EDGE('',*,*,#2675,.F.);
#2675 = EDGE_CURVE('',#2676,#2648,#2678,.T.);
#2676 = VERTEX_POINT('',#2677);
#2677 = CARTESIAN_POINT('',(16.099999989112,10.,2.));
#2678 = SURFACE_CURVE('',#2679,(#2683,#2689),.PCURVE_S1.);
#2679 = LINE('',#2680,#2681);
#2680 = CARTESIAN_POINT('',(7.949999999259,10.,2.));
#2681 = VECTOR('',#2682,1.);
#2682 = DIRECTION('',(-1.,0.,0.));
#2683 = PCURVE('',#72,#2684);
#2684 = DEFINITIONAL_REPRESENTATION('',(#2685),#2688);
#2685 = B_SPLINE_CURVE_WITH_KNOTS('',1,(#2686,#2687),.UNSPECIFIED.,.F.,
  .F.,(2,2),(-8.149999989853,-7.949999999699),.PIECEWISE_BEZIER_KNOTS.);
#2686 = CARTESIAN_POINT('',(16.099999989553,10.000000001169));
#2687 = CARTESIAN_POINT('',(15.899999999398,10.000000001169));
#2688 = ( GEOMETRIC_REPRESENTATION_CONTEXT(2) 
PARAMETRIC_REPRESENTATION_CONTEXT() REPRESENTATION_CONTEXT('2D SPACE',''
  ) );
#2689 = PCURVE('',#1050,#2690);
#2690 = DEFINITIONAL_REPRESENTATION('',(#2691),#2694);
#2691 = B_SPLINE_CURVE_WITH_KNOTS('',1,(#2692,#2693),.UNSPECIFIED.,.F.,
  .F.,(2,2),(-8.149999989853,-7.949999999699),.PIECEWISE_BEZIER_KNOTS.);
#2692 = CARTESIAN_POINT('',(0.199999990154,-3.));
#2693 = CARTESIAN_POINT('',(0.,-3.));
#2694 = ( GEOMETRIC_REPRESENTATION_CONTEXT(2) 
PARAMETRIC_REPRESENTATION_CONTEXT() REPRESENTATION_CONTEXT('2D SPACE',''
  ) );
#2695 = ORIENTED_EDGE('',*,*,#2696,.T.);
#2696 = EDGE_CURVE('',#2676,#2697,#2699,.T.);
#2697 = VERTEX_POINT('',#2698);
#2698 = CARTESIAN_POINT('',(16.999999995077,9.1,2.));
#2699 = SURFACE_CURVE('',#2700,(#2705,#2716),.PCURVE_S1.);
#2700 = CIRCLE('',#2701,0.9);
#2701 = AXIS2_PLACEMENT_3D('',#2702,#2703,#2704);
#2702 = CARTESIAN_POINT('',(16.099999989112,9.1,2.));
#2703 = DIRECTION('',(0.,0.,-1.));
#2704 = DIRECTION('',(-1.,0.,0.));
#2705 = PCURVE('',#72,#2706);
#2706 = DEFINITIONAL_REPRESENTATION('',(#2707),#2715);
#2707 = ( BOUNDED_CURVE() B_SPLINE_CURVE(2,(#2708,#2709,#2710,#2711,
#2712,#2713,#2714),.UNSPECIFIED.,.T.,.F.) B_SPLINE_CURVE_WITH_KNOTS((1,2
    ,2,2,2,1),(-2.094395102393,0.,2.094395102393,4.188790204786,
6.28318530718,8.377580409573),.UNSPECIFIED.) CURVE() 
GEOMETRIC_REPRESENTATION_ITEM() RATIONAL_B_SPLINE_CURVE((1.,0.5,1.,0.5,
1.,0.5,1.)) REPRESENTATION_ITEM('') );
#2708 = CARTESIAN_POINT('',(15.199999989553,9.100000001169));
#2709 = CARTESIAN_POINT('',(15.199999989553,10.658845727981));
#2710 = CARTESIAN_POINT('',(16.549999989553,9.879422864575));
#2711 = CARTESIAN_POINT('',(17.899999989553,9.100000001169));
#2712 = CARTESIAN_POINT('',(16.549999989553,8.320577137763));
#2713 = CARTESIAN_POINT('',(15.199999989553,7.541154274357));
#2714 = CARTESIAN_POINT('',(15.199999989553,9.100000001169));
#2715 = ( GEOMETRIC_REPRESENTATION_CONTEXT(2) 
PARAMETRIC_REPRESENTATION_CONTEXT() REPRESENTATION_CONTEXT('2D SPACE',''
  ) );
#2716 = PCURVE('',#1082,#2717);
#2717 = DEFINITIONAL_REPRESENTATION('',(#2718),#2722);
#2718 = LINE('',#2719,#2720);
#2719 = CARTESIAN_POINT('',(0.,-3.));
#2720 = VECTOR('',#2721,1.);
#2721 = DIRECTION('',(1.,0.));
#2722 = ( GEOMETRIC_REPRESENTATION_CONTEXT(2) 
PARAMETRIC_REPRESENTATION_CONTEXT() REPRESENTATION_CONTEXT('2D SPACE',''
  ) );
#2723 = ORIENTED_EDGE('',*,*,#2724,.T.);
#2724 = EDGE_CURVE('',#2697,#2725,#2727,.T.);
#2725 = VERTEX_POINT('',#2726);
#2726 = CARTESIAN_POINT('',(16.999999995077,0.9,2.));
#2727 = SURFACE_CURVE('',#2728,(#2732,#2738),.PCURVE_S1.);
#2728 = LINE('',#2729,#2730);
#2729 = CARTESIAN_POINT('',(17.000000001042,0.449999999416,2.));
#2730 = VECTOR('',#2731,1.);
#2731 = DIRECTION('',(0.,-1.,0.));
#2732 = PCURVE('',#72,#2733);
#2733 = DEFINITIONAL_REPRESENTATION('',(#2734),#2737);
#2734 = B_SPLINE_CURVE_WITH_KNOTS('',1,(#2735,#2736),.UNSPECIFIED.,.F.,
  .F.,(2,2),(-8.650000000584,-0.450000000584),.PIECEWISE_BEZIER_KNOTS.);
#2735 = CARTESIAN_POINT('',(17.000000001482,9.100000001169));
#2736 = CARTESIAN_POINT('',(17.000000001482,0.900000001169));
#2737 = ( GEOMETRIC_REPRESENTATION_CONTEXT(2) 
PARAMETRIC_REPRESENTATION_CONTEXT() REPRESENTATION_CONTEXT('2D SPACE',''
  ) );
#2738 = PCURVE('',#1109,#2739);
#2739 = DEFINITIONAL_REPRESENTATION('',(#2740),#2743);
#2740 = B_SPLINE_CURVE_WITH_KNOTS('',1,(#2741,#2742),.UNSPECIFIED.,.F.,
  .F.,(2,2),(-8.650000000584,-0.450000000584),.PIECEWISE_BEZIER_KNOTS.);
#2741 = CARTESIAN_POINT('',(8.2,-3.));
#2742 = CARTESIAN_POINT('',(0.,-3.));
#2743 = ( GEOMETRIC_REPRESENTATION_CONTEXT(2) 
PARAMETRIC_REPRESENTATION_CONTEXT() REPRESENTATION_CONTEXT('2D SPACE',''
  ) );
#2744 = ORIENTED_EDGE('',*,*,#2745,.T.);
#2745 = EDGE_CURVE('',#2725,#2746,#2748,.T.);
#2746 = VERTEX_POINT('',#2747);
#2747 = CARTESIAN_POINT('',(16.099999989112,0.,2.));
#2748 = SURFACE_CURVE('',#2749,(#2754,#2765),.PCURVE_S1.);
#2749 = CIRCLE('',#2750,0.9);
#2750 = AXIS2_PLACEMENT_3D('',#2751,#2752,#2753);
#2751 = CARTESIAN_POINT('',(16.099999989112,0.9,2.));
#2752 = DIRECTION('',(0.,0.,-1.));
#2753 = DIRECTION('',(-1.,0.,0.));
#2754 = PCURVE('',#72,#2755);
#2755 = DEFINITIONAL_REPRESENTATION('',(#2756),#2764);
#2756 = ( BOUNDED_CURVE() B_SPLINE_CURVE(2,(#2757,#2758,#2759,#2760,
#2761,#2762,#2763),.UNSPECIFIED.,.T.,.F.) B_SPLINE_CURVE_WITH_KNOTS((1,2
    ,2,2,2,1),(-2.094395102393,0.,2.094395102393,4.188790204786,
6.28318530718,8.377580409573),.UNSPECIFIED.) CURVE() 
GEOMETRIC_REPRESENTATION_ITEM() RATIONAL_B_SPLINE_CURVE((1.,0.5,1.,0.5,
1.,0.5,1.)) REPRESENTATION_ITEM('') );
#2757 = CARTESIAN_POINT('',(15.199999989553,0.900000001169));
#2758 = CARTESIAN_POINT('',(15.199999989553,2.458845727981));
#2759 = CARTESIAN_POINT('',(16.549999989553,1.679422864575));
#2760 = CARTESIAN_POINT('',(17.899999989553,0.900000001169));
#2761 = CARTESIAN_POINT('',(16.549999989553,0.120577137763));
#2762 = CARTESIAN_POINT('',(15.199999989553,-0.658845725643));
#2763 = CARTESIAN_POINT('',(15.199999989553,0.900000001169));
#2764 = ( GEOMETRIC_REPRESENTATION_CONTEXT(2) 
PARAMETRIC_REPRESENTATION_CONTEXT() REPRESENTATION_CONTEXT('2D SPACE',''
  ) );
#2765 = PCURVE('',#1141,#2766);
#2766 = DEFINITIONAL_REPRESENTATION('',(#2767),#2771);
#2767 = LINE('',#2768,#2769);
#2768 = CARTESIAN_POINT('',(0.,-3.));
#2769 = VECTOR('',#2770,1.);
#2770 = DIRECTION('',(1.,0.));
#2771 = ( GEOMETRIC_REPRESENTATION_CONTEXT(2) 
PARAMETRIC_REPRESENTATION_CONTEXT() REPRESENTATION_CONTEXT('2D SPACE',''
  ) );
#2772 = ORIENTED_EDGE('',*,*,#2773,.T.);
#2773 = EDGE_CURVE('',#2746,#2774,#2776,.T.);
#2774 = VERTEX_POINT('',#2775);
#2775 = CARTESIAN_POINT('',(15.899999998958,0.,2.));
#2776 = SURFACE_CURVE('',#2777,(#2781,#2787),.PCURVE_S1.);
#2777 = LINE('',#2778,#2779);
#2778 = CARTESIAN_POINT('',(7.949999999259,0.,2.));
#2779 = VECTOR('',#2780,1.);
#2780 = DIRECTION('',(-1.,0.,0.));
#2781 = PCURVE('',#72,#2782);
#2782 = DEFINITIONAL_REPRESENTATION('',(#2783),#2786);
#2783 = B_SPLINE_CURVE_WITH_KNOTS('',1,(#2784,#2785),.UNSPECIFIED.,.F.,
  .F.,(2,2),(-8.149999989853,-7.949999999699),.PIECEWISE_BEZIER_KNOTS.);
#2784 = CARTESIAN_POINT('',(16.099999989553,1.168974250944E-09));
#2785 = CARTESIAN_POINT('',(15.899999999398,1.168974250944E-09));
#2786 = ( GEOMETRIC_REPRESENTATION_CONTEXT(2) 
PARAMETRIC_REPRESENTATION_CONTEXT() REPRESENTATION_CONTEXT('2D SPACE',''
  ) );
#2787 = PCURVE('',#1168,#2788);
#2788 = DEFINITIONAL_REPRESENTATION('',(#2789),#2792);
#2789 = B_SPLINE_CURVE_WITH_KNOTS('',1,(#2790,#2791),.UNSPECIFIED.,.F.,
  .F.,(2,2),(-8.149999989853,-7.949999999699),.PIECEWISE_BEZIER_KNOTS.);
#2790 = CARTESIAN_POINT('',(0.199999990154,-3.));
#2791 = CARTESIAN_POINT('',(0.,-3.));
#2792 = ( GEOMETRIC_REPRESENTATION_CONTEXT(2) 
PARAMETRIC_REPRESENTATION_CONTEXT() REPRESENTATION_CONTEXT('2D SPACE',''
  ) );
#2793 = ORIENTED_EDGE('',*,*,#2794,.T.);
#2794 = EDGE_CURVE('',#2774,#2627,#2795,.T.);
#2795 = SURFACE_CURVE('',#2796,(#2801,#2812),.PCURVE_S1.);
#2796 = CIRCLE('',#2797,0.9);
#2797 = AXIS2_PLACEMENT_3D('',#2798,#2799,#2800);
#2798 = CARTESIAN_POINT('',(15.899999998958,0.9,2.));
#2799 = DIRECTION('',(0.,0.,-1.));
#2800 = DIRECTION('',(-1.,0.,0.));
#2801 = PCURVE('',#72,#2802);
#2802 = DEFINITIONAL_REPRESENTATION('',(#2803),#2811);
#2803 = ( BOUNDED_CURVE() B_SPLINE_CURVE(2,(#2804,#2805,#2806,#2807,
#2808,#2809,#2810),.UNSPECIFIED.,.T.,.F.) B_SPLINE_CURVE_WITH_KNOTS((1,2
    ,2,2,2,1),(-2.094395102393,0.,2.094395102393,4.188790204786,
6.28318530718,8.377580409573),.UNSPECIFIED.) CURVE() 
GEOMETRIC_REPRESENTATION_ITEM() RATIONAL_B_SPLINE_CURVE((1.,0.5,1.,0.5,
1.,0.5,1.)) REPRESENTATION_ITEM('') );
#2804 = CARTESIAN_POINT('',(14.999999999398,0.900000001169));
#2805 = CARTESIAN_POINT('',(14.999999999398,2.458845727981));
#2806 = CARTESIAN_POINT('',(16.349999999398,1.679422864575));
#2807 = CARTESIAN_POINT('',(17.699999999398,0.900000001169));
#2808 = CARTESIAN_POINT('',(16.349999999398,0.120577137763));
#2809 = CARTESIAN_POINT('',(14.999999999398,-0.658845725643));
#2810 = CARTESIAN_POINT('',(14.999999999398,0.900000001169));
#2811 = ( GEOMETRIC_REPRESENTATION_CONTEXT(2) 
PARAMETRIC_REPRESENTATION_CONTEXT() REPRESENTATION_CONTEXT('2D SPACE',''
  ) );
#2812 = PCURVE('',#1198,#2813);
#2813 = DEFINITIONAL_REPRESENTATION('',(#2814),#2818);
#2814 = LINE('',#2815,#2816);
#2815 = CARTESIAN_POINT('',(0.,-3.));
#2816 = VECTOR('',#2817,1.);
#2817 = DIRECTION('',(1.,0.));
#2818 = ( GEOMETRIC_REPRESENTATION_CONTEXT(2) 
PARAMETRIC_REPRESENTATION_CONTEXT() REPRESENTATION_CONTEXT('2D SPACE',''
  ) );
#2819 = FACE_BOUND('',#2820,.T.);
#2820 = EDGE_LOOP('',(#2821,#2849,#2875,#2901));
#2821 = ORIENTED_EDGE('',*,*,#2822,.T.);
#2822 = EDGE_CURVE('',#2823,#2825,#2827,.T.);
#2823 = VERTEX_POINT('',#2824);
#2824 = CARTESIAN_POINT('',(5.5,21.,2.));
#2825 = VERTEX_POINT('',#2826);
#2826 = CARTESIAN_POINT('',(4.1,21.,2.));
#2827 = SURFACE_CURVE('',#2828,(#2832,#2838),.PCURVE_S1.);
#2828 = LINE('',#2829,#2830);
#2829 = CARTESIAN_POINT('',(2.04999999978,21.,2.));
#2830 = VECTOR('',#2831,1.);
#2831 = DIRECTION('',(-1.,-0.,0.));
#2832 = PCURVE('',#72,#2833);
#2833 = DEFINITIONAL_REPRESENTATION('',(#2834),#2837);
#2834 = B_SPLINE_CURVE_WITH_KNOTS('',1,(#2835,#2836),.UNSPECIFIED.,.F.,
  .F.,(2,2),(-3.45000000022,-2.05000000022),.PIECEWISE_BEZIER_KNOTS.);
#2835 = CARTESIAN_POINT('',(5.50000000044,21.000000001169));
#2836 = CARTESIAN_POINT('',(4.10000000044,21.000000001169));
#2837 = ( GEOMETRIC_REPRESENTATION_CONTEXT(2) 
PARAMETRIC_REPRESENTATION_CONTEXT() REPRESENTATION_CONTEXT('2D SPACE',''
  ) );
#2838 = PCURVE('',#2839,#2844);
#2839 = PLANE('',#2840);
#2840 = AXIS2_PLACEMENT_3D('',#2841,#2842,#2843);
#2841 = CARTESIAN_POINT('',(4.1,21.,1.8));
#2842 = DIRECTION('',(-0.,1.,0.));
#2843 = DIRECTION('',(0.,0.,1.));
#2844 = DEFINITIONAL_REPRESENTATION('',(#2845),#2848);
#2845 = B_SPLINE_CURVE_WITH_KNOTS('',1,(#2846,#2847),.UNSPECIFIED.,.F.,
  .F.,(2,2),(-3.45000000022,-2.05000000022),.PIECEWISE_BEZIER_KNOTS.);
#2846 = CARTESIAN_POINT('',(0.2,1.4));
#2847 = CARTESIAN_POINT('',(0.2,0.));
#2848 = ( GEOMETRIC_REPRESENTATION_CONTEXT(2) 
PARAMETRIC_REPRESENTATION_CONTEXT() REPRESENTATION_CONTEXT('2D SPACE',''
  ) );
#2849 = ORIENTED_EDGE('',*,*,#2850,.T.);
#2850 = EDGE_CURVE('',#2825,#2851,#2853,.T.);
#2851 = VERTEX_POINT('',#2852);
#2852 = CARTESIAN_POINT('',(4.1,22.1,2.));
#2853 = SURFACE_CURVE('',#2854,(#2858,#2864),.PCURVE_S1.);
#2854 = LINE('',#2855,#2856);
#2855 = CARTESIAN_POINT('',(4.1,10.499999999416,2.));
#2856 = VECTOR('',#2857,1.);
#2857 = DIRECTION('',(-0.,1.,0.));
#2858 = PCURVE('',#72,#2859);
#2859 = DEFINITIONAL_REPRESENTATION('',(#2860),#2863);
#2860 = B_SPLINE_CURVE_WITH_KNOTS('',1,(#2861,#2862),.UNSPECIFIED.,.F.,
  .F.,(2,2),(10.500000000584,11.600000000584),.PIECEWISE_BEZIER_KNOTS.);
#2861 = CARTESIAN_POINT('',(4.10000000044,21.000000001169));
#2862 = CARTESIAN_POINT('',(4.10000000044,22.100000001169));
#2863 = ( GEOMETRIC_REPRESENTATION_CONTEXT(2) 
PARAMETRIC_REPRESENTATION_CONTEXT() REPRESENTATION_CONTEXT('2D SPACE',''
  ) );
#2864 = PCURVE('',#2865,#2870);
#2865 = PLANE('',#2866);
#2866 = AXIS2_PLACEMENT_3D('',#2867,#2868,#2869);
#2867 = CARTESIAN_POINT('',(4.1,21.,1.8));
#2868 = DIRECTION('',(1.,0.,-0.));
#2869 = DIRECTION('',(0.,0.,1.));
#2870 = DEFINITIONAL_REPRESENTATION('',(#2871),#2874);
#2871 = B_SPLINE_CURVE_WITH_KNOTS('',1,(#2872,#2873),.UNSPECIFIED.,.F.,
  .F.,(2,2),(10.500000000584,11.600000000584),.PIECEWISE_BEZIER_KNOTS.);
#2872 = CARTESIAN_POINT('',(0.2,0.));
#2873 = CARTESIAN_POINT('',(0.2,-1.1));
#2874 = ( GEOMETRIC_REPRESENTATION_CONTEXT(2) 
PARAMETRIC_REPRESENTATION_CONTEXT() REPRESENTATION_CONTEXT('2D SPACE',''
  ) );
#2875 = ORIENTED_EDGE('',*,*,#2876,.F.);
#2876 = EDGE_CURVE('',#2877,#2851,#2879,.T.);
#2877 = VERTEX_POINT('',#2878);
#2878 = CARTESIAN_POINT('',(5.5,22.1,2.));
#2879 = SURFACE_CURVE('',#2880,(#2884,#2890),.PCURVE_S1.);
#2880 = LINE('',#2881,#2882);
#2881 = CARTESIAN_POINT('',(2.04999999978,22.1,2.));
#2882 = VECTOR('',#2883,1.);
#2883 = DIRECTION('',(-1.,-0.,0.));
#2884 = PCURVE('',#72,#2885);
#2885 = DEFINITIONAL_REPRESENTATION('',(#2886),#2889);
#2886 = B_SPLINE_CURVE_WITH_KNOTS('',1,(#2887,#2888),.UNSPECIFIED.,.F.,
  .F.,(2,2),(-3.45000000022,-2.05000000022),.PIECEWISE_BEZIER_KNOTS.);
#2887 = CARTESIAN_POINT('',(5.50000000044,22.100000001169));
#2888 = CARTESIAN_POINT('',(4.10000000044,22.100000001169));
#2889 = ( GEOMETRIC_REPRESENTATION_CONTEXT(2) 
PARAMETRIC_REPRESENTATION_CONTEXT() REPRESENTATION_CONTEXT('2D SPACE',''
  ) );
#2890 = PCURVE('',#2891,#2896);
#2891 = PLANE('',#2892);
#2892 = AXIS2_PLACEMENT_3D('',#2893,#2894,#2895);
#2893 = CARTESIAN_POINT('',(4.1,22.1,1.8));
#2894 = DIRECTION('',(-0.,1.,0.));
#2895 = DIRECTION('',(0.,0.,1.));
#2896 = DEFINITIONAL_REPRESENTATION('',(#2897),#2900);
#2897 = B_SPLINE_CURVE_WITH_KNOTS('',1,(#2898,#2899),.UNSPECIFIED.,.F.,
  .F.,(2,2),(-3.45000000022,-2.05000000022),.PIECEWISE_BEZIER_KNOTS.);
#2898 = CARTESIAN_POINT('',(0.2,1.4));
#2899 = CARTESIAN_POINT('',(0.2,0.));
#2900 = ( GEOMETRIC_REPRESENTATION_CONTEXT(2) 
PARAMETRIC_REPRESENTATION_CONTEXT() REPRESENTATION_CONTEXT('2D SPACE',''
  ) );
#2901 = ORIENTED_EDGE('',*,*,#2902,.F.);
#2902 = EDGE_CURVE('',#2823,#2877,#2903,.T.);
#2903 = SURFACE_CURVE('',#2904,(#2908,#2914),.PCURVE_S1.);
#2904 = LINE('',#2905,#2906);
#2905 = CARTESIAN_POINT('',(5.5,10.499999999416,2.));
#2906 = VECTOR('',#2907,1.);
#2907 = DIRECTION('',(-0.,1.,0.));
#2908 = PCURVE('',#72,#2909);
#2909 = DEFINITIONAL_REPRESENTATION('',(#2910),#2913);
#2910 = B_SPLINE_CURVE_WITH_KNOTS('',1,(#2911,#2912),.UNSPECIFIED.,.F.,
  .F.,(2,2),(10.500000000584,11.600000000584),.PIECEWISE_BEZIER_KNOTS.);
#2911 = CARTESIAN_POINT('',(5.50000000044,21.000000001169));
#2912 = CARTESIAN_POINT('',(5.50000000044,22.100000001169));
#2913 = ( GEOMETRIC_REPRESENTATION_CONTEXT(2) 
PARAMETRIC_REPRESENTATION_CONTEXT() REPRESENTATION_CONTEXT('2D SPACE',''
  ) );
#2914 = PCURVE('',#2915,#2920);
#2915 = PLANE('',#2916);
#2916 = AXIS2_PLACEMENT_3D('',#2917,#2918,#2919);
#2917 = CARTESIAN_POINT('',(5.5,21.,1.8));
#2918 = DIRECTION('',(1.,0.,-0.));
#2919 = DIRECTION('',(0.,0.,1.));
#2920 = DEFINITIONAL_REPRESENTATION('',(#2921),#2924);
#2921 = B_SPLINE_CURVE_WITH_KNOTS('',1,(#2922,#2923),.UNSPECIFIED.,.F.,
  .F.,(2,2),(10.500000000584,11.600000000584),.PIECEWISE_BEZIER_KNOTS.);
#2922 = CARTESIAN_POINT('',(0.2,0.));
#2923 = CARTESIAN_POINT('',(0.2,-1.1));
#2924 = ( GEOMETRIC_REPRESENTATION_CONTEXT(2) 
PARAMETRIC_REPRESENTATION_CONTEXT() REPRESENTATION_CONTEXT('2D SPACE',''
  ) );
#2925 = ADVANCED_FACE('',(#2926),#186,.F.);
#2926 = FACE_BOUND('',#2927,.F.);
#2927 = EDGE_LOOP('',(#2928,#2929,#2930,#2931));
#2928 = ORIENTED_EDGE('',*,*,#303,.F.);
#2929 = ORIENTED_EDGE('',*,*,#170,.T.);
#2930 = ORIENTED_EDGE('',*,*,#1215,.T.);
#2931 = ORIENTED_EDGE('',*,*,#2932,.F.);
#2932 = EDGE_CURVE('',#304,#1216,#2933,.T.);
#2933 = SURFACE_CURVE('',#2934,(#2938,#2945),.PCURVE_S1.);
#2934 = LINE('',#2935,#2936);
#2935 = CARTESIAN_POINT('',(-6.,-23.,-1.));
#2936 = VECTOR('',#2937,1.);
#2937 = DIRECTION('',(0.,0.,1.));
#2938 = PCURVE('',#186,#2939);
#2939 = DEFINITIONAL_REPRESENTATION('',(#2940),#2944);
#2940 = LINE('',#2941,#2942);
#2941 = CARTESIAN_POINT('',(1.,1.));
#2942 = VECTOR('',#2943,1.);
#2943 = DIRECTION('',(0.,-1.));
#2944 = ( GEOMETRIC_REPRESENTATION_CONTEXT(2) 
PARAMETRIC_REPRESENTATION_CONTEXT() REPRESENTATION_CONTEXT('2D SPACE',''
  ) );
#2945 = PCURVE('',#347,#2946);
#2946 = DEFINITIONAL_REPRESENTATION('',(#2947),#2951);
#2947 = LINE('',#2948,#2949);
#2948 = CARTESIAN_POINT('',(4.712388980385,0.));
#2949 = VECTOR('',#2950,1.);
#2950 = DIRECTION('',(0.,-1.));
#2951 = ( GEOMETRIC_REPRESENTATION_CONTEXT(2) 
PARAMETRIC_REPRESENTATION_CONTEXT() REPRESENTATION_CONTEXT('2D SPACE',''
  ) );
#2952 = ADVANCED_FACE('',(#2953),#241,.T.);
#2953 = FACE_BOUND('',#2954,.T.);
#2954 = EDGE_LOOP('',(#2955,#2956,#2957,#2978));
#2955 = ORIENTED_EDGE('',*,*,#223,.T.);
#2956 = ORIENTED_EDGE('',*,*,#1744,.T.);
#2957 = ORIENTED_EDGE('',*,*,#2958,.F.);
#2958 = EDGE_CURVE('',#622,#1721,#2959,.T.);
#2959 = SURFACE_CURVE('',#2960,(#2964,#2971),.PCURVE_S1.);
#2960 = LINE('',#2961,#2962);
#2961 = CARTESIAN_POINT('',(7.,22.99999999821,0.));
#2962 = VECTOR('',#2963,1.);
#2963 = DIRECTION('',(0.,0.,1.));
#2964 = PCURVE('',#241,#2965);
#2965 = DEFINITIONAL_REPRESENTATION('',(#2966),#2970);
#2966 = LINE('',#2967,#2968);
#2967 = CARTESIAN_POINT('',(14.,0.));
#2968 = VECTOR('',#2969,1.);
#2969 = DIRECTION('',(0.,-1.));
#2970 = ( GEOMETRIC_REPRESENTATION_CONTEXT(2) 
PARAMETRIC_REPRESENTATION_CONTEXT() REPRESENTATION_CONTEXT('2D SPACE',''
  ) );
#2971 = PCURVE('',#638,#2972);
#2972 = DEFINITIONAL_REPRESENTATION('',(#2973),#2977);
#2973 = LINE('',#2974,#2975);
#2974 = CARTESIAN_POINT('',(-1.570796326795,0.));
#2975 = VECTOR('',#2976,1.);
#2976 = DIRECTION('',(-0.,-1.));
#2977 = ( GEOMETRIC_REPRESENTATION_CONTEXT(2) 
PARAMETRIC_REPRESENTATION_CONTEXT() REPRESENTATION_CONTEXT('2D SPACE',''
  ) );
#2978 = ORIENTED_EDGE('',*,*,#650,.F.);
#2979 = ADVANCED_FACE('',(#2980),#347,.F.);
#2980 = FACE_BOUND('',#2981,.F.);
#2981 = EDGE_LOOP('',(#2982,#2983,#2984,#2985));
#2982 = ORIENTED_EDGE('',*,*,#326,.F.);
#2983 = ORIENTED_EDGE('',*,*,#2932,.T.);
#2984 = ORIENTED_EDGE('',*,*,#1238,.T.);
#2985 = ORIENTED_EDGE('',*,*,#2986,.F.);
#2986 = EDGE_CURVE('',#327,#1239,#2987,.T.);
#2987 = SURFACE_CURVE('',#2988,(#2992,#2999),.PCURVE_S1.);
#2988 = LINE('',#2989,#2990);
#2989 = CARTESIAN_POINT('',(-8.,-21.,-1.));
#2990 = VECTOR('',#2991,1.);
#2991 = DIRECTION('',(0.,0.,1.));
#2992 = PCURVE('',#347,#2993);
#2993 = DEFINITIONAL_REPRESENTATION('',(#2994),#2998);
#2994 = LINE('',#2995,#2996);
#2995 = CARTESIAN_POINT('',(6.28318530718,0.));
#2996 = VECTOR('',#2997,1.);
#2997 = DIRECTION('',(0.,-1.));
#2998 = ( GEOMETRIC_REPRESENTATION_CONTEXT(2) 
PARAMETRIC_REPRESENTATION_CONTEXT() REPRESENTATION_CONTEXT('2D SPACE',''
  ) );
#2999 = PCURVE('',#374,#3000);
#3000 = DEFINITIONAL_REPRESENTATION('',(#3001),#3005);
#3001 = LINE('',#3002,#3003);
#3002 = CARTESIAN_POINT('',(0.,0.));
#3003 = VECTOR('',#3004,1.);
#3004 = DIRECTION('',(0.,-1.));
#3005 = ( GEOMETRIC_REPRESENTATION_CONTEXT(2) 
PARAMETRIC_REPRESENTATION_CONTEXT() REPRESENTATION_CONTEXT('2D SPACE',''
  ) );
#3006 = ADVANCED_FACE('',(#3007),#638,.T.);
#3007 = FACE_BOUND('',#3008,.F.);
#3008 = EDGE_LOOP('',(#3009,#3030,#3031,#3032));
#3009 = ORIENTED_EDGE('',*,*,#3010,.T.);
#3010 = EDGE_CURVE('',#594,#1698,#3011,.T.);
#3011 = SURFACE_CURVE('',#3012,(#3016,#3023),.PCURVE_S1.);
#3012 = LINE('',#3013,#3014);
#3013 = CARTESIAN_POINT('',(24.,5.99999999642,0.));
#3014 = VECTOR('',#3015,1.);
#3015 = DIRECTION('',(0.,0.,1.));
#3016 = PCURVE('',#638,#3017);
#3017 = DEFINITIONAL_REPRESENTATION('',(#3018),#3022);
#3018 = LINE('',#3019,#3020);
#3019 = CARTESIAN_POINT('',(-0.,0.));
#3020 = VECTOR('',#3021,1.);
#3021 = DIRECTION('',(-0.,-1.));
#3022 = ( GEOMETRIC_REPRESENTATION_CONTEXT(2) 
PARAMETRIC_REPRESENTATION_CONTEXT() REPRESENTATION_CONTEXT('2D SPACE',''
  ) );
#3023 = PCURVE('',#609,#3024);
#3024 = DEFINITIONAL_REPRESENTATION('',(#3025),#3029);
#3025 = LINE('',#3026,#3027);
#3026 = CARTESIAN_POINT('',(11.99999999642,0.));
#3027 = VECTOR('',#3028,1.);
#3028 = DIRECTION('',(0.,-1.));
#3029 = ( GEOMETRIC_REPRESENTATION_CONTEXT(2) 
PARAMETRIC_REPRESENTATION_CONTEXT() REPRESENTATION_CONTEXT('2D SPACE',''
  ) );
#3030 = ORIENTED_EDGE('',*,*,#1720,.T.);
#3031 = ORIENTED_EDGE('',*,*,#2958,.F.);
#3032 = ORIENTED_EDGE('',*,*,#621,.F.);
#3033 = ADVANCED_FACE('',(#3034),#374,.F.);
#3034 = FACE_BOUND('',#3035,.F.);
#3035 = EDGE_LOOP('',(#3036,#3037,#3038,#3039,#3060,#3086,#3105,#3106));
#3036 = ORIENTED_EDGE('',*,*,#359,.T.);
#3037 = ORIENTED_EDGE('',*,*,#2986,.T.);
#3038 = ORIENTED_EDGE('',*,*,#1266,.F.);
#3039 = ORIENTED_EDGE('',*,*,#3040,.F.);
#3040 = EDGE_CURVE('',#3041,#1267,#3043,.T.);
#3041 = VERTEX_POINT('',#3042);
#3042 = CARTESIAN_POINT('',(-8.,-20.66594695203,4.5));
#3043 = SURFACE_CURVE('',#3044,(#3048,#3054),.PCURVE_S1.);
#3044 = LINE('',#3045,#3046);
#3045 = CARTESIAN_POINT('',(-8.,-20.66594695203,2.));
#3046 = VECTOR('',#3047,1.);
#3047 = DIRECTION('',(0.,0.,-1.));
#3048 = PCURVE('',#374,#3049);
#3049 = DEFINITIONAL_REPRESENTATION('',(#3050),#3053);
#3050 = B_SPLINE_CURVE_WITH_KNOTS('',1,(#3051,#3052),.UNSPECIFIED.,.F.,
  .F.,(2,2),(-2.5000006,5.999999999062E-07),.PIECEWISE_BEZIER_KNOTS.);
#3051 = CARTESIAN_POINT('',(0.334053047962,-5.5000006));
#3052 = CARTESIAN_POINT('',(0.334053047962,-2.9999994));
#3053 = ( GEOMETRIC_REPRESENTATION_CONTEXT(2) 
PARAMETRIC_REPRESENTATION_CONTEXT() REPRESENTATION_CONTEXT('2D SPACE',''
  ) );
#3054 = PCURVE('',#1309,#3055);
#3055 = DEFINITIONAL_REPRESENTATION('',(#3056),#3059);
#3056 = B_SPLINE_CURVE_WITH_KNOTS('',1,(#3057,#3058),.UNSPECIFIED.,.F.,
  .F.,(2,2),(-2.5000006,5.999999999062E-07),.PIECEWISE_BEZIER_KNOTS.);
#3057 = CARTESIAN_POINT('',(4.780468769104,-2.5000006));
#3058 = CARTESIAN_POINT('',(4.780468769104,5.999999999062E-07));
#3059 = ( GEOMETRIC_REPRESENTATION_CONTEXT(2) 
PARAMETRIC_REPRESENTATION_CONTEXT() REPRESENTATION_CONTEXT('2D SPACE',''
  ) );
#3060 = ORIENTED_EDGE('',*,*,#3061,.F.);
#3061 = EDGE_CURVE('',#3062,#3041,#3064,.T.);
#3062 = VERTEX_POINT('',#3063);
#3063 = CARTESIAN_POINT('',(-8.,-19.16206670701,4.5));
#3064 = SURFACE_CURVE('',#3065,(#3069,#3075),.PCURVE_S1.);
#3065 = LINE('',#3066,#3067);
#3066 = CARTESIAN_POINT('',(-8.,-10.49999999848,4.5));
#3067 = VECTOR('',#3068,1.);
#3068 = DIRECTION('',(0.,-1.,0.));
#3069 = PCURVE('',#374,#3070);
#3070 = DEFINITIONAL_REPRESENTATION('',(#3071),#3074);
#3071 = B_SPLINE_CURVE_WITH_KNOTS('',1,(#3072,#3073),.UNSPECIFIED.,.F.,
  .F.,(2,2),(0.500000052651,10.200000001512),.PIECEWISE_BEZIER_KNOTS.);
#3072 = CARTESIAN_POINT('',(9.999999948861,-5.5));
#3073 = CARTESIAN_POINT('',(0.3,-5.5));
#3074 = ( GEOMETRIC_REPRESENTATION_CONTEXT(2) 
PARAMETRIC_REPRESENTATION_CONTEXT() REPRESENTATION_CONTEXT('2D SPACE',''
  ) );
#3075 = PCURVE('',#3076,#3081);
#3076 = PLANE('',#3077);
#3077 = AXIS2_PLACEMENT_3D('',#3078,#3079,#3080);
#3078 = CARTESIAN_POINT('',(-5.387864022234E-09,3.023584858773E-09,4.5)
  );
#3079 = DIRECTION('',(0.,0.,1.));
#3080 = DIRECTION('',(1.,0.,-0.));
#3081 = DEFINITIONAL_REPRESENTATION('',(#3082),#3085);
#3082 = B_SPLINE_CURVE_WITH_KNOTS('',1,(#3083,#3084),.UNSPECIFIED.,.F.,
  .F.,(2,2),(0.500000052651,10.200000001512),.PIECEWISE_BEZIER_KNOTS.);
#3083 = CARTESIAN_POINT('',(-7.999999994612,-11.00000005416));
#3084 = CARTESIAN_POINT('',(-7.999999994612,-20.70000000302));
#3085 = ( GEOMETRIC_REPRESENTATION_CONTEXT(2) 
PARAMETRIC_REPRESENTATION_CONTEXT() REPRESENTATION_CONTEXT('2D SPACE',''
  ) );
#3086 = ORIENTED_EDGE('',*,*,#3087,.T.);
#3087 = EDGE_CURVE('',#3062,#1351,#3088,.T.);
#3088 = SURFACE_CURVE('',#3089,(#3093,#3099),.PCURVE_S1.);
#3089 = LINE('',#3090,#3091);
#3090 = CARTESIAN_POINT('',(-8.,-19.16206670701,2.));
#3091 = VECTOR('',#3092,1.);
#3092 = DIRECTION('',(0.,0.,-1.));
#3093 = PCURVE('',#374,#3094);
#3094 = DEFINITIONAL_REPRESENTATION('',(#3095),#3098);
#3095 = B_SPLINE_CURVE_WITH_KNOTS('',1,(#3096,#3097),.UNSPECIFIED.,.F.,
  .F.,(2,2),(-2.5000006,5.999999999062E-07),.PIECEWISE_BEZIER_KNOTS.);
#3096 = CARTESIAN_POINT('',(1.837933292982,-5.5000006));
#3097 = CARTESIAN_POINT('',(1.837933292982,-2.9999994));
#3098 = ( GEOMETRIC_REPRESENTATION_CONTEXT(2) 
PARAMETRIC_REPRESENTATION_CONTEXT() REPRESENTATION_CONTEXT('2D SPACE',''
  ) );
#3099 = PCURVE('',#1371,#3100);
#3100 = DEFINITIONAL_REPRESENTATION('',(#3101),#3104);
#3101 = B_SPLINE_CURVE_WITH_KNOTS('',1,(#3102,#3103),.UNSPECIFIED.,.F.,
  .F.,(2,2),(-2.5000006,5.999999999062E-07),.PIECEWISE_BEZIER_KNOTS.);
#3102 = CARTESIAN_POINT('',(4.788219208711,-2.5000006));
#3103 = CARTESIAN_POINT('',(4.788219208711,5.999999999062E-07));
#3104 = ( GEOMETRIC_REPRESENTATION_CONTEXT(2) 
PARAMETRIC_REPRESENTATION_CONTEXT() REPRESENTATION_CONTEXT('2D SPACE',''
  ) );
#3105 = ORIENTED_EDGE('',*,*,#1383,.F.);
#3106 = ORIENTED_EDGE('',*,*,#3107,.F.);
#3107 = EDGE_CURVE('',#360,#1384,#3108,.T.);
#3108 = SURFACE_CURVE('',#3109,(#3113,#3120),.PCURVE_S1.);
#3109 = LINE('',#3110,#3111);
#3110 = CARTESIAN_POINT('',(-8.,-11.00000005113,-1.));
#3111 = VECTOR('',#3112,1.);
#3112 = DIRECTION('',(0.,0.,1.));
#3113 = PCURVE('',#374,#3114);
#3114 = DEFINITIONAL_REPRESENTATION('',(#3115),#3119);
#3115 = LINE('',#3116,#3117);
#3116 = CARTESIAN_POINT('',(9.999999948861,0.));
#3117 = VECTOR('',#3118,1.);
#3118 = DIRECTION('',(0.,-1.));
#3119 = ( GEOMETRIC_REPRESENTATION_CONTEXT(2) 
PARAMETRIC_REPRESENTATION_CONTEXT() REPRESENTATION_CONTEXT('2D SPACE',''
  ) );
#3120 = PCURVE('',#406,#3121);
#3121 = DEFINITIONAL_REPRESENTATION('',(#3122),#3126);
#3122 = LINE('',#3123,#3124);
#3123 = CARTESIAN_POINT('',(0.,0.));
#3124 = VECTOR('',#3125,1.);
#3125 = DIRECTION('',(0.,-1.));
#3126 = ( GEOMETRIC_REPRESENTATION_CONTEXT(2) 
PARAMETRIC_REPRESENTATION_CONTEXT() REPRESENTATION_CONTEXT('2D SPACE',''
  ) );
#3127 = ADVANCED_FACE('',(#3128),#609,.F.);
#3128 = FACE_BOUND('',#3129,.F.);
#3129 = EDGE_LOOP('',(#3130,#3151,#3152,#3153));
#3130 = ORIENTED_EDGE('',*,*,#3131,.T.);
#3131 = EDGE_CURVE('',#565,#1674,#3132,.T.);
#3132 = SURFACE_CURVE('',#3133,(#3137,#3144),.PCURVE_S1.);
#3133 = LINE('',#3134,#3135);
#3134 = CARTESIAN_POINT('',(23.999999998961,-6.,0.));
#3135 = VECTOR('',#3136,1.);
#3136 = DIRECTION('',(0.,0.,1.));
#3137 = PCURVE('',#609,#3138);
#3138 = DEFINITIONAL_REPRESENTATION('',(#3139),#3143);
#3139 = LINE('',#3140,#3141);
#3140 = CARTESIAN_POINT('',(0.,0.));
#3141 = VECTOR('',#3142,1.);
#3142 = DIRECTION('',(0.,-1.));
#3143 = ( GEOMETRIC_REPRESENTATION_CONTEXT(2) 
PARAMETRIC_REPRESENTATION_CONTEXT() REPRESENTATION_CONTEXT('2D SPACE',''
  ) );
#3144 = PCURVE('',#581,#3145);
#3145 = DEFINITIONAL_REPRESENTATION('',(#3146),#3150);
#3146 = LINE('',#3147,#3148);
#3147 = CARTESIAN_POINT('',(-6.28318530718,0.));
#3148 = VECTOR('',#3149,1.);
#3149 = DIRECTION('',(-0.,-1.));
#3150 = ( GEOMETRIC_REPRESENTATION_CONTEXT(2) 
PARAMETRIC_REPRESENTATION_CONTEXT() REPRESENTATION_CONTEXT('2D SPACE',''
  ) );
#3151 = ORIENTED_EDGE('',*,*,#1697,.T.);
#3152 = ORIENTED_EDGE('',*,*,#3010,.F.);
#3153 = ORIENTED_EDGE('',*,*,#593,.F.);
#3154 = ADVANCED_FACE('',(#3155),#406,.F.);
#3155 = FACE_BOUND('',#3156,.F.);
#3156 = EDGE_LOOP('',(#3157,#3158,#3159,#3160));
#3157 = ORIENTED_EDGE('',*,*,#385,.F.);
#3158 = ORIENTED_EDGE('',*,*,#3107,.T.);
#3159 = ORIENTED_EDGE('',*,*,#1405,.T.);
#3160 = ORIENTED_EDGE('',*,*,#3161,.F.);
#3161 = EDGE_CURVE('',#386,#1406,#3162,.T.);
#3162 = SURFACE_CURVE('',#3163,(#3167,#3174),.PCURVE_S1.);
#3163 = LINE('',#3164,#3165);
#3164 = CARTESIAN_POINT('',(-6.,-9.00000002557,-1.));
#3165 = VECTOR('',#3166,1.);
#3166 = DIRECTION('',(0.,0.,1.));
#3167 = PCURVE('',#406,#3168);
#3168 = DEFINITIONAL_REPRESENTATION('',(#3169),#3173);
#3169 = LINE('',#3170,#3171);
#3170 = CARTESIAN_POINT('',(1.570796326795,0.));
#3171 = VECTOR('',#3172,1.);
#3172 = DIRECTION('',(0.,-1.));
#3173 = ( GEOMETRIC_REPRESENTATION_CONTEXT(2) 
PARAMETRIC_REPRESENTATION_CONTEXT() REPRESENTATION_CONTEXT('2D SPACE',''
  ) );
#3174 = PCURVE('',#433,#3175);
#3175 = DEFINITIONAL_REPRESENTATION('',(#3176),#3180);
#3176 = LINE('',#3177,#3178);
#3177 = CARTESIAN_POINT('',(0.,0.));
#3178 = VECTOR('',#3179,1.);
#3179 = DIRECTION('',(0.,-1.));
#3180 = ( GEOMETRIC_REPRESENTATION_CONTEXT(2) 
PARAMETRIC_REPRESENTATION_CONTEXT() REPRESENTATION_CONTEXT('2D SPACE',''
  ) );
#3181 = ADVANCED_FACE('',(#3182),#581,.T.);
#3182 = FACE_BOUND('',#3183,.F.);
#3183 = EDGE_LOOP('',(#3184,#3205,#3206,#3207));
#3184 = ORIENTED_EDGE('',*,*,#3185,.T.);
#3185 = EDGE_CURVE('',#537,#1651,#3186,.T.);
#3186 = SURFACE_CURVE('',#3187,(#3191,#3198),.PCURVE_S1.);
#3187 = LINE('',#3188,#3189);
#3188 = CARTESIAN_POINT('',(6.999999997923,-23.,0.));
#3189 = VECTOR('',#3190,1.);
#3190 = DIRECTION('',(0.,0.,1.));
#3191 = PCURVE('',#581,#3192);
#3192 = DEFINITIONAL_REPRESENTATION('',(#3193),#3197);
#3193 = LINE('',#3194,#3195);
#3194 = CARTESIAN_POINT('',(-4.712388980385,0.));
#3195 = VECTOR('',#3196,1.);
#3196 = DIRECTION('',(-0.,-1.));
#3197 = ( GEOMETRIC_REPRESENTATION_CONTEXT(2) 
PARAMETRIC_REPRESENTATION_CONTEXT() REPRESENTATION_CONTEXT('2D SPACE',''
  ) );
#3198 = PCURVE('',#552,#3199);
#3199 = DEFINITIONAL_REPRESENTATION('',(#3200),#3204);
#3200 = LINE('',#3201,#3202);
#3201 = CARTESIAN_POINT('',(13.999999997923,0.));
#3202 = VECTOR('',#3203,1.);
#3203 = DIRECTION('',(0.,-1.));
#3204 = ( GEOMETRIC_REPRESENTATION_CONTEXT(2) 
PARAMETRIC_REPRESENTATION_CONTEXT() REPRESENTATION_CONTEXT('2D SPACE',''
  ) );
#3205 = ORIENTED_EDGE('',*,*,#1673,.T.);
#3206 = ORIENTED_EDGE('',*,*,#3131,.F.);
#3207 = ORIENTED_EDGE('',*,*,#564,.F.);
#3208 = ADVANCED_FACE('',(#3209),#433,.F.);
#3209 = FACE_BOUND('',#3210,.F.);
#3210 = EDGE_LOOP('',(#3211,#3212,#3213,#3214));
#3211 = ORIENTED_EDGE('',*,*,#418,.T.);
#3212 = ORIENTED_EDGE('',*,*,#3161,.T.);
#3213 = ORIENTED_EDGE('',*,*,#1433,.F.);
#3214 = ORIENTED_EDGE('',*,*,#3215,.F.);
#3215 = EDGE_CURVE('',#419,#1434,#3216,.T.);
#3216 = SURFACE_CURVE('',#3217,(#3221,#3228),.PCURVE_S1.);
#3217 = LINE('',#3218,#3219);
#3218 = CARTESIAN_POINT('',(6.,-9.00000002557,-1.));
#3219 = VECTOR('',#3220,1.);
#3220 = DIRECTION('',(0.,0.,1.));
#3221 = PCURVE('',#433,#3222);
#3222 = DEFINITIONAL_REPRESENTATION('',(#3223),#3227);
#3223 = LINE('',#3224,#3225);
#3224 = CARTESIAN_POINT('',(12.,0.));
#3225 = VECTOR('',#3226,1.);
#3226 = DIRECTION('',(0.,-1.));
#3227 = ( GEOMETRIC_REPRESENTATION_CONTEXT(2) 
PARAMETRIC_REPRESENTATION_CONTEXT() REPRESENTATION_CONTEXT('2D SPACE',''
  ) );
#3228 = PCURVE('',#465,#3229);
#3229 = DEFINITIONAL_REPRESENTATION('',(#3230),#3234);
#3230 = LINE('',#3231,#3232);
#3231 = CARTESIAN_POINT('',(1.570796326795,0.));
#3232 = VECTOR('',#3233,1.);
#3233 = DIRECTION('',(0.,-1.));
#3234 = ( GEOMETRIC_REPRESENTATION_CONTEXT(2) 
PARAMETRIC_REPRESENTATION_CONTEXT() REPRESENTATION_CONTEXT('2D SPACE',''
  ) );
#3235 = ADVANCED_FACE('',(#3236),#552,.F.);
#3236 = FACE_BOUND('',#3237,.F.);
#3237 = EDGE_LOOP('',(#3238,#3239,#3260,#3261));
#3238 = ORIENTED_EDGE('',*,*,#536,.F.);
#3239 = ORIENTED_EDGE('',*,*,#3240,.T.);
#3240 = EDGE_CURVE('',#504,#1623,#3241,.T.);
#3241 = SURFACE_CURVE('',#3242,(#3246,#3253),.PCURVE_S1.);
#3242 = LINE('',#3243,#3244);
#3243 = CARTESIAN_POINT('',(5.999999927492,-23.,-1.));
#3244 = VECTOR('',#3245,1.);
#3245 = DIRECTION('',(0.,0.,1.));
#3246 = PCURVE('',#552,#3247);
#3247 = DEFINITIONAL_REPRESENTATION('',(#3248),#3252);
#3248 = LINE('',#3249,#3250);
#3249 = CARTESIAN_POINT('',(12.999999927492,1.));
#3250 = VECTOR('',#3251,1.);
#3251 = DIRECTION('',(0.,-1.));
#3252 = ( GEOMETRIC_REPRESENTATION_CONTEXT(2) 
PARAMETRIC_REPRESENTATION_CONTEXT() REPRESENTATION_CONTEXT('2D SPACE',''
  ) );
#3253 = PCURVE('',#524,#3254);
#3254 = DEFINITIONAL_REPRESENTATION('',(#3255),#3259);
#3255 = LINE('',#3256,#3257);
#3256 = CARTESIAN_POINT('',(4.712388980385,0.));
#3257 = VECTOR('',#3258,1.);
#3258 = DIRECTION('',(0.,-1.));
#3259 = ( GEOMETRIC_REPRESENTATION_CONTEXT(2) 
PARAMETRIC_REPRESENTATION_CONTEXT() REPRESENTATION_CONTEXT('2D SPACE',''
  ) );
#3260 = ORIENTED_EDGE('',*,*,#1650,.T.);
#3261 = ORIENTED_EDGE('',*,*,#3185,.F.);
#3262 = ADVANCED_FACE('',(#3263),#465,.F.);
#3263 = FACE_BOUND('',#3264,.F.);
#3264 = EDGE_LOOP('',(#3265,#3266,#3267,#3268));
#3265 = ORIENTED_EDGE('',*,*,#444,.F.);
#3266 = ORIENTED_EDGE('',*,*,#3215,.T.);
#3267 = ORIENTED_EDGE('',*,*,#1455,.T.);
#3268 = ORIENTED_EDGE('',*,*,#3269,.F.);
#3269 = EDGE_CURVE('',#445,#1456,#3270,.T.);
#3270 = SURFACE_CURVE('',#3271,(#3275,#3282),.PCURVE_S1.);
#3271 = LINE('',#3272,#3273);
#3272 = CARTESIAN_POINT('',(8.,-11.00000005113,-1.));
#3273 = VECTOR('',#3274,1.);
#3274 = DIRECTION('',(0.,0.,1.));
#3275 = PCURVE('',#465,#3276);
#3276 = DEFINITIONAL_REPRESENTATION('',(#3277),#3281);
#3277 = LINE('',#3278,#3279);
#3278 = CARTESIAN_POINT('',(3.14159265359,0.));
#3279 = VECTOR('',#3280,1.);
#3280 = DIRECTION('',(0.,-1.));
#3281 = ( GEOMETRIC_REPRESENTATION_CONTEXT(2) 
PARAMETRIC_REPRESENTATION_CONTEXT() REPRESENTATION_CONTEXT('2D SPACE',''
  ) );
#3282 = PCURVE('',#492,#3283);
#3283 = DEFINITIONAL_REPRESENTATION('',(#3284),#3288);
#3284 = LINE('',#3285,#3286);
#3285 = CARTESIAN_POINT('',(9.999999948861,0.));
#3286 = VECTOR('',#3287,1.);
#3287 = DIRECTION('',(0.,-1.));
#3288 = ( GEOMETRIC_REPRESENTATION_CONTEXT(2) 
PARAMETRIC_REPRESENTATION_CONTEXT() REPRESENTATION_CONTEXT('2D SPACE',''
  ) );
#3289 = ADVANCED_FACE('',(#3290),#524,.F.);
#3290 = FACE_BOUND('',#3291,.F.);
#3291 = EDGE_LOOP('',(#3292,#3293,#3314,#3315));
#3292 = ORIENTED_EDGE('',*,*,#503,.F.);
#3293 = ORIENTED_EDGE('',*,*,#3294,.T.);
#3294 = EDGE_CURVE('',#478,#1601,#3295,.T.);
#3295 = SURFACE_CURVE('',#3296,(#3300,#3307),.PCURVE_S1.);
#3296 = LINE('',#3297,#3298);
#3297 = CARTESIAN_POINT('',(7.999999963746,-21.,-1.));
#3298 = VECTOR('',#3299,1.);
#3299 = DIRECTION('',(0.,0.,1.));
#3300 = PCURVE('',#524,#3301);
#3301 = DEFINITIONAL_REPRESENTATION('',(#3302),#3306);
#3302 = LINE('',#3303,#3304);
#3303 = CARTESIAN_POINT('',(3.14159265359,0.));
#3304 = VECTOR('',#3305,1.);
#3305 = DIRECTION('',(0.,-1.));
#3306 = ( GEOMETRIC_REPRESENTATION_CONTEXT(2) 
PARAMETRIC_REPRESENTATION_CONTEXT() REPRESENTATION_CONTEXT('2D SPACE',''
  ) );
#3307 = PCURVE('',#492,#3308);
#3308 = DEFINITIONAL_REPRESENTATION('',(#3309),#3313);
#3309 = LINE('',#3310,#3311);
#3310 = CARTESIAN_POINT('',(0.,0.));
#3311 = VECTOR('',#3312,1.);
#3312 = DIRECTION('',(0.,-1.));
#3313 = ( GEOMETRIC_REPRESENTATION_CONTEXT(2) 
PARAMETRIC_REPRESENTATION_CONTEXT() REPRESENTATION_CONTEXT('2D SPACE',''
  ) );
#3314 = ORIENTED_EDGE('',*,*,#1622,.T.);
#3315 = ORIENTED_EDGE('',*,*,#3240,.F.);
#3316 = ADVANCED_FACE('',(#3317),#492,.T.);
#3317 = FACE_BOUND('',#3318,.T.);
#3318 = EDGE_LOOP('',(#3319,#3320,#3321,#3322,#3343,#3369,#3388,#3389));
#3319 = ORIENTED_EDGE('',*,*,#477,.T.);
#3320 = ORIENTED_EDGE('',*,*,#3294,.T.);
#3321 = ORIENTED_EDGE('',*,*,#1600,.F.);
#3322 = ORIENTED_EDGE('',*,*,#3323,.F.);
#3323 = EDGE_CURVE('',#3324,#1568,#3326,.T.);
#3324 = VERTEX_POINT('',#3325);
#3325 = CARTESIAN_POINT('',(8.,-20.66594695027,4.5));
#3326 = SURFACE_CURVE('',#3327,(#3331,#3337),.PCURVE_S1.);
#3327 = LINE('',#3328,#3329);
#3328 = CARTESIAN_POINT('',(8.,-20.66594695027,2.));
#3329 = VECTOR('',#3330,1.);
#3330 = DIRECTION('',(0.,0.,-1.));
#3331 = PCURVE('',#492,#3332);
#3332 = DEFINITIONAL_REPRESENTATION('',(#3333),#3336);
#3333 = B_SPLINE_CURVE_WITH_KNOTS('',1,(#3334,#3335),.UNSPECIFIED.,.F.,
  .F.,(2,2),(-2.5000006,5.999999999062E-07),.PIECEWISE_BEZIER_KNOTS.);
#3334 = CARTESIAN_POINT('',(0.334053049727,-5.5000006));
#3335 = CARTESIAN_POINT('',(0.334053049727,-2.9999994));
#3336 = ( GEOMETRIC_REPRESENTATION_CONTEXT(2) 
PARAMETRIC_REPRESENTATION_CONTEXT() REPRESENTATION_CONTEXT('2D SPACE',''
  ) );
#3337 = PCURVE('',#1588,#3338);
#3338 = DEFINITIONAL_REPRESENTATION('',(#3339),#3342);
#3339 = B_SPLINE_CURVE_WITH_KNOTS('',1,(#3340,#3341),.UNSPECIFIED.,.F.,
  .F.,(2,2),(-2.5000006,5.999999999062E-07),.PIECEWISE_BEZIER_KNOTS.);
#3340 = CARTESIAN_POINT('',(4.6443091899,-2.5000006));
#3341 = CARTESIAN_POINT('',(4.6443091899,5.999999999062E-07));
#3342 = ( GEOMETRIC_REPRESENTATION_CONTEXT(2) 
PARAMETRIC_REPRESENTATION_CONTEXT() REPRESENTATION_CONTEXT('2D SPACE',''
  ) );
#3343 = ORIENTED_EDGE('',*,*,#3344,.F.);
#3344 = EDGE_CURVE('',#3345,#3324,#3347,.T.);
#3345 = VERTEX_POINT('',#3346);
#3346 = CARTESIAN_POINT('',(8.,-19.16206670701,4.5));
#3347 = SURFACE_CURVE('',#3348,(#3352,#3358),.PCURVE_S1.);
#3348 = LINE('',#3349,#3350);
#3349 = CARTESIAN_POINT('',(8.,-10.49999999848,4.5));
#3350 = VECTOR('',#3351,1.);
#3351 = DIRECTION('',(0.,-1.,0.));
#3352 = PCURVE('',#492,#3353);
#3353 = DEFINITIONAL_REPRESENTATION('',(#3354),#3357);
#3354 = B_SPLINE_CURVE_WITH_KNOTS('',1,(#3355,#3356),.UNSPECIFIED.,.F.,
  .F.,(2,2),(0.500000052651,10.200000001512),.PIECEWISE_BEZIER_KNOTS.);
#3355 = CARTESIAN_POINT('',(9.999999948861,-5.5));
#3356 = CARTESIAN_POINT('',(0.3,-5.5));
#3357 = ( GEOMETRIC_REPRESENTATION_CONTEXT(2) 
PARAMETRIC_REPRESENTATION_CONTEXT() REPRESENTATION_CONTEXT('2D SPACE',''
  ) );
#3358 = PCURVE('',#3359,#3364);
#3359 = PLANE('',#3360);
#3360 = AXIS2_PLACEMENT_3D('',#3361,#3362,#3363);
#3361 = CARTESIAN_POINT('',(-5.387864022234E-09,3.023584858773E-09,4.5)
  );
#3362 = DIRECTION('',(0.,0.,1.));
#3363 = DIRECTION('',(1.,0.,-0.));
#3364 = DEFINITIONAL_REPRESENTATION('',(#3365),#3368);
#3365 = B_SPLINE_CURVE_WITH_KNOTS('',1,(#3366,#3367),.UNSPECIFIED.,.F.,
  .F.,(2,2),(0.500000052651,10.200000001512),.PIECEWISE_BEZIER_KNOTS.);
#3366 = CARTESIAN_POINT('',(8.000000005388,-11.00000005416));
#3367 = CARTESIAN_POINT('',(8.000000005388,-20.70000000302));
#3368 = ( GEOMETRIC_REPRESENTATION_CONTEXT(2) 
PARAMETRIC_REPRESENTATION_CONTEXT() REPRESENTATION_CONTEXT('2D SPACE',''
  ) );
#3369 = ORIENTED_EDGE('',*,*,#3370,.T.);
#3370 = EDGE_CURVE('',#3345,#1484,#3371,.T.);
#3371 = SURFACE_CURVE('',#3372,(#3376,#3382),.PCURVE_S1.);
#3372 = LINE('',#3373,#3374);
#3373 = CARTESIAN_POINT('',(8.,-19.16206670701,2.));
#3374 = VECTOR('',#3375,1.);
#3375 = DIRECTION('',(0.,0.,-1.));
#3376 = PCURVE('',#492,#3377);
#3377 = DEFINITIONAL_REPRESENTATION('',(#3378),#3381);
#3378 = B_SPLINE_CURVE_WITH_KNOTS('',1,(#3379,#3380),.UNSPECIFIED.,.F.,
  .F.,(2,2),(-2.5000006,5.999999999062E-07),.PIECEWISE_BEZIER_KNOTS.);
#3379 = CARTESIAN_POINT('',(1.837933292982,-5.5000006));
#3380 = CARTESIAN_POINT('',(1.837933292982,-2.9999994));
#3381 = ( GEOMETRIC_REPRESENTATION_CONTEXT(2) 
PARAMETRIC_REPRESENTATION_CONTEXT() REPRESENTATION_CONTEXT('2D SPACE',''
  ) );
#3382 = PCURVE('',#1526,#3383);
#3383 = DEFINITIONAL_REPRESENTATION('',(#3384),#3387);
#3384 = B_SPLINE_CURVE_WITH_KNOTS('',1,(#3385,#3386),.UNSPECIFIED.,.F.,
  .F.,(2,2),(-2.5000006,5.999999999062E-07),.PIECEWISE_BEZIER_KNOTS.);
#3385 = CARTESIAN_POINT('',(4.636558752058,-2.5000006));
#3386 = CARTESIAN_POINT('',(4.636558752058,5.999999999062E-07));
#3387 = ( GEOMETRIC_REPRESENTATION_CONTEXT(2) 
PARAMETRIC_REPRESENTATION_CONTEXT() REPRESENTATION_CONTEXT('2D SPACE',''
  ) );
#3388 = ORIENTED_EDGE('',*,*,#1483,.F.);
#3389 = ORIENTED_EDGE('',*,*,#3269,.F.);
#3390 = ADVANCED_FACE('',(#3391),#691,.F.);
#3391 = FACE_BOUND('',#3392,.F.);
#3392 = EDGE_LOOP('',(#3393,#3394,#3415,#3416));
#3393 = ORIENTED_EDGE('',*,*,#1768,.T.);
#3394 = ORIENTED_EDGE('',*,*,#3395,.F.);
#3395 = EDGE_CURVE('',#675,#1769,#3396,.T.);
#3396 = SEAM_CURVE('',#3397,(#3401,#3408),.PCURVE_S1.);
#3397 = LINE('',#3398,#3399);
#3398 = CARTESIAN_POINT('',(-16.8,-15.,-1.));
#3399 = VECTOR('',#3400,1.);
#3400 = DIRECTION('',(0.,0.,1.));
#3401 = PCURVE('',#691,#3402);
#3402 = DEFINITIONAL_REPRESENTATION('',(#3403),#3407);
#3403 = LINE('',#3404,#3405);
#3404 = CARTESIAN_POINT('',(0.,-0.));
#3405 = VECTOR('',#3406,1.);
#3406 = DIRECTION('',(0.,1.));
#3407 = ( GEOMETRIC_REPRESENTATION_CONTEXT(2) 
PARAMETRIC_REPRESENTATION_CONTEXT() REPRESENTATION_CONTEXT('2D SPACE',''
  ) );
#3408 = PCURVE('',#691,#3409);
#3409 = DEFINITIONAL_REPRESENTATION('',(#3410),#3414);
#3410 = LINE('',#3411,#3412);
#3411 = CARTESIAN_POINT('',(6.28318530718,-0.));
#3412 = VECTOR('',#3413,1.);
#3413 = DIRECTION('',(0.,1.));
#3414 = ( GEOMETRIC_REPRESENTATION_CONTEXT(2) 
PARAMETRIC_REPRESENTATION_CONTEXT() REPRESENTATION_CONTEXT('2D SPACE',''
  ) );
#3415 = ORIENTED_EDGE('',*,*,#674,.T.);
#3416 = ORIENTED_EDGE('',*,*,#3395,.T.);
#3417 = ADVANCED_FACE('',(#3418),#722,.F.);
#3418 = FACE_BOUND('',#3419,.F.);
#3419 = EDGE_LOOP('',(#3420,#3441,#3442,#3443));
#3420 = ORIENTED_EDGE('',*,*,#3421,.T.);
#3421 = EDGE_CURVE('',#706,#1799,#3422,.T.);
#3422 = SEAM_CURVE('',#3423,(#3427,#3434),.PCURVE_S1.);
#3423 = LINE('',#3424,#3425);
#3424 = CARTESIAN_POINT('',(19.2,-15.,-1.));
#3425 = VECTOR('',#3426,1.);
#3426 = DIRECTION('',(0.,0.,1.));
#3427 = PCURVE('',#722,#3428);
#3428 = DEFINITIONAL_REPRESENTATION('',(#3429),#3433);
#3429 = LINE('',#3430,#3431);
#3430 = CARTESIAN_POINT('',(6.28318530718,-0.));
#3431 = VECTOR('',#3432,1.);
#3432 = DIRECTION('',(0.,1.));
#3433 = ( GEOMETRIC_REPRESENTATION_CONTEXT(2) 
PARAMETRIC_REPRESENTATION_CONTEXT() REPRESENTATION_CONTEXT('2D SPACE',''
  ) );
#3434 = PCURVE('',#722,#3435);
#3435 = DEFINITIONAL_REPRESENTATION('',(#3436),#3440);
#3436 = LINE('',#3437,#3438);
#3437 = CARTESIAN_POINT('',(0.,-0.));
#3438 = VECTOR('',#3439,1.);
#3439 = DIRECTION('',(0.,1.));
#3440 = ( GEOMETRIC_REPRESENTATION_CONTEXT(2) 
PARAMETRIC_REPRESENTATION_CONTEXT() REPRESENTATION_CONTEXT('2D SPACE',''
  ) );
#3441 = ORIENTED_EDGE('',*,*,#1798,.T.);
#3442 = ORIENTED_EDGE('',*,*,#3421,.F.);
#3443 = ORIENTED_EDGE('',*,*,#705,.T.);
#3444 = ADVANCED_FACE('',(#3445),#753,.F.);
#3445 = FACE_BOUND('',#3446,.F.);
#3446 = EDGE_LOOP('',(#3447,#3448,#3469,#3470));
#3447 = ORIENTED_EDGE('',*,*,#736,.T.);
#3448 = ORIENTED_EDGE('',*,*,#3449,.T.);
#3449 = EDGE_CURVE('',#739,#1831,#3450,.T.);
#3450 = SURFACE_CURVE('',#3451,(#3455,#3462),.PCURVE_S1.);
#3451 = LINE('',#3452,#3453);
#3452 = CARTESIAN_POINT('',(-17.,0.9,-1.));
#3453 = VECTOR('',#3454,1.);
#3454 = DIRECTION('',(0.,0.,1.));
#3455 = PCURVE('',#753,#3456);
#3456 = DEFINITIONAL_REPRESENTATION('',(#3457),#3461);
#3457 = LINE('',#3458,#3459);
#3458 = CARTESIAN_POINT('',(0.,0.));
#3459 = VECTOR('',#3460,1.);
#3460 = DIRECTION('',(0.,-1.));
#3461 = ( GEOMETRIC_REPRESENTATION_CONTEXT(2) 
PARAMETRIC_REPRESENTATION_CONTEXT() REPRESENTATION_CONTEXT('2D SPACE',''
  ) );
#3462 = PCURVE('',#960,#3463);
#3463 = DEFINITIONAL_REPRESENTATION('',(#3464),#3468);
#3464 = LINE('',#3465,#3466);
#3465 = CARTESIAN_POINT('',(6.28318530718,0.));
#3466 = VECTOR('',#3467,1.);
#3467 = DIRECTION('',(0.,-1.));
#3468 = ( GEOMETRIC_REPRESENTATION_CONTEXT(2) 
PARAMETRIC_REPRESENTATION_CONTEXT() REPRESENTATION_CONTEXT('2D SPACE',''
  ) );
#3469 = ORIENTED_EDGE('',*,*,#1828,.F.);
#3470 = ORIENTED_EDGE('',*,*,#3471,.F.);
#3471 = EDGE_CURVE('',#737,#1829,#3472,.T.);
#3472 = SURFACE_CURVE('',#3473,(#3477,#3484),.PCURVE_S1.);
#3473 = LINE('',#3474,#3475);
#3474 = CARTESIAN_POINT('',(-17.,9.1,-1.));
#3475 = VECTOR('',#3476,1.);
#3476 = DIRECTION('',(0.,0.,1.));
#3477 = PCURVE('',#753,#3478);
#3478 = DEFINITIONAL_REPRESENTATION('',(#3479),#3483);
#3479 = LINE('',#3480,#3481);
#3480 = CARTESIAN_POINT('',(8.2,0.));
#3481 = VECTOR('',#3482,1.);
#3482 = DIRECTION('',(0.,-1.));
#3483 = ( GEOMETRIC_REPRESENTATION_CONTEXT(2) 
PARAMETRIC_REPRESENTATION_CONTEXT() REPRESENTATION_CONTEXT('2D SPACE',''
  ) );
#3484 = PCURVE('',#785,#3485);
#3485 = DEFINITIONAL_REPRESENTATION('',(#3486),#3490);
#3486 = LINE('',#3487,#3488);
#3487 = CARTESIAN_POINT('',(0.,0.));
#3488 = VECTOR('',#3489,1.);
#3489 = DIRECTION('',(0.,-1.));
#3490 = ( GEOMETRIC_REPRESENTATION_CONTEXT(2) 
PARAMETRIC_REPRESENTATION_CONTEXT() REPRESENTATION_CONTEXT('2D SPACE',''
  ) );
#3491 = ADVANCED_FACE('',(#3492),#785,.F.);
#3492 = FACE_BOUND('',#3493,.F.);
#3493 = EDGE_LOOP('',(#3494,#3495,#3496,#3497));
#3494 = ORIENTED_EDGE('',*,*,#764,.F.);
#3495 = ORIENTED_EDGE('',*,*,#3471,.T.);
#3496 = ORIENTED_EDGE('',*,*,#1851,.T.);
#3497 = ORIENTED_EDGE('',*,*,#3498,.F.);
#3498 = EDGE_CURVE('',#765,#1852,#3499,.T.);
#3499 = SURFACE_CURVE('',#3500,(#3504,#3511),.PCURVE_S1.);
#3500 = LINE('',#3501,#3502);
#3501 = CARTESIAN_POINT('',(-16.10000000104,10.,-1.));
#3502 = VECTOR('',#3503,1.);
#3503 = DIRECTION('',(0.,0.,1.));
#3504 = PCURVE('',#785,#3505);
#3505 = DEFINITIONAL_REPRESENTATION('',(#3506),#3510);
#3506 = LINE('',#3507,#3508);
#3507 = CARTESIAN_POINT('',(1.570796326795,0.));
#3508 = VECTOR('',#3509,1.);
#3509 = DIRECTION('',(0.,-1.));
#3510 = ( GEOMETRIC_REPRESENTATION_CONTEXT(2) 
PARAMETRIC_REPRESENTATION_CONTEXT() REPRESENTATION_CONTEXT('2D SPACE',''
  ) );
#3511 = PCURVE('',#812,#3512);
#3512 = DEFINITIONAL_REPRESENTATION('',(#3513),#3517);
#3513 = LINE('',#3514,#3515);
#3514 = CARTESIAN_POINT('',(-5.551115123126E-17,0.));
#3515 = VECTOR('',#3516,1.);
#3516 = DIRECTION('',(0.,-1.));
#3517 = ( GEOMETRIC_REPRESENTATION_CONTEXT(2) 
PARAMETRIC_REPRESENTATION_CONTEXT() REPRESENTATION_CONTEXT('2D SPACE',''
  ) );
#3518 = ADVANCED_FACE('',(#3519),#960,.F.);
#3519 = FACE_BOUND('',#3520,.F.);
#3520 = EDGE_LOOP('',(#3521,#3522,#3543,#3544));
#3521 = ORIENTED_EDGE('',*,*,#941,.F.);
#3522 = ORIENTED_EDGE('',*,*,#3523,.T.);
#3523 = EDGE_CURVE('',#916,#1978,#3524,.T.);
#3524 = SURFACE_CURVE('',#3525,(#3529,#3536),.PCURVE_S1.);
#3525 = LINE('',#3526,#3527);
#3526 = CARTESIAN_POINT('',(-16.10000000104,0.,-1.));
#3527 = VECTOR('',#3528,1.);
#3528 = DIRECTION('',(0.,0.,1.));
#3529 = PCURVE('',#960,#3530);
#3530 = DEFINITIONAL_REPRESENTATION('',(#3531),#3535);
#3531 = LINE('',#3532,#3533);
#3532 = CARTESIAN_POINT('',(4.712388980385,0.));
#3533 = VECTOR('',#3534,1.);
#3534 = DIRECTION('',(0.,-1.));
#3535 = ( GEOMETRIC_REPRESENTATION_CONTEXT(2) 
PARAMETRIC_REPRESENTATION_CONTEXT() REPRESENTATION_CONTEXT('2D SPACE',''
  ) );
#3536 = PCURVE('',#930,#3537);
#3537 = DEFINITIONAL_REPRESENTATION('',(#3538),#3542);
#3538 = LINE('',#3539,#3540);
#3539 = CARTESIAN_POINT('',(1.665334536938E-16,0.));
#3540 = VECTOR('',#3541,1.);
#3541 = DIRECTION('',(0.,-1.));
#3542 = ( GEOMETRIC_REPRESENTATION_CONTEXT(2) 
PARAMETRIC_REPRESENTATION_CONTEXT() REPRESENTATION_CONTEXT('2D SPACE',''
  ) );
#3543 = ORIENTED_EDGE('',*,*,#1998,.T.);
#3544 = ORIENTED_EDGE('',*,*,#3449,.F.);
#3545 = ADVANCED_FACE('',(#3546),#812,.F.);
#3546 = FACE_BOUND('',#3547,.F.);
#3547 = EDGE_LOOP('',(#3548,#3549,#3550,#3551));
#3548 = ORIENTED_EDGE('',*,*,#797,.T.);
#3549 = ORIENTED_EDGE('',*,*,#3498,.T.);
#3550 = ORIENTED_EDGE('',*,*,#1879,.F.);
#3551 = ORIENTED_EDGE('',*,*,#3552,.F.);
#3552 = EDGE_CURVE('',#798,#1880,#3553,.T.);
#3553 = SURFACE_CURVE('',#3554,(#3558,#3565),.PCURVE_S1.);
#3554 = LINE('',#3555,#3556);
#3555 = CARTESIAN_POINT('',(-15.90000001088,10.,-1.));
#3556 = VECTOR('',#3557,1.);
#3557 = DIRECTION('',(0.,0.,1.));
#3558 = PCURVE('',#812,#3559);
#3559 = DEFINITIONAL_REPRESENTATION('',(#3560),#3564);
#3560 = LINE('',#3561,#3562);
#3561 = CARTESIAN_POINT('',(0.199999990154,0.));
#3562 = VECTOR('',#3563,1.);
#3563 = DIRECTION('',(0.,-1.));
#3564 = ( GEOMETRIC_REPRESENTATION_CONTEXT(2) 
PARAMETRIC_REPRESENTATION_CONTEXT() REPRESENTATION_CONTEXT('2D SPACE',''
  ) );
#3565 = PCURVE('',#844,#3566);
#3566 = DEFINITIONAL_REPRESENTATION('',(#3567),#3571);
#3567 = LINE('',#3568,#3569);
#3568 = CARTESIAN_POINT('',(1.570796326795,0.));
#3569 = VECTOR('',#3570,1.);
#3570 = DIRECTION('',(0.,-1.));
#3571 = ( GEOMETRIC_REPRESENTATION_CONTEXT(2) 
PARAMETRIC_REPRESENTATION_CONTEXT() REPRESENTATION_CONTEXT('2D SPACE',''
  ) );
#3572 = ADVANCED_FACE('',(#3573),#930,.T.);
#3573 = FACE_BOUND('',#3574,.T.);
#3574 = EDGE_LOOP('',(#3575,#3576,#3577,#3578));
#3575 = ORIENTED_EDGE('',*,*,#915,.T.);
#3576 = ORIENTED_EDGE('',*,*,#3523,.T.);
#3577 = ORIENTED_EDGE('',*,*,#1977,.F.);
#3578 = ORIENTED_EDGE('',*,*,#3579,.F.);
#3579 = EDGE_CURVE('',#883,#1950,#3580,.T.);
#3580 = SURFACE_CURVE('',#3581,(#3585,#3592),.PCURVE_S1.);
#3581 = LINE('',#3582,#3583);
#3582 = CARTESIAN_POINT('',(-15.90000001088,0.,-1.));
#3583 = VECTOR('',#3584,1.);
#3584 = DIRECTION('',(0.,0.,1.));
#3585 = PCURVE('',#930,#3586);
#3586 = DEFINITIONAL_REPRESENTATION('',(#3587),#3591);
#3587 = LINE('',#3588,#3589);
#3588 = CARTESIAN_POINT('',(0.199999990154,0.));
#3589 = VECTOR('',#3590,1.);
#3590 = DIRECTION('',(0.,-1.));
#3591 = ( GEOMETRIC_REPRESENTATION_CONTEXT(2) 
PARAMETRIC_REPRESENTATION_CONTEXT() REPRESENTATION_CONTEXT('2D SPACE',''
  ) );
#3592 = PCURVE('',#903,#3593);
#3593 = DEFINITIONAL_REPRESENTATION('',(#3594),#3598);
#3594 = LINE('',#3595,#3596);
#3595 = CARTESIAN_POINT('',(4.712388980385,0.));
#3596 = VECTOR('',#3597,1.);
#3597 = DIRECTION('',(0.,-1.));
#3598 = ( GEOMETRIC_REPRESENTATION_CONTEXT(2) 
PARAMETRIC_REPRESENTATION_CONTEXT() REPRESENTATION_CONTEXT('2D SPACE',''
  ) );
#3599 = ADVANCED_FACE('',(#3600),#844,.F.);
#3600 = FACE_BOUND('',#3601,.F.);
#3601 = EDGE_LOOP('',(#3602,#3603,#3604,#3605));
#3602 = ORIENTED_EDGE('',*,*,#823,.F.);
#3603 = ORIENTED_EDGE('',*,*,#3552,.T.);
#3604 = ORIENTED_EDGE('',*,*,#1900,.T.);
#3605 = ORIENTED_EDGE('',*,*,#3606,.F.);
#3606 = EDGE_CURVE('',#824,#1901,#3607,.T.);
#3607 = SURFACE_CURVE('',#3608,(#3612,#3619),.PCURVE_S1.);
#3608 = LINE('',#3609,#3610);
#3609 = CARTESIAN_POINT('',(-15.00000000492,9.1,-1.));
#3610 = VECTOR('',#3611,1.);
#3611 = DIRECTION('',(0.,0.,1.));
#3612 = PCURVE('',#844,#3613);
#3613 = DEFINITIONAL_REPRESENTATION('',(#3614),#3618);
#3614 = LINE('',#3615,#3616);
#3615 = CARTESIAN_POINT('',(3.14159265359,0.));
#3616 = VECTOR('',#3617,1.);
#3617 = DIRECTION('',(0.,-1.));
#3618 = ( GEOMETRIC_REPRESENTATION_CONTEXT(2) 
PARAMETRIC_REPRESENTATION_CONTEXT() REPRESENTATION_CONTEXT('2D SPACE',''
  ) );
#3619 = PCURVE('',#871,#3620);
#3620 = DEFINITIONAL_REPRESENTATION('',(#3621),#3625);
#3621 = LINE('',#3622,#3623);
#3622 = CARTESIAN_POINT('',(8.2,0.));
#3623 = VECTOR('',#3624,1.);
#3624 = DIRECTION('',(0.,-1.));
#3625 = ( GEOMETRIC_REPRESENTATION_CONTEXT(2) 
PARAMETRIC_REPRESENTATION_CONTEXT() REPRESENTATION_CONTEXT('2D SPACE',''
  ) );
#3626 = ADVANCED_FACE('',(#3627),#903,.F.);
#3627 = FACE_BOUND('',#3628,.F.);
#3628 = EDGE_LOOP('',(#3629,#3630,#3651,#3652));
#3629 = ORIENTED_EDGE('',*,*,#882,.F.);
#3630 = ORIENTED_EDGE('',*,*,#3631,.T.);
#3631 = EDGE_CURVE('',#857,#1929,#3632,.T.);
#3632 = SURFACE_CURVE('',#3633,(#3637,#3644),.PCURVE_S1.);
#3633 = LINE('',#3634,#3635);
#3634 = CARTESIAN_POINT('',(-15.00000000492,0.9,-1.));
#3635 = VECTOR('',#3636,1.);
#3636 = DIRECTION('',(0.,0.,1.));
#3637 = PCURVE('',#903,#3638);
#3638 = DEFINITIONAL_REPRESENTATION('',(#3639),#3643);
#3639 = LINE('',#3640,#3641);
#3640 = CARTESIAN_POINT('',(3.14159265359,0.));
#3641 = VECTOR('',#3642,1.);
#3642 = DIRECTION('',(0.,-1.));
#3643 = ( GEOMETRIC_REPRESENTATION_CONTEXT(2) 
PARAMETRIC_REPRESENTATION_CONTEXT() REPRESENTATION_CONTEXT('2D SPACE',''
  ) );
#3644 = PCURVE('',#871,#3645);
#3645 = DEFINITIONAL_REPRESENTATION('',(#3646),#3650);
#3646 = LINE('',#3647,#3648);
#3647 = CARTESIAN_POINT('',(0.,0.));
#3648 = VECTOR('',#3649,1.);
#3649 = DIRECTION('',(0.,-1.));
#3650 = ( GEOMETRIC_REPRESENTATION_CONTEXT(2) 
PARAMETRIC_REPRESENTATION_CONTEXT() REPRESENTATION_CONTEXT('2D SPACE',''
  ) );
#3651 = ORIENTED_EDGE('',*,*,#1949,.T.);
#3652 = ORIENTED_EDGE('',*,*,#3579,.F.);
#3653 = ADVANCED_FACE('',(#3654),#871,.T.);
#3654 = FACE_BOUND('',#3655,.T.);
#3655 = EDGE_LOOP('',(#3656,#3657,#3658,#3659));
#3656 = ORIENTED_EDGE('',*,*,#856,.T.);
#3657 = ORIENTED_EDGE('',*,*,#3631,.T.);
#3658 = ORIENTED_EDGE('',*,*,#1928,.F.);
#3659 = ORIENTED_EDGE('',*,*,#3606,.F.);
#3660 = ADVANCED_FACE('',(#3661),#991,.F.);
#3661 = FACE_BOUND('',#3662,.F.);
#3662 = EDGE_LOOP('',(#3663,#3664,#3685,#3686));
#3663 = ORIENTED_EDGE('',*,*,#974,.T.);
#3664 = ORIENTED_EDGE('',*,*,#3665,.T.);
#3665 = EDGE_CURVE('',#977,#2627,#3666,.T.);
#3666 = SURFACE_CURVE('',#3667,(#3671,#3678),.PCURVE_S1.);
#3667 = LINE('',#3668,#3669);
#3668 = CARTESIAN_POINT('',(15.,0.9,-1.));
#3669 = VECTOR('',#3670,1.);
#3670 = DIRECTION('',(0.,0.,1.));
#3671 = PCURVE('',#991,#3672);
#3672 = DEFINITIONAL_REPRESENTATION('',(#3673),#3677);
#3673 = LINE('',#3674,#3675);
#3674 = CARTESIAN_POINT('',(0.,0.));
#3675 = VECTOR('',#3676,1.);
#3676 = DIRECTION('',(0.,-1.));
#3677 = ( GEOMETRIC_REPRESENTATION_CONTEXT(2) 
PARAMETRIC_REPRESENTATION_CONTEXT() REPRESENTATION_CONTEXT('2D SPACE',''
  ) );
#3678 = PCURVE('',#1198,#3679);
#3679 = DEFINITIONAL_REPRESENTATION('',(#3680),#3684);
#3680 = LINE('',#3681,#3682);
#3681 = CARTESIAN_POINT('',(6.28318530718,0.));
#3682 = VECTOR('',#3683,1.);
#3683 = DIRECTION('',(0.,-1.));
#3684 = ( GEOMETRIC_REPRESENTATION_CONTEXT(2) 
PARAMETRIC_REPRESENTATION_CONTEXT() REPRESENTATION_CONTEXT('2D SPACE',''
  ) );
#3685 = ORIENTED_EDGE('',*,*,#2624,.F.);
#3686 = ORIENTED_EDGE('',*,*,#3687,.F.);
#3687 = EDGE_CURVE('',#975,#2625,#3688,.T.);
#3688 = SURFACE_CURVE('',#3689,(#3693,#3700),.PCURVE_S1.);
#3689 = LINE('',#3690,#3691);
#3690 = CARTESIAN_POINT('',(15.,9.1,-1.));
#3691 = VECTOR('',#3692,1.);
#3692 = DIRECTION('',(0.,0.,1.));
#3693 = PCURVE('',#991,#3694);
#3694 = DEFINITIONAL_REPRESENTATION('',(#3695),#3699);
#3695 = LINE('',#3696,#3697);
#3696 = CARTESIAN_POINT('',(8.2,0.));
#3697 = VECTOR('',#3698,1.);
#3698 = DIRECTION('',(0.,-1.));
#3699 = ( GEOMETRIC_REPRESENTATION_CONTEXT(2) 
PARAMETRIC_REPRESENTATION_CONTEXT() REPRESENTATION_CONTEXT('2D SPACE',''
  ) );
#3700 = PCURVE('',#1023,#3701);
#3701 = DEFINITIONAL_REPRESENTATION('',(#3702),#3706);
#3702 = LINE('',#3703,#3704);
#3703 = CARTESIAN_POINT('',(0.,0.));
#3704 = VECTOR('',#3705,1.);
#3705 = DIRECTION('',(0.,-1.));
#3706 = ( GEOMETRIC_REPRESENTATION_CONTEXT(2) 
PARAMETRIC_REPRESENTATION_CONTEXT() REPRESENTATION_CONTEXT('2D SPACE',''
  ) );
#3707 = ADVANCED_FACE('',(#3708),#1198,.F.);
#3708 = FACE_BOUND('',#3709,.F.);
#3709 = EDGE_LOOP('',(#3710,#3711,#3732,#3733));
#3710 = ORIENTED_EDGE('',*,*,#1179,.F.);
#3711 = ORIENTED_EDGE('',*,*,#3712,.T.);
#3712 = EDGE_CURVE('',#1154,#2774,#3713,.T.);
#3713 = SURFACE_CURVE('',#3714,(#3718,#3725),.PCURVE_S1.);
#3714 = LINE('',#3715,#3716);
#3715 = CARTESIAN_POINT('',(15.899999998958,0.,-1.));
#3716 = VECTOR('',#3717,1.);
#3717 = DIRECTION('',(0.,0.,1.));
#3718 = PCURVE('',#1198,#3719);
#3719 = DEFINITIONAL_REPRESENTATION('',(#3720),#3724);
#3720 = LINE('',#3721,#3722);
#3721 = CARTESIAN_POINT('',(4.712388980385,0.));
#3722 = VECTOR('',#3723,1.);
#3723 = DIRECTION('',(0.,-1.));
#3724 = ( GEOMETRIC_REPRESENTATION_CONTEXT(2) 
PARAMETRIC_REPRESENTATION_CONTEXT() REPRESENTATION_CONTEXT('2D SPACE',''
  ) );
#3725 = PCURVE('',#1168,#3726);
#3726 = DEFINITIONAL_REPRESENTATION('',(#3727),#3731);
#3727 = LINE('',#3728,#3729);
#3728 = CARTESIAN_POINT('',(1.665334536938E-16,0.));
#3729 = VECTOR('',#3730,1.);
#3730 = DIRECTION('',(0.,-1.));
#3731 = ( GEOMETRIC_REPRESENTATION_CONTEXT(2) 
PARAMETRIC_REPRESENTATION_CONTEXT() REPRESENTATION_CONTEXT('2D SPACE',''
  ) );
#3732 = ORIENTED_EDGE('',*,*,#2794,.T.);
#3733 = ORIENTED_EDGE('',*,*,#3665,.F.);
#3734 = ADVANCED_FACE('',(#3735),#1168,.T.);
#3735 = FACE_BOUND('',#3736,.T.);
#3736 = EDGE_LOOP('',(#3737,#3738,#3739,#3740));
#3737 = ORIENTED_EDGE('',*,*,#1153,.T.);
#3738 = ORIENTED_EDGE('',*,*,#3712,.T.);
#3739 = ORIENTED_EDGE('',*,*,#2773,.F.);
#3740 = ORIENTED_EDGE('',*,*,#3741,.F.);
#3741 = EDGE_CURVE('',#1121,#2746,#3742,.T.);
#3742 = SURFACE_CURVE('',#3743,(#3747,#3754),.PCURVE_S1.);
#3743 = LINE('',#3744,#3745);
#3744 = CARTESIAN_POINT('',(16.099999989112,0.,-1.));
#3745 = VECTOR('',#3746,1.);
#3746 = DIRECTION('',(0.,0.,1.));
#3747 = PCURVE('',#1168,#3748);
#3748 = DEFINITIONAL_REPRESENTATION('',(#3749),#3753);
#3749 = LINE('',#3750,#3751);
#3750 = CARTESIAN_POINT('',(0.199999990154,0.));
#3751 = VECTOR('',#3752,1.);
#3752 = DIRECTION('',(0.,-1.));
#3753 = ( GEOMETRIC_REPRESENTATION_CONTEXT(2) 
PARAMETRIC_REPRESENTATION_CONTEXT() REPRESENTATION_CONTEXT('2D SPACE',''
  ) );
#3754 = PCURVE('',#1141,#3755);
#3755 = DEFINITIONAL_REPRESENTATION('',(#3756),#3760);
#3756 = LINE('',#3757,#3758);
#3757 = CARTESIAN_POINT('',(4.712388980385,0.));
#3758 = VECTOR('',#3759,1.);
#3759 = DIRECTION('',(0.,-1.));
#3760 = ( GEOMETRIC_REPRESENTATION_CONTEXT(2) 
PARAMETRIC_REPRESENTATION_CONTEXT() REPRESENTATION_CONTEXT('2D SPACE',''
  ) );
#3761 = ADVANCED_FACE('',(#3762),#1141,.F.);
#3762 = FACE_BOUND('',#3763,.F.);
#3763 = EDGE_LOOP('',(#3764,#3765,#3786,#3787));
#3764 = ORIENTED_EDGE('',*,*,#1120,.F.);
#3765 = ORIENTED_EDGE('',*,*,#3766,.T.);
#3766 = EDGE_CURVE('',#1095,#2725,#3767,.T.);
#3767 = SURFACE_CURVE('',#3768,(#3772,#3779),.PCURVE_S1.);
#3768 = LINE('',#3769,#3770);
#3769 = CARTESIAN_POINT('',(16.999999995077,0.9,-1.));
#3770 = VECTOR('',#3771,1.);
#3771 = DIRECTION('',(0.,0.,1.));
#3772 = PCURVE('',#1141,#3773);
#3773 = DEFINITIONAL_REPRESENTATION('',(#3774),#3778);
#3774 = LINE('',#3775,#3776);
#3775 = CARTESIAN_POINT('',(3.14159265359,0.));
#3776 = VECTOR('',#3777,1.);
#3777 = DIRECTION('',(0.,-1.));
#3778 = ( GEOMETRIC_REPRESENTATION_CONTEXT(2) 
PARAMETRIC_REPRESENTATION_CONTEXT() REPRESENTATION_CONTEXT('2D SPACE',''
  ) );
#3779 = PCURVE('',#1109,#3780);
#3780 = DEFINITIONAL_REPRESENTATION('',(#3781),#3785);
#3781 = LINE('',#3782,#3783);
#3782 = CARTESIAN_POINT('',(0.,0.));
#3783 = VECTOR('',#3784,1.);
#3784 = DIRECTION('',(0.,-1.));
#3785 = ( GEOMETRIC_REPRESENTATION_CONTEXT(2) 
PARAMETRIC_REPRESENTATION_CONTEXT() REPRESENTATION_CONTEXT('2D SPACE',''
  ) );
#3786 = ORIENTED_EDGE('',*,*,#2745,.T.);
#3787 = ORIENTED_EDGE('',*,*,#3741,.F.);
#3788 = ADVANCED_FACE('',(#3789),#1109,.T.);
#3789 = FACE_BOUND('',#3790,.T.);
#3790 = EDGE_LOOP('',(#3791,#3792,#3793,#3794));
#3791 = ORIENTED_EDGE('',*,*,#1094,.T.);
#3792 = ORIENTED_EDGE('',*,*,#3766,.T.);
#3793 = ORIENTED_EDGE('',*,*,#2724,.F.);
#3794 = ORIENTED_EDGE('',*,*,#3795,.F.);
#3795 = EDGE_CURVE('',#1062,#2697,#3796,.T.);
#3796 = SURFACE_CURVE('',#3797,(#3801,#3808),.PCURVE_S1.);
#3797 = LINE('',#3798,#3799);
#3798 = CARTESIAN_POINT('',(16.999999995077,9.1,-1.));
#3799 = VECTOR('',#3800,1.);
#3800 = DIRECTION('',(0.,0.,1.));
#3801 = PCURVE('',#1109,#3802);
#3802 = DEFINITIONAL_REPRESENTATION('',(#3803),#3807);
#3803 = LINE('',#3804,#3805);
#3804 = CARTESIAN_POINT('',(8.2,0.));
#3805 = VECTOR('',#3806,1.);
#3806 = DIRECTION('',(0.,-1.));
#3807 = ( GEOMETRIC_REPRESENTATION_CONTEXT(2) 
PARAMETRIC_REPRESENTATION_CONTEXT() REPRESENTATION_CONTEXT('2D SPACE',''
  ) );
#3808 = PCURVE('',#1082,#3809);
#3809 = DEFINITIONAL_REPRESENTATION('',(#3810),#3814);
#3810 = LINE('',#3811,#3812);
#3811 = CARTESIAN_POINT('',(3.14159265359,0.));
#3812 = VECTOR('',#3813,1.);
#3813 = DIRECTION('',(0.,-1.));
#3814 = ( GEOMETRIC_REPRESENTATION_CONTEXT(2) 
PARAMETRIC_REPRESENTATION_CONTEXT() REPRESENTATION_CONTEXT('2D SPACE',''
  ) );
#3815 = ADVANCED_FACE('',(#3816),#1082,.F.);
#3816 = FACE_BOUND('',#3817,.F.);
#3817 = EDGE_LOOP('',(#3818,#3819,#3840,#3841));
#3818 = ORIENTED_EDGE('',*,*,#1061,.F.);
#3819 = ORIENTED_EDGE('',*,*,#3820,.T.);
#3820 = EDGE_CURVE('',#1036,#2676,#3821,.T.);
#3821 = SURFACE_CURVE('',#3822,(#3826,#3833),.PCURVE_S1.);
#3822 = LINE('',#3823,#3824);
#3823 = CARTESIAN_POINT('',(16.099999989112,10.,-1.));
#3824 = VECTOR('',#3825,1.);
#3825 = DIRECTION('',(0.,0.,1.));
#3826 = PCURVE('',#1082,#3827);
#3827 = DEFINITIONAL_REPRESENTATION('',(#3828),#3832);
#3828 = LINE('',#3829,#3830);
#3829 = CARTESIAN_POINT('',(1.570796326795,0.));
#3830 = VECTOR('',#3831,1.);
#3831 = DIRECTION('',(0.,-1.));
#3832 = ( GEOMETRIC_REPRESENTATION_CONTEXT(2) 
PARAMETRIC_REPRESENTATION_CONTEXT() REPRESENTATION_CONTEXT('2D SPACE',''
  ) );
#3833 = PCURVE('',#1050,#3834);
#3834 = DEFINITIONAL_REPRESENTATION('',(#3835),#3839);
#3835 = LINE('',#3836,#3837);
#3836 = CARTESIAN_POINT('',(0.199999990154,0.));
#3837 = VECTOR('',#3838,1.);
#3838 = DIRECTION('',(0.,-1.));
#3839 = ( GEOMETRIC_REPRESENTATION_CONTEXT(2) 
PARAMETRIC_REPRESENTATION_CONTEXT() REPRESENTATION_CONTEXT('2D SPACE',''
  ) );
#3840 = ORIENTED_EDGE('',*,*,#2696,.T.);
#3841 = ORIENTED_EDGE('',*,*,#3795,.F.);
#3842 = ADVANCED_FACE('',(#3843),#1050,.F.);
#3843 = FACE_BOUND('',#3844,.F.);
#3844 = EDGE_LOOP('',(#3845,#3846,#3867,#3868));
#3845 = ORIENTED_EDGE('',*,*,#1035,.T.);
#3846 = ORIENTED_EDGE('',*,*,#3847,.T.);
#3847 = EDGE_CURVE('',#1003,#2648,#3848,.T.);
#3848 = SURFACE_CURVE('',#3849,(#3853,#3860),.PCURVE_S1.);
#3849 = LINE('',#3850,#3851);
#3850 = CARTESIAN_POINT('',(15.899999998958,10.,-1.));
#3851 = VECTOR('',#3852,1.);
#3852 = DIRECTION('',(0.,0.,1.));
#3853 = PCURVE('',#1050,#3854);
#3854 = DEFINITIONAL_REPRESENTATION('',(#3855),#3859);
#3855 = LINE('',#3856,#3857);
#3856 = CARTESIAN_POINT('',(-5.551115123126E-17,0.));
#3857 = VECTOR('',#3858,1.);
#3858 = DIRECTION('',(0.,-1.));
#3859 = ( GEOMETRIC_REPRESENTATION_CONTEXT(2) 
PARAMETRIC_REPRESENTATION_CONTEXT() REPRESENTATION_CONTEXT('2D SPACE',''
  ) );
#3860 = PCURVE('',#1023,#3861);
#3861 = DEFINITIONAL_REPRESENTATION('',(#3862),#3866);
#3862 = LINE('',#3863,#3864);
#3863 = CARTESIAN_POINT('',(1.570796326795,0.));
#3864 = VECTOR('',#3865,1.);
#3865 = DIRECTION('',(0.,-1.));
#3866 = ( GEOMETRIC_REPRESENTATION_CONTEXT(2) 
PARAMETRIC_REPRESENTATION_CONTEXT() REPRESENTATION_CONTEXT('2D SPACE',''
  ) );
#3867 = ORIENTED_EDGE('',*,*,#2675,.F.);
#3868 = ORIENTED_EDGE('',*,*,#3820,.F.);
#3869 = ADVANCED_FACE('',(#3870),#1023,.F.);
#3870 = FACE_BOUND('',#3871,.F.);
#3871 = EDGE_LOOP('',(#3872,#3873,#3874,#3875));
#3872 = ORIENTED_EDGE('',*,*,#1002,.F.);
#3873 = ORIENTED_EDGE('',*,*,#3687,.T.);
#3874 = ORIENTED_EDGE('',*,*,#2647,.T.);
#3875 = ORIENTED_EDGE('',*,*,#3847,.F.);
#3876 = ADVANCED_FACE('',(#3877),#1309,.T.);
#3877 = FACE_BOUND('',#3878,.T.);
#3878 = EDGE_LOOP('',(#3879,#3880,#3881,#3909));
#3879 = ORIENTED_EDGE('',*,*,#1288,.F.);
#3880 = ORIENTED_EDGE('',*,*,#3040,.F.);
#3881 = ORIENTED_EDGE('',*,*,#3882,.T.);
#3882 = EDGE_CURVE('',#3041,#3883,#3885,.T.);
#3883 = VERTEX_POINT('',#3884);
#3884 = CARTESIAN_POINT('',(-15.75125027486,-17.81124966406,4.5));
#3885 = SURFACE_CURVE('',#3886,(#3891,#3898),.PCURVE_S1.);
#3886 = CIRCLE('',#3887,14.7);
#3887 = AXIS2_PLACEMENT_3D('',#3888,#3889,#3890);
#3888 = CARTESIAN_POINT('',(-7.,-6.,4.5));
#3889 = DIRECTION('',(0.,0.,-1.));
#3890 = DIRECTION('',(-1.,0.,0.));
#3891 = PCURVE('',#1309,#3892);
#3892 = DEFINITIONAL_REPRESENTATION('',(#3893),#3897);
#3893 = LINE('',#3894,#3895);
#3894 = CARTESIAN_POINT('',(0.,-2.5));
#3895 = VECTOR('',#3896,1.);
#3896 = DIRECTION('',(1.,0.));
#3897 = ( GEOMETRIC_REPRESENTATION_CONTEXT(2) 
PARAMETRIC_REPRESENTATION_CONTEXT() REPRESENTATION_CONTEXT('2D SPACE',''
  ) );
#3898 = PCURVE('',#3076,#3899);
#3899 = DEFINITIONAL_REPRESENTATION('',(#3900),#3908);
#3900 = ( BOUNDED_CURVE() B_SPLINE_CURVE(2,(#3901,#3902,#3903,#3904,
#3905,#3906,#3907),.UNSPECIFIED.,.T.,.F.) B_SPLINE_CURVE_WITH_KNOTS((1,2
    ,2,2,2,1),(-2.094395102393,0.,2.094395102393,4.188790204786,
6.28318530718,8.377580409573),.UNSPECIFIED.) CURVE() 
GEOMETRIC_REPRESENTATION_ITEM() RATIONAL_B_SPLINE_CURVE((1.,0.5,1.,0.5,
1.,0.5,1.)) REPRESENTATION_ITEM('') );
#3901 = CARTESIAN_POINT('',(-21.69999999461,-6.000000003024));
#3902 = CARTESIAN_POINT('',(-21.69999999461,19.461146868239));
#3903 = CARTESIAN_POINT('',(0.350000005388,6.730573432608));
#3904 = CARTESIAN_POINT('',(22.400000005388,-6.000000003024));
#3905 = CARTESIAN_POINT('',(0.350000005388,-18.73057343865));
#3906 = CARTESIAN_POINT('',(-21.69999999461,-31.46114687428));
#3907 = CARTESIAN_POINT('',(-21.69999999461,-6.000000003024));
#3908 = ( GEOMETRIC_REPRESENTATION_CONTEXT(2) 
PARAMETRIC_REPRESENTATION_CONTEXT() REPRESENTATION_CONTEXT('2D SPACE',''
  ) );
#3909 = ORIENTED_EDGE('',*,*,#3910,.T.);
#3910 = EDGE_CURVE('',#3883,#1289,#3911,.T.);
#3911 = SURFACE_CURVE('',#3912,(#3916,#3922),.PCURVE_S1.);
#3912 = LINE('',#3913,#3914);
#3913 = CARTESIAN_POINT('',(-15.75125027486,-17.81124966406,2.));
#3914 = VECTOR('',#3915,1.);
#3915 = DIRECTION('',(0.,0.,-1.));
#3916 = PCURVE('',#1309,#3917);
#3917 = DEFINITIONAL_REPRESENTATION('',(#3918),#3921);
#3918 = B_SPLINE_CURVE_WITH_KNOTS('',1,(#3919,#3920),.UNSPECIFIED.,.F.,
  .F.,(2,2),(-2.5000006,5.999999999062E-07),.PIECEWISE_BEZIER_KNOTS.);
#3919 = CARTESIAN_POINT('',(5.350056751432,-2.5000006));
#3920 = CARTESIAN_POINT('',(5.350056751432,5.999999999062E-07));
#3921 = ( GEOMETRIC_REPRESENTATION_CONTEXT(2) 
PARAMETRIC_REPRESENTATION_CONTEXT() REPRESENTATION_CONTEXT('2D SPACE',''
  ) );
#3922 = PCURVE('',#1338,#3923);
#3923 = DEFINITIONAL_REPRESENTATION('',(#3924),#3927);
#3924 = B_SPLINE_CURVE_WITH_KNOTS('',1,(#3925,#3926),.UNSPECIFIED.,.F.,
  .F.,(2,2),(-2.5000006,5.999999999062E-07),.PIECEWISE_BEZIER_KNOTS.);
#3925 = CARTESIAN_POINT('',(5.387075694283,2.5000006));
#3926 = CARTESIAN_POINT('',(5.387075694283,-5.999999999062E-07));
#3927 = ( GEOMETRIC_REPRESENTATION_CONTEXT(2) 
PARAMETRIC_REPRESENTATION_CONTEXT() REPRESENTATION_CONTEXT('2D SPACE',''
  ) );
#3928 = ADVANCED_FACE('',(#3929),#1338,.F.);
#3929 = FACE_BOUND('',#3930,.F.);
#3930 = EDGE_LOOP('',(#3931,#3932,#3953,#3975));
#3931 = ORIENTED_EDGE('',*,*,#1321,.T.);
#3932 = ORIENTED_EDGE('',*,*,#3933,.F.);
#3933 = EDGE_CURVE('',#3934,#1322,#3936,.T.);
#3934 = VERTEX_POINT('',#3935);
#3935 = CARTESIAN_POINT('',(-14.79988827114,-16.64902544638,4.5));
#3936 = SURFACE_CURVE('',#3937,(#3941,#3947),.PCURVE_S1.);
#3937 = LINE('',#3938,#3939);
#3938 = CARTESIAN_POINT('',(-14.79988827114,-16.64902544638,2.));
#3939 = VECTOR('',#3940,1.);
#3940 = DIRECTION('',(0.,0.,-1.));
#3941 = PCURVE('',#1338,#3942);
#3942 = DEFINITIONAL_REPRESENTATION('',(#3943),#3946);
#3943 = B_SPLINE_CURVE_WITH_KNOTS('',1,(#3944,#3945),.UNSPECIFIED.,.F.,
  .F.,(2,2),(-2.5000006,5.999999999062E-07),.PIECEWISE_BEZIER_KNOTS.);
#3944 = CARTESIAN_POINT('',(5.807370807544,2.5000006));
#3945 = CARTESIAN_POINT('',(5.807370807544,-5.999999999062E-07));
#3946 = ( GEOMETRIC_REPRESENTATION_CONTEXT(2) 
PARAMETRIC_REPRESENTATION_CONTEXT() REPRESENTATION_CONTEXT('2D SPACE',''
  ) );
#3947 = PCURVE('',#1371,#3948);
#3948 = DEFINITIONAL_REPRESENTATION('',(#3949),#3952);
#3949 = B_SPLINE_CURVE_WITH_KNOTS('',1,(#3950,#3951),.UNSPECIFIED.,.F.,
  .F.,(2,2),(-2.5000006,5.999999999062E-07),.PIECEWISE_BEZIER_KNOTS.);
#3950 = CARTESIAN_POINT('',(5.344563737092,-2.5000006));
#3951 = CARTESIAN_POINT('',(5.344563737092,5.999999999062E-07));
#3952 = ( GEOMETRIC_REPRESENTATION_CONTEXT(2) 
PARAMETRIC_REPRESENTATION_CONTEXT() REPRESENTATION_CONTEXT('2D SPACE',''
  ) );
#3953 = ORIENTED_EDGE('',*,*,#3954,.F.);
#3954 = EDGE_CURVE('',#3883,#3934,#3955,.T.);
#3955 = SURFACE_CURVE('',#3956,(#3961,#3968),.PCURVE_S1.);
#3956 = CIRCLE('',#3957,3.6);
#3957 = AXIS2_PLACEMENT_3D('',#3958,#3959,#3960);
#3958 = CARTESIAN_POINT('',(-18.,-15.,4.5));
#3959 = DIRECTION('',(0.,0.,1.));
#3960 = DIRECTION('',(1.,0.,-0.));
#3961 = PCURVE('',#1338,#3962);
#3962 = DEFINITIONAL_REPRESENTATION('',(#3963),#3967);
#3963 = LINE('',#3964,#3965);
#3964 = CARTESIAN_POINT('',(0.,2.5));
#3965 = VECTOR('',#3966,1.);
#3966 = DIRECTION('',(1.,0.));
#3967 = ( GEOMETRIC_REPRESENTATION_CONTEXT(2) 
PARAMETRIC_REPRESENTATION_CONTEXT() REPRESENTATION_CONTEXT('2D SPACE',''
  ) );
#3968 = PCURVE('',#3076,#3969);
#3969 = DEFINITIONAL_REPRESENTATION('',(#3970),#3974);
#3970 = CIRCLE('',#3971,3.6);
#3971 = AXIS2_PLACEMENT_2D('',#3972,#3973);
#3972 = CARTESIAN_POINT('',(-17.99999999461,-15.00000000302));
#3973 = DIRECTION('',(1.,0.));
#3974 = ( GEOMETRIC_REPRESENTATION_CONTEXT(2) 
PARAMETRIC_REPRESENTATION_CONTEXT() REPRESENTATION_CONTEXT('2D SPACE',''
  ) );
#3975 = ORIENTED_EDGE('',*,*,#3910,.T.);
#3976 = ADVANCED_FACE('',(#3977),#1371,.F.);
#3977 = FACE_BOUND('',#3978,.F.);
#3978 = EDGE_LOOP('',(#3979,#3980,#3981,#4007));
#3979 = ORIENTED_EDGE('',*,*,#1350,.F.);
#3980 = ORIENTED_EDGE('',*,*,#3087,.F.);
#3981 = ORIENTED_EDGE('',*,*,#3982,.T.);
#3982 = EDGE_CURVE('',#3062,#3934,#3983,.T.);
#3983 = SURFACE_CURVE('',#3984,(#3989,#3996),.PCURVE_S1.);
#3984 = CIRCLE('',#3985,13.2);
#3985 = AXIS2_PLACEMENT_3D('',#3986,#3987,#3988);
#3986 = CARTESIAN_POINT('',(-7.,-6.,4.5));
#3987 = DIRECTION('',(0.,0.,-1.));
#3988 = DIRECTION('',(-1.,0.,0.));
#3989 = PCURVE('',#1371,#3990);
#3990 = DEFINITIONAL_REPRESENTATION('',(#3991),#3995);
#3991 = LINE('',#3992,#3993);
#3992 = CARTESIAN_POINT('',(0.,-2.5));
#3993 = VECTOR('',#3994,1.);
#3994 = DIRECTION('',(1.,0.));
#3995 = ( GEOMETRIC_REPRESENTATION_CONTEXT(2) 
PARAMETRIC_REPRESENTATION_CONTEXT() REPRESENTATION_CONTEXT('2D SPACE',''
  ) );
#3996 = PCURVE('',#3076,#3997);
#3997 = DEFINITIONAL_REPRESENTATION('',(#3998),#4006);
#3998 = ( BOUNDED_CURVE() B_SPLINE_CURVE(2,(#3999,#4000,#4001,#4002,
#4003,#4004,#4005),.UNSPECIFIED.,.T.,.F.) B_SPLINE_CURVE_WITH_KNOTS((1,2
    ,2,2,2,1),(-2.094395102393,0.,2.094395102393,4.188790204786,
6.28318530718,8.377580409573),.UNSPECIFIED.) CURVE() 
GEOMETRIC_REPRESENTATION_ITEM() RATIONAL_B_SPLINE_CURVE((1.,0.5,1.,0.5,
1.,0.5,1.)) REPRESENTATION_ITEM('') );
#3999 = CARTESIAN_POINT('',(-20.19999999461,-6.000000003024));
#4000 = CARTESIAN_POINT('',(-20.19999999461,16.863070656886));
#4001 = CARTESIAN_POINT('',(-0.399999994612,5.431535326931));
#4002 = CARTESIAN_POINT('',(19.400000005388,-6.000000003024));
#4003 = CARTESIAN_POINT('',(-0.399999994612,-17.43153533297));
#4004 = CARTESIAN_POINT('',(-20.19999999461,-28.86307066293));
#4005 = CARTESIAN_POINT('',(-20.19999999461,-6.000000003024));
#4006 = ( GEOMETRIC_REPRESENTATION_CONTEXT(2) 
PARAMETRIC_REPRESENTATION_CONTEXT() REPRESENTATION_CONTEXT('2D SPACE',''
  ) );
#4007 = ORIENTED_EDGE('',*,*,#3933,.T.);
#4008 = ADVANCED_FACE('',(#4009),#1588,.T.);
#4009 = FACE_BOUND('',#4010,.T.);
#4010 = EDGE_LOOP('',(#4011,#4012,#4033,#4059));
#4011 = ORIENTED_EDGE('',*,*,#1567,.F.);
#4012 = ORIENTED_EDGE('',*,*,#4013,.F.);
#4013 = EDGE_CURVE('',#4014,#1539,#4016,.T.);
#4014 = VERTEX_POINT('',#4015);
#4015 = CARTESIAN_POINT('',(15.751250262412,-17.8112496541,4.5));
#4016 = SURFACE_CURVE('',#4017,(#4021,#4027),.PCURVE_S1.);
#4017 = LINE('',#4018,#4019);
#4018 = CARTESIAN_POINT('',(15.751250262412,-17.8112496541,2.));
#4019 = VECTOR('',#4020,1.);
#4020 = DIRECTION('',(0.,0.,-1.));
#4021 = PCURVE('',#1588,#4022);
#4022 = DEFINITIONAL_REPRESENTATION('',(#4023),#4026);
#4023 = B_SPLINE_CURVE_WITH_KNOTS('',1,(#4024,#4025),.UNSPECIFIED.,.F.,
  .F.,(2,2),(-2.5000006,5.999999999062E-07),.PIECEWISE_BEZIER_KNOTS.);
#4024 = CARTESIAN_POINT('',(4.074721208199,-2.5000006));
#4025 = CARTESIAN_POINT('',(4.074721208199,5.999999999062E-07));
#4026 = ( GEOMETRIC_REPRESENTATION_CONTEXT(2) 
PARAMETRIC_REPRESENTATION_CONTEXT() REPRESENTATION_CONTEXT('2D SPACE',''
  ) );
#4027 = PCURVE('',#1555,#4028);
#4028 = DEFINITIONAL_REPRESENTATION('',(#4029),#4032);
#4029 = B_SPLINE_CURVE_WITH_KNOTS('',1,(#4030,#4031),.UNSPECIFIED.,.F.,
  .F.,(2,2),(-2.5000006,5.999999999062E-07),.PIECEWISE_BEZIER_KNOTS.);
#4030 = CARTESIAN_POINT('',(4.037702262059,2.5000006));
#4031 = CARTESIAN_POINT('',(4.037702262059,-5.999999999062E-07));
#4032 = ( GEOMETRIC_REPRESENTATION_CONTEXT(2) 
PARAMETRIC_REPRESENTATION_CONTEXT() REPRESENTATION_CONTEXT('2D SPACE',''
  ) );
#4033 = ORIENTED_EDGE('',*,*,#4034,.T.);
#4034 = EDGE_CURVE('',#4014,#3324,#4035,.T.);
#4035 = SURFACE_CURVE('',#4036,(#4041,#4048),.PCURVE_S1.);
#4036 = CIRCLE('',#4037,14.7);
#4037 = AXIS2_PLACEMENT_3D('',#4038,#4039,#4040);
#4038 = CARTESIAN_POINT('',(6.999999974113,-6.,4.5));
#4039 = DIRECTION('',(0.,0.,-1.));
#4040 = DIRECTION('',(-1.,0.,0.));
#4041 = PCURVE('',#1588,#4042);
#4042 = DEFINITIONAL_REPRESENTATION('',(#4043),#4047);
#4043 = LINE('',#4044,#4045);
#4044 = CARTESIAN_POINT('',(0.,-2.5));
#4045 = VECTOR('',#4046,1.);
#4046 = DIRECTION('',(1.,0.));
#4047 = ( GEOMETRIC_REPRESENTATION_CONTEXT(2) 
PARAMETRIC_REPRESENTATION_CONTEXT() REPRESENTATION_CONTEXT('2D SPACE',''
  ) );
#4048 = PCURVE('',#3359,#4049);
#4049 = DEFINITIONAL_REPRESENTATION('',(#4050),#4058);
#4050 = ( BOUNDED_CURVE() B_SPLINE_CURVE(2,(#4051,#4052,#4053,#4054,
#4055,#4056,#4057),.UNSPECIFIED.,.T.,.F.) B_SPLINE_CURVE_WITH_KNOTS((1,2
    ,2,2,2,1),(-2.094395102393,0.,2.094395102393,4.188790204786,
6.28318530718,8.377580409573),.UNSPECIFIED.) CURVE() 
GEOMETRIC_REPRESENTATION_ITEM() RATIONAL_B_SPLINE_CURVE((1.,0.5,1.,0.5,
1.,0.5,1.)) REPRESENTATION_ITEM('') );
#4051 = CARTESIAN_POINT('',(-7.700000020499,-6.000000003024));
#4052 = CARTESIAN_POINT('',(-7.700000020499,19.461146868239));
#4053 = CARTESIAN_POINT('',(14.349999979501,6.730573432608));
#4054 = CARTESIAN_POINT('',(36.399999979501,-6.000000003024));
#4055 = CARTESIAN_POINT('',(14.349999979501,-18.73057343865));
#4056 = CARTESIAN_POINT('',(-7.700000020499,-31.46114687428));
#4057 = CARTESIAN_POINT('',(-7.700000020499,-6.000000003024));
#4058 = ( GEOMETRIC_REPRESENTATION_CONTEXT(2) 
PARAMETRIC_REPRESENTATION_CONTEXT() REPRESENTATION_CONTEXT('2D SPACE',''
  ) );
#4059 = ORIENTED_EDGE('',*,*,#3323,.T.);
#4060 = ADVANCED_FACE('',(#4061),#1555,.F.);
#4061 = FACE_BOUND('',#4062,.F.);
#4062 = EDGE_LOOP('',(#4063,#4064,#4065,#4089));
#4063 = ORIENTED_EDGE('',*,*,#1538,.T.);
#4064 = ORIENTED_EDGE('',*,*,#4013,.F.);
#4065 = ORIENTED_EDGE('',*,*,#4066,.F.);
#4066 = EDGE_CURVE('',#4067,#4014,#4069,.T.);
#4067 = VERTEX_POINT('',#4068);
#4068 = CARTESIAN_POINT('',(14.799888271141,-16.64902544638,4.5));
#4069 = SURFACE_CURVE('',#4070,(#4075,#4082),.PCURVE_S1.);
#4070 = CIRCLE('',#4071,3.6);
#4071 = AXIS2_PLACEMENT_3D('',#4072,#4073,#4074);
#4072 = CARTESIAN_POINT('',(18.,-15.,4.5));
#4073 = DIRECTION('',(0.,0.,1.));
#4074 = DIRECTION('',(1.,0.,-0.));
#4075 = PCURVE('',#1555,#4076);
#4076 = DEFINITIONAL_REPRESENTATION('',(#4077),#4081);
#4077 = LINE('',#4078,#4079);
#4078 = CARTESIAN_POINT('',(0.,2.5));
#4079 = VECTOR('',#4080,1.);
#4080 = DIRECTION('',(1.,0.));
#4081 = ( GEOMETRIC_REPRESENTATION_CONTEXT(2) 
PARAMETRIC_REPRESENTATION_CONTEXT() REPRESENTATION_CONTEXT('2D SPACE',''
  ) );
#4082 = PCURVE('',#3359,#4083);
#4083 = DEFINITIONAL_REPRESENTATION('',(#4084),#4088);
#4084 = CIRCLE('',#4085,3.6);
#4085 = AXIS2_PLACEMENT_2D('',#4086,#4087);
#4086 = CARTESIAN_POINT('',(18.000000005388,-15.00000000302));
#4087 = DIRECTION('',(1.,0.));
#4088 = ( GEOMETRIC_REPRESENTATION_CONTEXT(2) 
PARAMETRIC_REPRESENTATION_CONTEXT() REPRESENTATION_CONTEXT('2D SPACE',''
  ) );
#4089 = ORIENTED_EDGE('',*,*,#4090,.T.);
#4090 = EDGE_CURVE('',#4067,#1506,#4091,.T.);
#4091 = SURFACE_CURVE('',#4092,(#4096,#4102),.PCURVE_S1.);
#4092 = LINE('',#4093,#4094);
#4093 = CARTESIAN_POINT('',(14.799888271141,-16.64902544638,2.));
#4094 = VECTOR('',#4095,1.);
#4095 = DIRECTION('',(0.,0.,-1.));
#4096 = PCURVE('',#1555,#4097);
#4097 = DEFINITIONAL_REPRESENTATION('',(#4098),#4101);
#4098 = B_SPLINE_CURVE_WITH_KNOTS('',1,(#4099,#4100),.UNSPECIFIED.,.F.,
  .F.,(2,2),(-2.5000006,5.999999999062E-07),.PIECEWISE_BEZIER_KNOTS.);
#4099 = CARTESIAN_POINT('',(3.617407153226,2.5000006));
#4100 = CARTESIAN_POINT('',(3.617407153226,-5.999999999062E-07));
#4101 = ( GEOMETRIC_REPRESENTATION_CONTEXT(2) 
PARAMETRIC_REPRESENTATION_CONTEXT() REPRESENTATION_CONTEXT('2D SPACE',''
  ) );
#4102 = PCURVE('',#1526,#4103);
#4103 = DEFINITIONAL_REPRESENTATION('',(#4104),#4107);
#4104 = B_SPLINE_CURVE_WITH_KNOTS('',1,(#4105,#4106),.UNSPECIFIED.,.F.,
  .F.,(2,2),(-2.5000006,5.999999999062E-07),.PIECEWISE_BEZIER_KNOTS.);
#4105 = CARTESIAN_POINT('',(4.080214223677,-2.5000006));
#4106 = CARTESIAN_POINT('',(4.080214223677,5.999999999062E-07));
#4107 = ( GEOMETRIC_REPRESENTATION_CONTEXT(2) 
PARAMETRIC_REPRESENTATION_CONTEXT() REPRESENTATION_CONTEXT('2D SPACE',''
  ) );
#4108 = ADVANCED_FACE('',(#4109),#1526,.F.);
#4109 = FACE_BOUND('',#4110,.F.);
#4110 = EDGE_LOOP('',(#4111,#4112,#4113,#4139));
#4111 = ORIENTED_EDGE('',*,*,#1505,.F.);
#4112 = ORIENTED_EDGE('',*,*,#4090,.F.);
#4113 = ORIENTED_EDGE('',*,*,#4114,.T.);
#4114 = EDGE_CURVE('',#4067,#3345,#4115,.T.);
#4115 = SURFACE_CURVE('',#4116,(#4121,#4128),.PCURVE_S1.);
#4116 = CIRCLE('',#4117,13.2);
#4117 = AXIS2_PLACEMENT_3D('',#4118,#4119,#4120);
#4118 = CARTESIAN_POINT('',(7.,-6.,4.5));
#4119 = DIRECTION('',(0.,0.,-1.));
#4120 = DIRECTION('',(-1.,0.,0.));
#4121 = PCURVE('',#1526,#4122);
#4122 = DEFINITIONAL_REPRESENTATION('',(#4123),#4127);
#4123 = LINE('',#4124,#4125);
#4124 = CARTESIAN_POINT('',(0.,-2.5));
#4125 = VECTOR('',#4126,1.);
#4126 = DIRECTION('',(1.,0.));
#4127 = ( GEOMETRIC_REPRESENTATION_CONTEXT(2) 
PARAMETRIC_REPRESENTATION_CONTEXT() REPRESENTATION_CONTEXT('2D SPACE',''
  ) );
#4128 = PCURVE('',#3359,#4129);
#4129 = DEFINITIONAL_REPRESENTATION('',(#4130),#4138);
#4130 = ( BOUNDED_CURVE() B_SPLINE_CURVE(2,(#4131,#4132,#4133,#4134,
#4135,#4136,#4137),.UNSPECIFIED.,.T.,.F.) B_SPLINE_CURVE_WITH_KNOTS((1,2
    ,2,2,2,1),(-2.094395102393,0.,2.094395102393,4.188790204786,
6.28318530718,8.377580409573),.UNSPECIFIED.) CURVE() 
GEOMETRIC_REPRESENTATION_ITEM() RATIONAL_B_SPLINE_CURVE((1.,0.5,1.,0.5,
1.,0.5,1.)) REPRESENTATION_ITEM('') );
#4131 = CARTESIAN_POINT('',(-6.199999994612,-6.000000003024));
#4132 = CARTESIAN_POINT('',(-6.199999994612,16.863070656886));
#4133 = CARTESIAN_POINT('',(13.600000005388,5.431535326931));
#4134 = CARTESIAN_POINT('',(33.400000005388,-6.000000003024));
#4135 = CARTESIAN_POINT('',(13.600000005388,-17.43153533297));
#4136 = CARTESIAN_POINT('',(-6.199999994612,-28.86307066293));
#4137 = CARTESIAN_POINT('',(-6.199999994612,-6.000000003024));
#4138 = ( GEOMETRIC_REPRESENTATION_CONTEXT(2) 
PARAMETRIC_REPRESENTATION_CONTEXT() REPRESENTATION_CONTEXT('2D SPACE',''
  ) );
#4139 = ORIENTED_EDGE('',*,*,#3370,.T.);
#4140 = ADVANCED_FACE('',(#4141),#2043,.F.);
#4141 = FACE_BOUND('',#4142,.F.);
#4142 = EDGE_LOOP('',(#4143,#4166,#4167,#4190));
#4143 = ORIENTED_EDGE('',*,*,#4144,.F.);
#4144 = EDGE_CURVE('',#2027,#4145,#4147,.T.);
#4145 = VERTEX_POINT('',#4146);
#4146 = CARTESIAN_POINT('',(-4.1,21.,6.2));
#4147 = SURFACE_CURVE('',#4148,(#4152,#4159),.PCURVE_S1.);
#4148 = LINE('',#4149,#4150);
#4149 = CARTESIAN_POINT('',(-4.1,21.,1.8));
#4150 = VECTOR('',#4151,1.);
#4151 = DIRECTION('',(0.,0.,1.));
#4152 = PCURVE('',#2043,#4153);
#4153 = DEFINITIONAL_REPRESENTATION('',(#4154),#4158);
#4154 = LINE('',#4155,#4156);
#4155 = CARTESIAN_POINT('',(0.,1.4));
#4156 = VECTOR('',#4157,1.);
#4157 = DIRECTION('',(1.,0.));
#4158 = ( GEOMETRIC_REPRESENTATION_CONTEXT(2) 
PARAMETRIC_REPRESENTATION_CONTEXT() REPRESENTATION_CONTEXT('2D SPACE',''
  ) );
#4159 = PCURVE('',#2119,#4160);
#4160 = DEFINITIONAL_REPRESENTATION('',(#4161),#4165);
#4161 = LINE('',#4162,#4163);
#4162 = CARTESIAN_POINT('',(0.,0.));
#4163 = VECTOR('',#4164,1.);
#4164 = DIRECTION('',(1.,0.));
#4165 = ( GEOMETRIC_REPRESENTATION_CONTEXT(2) 
PARAMETRIC_REPRESENTATION_CONTEXT() REPRESENTATION_CONTEXT('2D SPACE',''
  ) );
#4166 = ORIENTED_EDGE('',*,*,#2026,.T.);
#4167 = ORIENTED_EDGE('',*,*,#4168,.T.);
#4168 = EDGE_CURVE('',#2029,#4169,#4171,.T.);
#4169 = VERTEX_POINT('',#4170);
#4170 = CARTESIAN_POINT('',(-5.5,21.,6.2));
#4171 = SURFACE_CURVE('',#4172,(#4176,#4183),.PCURVE_S1.);
#4172 = LINE('',#4173,#4174);
#4173 = CARTESIAN_POINT('',(-5.5,21.,1.8));
#4174 = VECTOR('',#4175,1.);
#4175 = DIRECTION('',(0.,0.,1.));
#4176 = PCURVE('',#2043,#4177);
#4177 = DEFINITIONAL_REPRESENTATION('',(#4178),#4182);
#4178 = LINE('',#4179,#4180);
#4179 = CARTESIAN_POINT('',(0.,0.));
#4180 = VECTOR('',#4181,1.);
#4181 = DIRECTION('',(1.,0.));
#4182 = ( GEOMETRIC_REPRESENTATION_CONTEXT(2) 
PARAMETRIC_REPRESENTATION_CONTEXT() REPRESENTATION_CONTEXT('2D SPACE',''
  ) );
#4183 = PCURVE('',#2069,#4184);
#4184 = DEFINITIONAL_REPRESENTATION('',(#4185),#4189);
#4185 = LINE('',#4186,#4187);
#4186 = CARTESIAN_POINT('',(0.,0.));
#4187 = VECTOR('',#4188,1.);
#4188 = DIRECTION('',(1.,0.));
#4189 = ( GEOMETRIC_REPRESENTATION_CONTEXT(2) 
PARAMETRIC_REPRESENTATION_CONTEXT() REPRESENTATION_CONTEXT('2D SPACE',''
  ) );
#4190 = ORIENTED_EDGE('',*,*,#4191,.T.);
#4191 = EDGE_CURVE('',#4169,#4145,#4192,.T.);
#4192 = SURFACE_CURVE('',#4193,(#4197,#4204),.PCURVE_S1.);
#4193 = LINE('',#4194,#4195);
#4194 = CARTESIAN_POINT('',(-5.5,21.,6.2));
#4195 = VECTOR('',#4196,1.);
#4196 = DIRECTION('',(1.,0.,-0.));
#4197 = PCURVE('',#2043,#4198);
#4198 = DEFINITIONAL_REPRESENTATION('',(#4199),#4203);
#4199 = LINE('',#4200,#4201);
#4200 = CARTESIAN_POINT('',(4.4,0.));
#4201 = VECTOR('',#4202,1.);
#4202 = DIRECTION('',(0.,1.));
#4203 = ( GEOMETRIC_REPRESENTATION_CONTEXT(2) 
PARAMETRIC_REPRESENTATION_CONTEXT() REPRESENTATION_CONTEXT('2D SPACE',''
  ) );
#4204 = PCURVE('',#4205,#4210);
#4205 = PLANE('',#4206);
#4206 = AXIS2_PLACEMENT_3D('',#4207,#4208,#4209);
#4207 = CARTESIAN_POINT('',(-5.5,21.,6.2));
#4208 = DIRECTION('',(0.,0.,1.));
#4209 = DIRECTION('',(1.,0.,-0.));
#4210 = DEFINITIONAL_REPRESENTATION('',(#4211),#4215);
#4211 = LINE('',#4212,#4213);
#4212 = CARTESIAN_POINT('',(0.,0.));
#4213 = VECTOR('',#4214,1.);
#4214 = DIRECTION('',(1.,0.));
#4215 = ( GEOMETRIC_REPRESENTATION_CONTEXT(2) 
PARAMETRIC_REPRESENTATION_CONTEXT() REPRESENTATION_CONTEXT('2D SPACE',''
  ) );
#4216 = ADVANCED_FACE('',(#4217),#2119,.T.);
#4217 = FACE_BOUND('',#4218,.T.);
#4218 = EDGE_LOOP('',(#4219,#4220,#4221,#4244));
#4219 = ORIENTED_EDGE('',*,*,#4144,.F.);
#4220 = ORIENTED_EDGE('',*,*,#2106,.T.);
#4221 = ORIENTED_EDGE('',*,*,#4222,.T.);
#4222 = EDGE_CURVE('',#2081,#4223,#4225,.T.);
#4223 = VERTEX_POINT('',#4224);
#4224 = CARTESIAN_POINT('',(-4.1,22.1,6.2));
#4225 = SURFACE_CURVE('',#4226,(#4230,#4237),.PCURVE_S1.);
#4226 = LINE('',#4227,#4228);
#4227 = CARTESIAN_POINT('',(-4.1,22.1,1.8));
#4228 = VECTOR('',#4229,1.);
#4229 = DIRECTION('',(0.,0.,1.));
#4230 = PCURVE('',#2119,#4231);
#4231 = DEFINITIONAL_REPRESENTATION('',(#4232),#4236);
#4232 = LINE('',#4233,#4234);
#4233 = CARTESIAN_POINT('',(0.,-1.1));
#4234 = VECTOR('',#4235,1.);
#4235 = DIRECTION('',(1.,0.));
#4236 = ( GEOMETRIC_REPRESENTATION_CONTEXT(2) 
PARAMETRIC_REPRESENTATION_CONTEXT() REPRESENTATION_CONTEXT('2D SPACE',''
  ) );
#4237 = PCURVE('',#2095,#4238);
#4238 = DEFINITIONAL_REPRESENTATION('',(#4239),#4243);
#4239 = LINE('',#4240,#4241);
#4240 = CARTESIAN_POINT('',(0.,1.4));
#4241 = VECTOR('',#4242,1.);
#4242 = DIRECTION('',(1.,0.));
#4243 = ( GEOMETRIC_REPRESENTATION_CONTEXT(2) 
PARAMETRIC_REPRESENTATION_CONTEXT() REPRESENTATION_CONTEXT('2D SPACE',''
  ) );
#4244 = ORIENTED_EDGE('',*,*,#4245,.F.);
#4245 = EDGE_CURVE('',#4145,#4223,#4246,.T.);
#4246 = SURFACE_CURVE('',#4247,(#4251,#4258),.PCURVE_S1.);
#4247 = LINE('',#4248,#4249);
#4248 = CARTESIAN_POINT('',(-4.1,21.,6.2));
#4249 = VECTOR('',#4250,1.);
#4250 = DIRECTION('',(-0.,1.,0.));
#4251 = PCURVE('',#2119,#4252);
#4252 = DEFINITIONAL_REPRESENTATION('',(#4253),#4257);
#4253 = LINE('',#4254,#4255);
#4254 = CARTESIAN_POINT('',(4.4,0.));
#4255 = VECTOR('',#4256,1.);
#4256 = DIRECTION('',(0.,-1.));
#4257 = ( GEOMETRIC_REPRESENTATION_CONTEXT(2) 
PARAMETRIC_REPRESENTATION_CONTEXT() REPRESENTATION_CONTEXT('2D SPACE',''
  ) );
#4258 = PCURVE('',#4205,#4259);
#4259 = DEFINITIONAL_REPRESENTATION('',(#4260),#4264);
#4260 = LINE('',#4261,#4262);
#4261 = CARTESIAN_POINT('',(1.4,0.));
#4262 = VECTOR('',#4263,1.);
#4263 = DIRECTION('',(0.,1.));
#4264 = ( GEOMETRIC_REPRESENTATION_CONTEXT(2) 
PARAMETRIC_REPRESENTATION_CONTEXT() REPRESENTATION_CONTEXT('2D SPACE',''
  ) );
#4265 = ADVANCED_FACE('',(#4266),#2069,.F.);
#4266 = FACE_BOUND('',#4267,.F.);
#4267 = EDGE_LOOP('',(#4268,#4269,#4270,#4293));
#4268 = ORIENTED_EDGE('',*,*,#4168,.F.);
#4269 = ORIENTED_EDGE('',*,*,#2054,.T.);
#4270 = ORIENTED_EDGE('',*,*,#4271,.T.);
#4271 = EDGE_CURVE('',#2055,#4272,#4274,.T.);
#4272 = VERTEX_POINT('',#4273);
#4273 = CARTESIAN_POINT('',(-5.5,22.1,6.2));
#4274 = SURFACE_CURVE('',#4275,(#4279,#4286),.PCURVE_S1.);
#4275 = LINE('',#4276,#4277);
#4276 = CARTESIAN_POINT('',(-5.5,22.1,1.8));
#4277 = VECTOR('',#4278,1.);
#4278 = DIRECTION('',(0.,0.,1.));
#4279 = PCURVE('',#2069,#4280);
#4280 = DEFINITIONAL_REPRESENTATION('',(#4281),#4285);
#4281 = LINE('',#4282,#4283);
#4282 = CARTESIAN_POINT('',(0.,-1.1));
#4283 = VECTOR('',#4284,1.);
#4284 = DIRECTION('',(1.,0.));
#4285 = ( GEOMETRIC_REPRESENTATION_CONTEXT(2) 
PARAMETRIC_REPRESENTATION_CONTEXT() REPRESENTATION_CONTEXT('2D SPACE',''
  ) );
#4286 = PCURVE('',#2095,#4287);
#4287 = DEFINITIONAL_REPRESENTATION('',(#4288),#4292);
#4288 = LINE('',#4289,#4290);
#4289 = CARTESIAN_POINT('',(0.,0.));
#4290 = VECTOR('',#4291,1.);
#4291 = DIRECTION('',(1.,0.));
#4292 = ( GEOMETRIC_REPRESENTATION_CONTEXT(2) 
PARAMETRIC_REPRESENTATION_CONTEXT() REPRESENTATION_CONTEXT('2D SPACE',''
  ) );
#4293 = ORIENTED_EDGE('',*,*,#4294,.F.);
#4294 = EDGE_CURVE('',#4169,#4272,#4295,.T.);
#4295 = SURFACE_CURVE('',#4296,(#4300,#4307),.PCURVE_S1.);
#4296 = LINE('',#4297,#4298);
#4297 = CARTESIAN_POINT('',(-5.5,21.,6.2));
#4298 = VECTOR('',#4299,1.);
#4299 = DIRECTION('',(-0.,1.,0.));
#4300 = PCURVE('',#2069,#4301);
#4301 = DEFINITIONAL_REPRESENTATION('',(#4302),#4306);
#4302 = LINE('',#4303,#4304);
#4303 = CARTESIAN_POINT('',(4.4,0.));
#4304 = VECTOR('',#4305,1.);
#4305 = DIRECTION('',(0.,-1.));
#4306 = ( GEOMETRIC_REPRESENTATION_CONTEXT(2) 
PARAMETRIC_REPRESENTATION_CONTEXT() REPRESENTATION_CONTEXT('2D SPACE',''
  ) );
#4307 = PCURVE('',#4205,#4308);
#4308 = DEFINITIONAL_REPRESENTATION('',(#4309),#4313);
#4309 = LINE('',#4310,#4311);
#4310 = CARTESIAN_POINT('',(0.,0.));
#4311 = VECTOR('',#4312,1.);
#4312 = DIRECTION('',(0.,1.));
#4313 = ( GEOMETRIC_REPRESENTATION_CONTEXT(2) 
PARAMETRIC_REPRESENTATION_CONTEXT() REPRESENTATION_CONTEXT('2D SPACE',''
  ) );
#4314 = ADVANCED_FACE('',(#4315),#2095,.T.);
#4315 = FACE_BOUND('',#4316,.T.);
#4316 = EDGE_LOOP('',(#4317,#4318,#4319,#4320));
#4317 = ORIENTED_EDGE('',*,*,#4222,.F.);
#4318 = ORIENTED_EDGE('',*,*,#2080,.T.);
#4319 = ORIENTED_EDGE('',*,*,#4271,.T.);
#4320 = ORIENTED_EDGE('',*,*,#4321,.T.);
#4321 = EDGE_CURVE('',#4272,#4223,#4322,.T.);
#4322 = SURFACE_CURVE('',#4323,(#4327,#4334),.PCURVE_S1.);
#4323 = LINE('',#4324,#4325);
#4324 = CARTESIAN_POINT('',(-5.5,22.1,6.2));
#4325 = VECTOR('',#4326,1.);
#4326 = DIRECTION('',(1.,0.,-0.));
#4327 = PCURVE('',#2095,#4328);
#4328 = DEFINITIONAL_REPRESENTATION('',(#4329),#4333);
#4329 = LINE('',#4330,#4331);
#4330 = CARTESIAN_POINT('',(4.4,0.));
#4331 = VECTOR('',#4332,1.);
#4332 = DIRECTION('',(0.,1.));
#4333 = ( GEOMETRIC_REPRESENTATION_CONTEXT(2) 
PARAMETRIC_REPRESENTATION_CONTEXT() REPRESENTATION_CONTEXT('2D SPACE',''
  ) );
#4334 = PCURVE('',#4205,#4335);
#4335 = DEFINITIONAL_REPRESENTATION('',(#4336),#4340);
#4336 = LINE('',#4337,#4338);
#4337 = CARTESIAN_POINT('',(0.,1.1));
#4338 = VECTOR('',#4339,1.);
#4339 = DIRECTION('',(1.,0.));
#4340 = ( GEOMETRIC_REPRESENTATION_CONTEXT(2) 
PARAMETRIC_REPRESENTATION_CONTEXT() REPRESENTATION_CONTEXT('2D SPACE',''
  ) );
#4341 = ADVANCED_FACE('',(#4342),#2155,.T.);
#4342 = FACE_BOUND('',#4343,.T.);
#4343 = EDGE_LOOP('',(#4344,#4345,#4368,#4401));
#4344 = ORIENTED_EDGE('',*,*,#2132,.F.);
#4345 = ORIENTED_EDGE('',*,*,#4346,.T.);
#4346 = EDGE_CURVE('',#2133,#4347,#4349,.T.);
#4347 = VERTEX_POINT('',#4348);
#4348 = CARTESIAN_POINT('',(21.699999987057,-6.,4.5));
#4349 = SURFACE_CURVE('',#4350,(#4354,#4361),.PCURVE_S1.);
#4350 = LINE('',#4351,#4352);
#4351 = CARTESIAN_POINT('',(21.699999987057,-6.,2.));
#4352 = VECTOR('',#4353,1.);
#4353 = DIRECTION('',(0.,0.,1.));
#4354 = PCURVE('',#2155,#4355);
#4355 = DEFINITIONAL_REPRESENTATION('',(#4356),#4360);
#4356 = LINE('',#4357,#4358);
#4357 = CARTESIAN_POINT('',(3.14159265359,0.));
#4358 = VECTOR('',#4359,1.);
#4359 = DIRECTION('',(0.,-1.));
#4360 = ( GEOMETRIC_REPRESENTATION_CONTEXT(2) 
PARAMETRIC_REPRESENTATION_CONTEXT() REPRESENTATION_CONTEXT('2D SPACE',''
  ) );
#4361 = PCURVE('',#2610,#4362);
#4362 = DEFINITIONAL_REPRESENTATION('',(#4363),#4367);
#4363 = LINE('',#4364,#4365);
#4364 = CARTESIAN_POINT('',(0.,0.));
#4365 = VECTOR('',#4366,1.);
#4366 = DIRECTION('',(0.,-1.));
#4367 = ( GEOMETRIC_REPRESENTATION_CONTEXT(2) 
PARAMETRIC_REPRESENTATION_CONTEXT() REPRESENTATION_CONTEXT('2D SPACE',''
  ) );
#4368 = ORIENTED_EDGE('',*,*,#4369,.T.);
#4369 = EDGE_CURVE('',#4347,#4370,#4372,.T.);
#4370 = VERTEX_POINT('',#4371);
#4371 = CARTESIAN_POINT('',(20.310284360012,-12.23909685503,4.5));
#4372 = SURFACE_CURVE('',#4373,(#4378,#4385),.PCURVE_S1.);
#4373 = CIRCLE('',#4374,14.7);
#4374 = AXIS2_PLACEMENT_3D('',#4375,#4376,#4377);
#4375 = CARTESIAN_POINT('',(6.999999974113,-6.,4.5));
#4376 = DIRECTION('',(0.,0.,-1.));
#4377 = DIRECTION('',(-1.,0.,0.));
#4378 = PCURVE('',#2155,#4379);
#4379 = DEFINITIONAL_REPRESENTATION('',(#4380),#4384);
#4380 = LINE('',#4381,#4382);
#4381 = CARTESIAN_POINT('',(0.,-2.5));
#4382 = VECTOR('',#4383,1.);
#4383 = DIRECTION('',(1.,0.));
#4384 = ( GEOMETRIC_REPRESENTATION_CONTEXT(2) 
PARAMETRIC_REPRESENTATION_CONTEXT() REPRESENTATION_CONTEXT('2D SPACE',''
  ) );
#4385 = PCURVE('',#4386,#4391);
#4386 = PLANE('',#4387);
#4387 = AXIS2_PLACEMENT_3D('',#4388,#4389,#4390);
#4388 = CARTESIAN_POINT('',(-5.387864022234E-09,3.023584858773E-09,4.5)
  );
#4389 = DIRECTION('',(0.,0.,1.));
#4390 = DIRECTION('',(1.,0.,-0.));
#4391 = DEFINITIONAL_REPRESENTATION('',(#4392),#4400);
#4392 = ( BOUNDED_CURVE() B_SPLINE_CURVE(2,(#4393,#4394,#4395,#4396,
#4397,#4398,#4399),.UNSPECIFIED.,.T.,.F.) B_SPLINE_CURVE_WITH_KNOTS((1,2
    ,2,2,2,1),(-2.094395102393,0.,2.094395102393,4.188790204786,
6.28318530718,8.377580409573),.UNSPECIFIED.) CURVE() 
GEOMETRIC_REPRESENTATION_ITEM() RATIONAL_B_SPLINE_CURVE((1.,0.5,1.,0.5,
1.,0.5,1.)) REPRESENTATION_ITEM('') );
#4393 = CARTESIAN_POINT('',(-7.700000020499,-6.000000003024));
#4394 = CARTESIAN_POINT('',(-7.700000020499,19.461146868239));
#4395 = CARTESIAN_POINT('',(14.349999979501,6.730573432608));
#4396 = CARTESIAN_POINT('',(36.399999979501,-6.000000003024));
#4397 = CARTESIAN_POINT('',(14.349999979501,-18.73057343865));
#4398 = CARTESIAN_POINT('',(-7.700000020499,-31.46114687428));
#4399 = CARTESIAN_POINT('',(-7.700000020499,-6.000000003024));
#4400 = ( GEOMETRIC_REPRESENTATION_CONTEXT(2) 
PARAMETRIC_REPRESENTATION_CONTEXT() REPRESENTATION_CONTEXT('2D SPACE',''
  ) );
#4401 = ORIENTED_EDGE('',*,*,#4402,.T.);
#4402 = EDGE_CURVE('',#4370,#2135,#4403,.T.);
#4403 = SURFACE_CURVE('',#4404,(#4408,#4414),.PCURVE_S1.);
#4404 = LINE('',#4405,#4406);
#4405 = CARTESIAN_POINT('',(20.310284360012,-12.23909685503,2.));
#4406 = VECTOR('',#4407,1.);
#4407 = DIRECTION('',(0.,0.,-1.));
#4408 = PCURVE('',#2155,#4409);
#4409 = DEFINITIONAL_REPRESENTATION('',(#4410),#4413);
#4410 = B_SPLINE_CURVE_WITH_KNOTS('',1,(#4411,#4412),.UNSPECIFIED.,.F.,
  .F.,(2,2),(-2.5000006,5.999999999062E-07),.PIECEWISE_BEZIER_KNOTS.);
#4411 = CARTESIAN_POINT('',(3.579923118486,-2.5000006));
#4412 = CARTESIAN_POINT('',(3.579923118486,5.999999999062E-07));
#4413 = ( GEOMETRIC_REPRESENTATION_CONTEXT(2) 
PARAMETRIC_REPRESENTATION_CONTEXT() REPRESENTATION_CONTEXT('2D SPACE',''
  ) );
#4414 = PCURVE('',#2184,#4415);
#4415 = DEFINITIONAL_REPRESENTATION('',(#4416),#4419);
#4416 = B_SPLINE_CURVE_WITH_KNOTS('',1,(#4417,#4418),.UNSPECIFIED.,.F.,
  .F.,(2,2),(-2.5000006,5.999999999062E-07),.PIECEWISE_BEZIER_KNOTS.);
#4417 = CARTESIAN_POINT('',(0.874024025615,2.5000006));
#4418 = CARTESIAN_POINT('',(0.874024025615,-5.999999999062E-07));
#4419 = ( GEOMETRIC_REPRESENTATION_CONTEXT(2) 
PARAMETRIC_REPRESENTATION_CONTEXT() REPRESENTATION_CONTEXT('2D SPACE',''
  ) );
#4420 = ADVANCED_FACE('',(#4421),#2610,.F.);
#4421 = FACE_BOUND('',#4422,.F.);
#4422 = EDGE_LOOP('',(#4423,#4424,#4447,#4468));
#4423 = ORIENTED_EDGE('',*,*,#4346,.T.);
#4424 = ORIENTED_EDGE('',*,*,#4425,.T.);
#4425 = EDGE_CURVE('',#4347,#4426,#4428,.T.);
#4426 = VERTEX_POINT('',#4427);
#4427 = CARTESIAN_POINT('',(21.7,5.999999998222,4.5));
#4428 = SURFACE_CURVE('',#4429,(#4433,#4440),.PCURVE_S1.);
#4429 = LINE('',#4430,#4431);
#4430 = CARTESIAN_POINT('',(21.7,1.7763568394E-15,4.5));
#4431 = VECTOR('',#4432,1.);
#4432 = DIRECTION('',(0.,1.,0.));
#4433 = PCURVE('',#2610,#4434);
#4434 = DEFINITIONAL_REPRESENTATION('',(#4435),#4439);
#4435 = LINE('',#4436,#4437);
#4436 = CARTESIAN_POINT('',(6.,-2.5));
#4437 = VECTOR('',#4438,1.);
#4438 = DIRECTION('',(1.,0.));
#4439 = ( GEOMETRIC_REPRESENTATION_CONTEXT(2) 
PARAMETRIC_REPRESENTATION_CONTEXT() REPRESENTATION_CONTEXT('2D SPACE',''
  ) );
#4440 = PCURVE('',#4386,#4441);
#4441 = DEFINITIONAL_REPRESENTATION('',(#4442),#4446);
#4442 = LINE('',#4443,#4444);
#4443 = CARTESIAN_POINT('',(21.700000005388,-3.023583082416E-09));
#4444 = VECTOR('',#4445,1.);
#4445 = DIRECTION('',(0.,1.));
#4446 = ( GEOMETRIC_REPRESENTATION_CONTEXT(2) 
PARAMETRIC_REPRESENTATION_CONTEXT() REPRESENTATION_CONTEXT('2D SPACE',''
  ) );
#4447 = ORIENTED_EDGE('',*,*,#4448,.F.);
#4448 = EDGE_CURVE('',#2564,#4426,#4449,.T.);
#4449 = SURFACE_CURVE('',#4450,(#4454,#4461),.PCURVE_S1.);
#4450 = LINE('',#4451,#4452);
#4451 = CARTESIAN_POINT('',(21.7,5.999999998222,2.));
#4452 = VECTOR('',#4453,1.);
#4453 = DIRECTION('',(0.,0.,1.));
#4454 = PCURVE('',#2610,#4455);
#4455 = DEFINITIONAL_REPRESENTATION('',(#4456),#4460);
#4456 = LINE('',#4457,#4458);
#4457 = CARTESIAN_POINT('',(11.999999998222,0.));
#4458 = VECTOR('',#4459,1.);
#4459 = DIRECTION('',(0.,-1.));
#4460 = ( GEOMETRIC_REPRESENTATION_CONTEXT(2) 
PARAMETRIC_REPRESENTATION_CONTEXT() REPRESENTATION_CONTEXT('2D SPACE',''
  ) );
#4461 = PCURVE('',#2584,#4462);
#4462 = DEFINITIONAL_REPRESENTATION('',(#4463),#4467);
#4463 = LINE('',#4464,#4465);
#4464 = CARTESIAN_POINT('',(3.14159265359,0.));
#4465 = VECTOR('',#4466,1.);
#4466 = DIRECTION('',(0.,-1.));
#4467 = ( GEOMETRIC_REPRESENTATION_CONTEXT(2) 
PARAMETRIC_REPRESENTATION_CONTEXT() REPRESENTATION_CONTEXT('2D SPACE',''
  ) );
#4468 = ORIENTED_EDGE('',*,*,#2596,.F.);
#4469 = ADVANCED_FACE('',(#4470),#2184,.F.);
#4470 = FACE_BOUND('',#4471,.F.);
#4471 = EDGE_LOOP('',(#4472,#4473,#4474,#4495));
#4472 = ORIENTED_EDGE('',*,*,#4402,.T.);
#4473 = ORIENTED_EDGE('',*,*,#2167,.T.);
#4474 = ORIENTED_EDGE('',*,*,#4475,.F.);
#4475 = EDGE_CURVE('',#4476,#2168,#4478,.T.);
#4476 = VERTEX_POINT('',#4477);
#4477 = CARTESIAN_POINT('',(18.982685986285,-11.53671712787,4.5));
#4478 = SURFACE_CURVE('',#4479,(#4483,#4489),.PCURVE_S1.);
#4479 = LINE('',#4480,#4481);
#4480 = CARTESIAN_POINT('',(18.982685986285,-11.53671712787,2.));
#4481 = VECTOR('',#4482,1.);
#4482 = DIRECTION('',(0.,0.,-1.));
#4483 = PCURVE('',#2184,#4484);
#4484 = DEFINITIONAL_REPRESENTATION('',(#4485),#4488);
#4485 = B_SPLINE_CURVE_WITH_KNOTS('',1,(#4486,#4487),.UNSPECIFIED.,.F.,
  .F.,(2,2),(-2.5000006,5.999999999062E-07),.PIECEWISE_BEZIER_KNOTS.);
#4486 = CARTESIAN_POINT('',(1.294319132141,2.5000006));
#4487 = CARTESIAN_POINT('',(1.294319132141,-5.999999999062E-07));
#4488 = ( GEOMETRIC_REPRESENTATION_CONTEXT(2) 
PARAMETRIC_REPRESENTATION_CONTEXT() REPRESENTATION_CONTEXT('2D SPACE',''
  ) );
#4489 = PCURVE('',#2217,#4490);
#4490 = DEFINITIONAL_REPRESENTATION('',(#4491),#4494);
#4491 = B_SPLINE_CURVE_WITH_KNOTS('',1,(#4492,#4493),.UNSPECIFIED.,.F.,
  .F.,(2,2),(-2.5000006,5.999999999062E-07),.PIECEWISE_BEZIER_KNOTS.);
#4492 = CARTESIAN_POINT('',(3.574430105315,-2.5000006));
#4493 = CARTESIAN_POINT('',(3.574430105315,5.999999999062E-07));
#4494 = ( GEOMETRIC_REPRESENTATION_CONTEXT(2) 
PARAMETRIC_REPRESENTATION_CONTEXT() REPRESENTATION_CONTEXT('2D SPACE',''
  ) );
#4495 = ORIENTED_EDGE('',*,*,#4496,.F.);
#4496 = EDGE_CURVE('',#4370,#4476,#4497,.T.);
#4497 = SURFACE_CURVE('',#4498,(#4503,#4510),.PCURVE_S1.);
#4498 = CIRCLE('',#4499,3.6);
#4499 = AXIS2_PLACEMENT_3D('',#4500,#4501,#4502);
#4500 = CARTESIAN_POINT('',(18.,-15.,4.5));
#4501 = DIRECTION('',(0.,0.,1.));
#4502 = DIRECTION('',(1.,0.,-0.));
#4503 = PCURVE('',#2184,#4504);
#4504 = DEFINITIONAL_REPRESENTATION('',(#4505),#4509);
#4505 = LINE('',#4506,#4507);
#4506 = CARTESIAN_POINT('',(0.,2.5));
#4507 = VECTOR('',#4508,1.);
#4508 = DIRECTION('',(1.,0.));
#4509 = ( GEOMETRIC_REPRESENTATION_CONTEXT(2) 
PARAMETRIC_REPRESENTATION_CONTEXT() REPRESENTATION_CONTEXT('2D SPACE',''
  ) );
#4510 = PCURVE('',#4386,#4511);
#4511 = DEFINITIONAL_REPRESENTATION('',(#4512),#4516);
#4512 = CIRCLE('',#4513,3.6);
#4513 = AXIS2_PLACEMENT_2D('',#4514,#4515);
#4514 = CARTESIAN_POINT('',(18.000000005388,-15.00000000302));
#4515 = DIRECTION('',(1.,0.));
#4516 = ( GEOMETRIC_REPRESENTATION_CONTEXT(2) 
PARAMETRIC_REPRESENTATION_CONTEXT() REPRESENTATION_CONTEXT('2D SPACE',''
  ) );
#4517 = ADVANCED_FACE('',(#4518),#2584,.T.);
#4518 = FACE_BOUND('',#4519,.T.);
#4519 = EDGE_LOOP('',(#4520,#4543,#4569,#4570));
#4520 = ORIENTED_EDGE('',*,*,#4521,.T.);
#4521 = EDGE_CURVE('',#2536,#4522,#4524,.T.);
#4522 = VERTEX_POINT('',#4523);
#4523 = CARTESIAN_POINT('',(7.,20.699999999111,4.5));
#4524 = SURFACE_CURVE('',#4525,(#4529,#4536),.PCURVE_S1.);
#4525 = LINE('',#4526,#4527);
#4526 = CARTESIAN_POINT('',(7.,20.699999999111,2.));
#4527 = VECTOR('',#4528,1.);
#4528 = DIRECTION('',(0.,0.,1.));
#4529 = PCURVE('',#2584,#4530);
#4530 = DEFINITIONAL_REPRESENTATION('',(#4531),#4535);
#4531 = LINE('',#4532,#4533);
#4532 = CARTESIAN_POINT('',(1.570796326795,0.));
#4533 = VECTOR('',#4534,1.);
#4534 = DIRECTION('',(0.,-1.));
#4535 = ( GEOMETRIC_REPRESENTATION_CONTEXT(2) 
PARAMETRIC_REPRESENTATION_CONTEXT() REPRESENTATION_CONTEXT('2D SPACE',''
  ) );
#4536 = PCURVE('',#2551,#4537);
#4537 = DEFINITIONAL_REPRESENTATION('',(#4538),#4542);
#4538 = LINE('',#4539,#4540);
#4539 = CARTESIAN_POINT('',(14.,0.));
#4540 = VECTOR('',#4541,1.);
#4541 = DIRECTION('',(0.,-1.));
#4542 = ( GEOMETRIC_REPRESENTATION_CONTEXT(2) 
PARAMETRIC_REPRESENTATION_CONTEXT() REPRESENTATION_CONTEXT('2D SPACE',''
  ) );
#4543 = ORIENTED_EDGE('',*,*,#4544,.T.);
#4544 = EDGE_CURVE('',#4522,#4426,#4545,.T.);
#4545 = SURFACE_CURVE('',#4546,(#4551,#4558),.PCURVE_S1.);
#4546 = CIRCLE('',#4547,14.7);
#4547 = AXIS2_PLACEMENT_3D('',#4548,#4549,#4550);
#4548 = CARTESIAN_POINT('',(7.,5.999999998222,4.5));
#4549 = DIRECTION('',(0.,0.,-1.));
#4550 = DIRECTION('',(-1.,0.,0.));
#4551 = PCURVE('',#2584,#4552);
#4552 = DEFINITIONAL_REPRESENTATION('',(#4553),#4557);
#4553 = LINE('',#4554,#4555);
#4554 = CARTESIAN_POINT('',(0.,-2.5));
#4555 = VECTOR('',#4556,1.);
#4556 = DIRECTION('',(1.,0.));
#4557 = ( GEOMETRIC_REPRESENTATION_CONTEXT(2) 
PARAMETRIC_REPRESENTATION_CONTEXT() REPRESENTATION_CONTEXT('2D SPACE',''
  ) );
#4558 = PCURVE('',#4386,#4559);
#4559 = DEFINITIONAL_REPRESENTATION('',(#4560),#4568);
#4560 = ( BOUNDED_CURVE() B_SPLINE_CURVE(2,(#4561,#4562,#4563,#4564,
#4565,#4566,#4567),.UNSPECIFIED.,.T.,.F.) B_SPLINE_CURVE_WITH_KNOTS((1,2
    ,2,2,2,1),(-2.094395102393,0.,2.094395102393,4.188790204786,
6.28318530718,8.377580409573),.UNSPECIFIED.) CURVE() 
GEOMETRIC_REPRESENTATION_ITEM() RATIONAL_B_SPLINE_CURVE((1.,0.5,1.,0.5,
1.,0.5,1.)) REPRESENTATION_ITEM('') );
#4561 = CARTESIAN_POINT('',(-7.699999994612,5.999999995198));
#4562 = CARTESIAN_POINT('',(-7.699999994612,31.46114686646));
#4563 = CARTESIAN_POINT('',(14.350000005388,18.730573430829));
#4564 = CARTESIAN_POINT('',(36.400000005388,5.999999995198));
#4565 = CARTESIAN_POINT('',(14.350000005388,-6.730573440433));
#4566 = CARTESIAN_POINT('',(-7.699999994612,-19.46114687606));
#4567 = CARTESIAN_POINT('',(-7.699999994612,5.999999995198));
#4568 = ( GEOMETRIC_REPRESENTATION_CONTEXT(2) 
PARAMETRIC_REPRESENTATION_CONTEXT() REPRESENTATION_CONTEXT('2D SPACE',''
  ) );
#4569 = ORIENTED_EDGE('',*,*,#4448,.F.);
#4570 = ORIENTED_EDGE('',*,*,#2563,.F.);
#4571 = ADVANCED_FACE('',(#4572),#2217,.F.);
#4572 = FACE_BOUND('',#4573,.F.);
#4573 = EDGE_LOOP('',(#4574,#4575,#4598,#4624));
#4574 = ORIENTED_EDGE('',*,*,#2196,.F.);
#4575 = ORIENTED_EDGE('',*,*,#4576,.T.);
#4576 = EDGE_CURVE('',#2197,#4577,#4579,.T.);
#4577 = VERTEX_POINT('',#4578);
#4578 = CARTESIAN_POINT('',(20.2,-6.,4.5));
#4579 = SURFACE_CURVE('',#4580,(#4584,#4591),.PCURVE_S1.);
#4580 = LINE('',#4581,#4582);
#4581 = CARTESIAN_POINT('',(20.2,-6.,2.));
#4582 = VECTOR('',#4583,1.);
#4583 = DIRECTION('',(0.,0.,1.));
#4584 = PCURVE('',#2217,#4585);
#4585 = DEFINITIONAL_REPRESENTATION('',(#4586),#4590);
#4586 = LINE('',#4587,#4588);
#4587 = CARTESIAN_POINT('',(3.14159265359,0.));
#4588 = VECTOR('',#4589,1.);
#4589 = DIRECTION('',(0.,-1.));
#4590 = ( GEOMETRIC_REPRESENTATION_CONTEXT(2) 
PARAMETRIC_REPRESENTATION_CONTEXT() REPRESENTATION_CONTEXT('2D SPACE',''
  ) );
#4591 = PCURVE('',#2245,#4592);
#4592 = DEFINITIONAL_REPRESENTATION('',(#4593),#4597);
#4593 = LINE('',#4594,#4595);
#4594 = CARTESIAN_POINT('',(0.,0.));
#4595 = VECTOR('',#4596,1.);
#4596 = DIRECTION('',(0.,-1.));
#4597 = ( GEOMETRIC_REPRESENTATION_CONTEXT(2) 
PARAMETRIC_REPRESENTATION_CONTEXT() REPRESENTATION_CONTEXT('2D SPACE',''
  ) );
#4598 = ORIENTED_EDGE('',*,*,#4599,.T.);
#4599 = EDGE_CURVE('',#4577,#4476,#4600,.T.);
#4600 = SURFACE_CURVE('',#4601,(#4606,#4613),.PCURVE_S1.);
#4601 = CIRCLE('',#4602,13.2);
#4602 = AXIS2_PLACEMENT_3D('',#4603,#4604,#4605);
#4603 = CARTESIAN_POINT('',(7.,-6.,4.5));
#4604 = DIRECTION('',(0.,0.,-1.));
#4605 = DIRECTION('',(-1.,0.,0.));
#4606 = PCURVE('',#2217,#4607);
#4607 = DEFINITIONAL_REPRESENTATION('',(#4608),#4612);
#4608 = LINE('',#4609,#4610);
#4609 = CARTESIAN_POINT('',(0.,-2.5));
#4610 = VECTOR('',#4611,1.);
#4611 = DIRECTION('',(1.,0.));
#4612 = ( GEOMETRIC_REPRESENTATION_CONTEXT(2) 
PARAMETRIC_REPRESENTATION_CONTEXT() REPRESENTATION_CONTEXT('2D SPACE',''
  ) );
#4613 = PCURVE('',#4386,#4614);
#4614 = DEFINITIONAL_REPRESENTATION('',(#4615),#4623);
#4615 = ( BOUNDED_CURVE() B_SPLINE_CURVE(2,(#4616,#4617,#4618,#4619,
#4620,#4621,#4622),.UNSPECIFIED.,.T.,.F.) B_SPLINE_CURVE_WITH_KNOTS((1,2
    ,2,2,2,1),(-2.094395102393,0.,2.094395102393,4.188790204786,
6.28318530718,8.377580409573),.UNSPECIFIED.) CURVE() 
GEOMETRIC_REPRESENTATION_ITEM() RATIONAL_B_SPLINE_CURVE((1.,0.5,1.,0.5,
1.,0.5,1.)) REPRESENTATION_ITEM('') );
#4616 = CARTESIAN_POINT('',(-6.199999994612,-6.000000003024));
#4617 = CARTESIAN_POINT('',(-6.199999994612,16.863070656886));
#4618 = CARTESIAN_POINT('',(13.600000005388,5.431535326931));
#4619 = CARTESIAN_POINT('',(33.400000005388,-6.000000003024));
#4620 = CARTESIAN_POINT('',(13.600000005388,-17.43153533297));
#4621 = CARTESIAN_POINT('',(-6.199999994612,-28.86307066293));
#4622 = CARTESIAN_POINT('',(-6.199999994612,-6.000000003024));
#4623 = ( GEOMETRIC_REPRESENTATION_CONTEXT(2) 
PARAMETRIC_REPRESENTATION_CONTEXT() REPRESENTATION_CONTEXT('2D SPACE',''
  ) );
#4624 = ORIENTED_EDGE('',*,*,#4475,.T.);
#4625 = ADVANCED_FACE('',(#4626),#2551,.T.);
#4626 = FACE_BOUND('',#4627,.T.);
#4627 = EDGE_LOOP('',(#4628,#4651,#4672,#4673));
#4628 = ORIENTED_EDGE('',*,*,#4629,.T.);
#4629 = EDGE_CURVE('',#2503,#4630,#4632,.T.);
#4630 = VERTEX_POINT('',#4631);
#4631 = CARTESIAN_POINT('',(-7.,20.699999999111,4.5));
#4632 = SURFACE_CURVE('',#4633,(#4637,#4644),.PCURVE_S1.);
#4633 = LINE('',#4634,#4635);
#4634 = CARTESIAN_POINT('',(-7.,20.699999999111,2.));
#4635 = VECTOR('',#4636,1.);
#4636 = DIRECTION('',(0.,0.,1.));
#4637 = PCURVE('',#2551,#4638);
#4638 = DEFINITIONAL_REPRESENTATION('',(#4639),#4643);
#4639 = LINE('',#4640,#4641);
#4640 = CARTESIAN_POINT('',(0.,0.));
#4641 = VECTOR('',#4642,1.);
#4642 = DIRECTION('',(0.,-1.));
#4643 = ( GEOMETRIC_REPRESENTATION_CONTEXT(2) 
PARAMETRIC_REPRESENTATION_CONTEXT() REPRESENTATION_CONTEXT('2D SPACE',''
  ) );
#4644 = PCURVE('',#2523,#4645);
#4645 = DEFINITIONAL_REPRESENTATION('',(#4646),#4650);
#4646 = LINE('',#4647,#4648);
#4647 = CARTESIAN_POINT('',(1.570796326795,0.));
#4648 = VECTOR('',#4649,1.);
#4649 = DIRECTION('',(0.,-1.));
#4650 = ( GEOMETRIC_REPRESENTATION_CONTEXT(2) 
PARAMETRIC_REPRESENTATION_CONTEXT() REPRESENTATION_CONTEXT('2D SPACE',''
  ) );
#4651 = ORIENTED_EDGE('',*,*,#4652,.T.);
#4652 = EDGE_CURVE('',#4630,#4522,#4653,.T.);
#4653 = SURFACE_CURVE('',#4654,(#4658,#4665),.PCURVE_S1.);
#4654 = LINE('',#4655,#4656);
#4655 = CARTESIAN_POINT('',(0.,20.7,4.5));
#4656 = VECTOR('',#4657,1.);
#4657 = DIRECTION('',(1.,0.,0.));
#4658 = PCURVE('',#2551,#4659);
#4659 = DEFINITIONAL_REPRESENTATION('',(#4660),#4664);
#4660 = LINE('',#4661,#4662);
#4661 = CARTESIAN_POINT('',(7.,-2.5));
#4662 = VECTOR('',#4663,1.);
#4663 = DIRECTION('',(1.,0.));
#4664 = ( GEOMETRIC_REPRESENTATION_CONTEXT(2) 
PARAMETRIC_REPRESENTATION_CONTEXT() REPRESENTATION_CONTEXT('2D SPACE',''
  ) );
#4665 = PCURVE('',#4386,#4666);
#4666 = DEFINITIONAL_REPRESENTATION('',(#4667),#4671);
#4667 = LINE('',#4668,#4669);
#4668 = CARTESIAN_POINT('',(5.387864022234E-09,20.699999996976));
#4669 = VECTOR('',#4670,1.);
#4670 = DIRECTION('',(1.,0.));
#4671 = ( GEOMETRIC_REPRESENTATION_CONTEXT(2) 
PARAMETRIC_REPRESENTATION_CONTEXT() REPRESENTATION_CONTEXT('2D SPACE',''
  ) );
#4672 = ORIENTED_EDGE('',*,*,#4521,.F.);
#4673 = ORIENTED_EDGE('',*,*,#2535,.F.);
#4674 = ADVANCED_FACE('',(#4675),#2245,.T.);
#4675 = FACE_BOUND('',#4676,.T.);
#4676 = EDGE_LOOP('',(#4677,#4678,#4701,#4722));
#4677 = ORIENTED_EDGE('',*,*,#4576,.T.);
#4678 = ORIENTED_EDGE('',*,*,#4679,.T.);
#4679 = EDGE_CURVE('',#4577,#4680,#4682,.T.);
#4680 = VERTEX_POINT('',#4681);
#4681 = CARTESIAN_POINT('',(20.2,5.999999911083,4.5));
#4682 = SURFACE_CURVE('',#4683,(#4687,#4694),.PCURVE_S1.);
#4683 = LINE('',#4684,#4685);
#4684 = CARTESIAN_POINT('',(20.2,1.7763568394E-15,4.5));
#4685 = VECTOR('',#4686,1.);
#4686 = DIRECTION('',(0.,1.,0.));
#4687 = PCURVE('',#2245,#4688);
#4688 = DEFINITIONAL_REPRESENTATION('',(#4689),#4693);
#4689 = LINE('',#4690,#4691);
#4690 = CARTESIAN_POINT('',(6.,-2.5));
#4691 = VECTOR('',#4692,1.);
#4692 = DIRECTION('',(1.,0.));
#4693 = ( GEOMETRIC_REPRESENTATION_CONTEXT(2) 
PARAMETRIC_REPRESENTATION_CONTEXT() REPRESENTATION_CONTEXT('2D SPACE',''
  ) );
#4694 = PCURVE('',#4386,#4695);
#4695 = DEFINITIONAL_REPRESENTATION('',(#4696),#4700);
#4696 = LINE('',#4697,#4698);
#4697 = CARTESIAN_POINT('',(20.200000005388,-3.023583082416E-09));
#4698 = VECTOR('',#4699,1.);
#4699 = DIRECTION('',(0.,1.));
#4700 = ( GEOMETRIC_REPRESENTATION_CONTEXT(2) 
PARAMETRIC_REPRESENTATION_CONTEXT() REPRESENTATION_CONTEXT('2D SPACE',''
  ) );
#4701 = ORIENTED_EDGE('',*,*,#4702,.F.);
#4702 = EDGE_CURVE('',#2230,#4680,#4703,.T.);
#4703 = SURFACE_CURVE('',#4704,(#4708,#4715),.PCURVE_S1.);
#4704 = LINE('',#4705,#4706);
#4705 = CARTESIAN_POINT('',(20.2,5.999999911083,2.));
#4706 = VECTOR('',#4707,1.);
#4707 = DIRECTION('',(0.,0.,1.));
#4708 = PCURVE('',#2245,#4709);
#4709 = DEFINITIONAL_REPRESENTATION('',(#4710),#4714);
#4710 = LINE('',#4711,#4712);
#4711 = CARTESIAN_POINT('',(11.999999911083,0.));
#4712 = VECTOR('',#4713,1.);
#4713 = DIRECTION('',(0.,-1.));
#4714 = ( GEOMETRIC_REPRESENTATION_CONTEXT(2) 
PARAMETRIC_REPRESENTATION_CONTEXT() REPRESENTATION_CONTEXT('2D SPACE',''
  ) );
#4715 = PCURVE('',#2278,#4716);
#4716 = DEFINITIONAL_REPRESENTATION('',(#4717),#4721);
#4717 = LINE('',#4718,#4719);
#4718 = CARTESIAN_POINT('',(3.14159265359,0.));
#4719 = VECTOR('',#4720,1.);
#4720 = DIRECTION('',(0.,-1.));
#4721 = ( GEOMETRIC_REPRESENTATION_CONTEXT(2) 
PARAMETRIC_REPRESENTATION_CONTEXT() REPRESENTATION_CONTEXT('2D SPACE',''
  ) );
#4722 = ORIENTED_EDGE('',*,*,#2229,.F.);
#4723 = ADVANCED_FACE('',(#4724),#2523,.T.);
#4724 = FACE_BOUND('',#4725,.T.);
#4725 = EDGE_LOOP('',(#4726,#4749,#4775,#4776));
#4726 = ORIENTED_EDGE('',*,*,#4727,.T.);
#4727 = EDGE_CURVE('',#2475,#4728,#4730,.T.);
#4728 = VERTEX_POINT('',#4729);
#4729 = CARTESIAN_POINT('',(-21.7,5.999999998222,4.5));
#4730 = SURFACE_CURVE('',#4731,(#4735,#4742),.PCURVE_S1.);
#4731 = LINE('',#4732,#4733);
#4732 = CARTESIAN_POINT('',(-21.7,5.999999998222,2.));
#4733 = VECTOR('',#4734,1.);
#4734 = DIRECTION('',(0.,0.,1.));
#4735 = PCURVE('',#2523,#4736);
#4736 = DEFINITIONAL_REPRESENTATION('',(#4737),#4741);
#4737 = LINE('',#4738,#4739);
#4738 = CARTESIAN_POINT('',(0.,0.));
#4739 = VECTOR('',#4740,1.);
#4740 = DIRECTION('',(0.,-1.));
#4741 = ( GEOMETRIC_REPRESENTATION_CONTEXT(2) 
PARAMETRIC_REPRESENTATION_CONTEXT() REPRESENTATION_CONTEXT('2D SPACE',''
  ) );
#4742 = PCURVE('',#2490,#4743);
#4743 = DEFINITIONAL_REPRESENTATION('',(#4744),#4748);
#4744 = LINE('',#4745,#4746);
#4745 = CARTESIAN_POINT('',(11.999999998222,0.));
#4746 = VECTOR('',#4747,1.);
#4747 = DIRECTION('',(0.,-1.));
#4748 = ( GEOMETRIC_REPRESENTATION_CONTEXT(2) 
PARAMETRIC_REPRESENTATION_CONTEXT() REPRESENTATION_CONTEXT('2D SPACE',''
  ) );
#4749 = ORIENTED_EDGE('',*,*,#4750,.T.);
#4750 = EDGE_CURVE('',#4728,#4630,#4751,.T.);
#4751 = SURFACE_CURVE('',#4752,(#4757,#4764),.PCURVE_S1.);
#4752 = CIRCLE('',#4753,14.7);
#4753 = AXIS2_PLACEMENT_3D('',#4754,#4755,#4756);
#4754 = CARTESIAN_POINT('',(-7.,5.999999998222,4.5));
#4755 = DIRECTION('',(0.,0.,-1.));
#4756 = DIRECTION('',(-1.,0.,0.));
#4757 = PCURVE('',#2523,#4758);
#4758 = DEFINITIONAL_REPRESENTATION('',(#4759),#4763);
#4759 = LINE('',#4760,#4761);
#4760 = CARTESIAN_POINT('',(0.,-2.5));
#4761 = VECTOR('',#4762,1.);
#4762 = DIRECTION('',(1.,0.));
#4763 = ( GEOMETRIC_REPRESENTATION_CONTEXT(2) 
PARAMETRIC_REPRESENTATION_CONTEXT() REPRESENTATION_CONTEXT('2D SPACE',''
  ) );
#4764 = PCURVE('',#4386,#4765);
#4765 = DEFINITIONAL_REPRESENTATION('',(#4766),#4774);
#4766 = ( BOUNDED_CURVE() B_SPLINE_CURVE(2,(#4767,#4768,#4769,#4770,
#4771,#4772,#4773),.UNSPECIFIED.,.T.,.F.) B_SPLINE_CURVE_WITH_KNOTS((1,2
    ,2,2,2,1),(-2.094395102393,0.,2.094395102393,4.188790204786,
6.28318530718,8.377580409573),.UNSPECIFIED.) CURVE() 
GEOMETRIC_REPRESENTATION_ITEM() RATIONAL_B_SPLINE_CURVE((1.,0.5,1.,0.5,
1.,0.5,1.)) REPRESENTATION_ITEM('') );
#4767 = CARTESIAN_POINT('',(-21.69999999461,5.999999995198));
#4768 = CARTESIAN_POINT('',(-21.69999999461,31.46114686646));
#4769 = CARTESIAN_POINT('',(0.350000005388,18.730573430829));
#4770 = CARTESIAN_POINT('',(22.400000005388,5.999999995198));
#4771 = CARTESIAN_POINT('',(0.350000005388,-6.730573440433));
#4772 = CARTESIAN_POINT('',(-21.69999999461,-19.46114687606));
#4773 = CARTESIAN_POINT('',(-21.69999999461,5.999999995198));
#4774 = ( GEOMETRIC_REPRESENTATION_CONTEXT(2) 
PARAMETRIC_REPRESENTATION_CONTEXT() REPRESENTATION_CONTEXT('2D SPACE',''
  ) );
#4775 = ORIENTED_EDGE('',*,*,#4629,.F.);
#4776 = ORIENTED_EDGE('',*,*,#2502,.F.);
#4777 = ADVANCED_FACE('',(#4778),#2278,.F.);
#4778 = FACE_BOUND('',#4779,.F.);
#4779 = EDGE_LOOP('',(#4780,#4803,#4829,#4830));
#4780 = ORIENTED_EDGE('',*,*,#4781,.T.);
#4781 = EDGE_CURVE('',#2258,#4782,#4784,.T.);
#4782 = VERTEX_POINT('',#4783);
#4783 = CARTESIAN_POINT('',(7.,19.199999955541,4.5));
#4784 = SURFACE_CURVE('',#4785,(#4789,#4796),.PCURVE_S1.);
#4785 = LINE('',#4786,#4787);
#4786 = CARTESIAN_POINT('',(7.,19.199999955541,2.));
#4787 = VECTOR('',#4788,1.);
#4788 = DIRECTION('',(0.,0.,1.));
#4789 = PCURVE('',#2278,#4790);
#4790 = DEFINITIONAL_REPRESENTATION('',(#4791),#4795);
#4791 = LINE('',#4792,#4793);
#4792 = CARTESIAN_POINT('',(1.570796326795,0.));
#4793 = VECTOR('',#4794,1.);
#4794 = DIRECTION('',(0.,-1.));
#4795 = ( GEOMETRIC_REPRESENTATION_CONTEXT(2) 
PARAMETRIC_REPRESENTATION_CONTEXT() REPRESENTATION_CONTEXT('2D SPACE',''
  ) );
#4796 = PCURVE('',#2306,#4797);
#4797 = DEFINITIONAL_REPRESENTATION('',(#4798),#4802);
#4798 = LINE('',#4799,#4800);
#4799 = CARTESIAN_POINT('',(14.,0.));
#4800 = VECTOR('',#4801,1.);
#4801 = DIRECTION('',(0.,-1.));
#4802 = ( GEOMETRIC_REPRESENTATION_CONTEXT(2) 
PARAMETRIC_REPRESENTATION_CONTEXT() REPRESENTATION_CONTEXT('2D SPACE',''
  ) );
#4803 = ORIENTED_EDGE('',*,*,#4804,.T.);
#4804 = EDGE_CURVE('',#4782,#4680,#4805,.T.);
#4805 = SURFACE_CURVE('',#4806,(#4811,#4818),.PCURVE_S1.);
#4806 = CIRCLE('',#4807,13.2);
#4807 = AXIS2_PLACEMENT_3D('',#4808,#4809,#4810);
#4808 = CARTESIAN_POINT('',(7.,5.999999911083,4.5));
#4809 = DIRECTION('',(0.,0.,-1.));
#4810 = DIRECTION('',(-1.,0.,0.));
#4811 = PCURVE('',#2278,#4812);
#4812 = DEFINITIONAL_REPRESENTATION('',(#4813),#4817);
#4813 = LINE('',#4814,#4815);
#4814 = CARTESIAN_POINT('',(0.,-2.5));
#4815 = VECTOR('',#4816,1.);
#4816 = DIRECTION('',(1.,0.));
#4817 = ( GEOMETRIC_REPRESENTATION_CONTEXT(2) 
PARAMETRIC_REPRESENTATION_CONTEXT() REPRESENTATION_CONTEXT('2D SPACE',''
  ) );
#4818 = PCURVE('',#4386,#4819);
#4819 = DEFINITIONAL_REPRESENTATION('',(#4820),#4828);
#4820 = ( BOUNDED_CURVE() B_SPLINE_CURVE(2,(#4821,#4822,#4823,#4824,
#4825,#4826,#4827),.UNSPECIFIED.,.T.,.F.) B_SPLINE_CURVE_WITH_KNOTS((1,2
    ,2,2,2,1),(-2.094395102393,0.,2.094395102393,4.188790204786,
6.28318530718,8.377580409573),.UNSPECIFIED.) CURVE() 
GEOMETRIC_REPRESENTATION_ITEM() RATIONAL_B_SPLINE_CURVE((1.,0.5,1.,0.5,
1.,0.5,1.)) REPRESENTATION_ITEM('') );
#4821 = CARTESIAN_POINT('',(-6.199999994612,5.999999908059));
#4822 = CARTESIAN_POINT('',(-6.199999994612,28.863070567968));
#4823 = CARTESIAN_POINT('',(13.600000005388,17.431535238014));
#4824 = CARTESIAN_POINT('',(33.400000005388,5.999999908059));
#4825 = CARTESIAN_POINT('',(13.600000005388,-5.431535421896));
#4826 = CARTESIAN_POINT('',(-6.199999994612,-16.86307075185));
#4827 = CARTESIAN_POINT('',(-6.199999994612,5.999999908059));
#4828 = ( GEOMETRIC_REPRESENTATION_CONTEXT(2) 
PARAMETRIC_REPRESENTATION_CONTEXT() REPRESENTATION_CONTEXT('2D SPACE',''
  ) );
#4829 = ORIENTED_EDGE('',*,*,#4702,.F.);
#4830 = ORIENTED_EDGE('',*,*,#2257,.F.);
#4831 = ADVANCED_FACE('',(#4832),#2490,.T.);
#4832 = FACE_BOUND('',#4833,.T.);
#4833 = EDGE_LOOP('',(#4834,#4857,#4878,#4879));
#4834 = ORIENTED_EDGE('',*,*,#4835,.T.);
#4835 = EDGE_CURVE('',#2442,#4836,#4838,.T.);
#4836 = VERTEX_POINT('',#4837);
#4837 = CARTESIAN_POINT('',(-21.7,-6.,4.5));
#4838 = SURFACE_CURVE('',#4839,(#4843,#4850),.PCURVE_S1.);
#4839 = LINE('',#4840,#4841);
#4840 = CARTESIAN_POINT('',(-21.7,-6.,2.));
#4841 = VECTOR('',#4842,1.);
#4842 = DIRECTION('',(0.,0.,1.));
#4843 = PCURVE('',#2490,#4844);
#4844 = DEFINITIONAL_REPRESENTATION('',(#4845),#4849);
#4845 = LINE('',#4846,#4847);
#4846 = CARTESIAN_POINT('',(-2.6645352591E-15,0.));
#4847 = VECTOR('',#4848,1.);
#4848 = DIRECTION('',(0.,-1.));
#4849 = ( GEOMETRIC_REPRESENTATION_CONTEXT(2) 
PARAMETRIC_REPRESENTATION_CONTEXT() REPRESENTATION_CONTEXT('2D SPACE',''
  ) );
#4850 = PCURVE('',#2462,#4851);
#4851 = DEFINITIONAL_REPRESENTATION('',(#4852),#4856);
#4852 = LINE('',#4853,#4854);
#4853 = CARTESIAN_POINT('',(6.28318530718,0.));
#4854 = VECTOR('',#4855,1.);
#4855 = DIRECTION('',(0.,-1.));
#4856 = ( GEOMETRIC_REPRESENTATION_CONTEXT(2) 
PARAMETRIC_REPRESENTATION_CONTEXT() REPRESENTATION_CONTEXT('2D SPACE',''
  ) );
#4857 = ORIENTED_EDGE('',*,*,#4858,.T.);
#4858 = EDGE_CURVE('',#4836,#4728,#4859,.T.);
#4859 = SURFACE_CURVE('',#4860,(#4864,#4871),.PCURVE_S1.);
#4860 = LINE('',#4861,#4862);
#4861 = CARTESIAN_POINT('',(-21.7,1.7763568394E-15,4.5));
#4862 = VECTOR('',#4863,1.);
#4863 = DIRECTION('',(0.,1.,0.));
#4864 = PCURVE('',#2490,#4865);
#4865 = DEFINITIONAL_REPRESENTATION('',(#4866),#4870);
#4866 = LINE('',#4867,#4868);
#4867 = CARTESIAN_POINT('',(6.,-2.5));
#4868 = VECTOR('',#4869,1.);
#4869 = DIRECTION('',(1.,0.));
#4870 = ( GEOMETRIC_REPRESENTATION_CONTEXT(2) 
PARAMETRIC_REPRESENTATION_CONTEXT() REPRESENTATION_CONTEXT('2D SPACE',''
  ) );
#4871 = PCURVE('',#4386,#4872);
#4872 = DEFINITIONAL_REPRESENTATION('',(#4873),#4877);
#4873 = LINE('',#4874,#4875);
#4874 = CARTESIAN_POINT('',(-21.69999999461,-3.023583082416E-09));
#4875 = VECTOR('',#4876,1.);
#4876 = DIRECTION('',(0.,1.));
#4877 = ( GEOMETRIC_REPRESENTATION_CONTEXT(2) 
PARAMETRIC_REPRESENTATION_CONTEXT() REPRESENTATION_CONTEXT('2D SPACE',''
  ) );
#4878 = ORIENTED_EDGE('',*,*,#4727,.F.);
#4879 = ORIENTED_EDGE('',*,*,#2474,.F.);
#4880 = ADVANCED_FACE('',(#4881),#2306,.F.);
#4881 = FACE_BOUND('',#4882,.F.);
#4882 = EDGE_LOOP('',(#4883,#4906,#4927,#4928));
#4883 = ORIENTED_EDGE('',*,*,#4884,.T.);
#4884 = EDGE_CURVE('',#2291,#4885,#4887,.T.);
#4885 = VERTEX_POINT('',#4886);
#4886 = CARTESIAN_POINT('',(-7.,19.199999955541,4.5));
#4887 = SURFACE_CURVE('',#4888,(#4892,#4899),.PCURVE_S1.);
#4888 = LINE('',#4889,#4890);
#4889 = CARTESIAN_POINT('',(-7.,19.199999955541,2.));
#4890 = VECTOR('',#4891,1.);
#4891 = DIRECTION('',(0.,0.,1.));
#4892 = PCURVE('',#2306,#4893);
#4893 = DEFINITIONAL_REPRESENTATION('',(#4894),#4898);
#4894 = LINE('',#4895,#4896);
#4895 = CARTESIAN_POINT('',(0.,0.));
#4896 = VECTOR('',#4897,1.);
#4897 = DIRECTION('',(0.,-1.));
#4898 = ( GEOMETRIC_REPRESENTATION_CONTEXT(2) 
PARAMETRIC_REPRESENTATION_CONTEXT() REPRESENTATION_CONTEXT('2D SPACE',''
  ) );
#4899 = PCURVE('',#2339,#4900);
#4900 = DEFINITIONAL_REPRESENTATION('',(#4901),#4905);
#4901 = LINE('',#4902,#4903);
#4902 = CARTESIAN_POINT('',(1.570796326795,0.));
#4903 = VECTOR('',#4904,1.);
#4904 = DIRECTION('',(0.,-1.));
#4905 = ( GEOMETRIC_REPRESENTATION_CONTEXT(2) 
PARAMETRIC_REPRESENTATION_CONTEXT() REPRESENTATION_CONTEXT('2D SPACE',''
  ) );
#4906 = ORIENTED_EDGE('',*,*,#4907,.T.);
#4907 = EDGE_CURVE('',#4885,#4782,#4908,.T.);
#4908 = SURFACE_CURVE('',#4909,(#4913,#4920),.PCURVE_S1.);
#4909 = LINE('',#4910,#4911);
#4910 = CARTESIAN_POINT('',(0.,19.2,4.5));
#4911 = VECTOR('',#4912,1.);
#4912 = DIRECTION('',(1.,0.,0.));
#4913 = PCURVE('',#2306,#4914);
#4914 = DEFINITIONAL_REPRESENTATION('',(#4915),#4919);
#4915 = LINE('',#4916,#4917);
#4916 = CARTESIAN_POINT('',(7.,-2.5));
#4917 = VECTOR('',#4918,1.);
#4918 = DIRECTION('',(1.,0.));
#4919 = ( GEOMETRIC_REPRESENTATION_CONTEXT(2) 
PARAMETRIC_REPRESENTATION_CONTEXT() REPRESENTATION_CONTEXT('2D SPACE',''
  ) );
#4920 = PCURVE('',#4386,#4921);
#4921 = DEFINITIONAL_REPRESENTATION('',(#4922),#4926);
#4922 = LINE('',#4923,#4924);
#4923 = CARTESIAN_POINT('',(5.387864022234E-09,19.199999996976));
#4924 = VECTOR('',#4925,1.);
#4925 = DIRECTION('',(1.,0.));
#4926 = ( GEOMETRIC_REPRESENTATION_CONTEXT(2) 
PARAMETRIC_REPRESENTATION_CONTEXT() REPRESENTATION_CONTEXT('2D SPACE',''
  ) );
#4927 = ORIENTED_EDGE('',*,*,#4781,.F.);
#4928 = ORIENTED_EDGE('',*,*,#2290,.F.);
#4929 = ADVANCED_FACE('',(#4930),#2462,.T.);
#4930 = FACE_BOUND('',#4931,.T.);
#4931 = EDGE_LOOP('',(#4932,#4933,#4954,#4980));
#4932 = ORIENTED_EDGE('',*,*,#2441,.F.);
#4933 = ORIENTED_EDGE('',*,*,#4934,.F.);
#4934 = EDGE_CURVE('',#4935,#2413,#4937,.T.);
#4935 = VERTEX_POINT('',#4936);
#4936 = CARTESIAN_POINT('',(-20.3102843786,-12.23909687059,4.5));
#4937 = SURFACE_CURVE('',#4938,(#4942,#4948),.PCURVE_S1.);
#4938 = LINE('',#4939,#4940);
#4939 = CARTESIAN_POINT('',(-20.3102843786,-12.23909687059,2.));
#4940 = VECTOR('',#4941,1.);
#4941 = DIRECTION('',(0.,0.,-1.));
#4942 = PCURVE('',#2462,#4943);
#4943 = DEFINITIONAL_REPRESENTATION('',(#4944),#4947);
#4944 = B_SPLINE_CURVE_WITH_KNOTS('',1,(#4945,#4946),.UNSPECIFIED.,.F.,
  .F.,(2,2),(-2.5000006,5.999999999062E-07),.PIECEWISE_BEZIER_KNOTS.);
#4945 = CARTESIAN_POINT('',(5.844854841114,-2.5000006));
#4946 = CARTESIAN_POINT('',(5.844854841114,5.999999999062E-07));
#4947 = ( GEOMETRIC_REPRESENTATION_CONTEXT(2) 
PARAMETRIC_REPRESENTATION_CONTEXT() REPRESENTATION_CONTEXT('2D SPACE',''
  ) );
#4948 = PCURVE('',#2429,#4949);
#4949 = DEFINITIONAL_REPRESENTATION('',(#4950),#4953);
#4950 = B_SPLINE_CURVE_WITH_KNOTS('',1,(#4951,#4952),.UNSPECIFIED.,.F.,
  .F.,(2,2),(-2.5000006,5.999999999062E-07),.PIECEWISE_BEZIER_KNOTS.);
#4951 = CARTESIAN_POINT('',(2.267568634709,2.5000006));
#4952 = CARTESIAN_POINT('',(2.267568634709,-5.999999999062E-07));
#4953 = ( GEOMETRIC_REPRESENTATION_CONTEXT(2) 
PARAMETRIC_REPRESENTATION_CONTEXT() REPRESENTATION_CONTEXT('2D SPACE',''
  ) );
#4954 = ORIENTED_EDGE('',*,*,#4955,.T.);
#4955 = EDGE_CURVE('',#4935,#4836,#4956,.T.);
#4956 = SURFACE_CURVE('',#4957,(#4962,#4969),.PCURVE_S1.);
#4957 = CIRCLE('',#4958,14.7);
#4958 = AXIS2_PLACEMENT_3D('',#4959,#4960,#4961);
#4959 = CARTESIAN_POINT('',(-7.,-6.,4.5));
#4960 = DIRECTION('',(0.,0.,-1.));
#4961 = DIRECTION('',(-1.,0.,0.));
#4962 = PCURVE('',#2462,#4963);
#4963 = DEFINITIONAL_REPRESENTATION('',(#4964),#4968);
#4964 = LINE('',#4965,#4966);
#4965 = CARTESIAN_POINT('',(0.,-2.5));
#4966 = VECTOR('',#4967,1.);
#4967 = DIRECTION('',(1.,0.));
#4968 = ( GEOMETRIC_REPRESENTATION_CONTEXT(2) 
PARAMETRIC_REPRESENTATION_CONTEXT() REPRESENTATION_CONTEXT('2D SPACE',''
  ) );
#4969 = PCURVE('',#4386,#4970);
#4970 = DEFINITIONAL_REPRESENTATION('',(#4971),#4979);
#4971 = ( BOUNDED_CURVE() B_SPLINE_CURVE(2,(#4972,#4973,#4974,#4975,
#4976,#4977,#4978),.UNSPECIFIED.,.T.,.F.) B_SPLINE_CURVE_WITH_KNOTS((1,2
    ,2,2,2,1),(-2.094395102393,0.,2.094395102393,4.188790204786,
6.28318530718,8.377580409573),.UNSPECIFIED.) CURVE() 
GEOMETRIC_REPRESENTATION_ITEM() RATIONAL_B_SPLINE_CURVE((1.,0.5,1.,0.5,
1.,0.5,1.)) REPRESENTATION_ITEM('') );
#4972 = CARTESIAN_POINT('',(-21.69999999461,-6.000000003024));
#4973 = CARTESIAN_POINT('',(-21.69999999461,19.461146868239));
#4974 = CARTESIAN_POINT('',(0.350000005388,6.730573432608));
#4975 = CARTESIAN_POINT('',(22.400000005388,-6.000000003024));
#4976 = CARTESIAN_POINT('',(0.350000005388,-18.73057343865));
#4977 = CARTESIAN_POINT('',(-21.69999999461,-31.46114687428));
#4978 = CARTESIAN_POINT('',(-21.69999999461,-6.000000003024));
#4979 = ( GEOMETRIC_REPRESENTATION_CONTEXT(2) 
PARAMETRIC_REPRESENTATION_CONTEXT() REPRESENTATION_CONTEXT('2D SPACE',''
  ) );
#4980 = ORIENTED_EDGE('',*,*,#4835,.F.);
#4981 = ADVANCED_FACE('',(#4982),#2339,.F.);
#4982 = FACE_BOUND('',#4983,.F.);
#4983 = EDGE_LOOP('',(#4984,#5007,#5033,#5034));
#4984 = ORIENTED_EDGE('',*,*,#4985,.T.);
#4985 = EDGE_CURVE('',#2319,#4986,#4988,.T.);
#4986 = VERTEX_POINT('',#4987);
#4987 = CARTESIAN_POINT('',(-20.2,5.999999911083,4.5));
#4988 = SURFACE_CURVE('',#4989,(#4993,#5000),.PCURVE_S1.);
#4989 = LINE('',#4990,#4991);
#4990 = CARTESIAN_POINT('',(-20.2,5.999999911083,2.));
#4991 = VECTOR('',#4992,1.);
#4992 = DIRECTION('',(0.,0.,1.));
#4993 = PCURVE('',#2339,#4994);
#4994 = DEFINITIONAL_REPRESENTATION('',(#4995),#4999);
#4995 = LINE('',#4996,#4997);
#4996 = CARTESIAN_POINT('',(0.,0.));
#4997 = VECTOR('',#4998,1.);
#4998 = DIRECTION('',(0.,-1.));
#4999 = ( GEOMETRIC_REPRESENTATION_CONTEXT(2) 
PARAMETRIC_REPRESENTATION_CONTEXT() REPRESENTATION_CONTEXT('2D SPACE',''
  ) );
#5000 = PCURVE('',#2367,#5001);
#5001 = DEFINITIONAL_REPRESENTATION('',(#5002),#5006);
#5002 = LINE('',#5003,#5004);
#5003 = CARTESIAN_POINT('',(11.999999911083,0.));
#5004 = VECTOR('',#5005,1.);
#5005 = DIRECTION('',(0.,-1.));
#5006 = ( GEOMETRIC_REPRESENTATION_CONTEXT(2) 
PARAMETRIC_REPRESENTATION_CONTEXT() REPRESENTATION_CONTEXT('2D SPACE',''
  ) );
#5007 = ORIENTED_EDGE('',*,*,#5008,.T.);
#5008 = EDGE_CURVE('',#4986,#4885,#5009,.T.);
#5009 = SURFACE_CURVE('',#5010,(#5015,#5022),.PCURVE_S1.);
#5010 = CIRCLE('',#5011,13.2);
#5011 = AXIS2_PLACEMENT_3D('',#5012,#5013,#5014);
#5012 = CARTESIAN_POINT('',(-7.,5.999999911083,4.5));
#5013 = DIRECTION('',(0.,0.,-1.));
#5014 = DIRECTION('',(-1.,0.,0.));
#5015 = PCURVE('',#2339,#5016);
#5016 = DEFINITIONAL_REPRESENTATION('',(#5017),#5021);
#5017 = LINE('',#5018,#5019);
#5018 = CARTESIAN_POINT('',(0.,-2.5));
#5019 = VECTOR('',#5020,1.);
#5020 = DIRECTION('',(1.,0.));
#5021 = ( GEOMETRIC_REPRESENTATION_CONTEXT(2) 
PARAMETRIC_REPRESENTATION_CONTEXT() REPRESENTATION_CONTEXT('2D SPACE',''
  ) );
#5022 = PCURVE('',#4386,#5023);
#5023 = DEFINITIONAL_REPRESENTATION('',(#5024),#5032);
#5024 = ( BOUNDED_CURVE() B_SPLINE_CURVE(2,(#5025,#5026,#5027,#5028,
#5029,#5030,#5031),.UNSPECIFIED.,.T.,.F.) B_SPLINE_CURVE_WITH_KNOTS((1,2
    ,2,2,2,1),(-2.094395102393,0.,2.094395102393,4.188790204786,
6.28318530718,8.377580409573),.UNSPECIFIED.) CURVE() 
GEOMETRIC_REPRESENTATION_ITEM() RATIONAL_B_SPLINE_CURVE((1.,0.5,1.,0.5,
1.,0.5,1.)) REPRESENTATION_ITEM('') );
#5025 = CARTESIAN_POINT('',(-20.19999999461,5.999999908059));
#5026 = CARTESIAN_POINT('',(-20.19999999461,28.863070567968));
#5027 = CARTESIAN_POINT('',(-0.399999994612,17.431535238014));
#5028 = CARTESIAN_POINT('',(19.400000005388,5.999999908059));
#5029 = CARTESIAN_POINT('',(-0.399999994612,-5.431535421896));
#5030 = CARTESIAN_POINT('',(-20.19999999461,-16.86307075185));
#5031 = CARTESIAN_POINT('',(-20.19999999461,5.999999908059));
#5032 = ( GEOMETRIC_REPRESENTATION_CONTEXT(2) 
PARAMETRIC_REPRESENTATION_CONTEXT() REPRESENTATION_CONTEXT('2D SPACE',''
  ) );
#5033 = ORIENTED_EDGE('',*,*,#4884,.F.);
#5034 = ORIENTED_EDGE('',*,*,#2318,.F.);
#5035 = ADVANCED_FACE('',(#5036),#2429,.F.);
#5036 = FACE_BOUND('',#5037,.F.);
#5037 = EDGE_LOOP('',(#5038,#5059,#5060,#5061));
#5038 = ORIENTED_EDGE('',*,*,#5039,.T.);
#5039 = EDGE_CURVE('',#5040,#2380,#5042,.T.);
#5040 = VERTEX_POINT('',#5041);
#5041 = CARTESIAN_POINT('',(-18.98268598628,-11.53671712787,4.5));
#5042 = SURFACE_CURVE('',#5043,(#5047,#5053),.PCURVE_S1.);
#5043 = LINE('',#5044,#5045);
#5044 = CARTESIAN_POINT('',(-18.98268598628,-11.53671712787,2.));
#5045 = VECTOR('',#5046,1.);
#5046 = DIRECTION('',(0.,0.,-1.));
#5047 = PCURVE('',#2429,#5048);
#5048 = DEFINITIONAL_REPRESENTATION('',(#5049),#5052);
#5049 = B_SPLINE_CURVE_WITH_KNOTS('',1,(#5050,#5051),.UNSPECIFIED.,.F.,
  .F.,(2,2),(-2.5000006,5.999999999062E-07),.PIECEWISE_BEZIER_KNOTS.);
#5050 = CARTESIAN_POINT('',(1.847273521448,2.5000006));
#5051 = CARTESIAN_POINT('',(1.847273521448,-5.999999999062E-07));
#5052 = ( GEOMETRIC_REPRESENTATION_CONTEXT(2) 
PARAMETRIC_REPRESENTATION_CONTEXT() REPRESENTATION_CONTEXT('2D SPACE',''
  ) );
#5053 = PCURVE('',#2400,#5054);
#5054 = DEFINITIONAL_REPRESENTATION('',(#5055),#5058);
#5055 = B_SPLINE_CURVE_WITH_KNOTS('',1,(#5056,#5057),.UNSPECIFIED.,.F.,
  .F.,(2,2),(-2.5000006,5.999999999062E-07),.PIECEWISE_BEZIER_KNOTS.);
#5056 = CARTESIAN_POINT('',(5.850347855454,-2.5000006));
#5057 = CARTESIAN_POINT('',(5.850347855454,5.999999999062E-07));
#5058 = ( GEOMETRIC_REPRESENTATION_CONTEXT(2) 
PARAMETRIC_REPRESENTATION_CONTEXT() REPRESENTATION_CONTEXT('2D SPACE',''
  ) );
#5059 = ORIENTED_EDGE('',*,*,#2412,.T.);
#5060 = ORIENTED_EDGE('',*,*,#4934,.F.);
#5061 = ORIENTED_EDGE('',*,*,#5062,.F.);
#5062 = EDGE_CURVE('',#5040,#4935,#5063,.T.);
#5063 = SURFACE_CURVE('',#5064,(#5069,#5076),.PCURVE_S1.);
#5064 = CIRCLE('',#5065,3.6);
#5065 = AXIS2_PLACEMENT_3D('',#5066,#5067,#5068);
#5066 = CARTESIAN_POINT('',(-18.,-15.,4.5));
#5067 = DIRECTION('',(0.,0.,1.));
#5068 = DIRECTION('',(1.,0.,-0.));
#5069 = PCURVE('',#2429,#5070);
#5070 = DEFINITIONAL_REPRESENTATION('',(#5071),#5075);
#5071 = LINE('',#5072,#5073);
#5072 = CARTESIAN_POINT('',(0.,2.5));
#5073 = VECTOR('',#5074,1.);
#5074 = DIRECTION('',(1.,0.));
#5075 = ( GEOMETRIC_REPRESENTATION_CONTEXT(2) 
PARAMETRIC_REPRESENTATION_CONTEXT() REPRESENTATION_CONTEXT('2D SPACE',''
  ) );
#5076 = PCURVE('',#4386,#5077);
#5077 = DEFINITIONAL_REPRESENTATION('',(#5078),#5082);
#5078 = CIRCLE('',#5079,3.6);
#5079 = AXIS2_PLACEMENT_2D('',#5080,#5081);
#5080 = CARTESIAN_POINT('',(-17.99999999461,-15.00000000302));
#5081 = DIRECTION('',(1.,0.));
#5082 = ( GEOMETRIC_REPRESENTATION_CONTEXT(2) 
PARAMETRIC_REPRESENTATION_CONTEXT() REPRESENTATION_CONTEXT('2D SPACE',''
  ) );
#5083 = ADVANCED_FACE('',(#5084),#2367,.F.);
#5084 = FACE_BOUND('',#5085,.F.);
#5085 = EDGE_LOOP('',(#5086,#5109,#5130,#5131));
#5086 = ORIENTED_EDGE('',*,*,#5087,.T.);
#5087 = EDGE_CURVE('',#2352,#5088,#5090,.T.);
#5088 = VERTEX_POINT('',#5089);
#5089 = CARTESIAN_POINT('',(-20.2,-6.,4.5));
#5090 = SURFACE_CURVE('',#5091,(#5095,#5102),.PCURVE_S1.);
#5091 = LINE('',#5092,#5093);
#5092 = CARTESIAN_POINT('',(-20.2,-6.,2.));
#5093 = VECTOR('',#5094,1.);
#5094 = DIRECTION('',(0.,0.,1.));
#5095 = PCURVE('',#2367,#5096);
#5096 = DEFINITIONAL_REPRESENTATION('',(#5097),#5101);
#5097 = LINE('',#5098,#5099);
#5098 = CARTESIAN_POINT('',(-1.7763568394E-15,0.));
#5099 = VECTOR('',#5100,1.);
#5100 = DIRECTION('',(0.,-1.));
#5101 = ( GEOMETRIC_REPRESENTATION_CONTEXT(2) 
PARAMETRIC_REPRESENTATION_CONTEXT() REPRESENTATION_CONTEXT('2D SPACE',''
  ) );
#5102 = PCURVE('',#2400,#5103);
#5103 = DEFINITIONAL_REPRESENTATION('',(#5104),#5108);
#5104 = LINE('',#5105,#5106);
#5105 = CARTESIAN_POINT('',(6.28318530718,0.));
#5106 = VECTOR('',#5107,1.);
#5107 = DIRECTION('',(0.,-1.));
#5108 = ( GEOMETRIC_REPRESENTATION_CONTEXT(2) 
PARAMETRIC_REPRESENTATION_CONTEXT() REPRESENTATION_CONTEXT('2D SPACE',''
  ) );
#5109 = ORIENTED_EDGE('',*,*,#5110,.T.);
#5110 = EDGE_CURVE('',#5088,#4986,#5111,.T.);
#5111 = SURFACE_CURVE('',#5112,(#5116,#5123),.PCURVE_S1.);
#5112 = LINE('',#5113,#5114);
#5113 = CARTESIAN_POINT('',(-20.2,1.7763568394E-15,4.5));
#5114 = VECTOR('',#5115,1.);
#5115 = DIRECTION('',(0.,1.,0.));
#5116 = PCURVE('',#2367,#5117);
#5117 = DEFINITIONAL_REPRESENTATION('',(#5118),#5122);
#5118 = LINE('',#5119,#5120);
#5119 = CARTESIAN_POINT('',(6.,-2.5));
#5120 = VECTOR('',#5121,1.);
#5121 = DIRECTION('',(1.,0.));
#5122 = ( GEOMETRIC_REPRESENTATION_CONTEXT(2) 
PARAMETRIC_REPRESENTATION_CONTEXT() REPRESENTATION_CONTEXT('2D SPACE',''
  ) );
#5123 = PCURVE('',#4386,#5124);
#5124 = DEFINITIONAL_REPRESENTATION('',(#5125),#5129);
#5125 = LINE('',#5126,#5127);
#5126 = CARTESIAN_POINT('',(-20.19999999461,-3.023583082416E-09));
#5127 = VECTOR('',#5128,1.);
#5128 = DIRECTION('',(0.,1.));
#5129 = ( GEOMETRIC_REPRESENTATION_CONTEXT(2) 
PARAMETRIC_REPRESENTATION_CONTEXT() REPRESENTATION_CONTEXT('2D SPACE',''
  ) );
#5130 = ORIENTED_EDGE('',*,*,#4985,.F.);
#5131 = ORIENTED_EDGE('',*,*,#2351,.F.);
#5132 = ADVANCED_FACE('',(#5133),#2400,.F.);
#5133 = FACE_BOUND('',#5134,.F.);
#5134 = EDGE_LOOP('',(#5135,#5136,#5137,#5163));
#5135 = ORIENTED_EDGE('',*,*,#2379,.F.);
#5136 = ORIENTED_EDGE('',*,*,#5039,.F.);
#5137 = ORIENTED_EDGE('',*,*,#5138,.T.);
#5138 = EDGE_CURVE('',#5040,#5088,#5139,.T.);
#5139 = SURFACE_CURVE('',#5140,(#5145,#5152),.PCURVE_S1.);
#5140 = CIRCLE('',#5141,13.2);
#5141 = AXIS2_PLACEMENT_3D('',#5142,#5143,#5144);
#5142 = CARTESIAN_POINT('',(-7.,-6.,4.5));
#5143 = DIRECTION('',(0.,0.,-1.));
#5144 = DIRECTION('',(-1.,0.,0.));
#5145 = PCURVE('',#2400,#5146);
#5146 = DEFINITIONAL_REPRESENTATION('',(#5147),#5151);
#5147 = LINE('',#5148,#5149);
#5148 = CARTESIAN_POINT('',(0.,-2.5));
#5149 = VECTOR('',#5150,1.);
#5150 = DIRECTION('',(1.,0.));
#5151 = ( GEOMETRIC_REPRESENTATION_CONTEXT(2) 
PARAMETRIC_REPRESENTATION_CONTEXT() REPRESENTATION_CONTEXT('2D SPACE',''
  ) );
#5152 = PCURVE('',#4386,#5153);
#5153 = DEFINITIONAL_REPRESENTATION('',(#5154),#5162);
#5154 = ( BOUNDED_CURVE() B_SPLINE_CURVE(2,(#5155,#5156,#5157,#5158,
#5159,#5160,#5161),.UNSPECIFIED.,.T.,.F.) B_SPLINE_CURVE_WITH_KNOTS((1,2
    ,2,2,2,1),(-2.094395102393,0.,2.094395102393,4.188790204786,
6.28318530718,8.377580409573),.UNSPECIFIED.) CURVE() 
GEOMETRIC_REPRESENTATION_ITEM() RATIONAL_B_SPLINE_CURVE((1.,0.5,1.,0.5,
1.,0.5,1.)) REPRESENTATION_ITEM('') );
#5155 = CARTESIAN_POINT('',(-20.19999999461,-6.000000003024));
#5156 = CARTESIAN_POINT('',(-20.19999999461,16.863070656886));
#5157 = CARTESIAN_POINT('',(-0.399999994612,5.431535326931));
#5158 = CARTESIAN_POINT('',(19.400000005388,-6.000000003024));
#5159 = CARTESIAN_POINT('',(-0.399999994612,-17.43153533297));
#5160 = CARTESIAN_POINT('',(-20.19999999461,-28.86307066293));
#5161 = CARTESIAN_POINT('',(-20.19999999461,-6.000000003024));
#5162 = ( GEOMETRIC_REPRESENTATION_CONTEXT(2) 
PARAMETRIC_REPRESENTATION_CONTEXT() REPRESENTATION_CONTEXT('2D SPACE',''
  ) );
#5163 = ORIENTED_EDGE('',*,*,#5087,.F.);
#5164 = ADVANCED_FACE('',(#5165),#2839,.F.);
#5165 = FACE_BOUND('',#5166,.F.);
#5166 = EDGE_LOOP('',(#5167,#5190,#5191,#5214));
#5167 = ORIENTED_EDGE('',*,*,#5168,.F.);
#5168 = EDGE_CURVE('',#2823,#5169,#5171,.T.);
#5169 = VERTEX_POINT('',#5170);
#5170 = CARTESIAN_POINT('',(5.5,21.,6.2));
#5171 = SURFACE_CURVE('',#5172,(#5176,#5183),.PCURVE_S1.);
#5172 = LINE('',#5173,#5174);
#5173 = CARTESIAN_POINT('',(5.5,21.,1.8));
#5174 = VECTOR('',#5175,1.);
#5175 = DIRECTION('',(0.,0.,1.));
#5176 = PCURVE('',#2839,#5177);
#5177 = DEFINITIONAL_REPRESENTATION('',(#5178),#5182);
#5178 = LINE('',#5179,#5180);
#5179 = CARTESIAN_POINT('',(0.,1.4));
#5180 = VECTOR('',#5181,1.);
#5181 = DIRECTION('',(1.,0.));
#5182 = ( GEOMETRIC_REPRESENTATION_CONTEXT(2) 
PARAMETRIC_REPRESENTATION_CONTEXT() REPRESENTATION_CONTEXT('2D SPACE',''
  ) );
#5183 = PCURVE('',#2915,#5184);
#5184 = DEFINITIONAL_REPRESENTATION('',(#5185),#5189);
#5185 = LINE('',#5186,#5187);
#5186 = CARTESIAN_POINT('',(0.,0.));
#5187 = VECTOR('',#5188,1.);
#5188 = DIRECTION('',(1.,0.));
#5189 = ( GEOMETRIC_REPRESENTATION_CONTEXT(2) 
PARAMETRIC_REPRESENTATION_CONTEXT() REPRESENTATION_CONTEXT('2D SPACE',''
  ) );
#5190 = ORIENTED_EDGE('',*,*,#2822,.T.);
#5191 = ORIENTED_EDGE('',*,*,#5192,.T.);
#5192 = EDGE_CURVE('',#2825,#5193,#5195,.T.);
#5193 = VERTEX_POINT('',#5194);
#5194 = CARTESIAN_POINT('',(4.1,21.,6.2));
#5195 = SURFACE_CURVE('',#5196,(#5200,#5207),.PCURVE_S1.);
#5196 = LINE('',#5197,#5198);
#5197 = CARTESIAN_POINT('',(4.1,21.,1.8));
#5198 = VECTOR('',#5199,1.);
#5199 = DIRECTION('',(0.,0.,1.));
#5200 = PCURVE('',#2839,#5201);
#5201 = DEFINITIONAL_REPRESENTATION('',(#5202),#5206);
#5202 = LINE('',#5203,#5204);
#5203 = CARTESIAN_POINT('',(0.,0.));
#5204 = VECTOR('',#5205,1.);
#5205 = DIRECTION('',(1.,0.));
#5206 = ( GEOMETRIC_REPRESENTATION_CONTEXT(2) 
PARAMETRIC_REPRESENTATION_CONTEXT() REPRESENTATION_CONTEXT('2D SPACE',''
  ) );
#5207 = PCURVE('',#2865,#5208);
#5208 = DEFINITIONAL_REPRESENTATION('',(#5209),#5213);
#5209 = LINE('',#5210,#5211);
#5210 = CARTESIAN_POINT('',(0.,0.));
#5211 = VECTOR('',#5212,1.);
#5212 = DIRECTION('',(1.,0.));
#5213 = ( GEOMETRIC_REPRESENTATION_CONTEXT(2) 
PARAMETRIC_REPRESENTATION_CONTEXT() REPRESENTATION_CONTEXT('2D SPACE',''
  ) );
#5214 = ORIENTED_EDGE('',*,*,#5215,.T.);
#5215 = EDGE_CURVE('',#5193,#5169,#5216,.T.);
#5216 = SURFACE_CURVE('',#5217,(#5221,#5228),.PCURVE_S1.);
#5217 = LINE('',#5218,#5219);
#5218 = CARTESIAN_POINT('',(4.1,21.,6.2));
#5219 = VECTOR('',#5220,1.);
#5220 = DIRECTION('',(1.,0.,-0.));
#5221 = PCURVE('',#2839,#5222);
#5222 = DEFINITIONAL_REPRESENTATION('',(#5223),#5227);
#5223 = LINE('',#5224,#5225);
#5224 = CARTESIAN_POINT('',(4.4,0.));
#5225 = VECTOR('',#5226,1.);
#5226 = DIRECTION('',(0.,1.));
#5227 = ( GEOMETRIC_REPRESENTATION_CONTEXT(2) 
PARAMETRIC_REPRESENTATION_CONTEXT() REPRESENTATION_CONTEXT('2D SPACE',''
  ) );
#5228 = PCURVE('',#5229,#5234);
#5229 = PLANE('',#5230);
#5230 = AXIS2_PLACEMENT_3D('',#5231,#5232,#5233);
#5231 = CARTESIAN_POINT('',(4.1,21.,6.2));
#5232 = DIRECTION('',(0.,0.,1.));
#5233 = DIRECTION('',(1.,0.,-0.));
#5234 = DEFINITIONAL_REPRESENTATION('',(#5235),#5239);
#5235 = LINE('',#5236,#5237);
#5236 = CARTESIAN_POINT('',(0.,0.));
#5237 = VECTOR('',#5238,1.);
#5238 = DIRECTION('',(1.,0.));
#5239 = ( GEOMETRIC_REPRESENTATION_CONTEXT(2) 
PARAMETRIC_REPRESENTATION_CONTEXT() REPRESENTATION_CONTEXT('2D SPACE',''
  ) );
#5240 = ADVANCED_FACE('',(#5241),#2915,.T.);
#5241 = FACE_BOUND('',#5242,.T.);
#5242 = EDGE_LOOP('',(#5243,#5244,#5245,#5268));
#5243 = ORIENTED_EDGE('',*,*,#5168,.F.);
#5244 = ORIENTED_EDGE('',*,*,#2902,.T.);
#5245 = ORIENTED_EDGE('',*,*,#5246,.T.);
#5246 = EDGE_CURVE('',#2877,#5247,#5249,.T.);
#5247 = VERTEX_POINT('',#5248);
#5248 = CARTESIAN_POINT('',(5.5,22.1,6.2));
#5249 = SURFACE_CURVE('',#5250,(#5254,#5261),.PCURVE_S1.);
#5250 = LINE('',#5251,#5252);
#5251 = CARTESIAN_POINT('',(5.5,22.1,1.8));
#5252 = VECTOR('',#5253,1.);
#5253 = DIRECTION('',(0.,0.,1.));
#5254 = PCURVE('',#2915,#5255);
#5255 = DEFINITIONAL_REPRESENTATION('',(#5256),#5260);
#5256 = LINE('',#5257,#5258);
#5257 = CARTESIAN_POINT('',(0.,-1.1));
#5258 = VECTOR('',#5259,1.);
#5259 = DIRECTION('',(1.,0.));
#5260 = ( GEOMETRIC_REPRESENTATION_CONTEXT(2) 
PARAMETRIC_REPRESENTATION_CONTEXT() REPRESENTATION_CONTEXT('2D SPACE',''
  ) );
#5261 = PCURVE('',#2891,#5262);
#5262 = DEFINITIONAL_REPRESENTATION('',(#5263),#5267);
#5263 = LINE('',#5264,#5265);
#5264 = CARTESIAN_POINT('',(0.,1.4));
#5265 = VECTOR('',#5266,1.);
#5266 = DIRECTION('',(1.,0.));
#5267 = ( GEOMETRIC_REPRESENTATION_CONTEXT(2) 
PARAMETRIC_REPRESENTATION_CONTEXT() REPRESENTATION_CONTEXT('2D SPACE',''
  ) );
#5268 = ORIENTED_EDGE('',*,*,#5269,.F.);
#5269 = EDGE_CURVE('',#5169,#5247,#5270,.T.);
#5270 = SURFACE_CURVE('',#5271,(#5275,#5282),.PCURVE_S1.);
#5271 = LINE('',#5272,#5273);
#5272 = CARTESIAN_POINT('',(5.5,21.,6.2));
#5273 = VECTOR('',#5274,1.);
#5274 = DIRECTION('',(-0.,1.,0.));
#5275 = PCURVE('',#2915,#5276);
#5276 = DEFINITIONAL_REPRESENTATION('',(#5277),#5281);
#5277 = LINE('',#5278,#5279);
#5278 = CARTESIAN_POINT('',(4.4,0.));
#5279 = VECTOR('',#5280,1.);
#5280 = DIRECTION('',(0.,-1.));
#5281 = ( GEOMETRIC_REPRESENTATION_CONTEXT(2) 
PARAMETRIC_REPRESENTATION_CONTEXT() REPRESENTATION_CONTEXT('2D SPACE',''
  ) );
#5282 = PCURVE('',#5229,#5283);
#5283 = DEFINITIONAL_REPRESENTATION('',(#5284),#5288);
#5284 = LINE('',#5285,#5286);
#5285 = CARTESIAN_POINT('',(1.4,0.));
#5286 = VECTOR('',#5287,1.);
#5287 = DIRECTION('',(0.,1.));
#5288 = ( GEOMETRIC_REPRESENTATION_CONTEXT(2) 
PARAMETRIC_REPRESENTATION_CONTEXT() REPRESENTATION_CONTEXT('2D SPACE',''
  ) );
#5289 = ADVANCED_FACE('',(#5290),#2891,.T.);
#5290 = FACE_BOUND('',#5291,.T.);
#5291 = EDGE_LOOP('',(#5292,#5293,#5294,#5317));
#5292 = ORIENTED_EDGE('',*,*,#5246,.F.);
#5293 = ORIENTED_EDGE('',*,*,#2876,.T.);
#5294 = ORIENTED_EDGE('',*,*,#5295,.T.);
#5295 = EDGE_CURVE('',#2851,#5296,#5298,.T.);
#5296 = VERTEX_POINT('',#5297);
#5297 = CARTESIAN_POINT('',(4.1,22.1,6.2));
#5298 = SURFACE_CURVE('',#5299,(#5303,#5310),.PCURVE_S1.);
#5299 = LINE('',#5300,#5301);
#5300 = CARTESIAN_POINT('',(4.1,22.1,1.8));
#5301 = VECTOR('',#5302,1.);
#5302 = DIRECTION('',(0.,0.,1.));
#5303 = PCURVE('',#2891,#5304);
#5304 = DEFINITIONAL_REPRESENTATION('',(#5305),#5309);
#5305 = LINE('',#5306,#5307);
#5306 = CARTESIAN_POINT('',(0.,0.));
#5307 = VECTOR('',#5308,1.);
#5308 = DIRECTION('',(1.,0.));
#5309 = ( GEOMETRIC_REPRESENTATION_CONTEXT(2) 
PARAMETRIC_REPRESENTATION_CONTEXT() REPRESENTATION_CONTEXT('2D SPACE',''
  ) );
#5310 = PCURVE('',#2865,#5311);
#5311 = DEFINITIONAL_REPRESENTATION('',(#5312),#5316);
#5312 = LINE('',#5313,#5314);
#5313 = CARTESIAN_POINT('',(0.,-1.1));
#5314 = VECTOR('',#5315,1.);
#5315 = DIRECTION('',(1.,0.));
#5316 = ( GEOMETRIC_REPRESENTATION_CONTEXT(2) 
PARAMETRIC_REPRESENTATION_CONTEXT() REPRESENTATION_CONTEXT('2D SPACE',''
  ) );
#5317 = ORIENTED_EDGE('',*,*,#5318,.T.);
#5318 = EDGE_CURVE('',#5296,#5247,#5319,.T.);
#5319 = SURFACE_CURVE('',#5320,(#5324,#5331),.PCURVE_S1.);
#5320 = LINE('',#5321,#5322);
#5321 = CARTESIAN_POINT('',(4.1,22.1,6.2));
#5322 = VECTOR('',#5323,1.);
#5323 = DIRECTION('',(1.,0.,-0.));
#5324 = PCURVE('',#2891,#5325);
#5325 = DEFINITIONAL_REPRESENTATION('',(#5326),#5330);
#5326 = LINE('',#5327,#5328);
#5327 = CARTESIAN_POINT('',(4.4,0.));
#5328 = VECTOR('',#5329,1.);
#5329 = DIRECTION('',(0.,1.));
#5330 = ( GEOMETRIC_REPRESENTATION_CONTEXT(2) 
PARAMETRIC_REPRESENTATION_CONTEXT() REPRESENTATION_CONTEXT('2D SPACE',''
  ) );
#5331 = PCURVE('',#5229,#5332);
#5332 = DEFINITIONAL_REPRESENTATION('',(#5333),#5337);
#5333 = LINE('',#5334,#5335);
#5334 = CARTESIAN_POINT('',(0.,1.1));
#5335 = VECTOR('',#5336,1.);
#5336 = DIRECTION('',(1.,0.));
#5337 = ( GEOMETRIC_REPRESENTATION_CONTEXT(2) 
PARAMETRIC_REPRESENTATION_CONTEXT() REPRESENTATION_CONTEXT('2D SPACE',''
  ) );
#5338 = ADVANCED_FACE('',(#5339),#2865,.F.);
#5339 = FACE_BOUND('',#5340,.F.);
#5340 = EDGE_LOOP('',(#5341,#5342,#5343,#5344));
#5341 = ORIENTED_EDGE('',*,*,#5192,.F.);
#5342 = ORIENTED_EDGE('',*,*,#2850,.T.);
#5343 = ORIENTED_EDGE('',*,*,#5295,.T.);
#5344 = ORIENTED_EDGE('',*,*,#5345,.F.);
#5345 = EDGE_CURVE('',#5193,#5296,#5346,.T.);
#5346 = SURFACE_CURVE('',#5347,(#5351,#5358),.PCURVE_S1.);
#5347 = LINE('',#5348,#5349);
#5348 = CARTESIAN_POINT('',(4.1,21.,6.2));
#5349 = VECTOR('',#5350,1.);
#5350 = DIRECTION('',(-0.,1.,0.));
#5351 = PCURVE('',#2865,#5352);
#5352 = DEFINITIONAL_REPRESENTATION('',(#5353),#5357);
#5353 = LINE('',#5354,#5355);
#5354 = CARTESIAN_POINT('',(4.4,0.));
#5355 = VECTOR('',#5356,1.);
#5356 = DIRECTION('',(0.,-1.));
#5357 = ( GEOMETRIC_REPRESENTATION_CONTEXT(2) 
PARAMETRIC_REPRESENTATION_CONTEXT() REPRESENTATION_CONTEXT('2D SPACE',''
  ) );
#5358 = PCURVE('',#5229,#5359);
#5359 = DEFINITIONAL_REPRESENTATION('',(#5360),#5364);
#5360 = LINE('',#5361,#5362);
#5361 = CARTESIAN_POINT('',(0.,0.));
#5362 = VECTOR('',#5363,1.);
#5363 = DIRECTION('',(0.,1.));
#5364 = ( GEOMETRIC_REPRESENTATION_CONTEXT(2) 
PARAMETRIC_REPRESENTATION_CONTEXT() REPRESENTATION_CONTEXT('2D SPACE',''
  ) );
#5365 = ADVANCED_FACE('',(#5366),#3076,.T.);
#5366 = FACE_BOUND('',#5367,.T.);
#5367 = EDGE_LOOP('',(#5368,#5369,#5370,#5371));
#5368 = ORIENTED_EDGE('',*,*,#3954,.F.);
#5369 = ORIENTED_EDGE('',*,*,#3882,.F.);
#5370 = ORIENTED_EDGE('',*,*,#3061,.F.);
#5371 = ORIENTED_EDGE('',*,*,#3982,.T.);
#5372 = ADVANCED_FACE('',(#5373),#3359,.T.);
#5373 = FACE_BOUND('',#5374,.T.);
#5374 = EDGE_LOOP('',(#5375,#5376,#5377,#5378));
#5375 = ORIENTED_EDGE('',*,*,#4034,.F.);
#5376 = ORIENTED_EDGE('',*,*,#4066,.F.);
#5377 = ORIENTED_EDGE('',*,*,#4114,.T.);
#5378 = ORIENTED_EDGE('',*,*,#3344,.T.);
#5379 = ADVANCED_FACE('',(#5380),#4205,.T.);
#5380 = FACE_BOUND('',#5381,.T.);
#5381 = EDGE_LOOP('',(#5382,#5383,#5384,#5385));
#5382 = ORIENTED_EDGE('',*,*,#4294,.F.);
#5383 = ORIENTED_EDGE('',*,*,#4191,.T.);
#5384 = ORIENTED_EDGE('',*,*,#4245,.T.);
#5385 = ORIENTED_EDGE('',*,*,#4321,.F.);
#5386 = ADVANCED_FACE('',(#5387),#4386,.T.);
#5387 = FACE_BOUND('',#5388,.T.);
#5388 = EDGE_LOOP('',(#5389,#5390,#5391,#5392,#5393,#5394,#5395,#5396,
    #5397,#5398,#5399,#5400,#5401,#5402,#5403,#5404));
#5389 = ORIENTED_EDGE('',*,*,#4858,.F.);
#5390 = ORIENTED_EDGE('',*,*,#4955,.F.);
#5391 = ORIENTED_EDGE('',*,*,#5062,.F.);
#5392 = ORIENTED_EDGE('',*,*,#5138,.T.);
#5393 = ORIENTED_EDGE('',*,*,#5110,.T.);
#5394 = ORIENTED_EDGE('',*,*,#5008,.T.);
#5395 = ORIENTED_EDGE('',*,*,#4907,.T.);
#5396 = ORIENTED_EDGE('',*,*,#4804,.T.);
#5397 = ORIENTED_EDGE('',*,*,#4679,.F.);
#5398 = ORIENTED_EDGE('',*,*,#4599,.T.);
#5399 = ORIENTED_EDGE('',*,*,#4496,.F.);
#5400 = ORIENTED_EDGE('',*,*,#4369,.F.);
#5401 = ORIENTED_EDGE('',*,*,#4425,.T.);
#5402 = ORIENTED_EDGE('',*,*,#4544,.F.);
#5403 = ORIENTED_EDGE('',*,*,#4652,.F.);
#5404 = ORIENTED_EDGE('',*,*,#4750,.F.);
#5405 = ADVANCED_FACE('',(#5406),#5229,.T.);
#5406 = FACE_BOUND('',#5407,.T.);
#5407 = EDGE_LOOP('',(#5408,#5409,#5410,#5411));
#5408 = ORIENTED_EDGE('',*,*,#5345,.F.);
#5409 = ORIENTED_EDGE('',*,*,#5215,.T.);
#5410 = ORIENTED_EDGE('',*,*,#5269,.T.);
#5411 = ORIENTED_EDGE('',*,*,#5318,.F.);
#5412 = ( GEOMETRIC_REPRESENTATION_CONTEXT(3) 
GLOBAL_UNCERTAINTY_ASSIGNED_CONTEXT((#5416)) 
GLOBAL_UNIT_ASSIGNED_CONTEXT((#5413,#5414,#5415)) REPRESENTATION_CONTEXT
('Context #1','3D Context with UNIT and UNCERTAINTY') );
#5413 = ( LENGTH_UNIT() NAMED_UNIT(*) SI_UNIT(.MILLI.,.METRE.) );
#5414 = ( NAMED_UNIT(*) PLANE_ANGLE_UNIT() SI_UNIT($,.RADIAN.) );
#5415 = ( NAMED_UNIT(*) SI_UNIT($,.STERADIAN.) SOLID_ANGLE_UNIT() );
#5416 = UNCERTAINTY_MEASURE_WITH_UNIT(LENGTH_MEASURE(2.E-07),#5413,
  'distance_accuracy_value','confusion accuracy');
#5417 = PRODUCT_RELATED_PRODUCT_CATEGORY('part',$,(#7));
#5418 = MECHANICAL_DESIGN_GEOMETRIC_PRESENTATION_REPRESENTATION('',(
    #5419),#5412);
#5419 = STYLED_ITEM('color',(#5420),#15);
#5420 = PRESENTATION_STYLE_ASSIGNMENT((#5421));
#5421 = SURFACE_STYLE_USAGE(.BOTH.,#5422);
#5422 = SURFACE_SIDE_STYLE('',(#5423));
#5423 = SURFACE_STYLE_FILL_AREA(#5424);
#5424 = FILL_AREA_STYLE('',(#5425));
#5425 = FILL_AREA_STYLE_COLOUR('',#5426);
#5426 = COLOUR_RGB('',0.78000000177,0.690000002877,0.599999994755);
ENDSEC;
END-ISO-10303-21;
